date,fed_funds_rate,treasury_10y,unemployment_rate,day,month,is_payday,is_quarter_end,is_holiday
1948-01-01,,,3.4,1,1,0,0,0
1948-02-01,,,3.8,1,2,0,0,0
1948-03-01,,,4.0,1,3,0,0,0
1948-04-01,,,3.9,1,4,0,0,0
1948-05-01,,,3.5,1,5,0,0,0
1948-06-01,,,3.6,1,6,0,0,0
1948-07-01,,,3.6,1,7,0,0,0
1948-08-01,,,3.9,1,8,0,0,0
1948-09-01,,,3.8,1,9,0,0,0
1948-10-01,,,3.7,1,10,0,0,0
1948-11-01,,,3.8,1,11,0,0,0
1948-12-01,,,4.0,1,12,0,0,0
1949-01-01,,,4.3,1,1,0,0,0
1949-02-01,,,4.7,1,2,0,0,0
1949-03-01,,,5.0,1,3,0,0,0
1949-04-01,,,5.3,1,4,0,0,0
1949-05-01,,,6.1,1,5,0,0,0
1949-06-01,,,6.2,1,6,0,0,0
1949-07-01,,,6.7,1,7,0,0,0
1949-08-01,,,6.8,1,8,0,0,0
1949-09-01,,,6.6,1,9,0,0,0
1949-10-01,,,7.9,1,10,0,0,0
1949-11-01,,,6.4,1,11,0,0,0
1949-12-01,,,6.6,1,12,0,0,0
1950-01-01,,,6.5,1,1,0,0,0
1950-02-01,,,6.4,1,2,0,0,0
1950-03-01,,,6.3,1,3,0,0,0
1950-04-01,,,5.8,1,4,0,0,0
1950-05-01,,,5.5,1,5,0,0,0
1950-06-01,,,5.4,1,6,0,0,0
1950-07-01,,,5.0,1,7,0,0,0
1950-08-01,,,4.5,1,8,0,0,0
1950-09-01,,,4.4,1,9,0,0,0
1950-10-01,,,4.2,1,10,0,0,0
1950-11-01,,,4.2,1,11,0,0,0
1950-12-01,,,4.3,1,12,0,0,0
1951-01-01,,,3.7,1,1,0,0,0
1951-02-01,,,3.4,1,2,0,0,0
1951-03-01,,,3.4,1,3,0,0,0
1951-04-01,,,3.1,1,4,0,0,0
1951-05-01,,,3.0,1,5,0,0,0
1951-06-01,,,3.2,1,6,0,0,0
1951-07-01,,,3.1,1,7,0,0,0
1951-08-01,,,3.1,1,8,0,0,0
1951-09-01,,,3.3,1,9,0,0,0
1951-10-01,,,3.5,1,10,0,0,0
1951-11-01,,,3.5,1,11,0,0,0
1951-12-01,,,3.1,1,12,0,0,0
1952-01-01,,,3.2,1,1,0,0,0
1952-02-01,,,3.1,1,2,0,0,0
1952-03-01,,,2.9,1,3,0,0,0
1952-04-01,,,2.9,1,4,0,0,0
1952-05-01,,,3.0,1,5,0,0,0
1952-06-01,,,3.0,1,6,0,0,0
1952-07-01,,,3.2,1,7,0,0,0
1952-08-01,,,3.4,1,8,0,0,0
1952-09-01,,,3.1,1,9,0,0,0
1952-10-01,,,3.0,1,10,0,0,0
1952-11-01,,,2.8,1,11,0,0,0
1952-12-01,,,2.7,1,12,0,0,0
1953-01-01,,,2.9,1,1,0,0,0
1953-02-01,,,2.6,1,2,0,0,0
1953-03-01,,,2.6,1,3,0,0,0
1953-04-01,,,2.7,1,4,0,0,0
1953-05-01,,,2.5,1,5,0,0,0
1953-06-01,,,2.5,1,6,0,0,0
1953-07-01,,,2.6,1,7,0,0,0
1953-08-01,,,2.7,1,8,0,0,0
1953-09-01,,,2.9,1,9,0,0,0
1953-10-01,,,3.1,1,10,0,0,0
1953-11-01,,,3.5,1,11,0,0,0
1953-12-01,,,4.5,1,12,0,0,0
1954-01-01,,,4.9,1,1,0,0,0
1954-02-01,,,5.2,1,2,0,0,0
1954-03-01,,,5.7,1,3,0,0,0
1954-04-01,,,5.9,1,4,0,0,0
1954-05-01,,,5.9,1,5,0,0,0
1954-06-01,,,5.6,1,6,0,0,0
1954-07-01,0.8,,5.8,1,7,0,0,0
1954-08-01,1.22,,6.0,1,8,0,0,0
1954-09-01,1.07,,6.1,1,9,0,0,0
1954-10-01,0.85,,5.7,1,10,0,0,0
1954-11-01,0.83,,5.3,1,11,0,0,0
1954-12-01,1.28,,5.0,1,12,0,0,0
1955-01-01,1.39,,4.9,1,1,0,0,0
1955-02-01,1.29,,4.7,1,2,0,0,0
1955-03-01,1.35,,4.6,1,3,0,0,0
1955-04-01,1.43,,4.7,1,4,0,0,0
1955-05-01,1.43,,4.3,1,5,0,0,0
1955-06-01,1.64,,4.2,1,6,0,0,0
1955-07-01,1.68,,4.0,1,7,0,0,0
1955-08-01,1.96,,4.2,1,8,0,0,0
1955-09-01,2.18,,4.1,1,9,0,0,0
1955-10-01,2.24,,4.3,1,10,0,0,0
1955-11-01,2.35,,4.2,1,11,0,0,0
1955-12-01,2.48,,4.2,1,12,0,0,0
1956-01-01,2.45,,4.0,1,1,0,0,0
1956-02-01,2.5,,3.9,1,2,0,0,0
1956-03-01,2.5,,4.2,1,3,0,0,0
1956-04-01,2.62,,4.0,1,4,0,0,0
1956-05-01,2.75,,4.3,1,5,0,0,0
1956-06-01,2.71,,4.3,1,6,0,0,0
1956-07-01,2.75,,4.4,1,7,0,0,0
1956-08-01,2.73,,4.1,1,8,0,0,0
1956-09-01,2.95,,3.9,1,9,0,0,0
1956-10-01,2.96,,3.9,1,10,0,0,0
1956-11-01,2.88,,4.3,1,11,0,0,0
1956-12-01,2.94,,4.2,1,12,0,0,0
1957-01-01,2.84,,4.2,1,1,0,0,0
1957-02-01,3.0,,3.9,1,2,0,0,0
1957-03-01,2.96,,3.7,1,3,0,0,0
1957-04-01,3.0,,3.9,1,4,0,0,0
1957-05-01,3.0,,4.1,1,5,0,0,0
1957-06-01,3.0,,4.3,1,6,0,0,0
1957-07-01,2.99,,4.2,1,7,0,0,0
1957-08-01,3.24,,4.1,1,8,0,0,0
1957-09-01,3.47,,4.4,1,9,0,0,0
1957-10-01,3.5,,4.5,1,10,0,0,0
1957-11-01,3.28,,5.1,1,11,0,0,0
1957-12-01,2.98,,5.2,1,12,0,0,0
1958-01-01,2.72,,5.8,1,1,0,0,0
1958-02-01,1.67,,6.4,1,2,0,0,0
1958-03-01,1.2,,6.7,1,3,0,0,0
1958-04-01,1.26,,7.4,1,4,0,0,0
1958-05-01,0.63,,7.4,1,5,0,0,0
1958-06-01,0.93,,7.3,1,6,0,0,0
1958-07-01,0.68,,7.5,1,7,0,0,0
1958-08-01,1.53,,7.4,1,8,0,0,0
1958-09-01,1.76,,7.1,1,9,0,0,0
1958-10-01,1.8,,6.7,1,10,0,0,0
1958-11-01,2.27,,6.2,1,11,0,0,0
1958-12-01,2.42,,6.2,1,12,0,0,0
1959-01-01,2.48,,6.0,1,1,0,0,0
1959-02-01,2.43,,5.9,1,2,0,0,0
1959-03-01,2.8,,5.6,1,3,0,0,0
1959-04-01,2.96,,5.2,1,4,0,0,0
1959-05-01,2.9,,5.1,1,5,0,0,0
1959-06-01,3.39,,5.0,1,6,0,0,0
1959-07-01,3.47,,5.1,1,7,0,0,0
1959-08-01,3.5,,5.2,1,8,0,0,0
1959-09-01,3.76,,5.5,1,9,0,0,0
1959-10-01,3.98,,5.7,1,10,0,0,0
1959-11-01,4.0,,5.8,1,11,0,0,0
1959-12-01,3.99,,5.3,1,12,0,0,0
1960-01-01,3.99,,5.2,1,1,0,0,0
1960-02-01,3.97,,4.8,1,2,0,0,0
1960-03-01,3.84,,5.4,1,3,0,0,0
1960-04-01,3.92,,5.2,1,4,0,0,0
1960-05-01,3.85,,5.1,1,5,0,0,0
1960-06-01,3.32,,5.4,1,6,0,0,0
1960-07-01,3.23,,5.5,1,7,0,0,0
1960-08-01,2.98,,5.6,1,8,0,0,0
1960-09-01,2.6,,5.5,1,9,0,0,0
1960-10-01,2.47,,6.1,1,10,0,0,0
1960-11-01,2.44,,6.1,1,11,0,0,0
1960-12-01,1.98,,6.6,1,12,0,0,0
1961-01-01,1.45,,6.6,1,1,0,0,0
1961-02-01,2.54,,6.9,1,2,0,0,0
1961-03-01,2.02,,6.9,1,3,0,0,0
1961-04-01,1.49,,7.0,1,4,0,0,0
1961-05-01,1.98,,7.1,1,5,0,0,0
1961-06-01,1.73,,6.9,1,6,0,0,0
1961-07-01,1.17,,7.0,1,7,0,0,0
1961-08-01,2.0,,6.6,1,8,0,0,0
1961-09-01,1.88,,6.7,1,9,0,0,0
1961-10-01,2.26,,6.5,1,10,0,0,0
1961-11-01,2.61,,6.1,1,11,0,0,0
1961-12-01,2.33,,6.0,1,12,0,0,0
1962-01-01,2.15,,5.8,1,1,0,0,0
1962-01-02,,4.06,,2,1,0,0,0
1962-01-03,,4.03,,3,1,0,0,0
1962-01-04,,3.99,,4,1,0,0,0
1962-01-05,,4.02,,5,1,0,0,0
1962-01-08,,4.03,,8,1,0,0,0
1962-01-09,,4.05,,9,1,0,0,0
1962-01-10,,4.07,,10,1,0,0,0
1962-01-11,,4.08,,11,1,0,0,0
1962-01-12,,4.08,,12,1,0,0,0
1962-01-15,,4.1,,15,1,1,0,0
1962-01-16,,4.13,,16,1,0,0,0
1962-01-17,,4.12,,17,1,0,0,0
1962-01-18,,4.11,,18,1,0,0,0
1962-01-19,,4.11,,19,1,0,0,0
1962-01-22,,4.09,,22,1,0,0,0
1962-01-23,,4.11,,23,1,0,0,0
1962-01-24,,4.1,,24,1,0,0,0
1962-01-25,,4.11,,25,1,0,0,0
1962-01-26,,4.11,,26,1,0,0,0
1962-01-29,,4.12,,29,1,0,0,0
1962-01-30,,4.11,,30,1,0,0,0
1962-01-31,,4.1,,31,1,1,0,0
1962-02-01,2.37,4.09,5.5,1,2,0,0,0
1962-02-02,,4.08,,2,2,0,0,0
1962-02-05,,4.07,,5,2,0,0,0
1962-02-06,,4.06,,6,2,0,0,0
1962-02-07,,4.07,,7,2,0,0,0
1962-02-08,,4.07,,8,2,0,0,0
1962-02-09,,4.05,,9,2,0,0,0
1962-02-12,,,,12,2,0,0,0
1962-02-13,,4.03,,13,2,0,0,0
1962-02-14,,4.03,,14,2,0,0,0
1962-02-15,,4.02,,15,2,1,0,0
1962-02-16,,4.02,,16,2,0,0,0
1962-02-19,,4.01,,19,2,0,0,0
1962-02-20,,4.05,,20,2,0,0,0
1962-02-21,,4.03,,21,2,0,0,0
1962-02-22,,,,22,2,0,0,0
1962-02-23,,4.02,,23,2,0,0,0
1962-02-26,,4.0,,26,2,0,0,0
1962-02-27,,4.01,,27,2,0,0,0
1962-02-28,,4.0,,28,2,1,0,0
1962-03-01,2.85,3.98,5.6,1,3,0,0,0
1962-03-02,,3.98,,2,3,0,0,0
1962-03-05,,4.0,,5,3,0,0,0
1962-03-06,,4.01,,6,3,0,0,0
1962-03-07,,4.0,,7,3,0,0,0
1962-03-08,,3.98,,8,3,0,0,0
1962-03-09,,3.96,,9,3,0,0,0
1962-03-12,,3.94,,12,3,0,0,0
1962-03-13,,3.92,,13,3,0,0,0
1962-03-14,,3.93,,14,3,0,0,0
1962-03-15,,3.96,,15,3,1,0,0
1962-03-16,,3.96,,16,3,0,0,0
1962-03-19,,3.93,,19,3,0,0,0
1962-03-20,,3.91,,20,3,0,0,0
1962-03-21,,3.86,,21,3,0,0,0
1962-03-22,,3.83,,22,3,0,0,0
1962-03-23,,3.87,,23,3,0,0,0
1962-03-26,,3.89,,26,3,0,0,0
1962-03-27,,3.9,,27,3,0,0,0
1962-03-28,,3.9,,28,3,0,0,0
1962-03-29,,3.9,,29,3,0,0,0
1962-03-30,,3.86,,30,3,0,0,0
1962-04-01,2.78,,5.6,1,4,0,0,0
1962-04-02,,3.86,,2,4,0,0,0
1962-04-03,,3.83,,3,4,0,0,0
1962-04-04,,3.78,,4,4,0,0,0
1962-04-05,,3.84,,5,4,0,0,0
1962-04-06,,3.81,,6,4,0,0,0
1962-04-09,,3.83,,9,4,0,0,0
1962-04-10,,3.83,,10,4,0,0,0
1962-04-11,,3.87,,11,4,0,0,0
1962-04-12,,3.86,,12,4,0,0,0
1962-04-13,,3.85,,13,4,0,0,0
1962-04-16,,3.83,,16,4,0,0,0
1962-04-17,,3.82,,17,4,0,0,0
1962-04-18,,3.81,,18,4,0,0,0
1962-04-19,,3.82,,19,4,0,0,0
1962-04-20,,,,20,4,0,0,0
1962-04-23,,3.86,,23,4,0,0,0
1962-04-24,,3.87,,24,4,0,0,0
1962-04-25,,3.88,,25,4,0,0,0
1962-04-26,,3.89,,26,4,0,0,0
1962-04-27,,3.86,,27,4,0,0,0
1962-04-30,,3.86,,30,4,1,0,0
1962-05-01,2.36,3.85,5.5,1,5,0,0,0
1962-05-02,,3.86,,2,5,0,0,0
1962-05-03,,3.86,,3,5,0,0,0
1962-05-04,,3.87,,4,5,0,0,0
1962-05-07,,3.86,,7,5,0,0,0
1962-05-08,,3.85,,8,5,0,0,0
1962-05-09,,3.82,,9,5,0,0,0
1962-05-10,,3.83,,10,5,0,0,0
1962-05-11,,3.82,,11,5,0,0,0
1962-05-14,,3.85,,14,5,0,0,0
1962-05-15,,3.87,,15,5,1,0,0
1962-05-16,,3.86,,16,5,0,0,0
1962-05-17,,3.87,,17,5,0,0,0
1962-05-18,,3.93,,18,5,0,0,0
1962-05-21,,3.94,,21,5,0,0,0
1962-05-22,,3.93,,22,5,0,0,0
1962-05-23,,3.91,,23,5,0,0,0
1962-05-24,,3.9,,24,5,0,0,0
1962-05-25,,3.88,,25,5,0,0,0
1962-05-28,,3.87,,28,5,0,0,0
1962-05-29,,3.89,,29,5,0,0,0
1962-05-30,,,,30,5,0,0,0
1962-05-31,,3.9,,31,5,1,0,0
1962-06-01,2.68,3.89,5.5,1,6,0,0,0
1962-06-04,,3.88,,4,6,0,0,0
1962-06-05,,3.89,,5,6,0,0,0
1962-06-06,,3.89,,6,6,0,0,0
1962-06-07,,3.87,,7,6,0,0,0
1962-06-08,,3.86,,8,6,0,0,0
1962-06-11,,3.87,,11,6,0,0,0
1962-06-12,,3.86,,12,6,0,0,0
1962-06-13,,3.87,,13,6,0,0,0
1962-06-14,,3.9,,14,6,0,0,0
1962-06-15,,3.89,,15,6,1,0,0
1962-06-18,,3.91,,18,6,0,0,0
1962-06-19,,3.93,,19,6,0,0,0
1962-06-20,,3.92,,20,6,0,0,0
1962-06-21,,3.9,,21,6,0,0,0
1962-06-22,,3.9,,22,6,0,0,0
1962-06-25,,3.95,,25,6,0,0,0
1962-06-26,,3.97,,26,6,0,0,0
1962-06-27,,3.96,,27,6,0,0,0
1962-06-28,,3.98,,28,6,0,0,0
1962-06-29,,4.0,,29,6,0,0,0
1962-07-01,2.71,,5.4,1,7,0,0,0
1962-07-02,,4.0,,2,7,0,0,0
1962-07-03,,4.0,,3,7,0,0,0
1962-07-04,,,,4,7,0,0,0
1962-07-05,,4.0,,5,7,0,0,0
1962-07-06,,4.02,,6,7,0,0,0
1962-07-09,,4.05,,9,7,0,0,0
1962-07-10,,4.02,,10,7,0,0,0
1962-07-11,,3.99,,11,7,0,0,0
1962-07-12,,4.0,,12,7,0,0,0
1962-07-13,,4.0,,13,7,0,0,0
1962-07-16,,4.01,,16,7,0,0,0
1962-07-17,,4.03,,17,7,0,0,0
1962-07-18,,4.02,,18,7,0,0,0
1962-07-19,,4.02,,19,7,0,0,0
1962-07-20,,4.01,,20,7,0,0,0
1962-07-23,,4.0,,23,7,0,0,0
1962-07-24,,4.01,,24,7,0,0,0
1962-07-25,,4.02,,25,7,0,0,0
1962-07-26,,4.01,,26,7,0,0,0
1962-07-27,,4.02,,27,7,0,0,0
1962-07-30,,4.03,,30,7,0,0,0
1962-07-31,,4.04,,31,7,1,0,0
1962-08-01,2.93,4.03,5.7,1,8,0,0,0
1962-08-02,,4.0,,2,8,0,0,0
1962-08-03,,4.01,,3,8,0,0,0
1962-08-06,,4.01,,6,8,0,0,0
1962-08-07,,4.02,,7,8,0,0,0
1962-08-08,,4.01,,8,8,0,0,0
1962-08-09,,3.99,,9,8,0,0,0
1962-08-10,,3.99,,10,8,0,0,0
1962-08-13,,3.99,,13,8,0,0,0
1962-08-14,,3.98,,14,8,0,0,0
1962-08-15,,3.98,,15,8,1,0,0
1962-08-16,,3.96,,16,8,0,0,0
1962-08-17,,3.96,,17,8,0,0,0
1962-08-20,,3.94,,20,8,0,0,0
1962-08-21,,3.94,,21,8,0,0,0
1962-08-22,,3.95,,22,8,0,0,0
1962-08-23,,3.95,,23,8,0,0,0
1962-08-24,,3.95,,24,8,0,0,0
1962-08-27,,3.95,,27,8,0,0,0
1962-08-28,,3.96,,28,8,0,0,0
1962-08-29,,3.96,,29,8,0,0,0
1962-08-30,,3.95,,30,8,0,0,0
1962-08-31,,3.96,,31,8,1,0,0
1962-09-01,2.9,,5.6,1,9,0,0,0
1962-09-03,,,,3,9,0,0,0
1962-09-04,,3.96,,4,9,0,0,0
1962-09-05,,3.97,,5,9,0,0,0
1962-09-06,,3.99,,6,9,0,0,0
1962-09-07,,4.01,,7,9,0,0,0
1962-09-10,,4.0,,10,9,0,0,0
1962-09-11,,4.0,,11,9,0,0,0
1962-09-12,,4.0,,12,9,0,0,0
1962-09-13,,3.99,,13,9,0,0,0
1962-09-14,,3.99,,14,9,0,0,0
1962-09-17,,3.99,,17,9,0,0,0
1962-09-18,,3.98,,18,9,0,0,0
1962-09-19,,3.99,,19,9,0,0,0
1962-09-20,,3.98,,20,9,0,0,0
1962-09-21,,3.98,,21,9,0,0,0
1962-09-24,,3.97,,24,9,0,0,0
1962-09-25,,3.96,,25,9,0,0,0
1962-09-26,,3.95,,26,9,0,0,0
1962-09-27,,3.95,,27,9,0,0,0
1962-09-28,,3.94,,28,9,0,0,0
1962-10-01,2.9,3.93,5.4,1,10,0,0,0
1962-10-02,,3.92,,2,10,0,0,0
1962-10-03,,3.9,,3,10,0,0,0
1962-10-04,,3.9,,4,10,0,0,0
1962-10-05,,3.92,,5,10,0,0,0
1962-10-08,,3.93,,8,10,0,0,0
1962-10-09,,3.95,,9,10,0,0,0
1962-10-10,,3.93,,10,10,0,0,0
1962-10-11,,3.94,,11,10,0,0,0
1962-10-12,,,,12,10,0,0,0
1962-10-15,,3.94,,15,10,1,0,0
1962-10-16,,3.94,,16,10,0,0,0
1962-10-17,,3.94,,17,10,0,0,0
1962-10-18,,3.92,,18,10,0,0,0
1962-10-19,,3.88,,19,10,0,0,0
1962-10-22,,3.91,,22,10,0,0,0
1962-10-23,,3.94,,23,10,0,0,0
1962-10-24,,3.94,,24,10,0,0,0
1962-10-25,,3.94,,25,10,0,0,0
1962-10-26,,3.93,,26,10,0,0,0
1962-10-29,,3.92,,29,10,0,0,0
1962-10-30,,3.92,,30,10,0,0,0
1962-10-31,,3.92,,31,10,1,0,0
1962-11-01,2.94,3.92,5.7,1,11,0,0,0
1962-11-02,,3.91,,2,11,0,0,0
1962-11-05,,3.91,,5,11,0,0,0
1962-11-06,,,,6,11,0,0,0
1962-11-07,,3.91,,7,11,0,0,0
1962-11-08,,3.9,,8,11,0,0,0
1962-11-09,,3.89,,9,11,0,0,0
1962-11-12,,,,12,11,0,0,0
1962-11-13,,3.9,,13,11,0,0,0
1962-11-14,,3.91,,14,11,0,0,0
1962-11-15,,3.91,,15,11,1,0,0
1962-11-16,,3.93,,16,11,0,0,0
1962-11-19,,3.93,,19,11,0,0,0
1962-11-20,,3.93,,20,11,0,0,0
1962-11-21,,3.92,,21,11,0,0,0
1962-11-22,,,,22,11,0,0,0
1962-11-23,,3.92,,23,11,0,0,0
1962-11-26,,3.93,,26,11,0,0,0
1962-11-27,,3.92,,27,11,0,0,0
1962-11-28,,3.92,,28,11,0,0,0
1962-11-29,,3.92,,29,11,0,0,0
1962-11-30,,3.92,,30,11,1,0,0
1962-12-01,2.93,,5.5,1,12,0,0,0
1962-12-03,,3.93,,3,12,0,0,0
1962-12-04,,3.94,,4,12,0,0,0
1962-12-05,,3.93,,5,12,0,0,0
1962-12-06,,3.92,,6,12,0,0,0
1962-12-07,,3.91,,7,12,0,0,0
1962-12-10,,3.9,,10,12,0,0,0
1962-12-11,,3.89,,11,12,0,0,0
1962-12-12,,3.88,,12,12,0,0,0
1962-12-13,,3.88,,13,12,0,0,0
1962-12-14,,3.87,,14,12,0,0,0
1962-12-17,,3.85,,17,12,0,0,0
1962-12-18,,3.83,,18,12,0,0,0
1962-12-19,,3.84,,19,12,0,0,0
1962-12-20,,3.83,,20,12,0,0,0
1962-12-21,,3.81,,21,12,0,0,0
1962-12-24,,3.79,,24,12,0,0,0
1962-12-25,,,,25,12,0,0,0
1962-12-26,,3.79,,26,12,0,0,0
1962-12-27,,3.81,,27,12,0,0,0
1962-12-28,,3.84,,28,12,0,0,0
1962-12-31,,3.85,,31,12,1,1,0
1963-01-01,2.92,,5.7,1,1,0,0,0
1963-01-02,,3.82,,2,1,0,0,0
1963-01-03,,3.81,,3,1,0,0,0
1963-01-04,,3.84,,4,1,0,0,0
1963-01-07,,3.83,,7,1,0,0,0
1963-01-08,,3.81,,8,1,0,0,0
1963-01-09,,3.82,,9,1,0,0,0
1963-01-10,,3.81,,10,1,0,0,0
1963-01-11,,3.8,,11,1,0,0,0
1963-01-14,,3.81,,14,1,0,0,0
1963-01-15,,3.8,,15,1,1,0,0
1963-01-16,,3.8,,16,1,0,0,0
1963-01-17,,3.82,,17,1,0,0,0
1963-01-18,,3.84,,18,1,0,0,0
1963-01-21,,3.85,,21,1,0,0,0
1963-01-22,,3.86,,22,1,0,0,0
1963-01-23,,3.86,,23,1,0,0,0
1963-01-24,,3.86,,24,1,0,0,0
1963-01-25,,3.85,,25,1,0,0,0
1963-01-28,,3.86,,28,1,0,0,0
1963-01-29,,3.86,,29,1,0,0,0
1963-01-30,,3.86,,30,1,0,0,0
1963-01-31,,3.87,,31,1,1,0,0
1963-02-01,3.0,3.88,5.9,1,2,0,0,0
1963-02-04,,3.89,,4,2,0,0,0
1963-02-05,,3.9,,5,2,0,0,0
1963-02-06,,3.91,,6,2,0,0,0
1963-02-07,,3.91,,7,2,0,0,0
1963-02-08,,3.91,,8,2,0,0,0
1963-02-11,,3.92,,11,2,0,0,0
1963-02-12,,,,12,2,0,0,0
1963-02-13,,3.92,,13,2,0,0,0
1963-02-14,,3.91,,14,2,0,0,0
1963-02-15,,3.91,,15,2,1,0,0
1963-02-18,,3.91,,18,2,0,0,0
1963-02-19,,3.93,,19,2,0,0,0
1963-02-20,,3.94,,20,2,0,0,0
1963-02-21,,3.95,,21,2,0,0,0
1963-02-22,,,,22,2,0,0,0
1963-02-25,,3.95,,25,2,0,0,0
1963-02-26,,3.95,,26,2,0,0,0
1963-02-27,,3.95,,27,2,0,0,0
1963-02-28,,3.94,,28,2,1,0,0
1963-03-01,2.98,3.93,5.7,1,3,0,0,0
1963-03-04,,3.92,,4,3,0,0,0
1963-03-05,,3.92,,5,3,0,0,0
1963-03-06,,3.91,,6,3,0,0,0
1963-03-07,,3.92,,7,3,0,0,0
1963-03-08,,3.92,,8,3,0,0,0
1963-03-11,,3.92,,11,3,0,0,0
1963-03-12,,3.92,,12,3,0,0,0
1963-03-13,,3.92,,13,3,0,0,0
1963-03-14,,3.92,,14,3,0,0,0
1963-03-15,,3.92,,15,3,1,0,0
1963-03-18,,3.92,,18,3,0,0,0
1963-03-19,,3.92,,19,3,0,0,0
1963-03-20,,3.92,,20,3,0,0,0
1963-03-21,,3.92,,21,3,0,0,0
1963-03-22,,3.93,,22,3,0,0,0
1963-03-25,,3.94,,25,3,0,0,0
1963-03-26,,3.96,,26,3,0,0,0
1963-03-27,,3.96,,27,3,0,0,0
1963-03-28,,3.96,,28,3,0,0,0
1963-03-29,,3.95,,29,3,0,0,0
1963-04-01,2.9,3.95,5.7,1,4,0,0,0
1963-04-02,,3.96,,2,4,0,0,0
1963-04-03,,3.96,,3,4,0,0,0
1963-04-04,,3.95,,4,4,0,0,0
1963-04-05,,3.95,,5,4,0,0,0
1963-04-08,,3.97,,8,4,0,0,0
1963-04-09,,3.98,,9,4,0,0,0
1963-04-10,,4.0,,10,4,0,0,0
1963-04-11,,4.0,,11,4,0,0,0
1963-04-12,,,,12,4,0,0,0
1963-04-15,,4.01,,15,4,1,0,0
1963-04-16,,4.0,,16,4,0,0,0
1963-04-17,,4.0,,17,4,0,0,0
1963-04-18,,3.99,,18,4,0,0,0
1963-04-19,,3.97,,19,4,0,0,0
1963-04-22,,3.97,,22,4,0,0,0
1963-04-23,,3.97,,23,4,0,0,0
1963-04-24,,3.96,,24,4,0,0,0
1963-04-25,,3.95,,25,4,0,0,0
1963-04-26,,3.95,,26,4,0,0,0
1963-04-29,,3.95,,29,4,0,0,0
1963-04-30,,3.95,,30,4,1,0,0
1963-05-01,3.0,3.94,5.9,1,5,0,0,0
1963-05-02,,3.94,,2,5,0,0,0
1963-05-03,,3.93,,3,5,0,0,0
1963-05-06,,3.92,,6,5,0,0,0
1963-05-07,,3.91,,7,5,0,0,0
1963-05-08,,3.92,,8,5,0,0,0
1963-05-09,,3.93,,9,5,0,0,0
1963-05-10,,3.93,,10,5,0,0,0
1963-05-13,,3.92,,13,5,0,0,0
1963-05-14,,3.91,,14,5,0,0,0
1963-05-15,,3.91,,15,5,1,0,0
1963-05-16,,3.9,,16,5,0,0,0
1963-05-17,,3.92,,17,5,0,0,0
1963-05-20,,3.93,,20,5,0,0,0
1963-05-21,,3.92,,21,5,0,0,0
1963-05-22,,3.92,,22,5,0,0,0
1963-05-23,,3.93,,23,5,0,0,0
1963-05-24,,3.95,,24,5,0,0,0
1963-05-27,,3.95,,27,5,0,0,0
1963-05-28,,3.96,,28,5,0,0,0
1963-05-29,,3.96,,29,5,0,0,0
1963-05-30,,,,30,5,0,0,0
1963-05-31,,3.96,,31,5,1,0,0
1963-06-01,2.99,,5.6,1,6,0,0,0
1963-06-03,,3.98,,3,6,0,0,0
1963-06-04,,3.98,,4,6,0,0,0
1963-06-05,,3.98,,5,6,0,0,0
1963-06-06,,3.99,,6,6,0,0,0
1963-06-07,,3.99,,7,6,0,0,0
1963-06-10,,3.99,,10,6,0,0,0
1963-06-11,,3.98,,11,6,0,0,0
1963-06-12,,3.99,,12,6,0,0,0
1963-06-13,,3.99,,13,6,0,0,0
1963-06-14,,3.99,,14,6,0,0,0
1963-06-17,,4.0,,17,6,0,0,0
1963-06-18,,4.0,,18,6,0,0,0
1963-06-19,,4.0,,19,6,0,0,0
1963-06-20,,4.0,,20,6,0,0,0
1963-06-21,,4.0,,21,6,0,0,0
1963-06-24,,4.0,,24,6,0,0,0
1963-06-25,,4.0,,25,6,0,0,0
1963-06-26,,4.0,,26,6,0,0,0
1963-06-27,,4.0,,27,6,0,0,0
1963-06-28,,4.0,,28,6,0,0,0
1963-07-01,3.02,4.01,5.6,1,7,0,0,0
1963-07-02,,4.03,,2,7,0,0,0
1963-07-03,,4.03,,3,7,0,0,0
1963-07-04,,,,4,7,0,0,0
1963-07-05,,4.04,,5,7,0,0,0
1963-07-08,,4.05,,8,7,0,0,0
1963-07-09,,4.04,,9,7,0,0,0
1963-07-10,,4.03,,10,7,0,0,0
1963-07-11,,4.04,,11,7,0,0,0
1963-07-12,,4.03,,12,7,0,0,0
1963-07-15,,4.02,,15,7,1,0,0
1963-07-16,,4.02,,16,7,0,0,0
1963-07-17,,4.03,,17,7,0,0,0
1963-07-18,,4.02,,18,7,0,0,0
1963-07-19,,4.02,,19,7,0,0,0
1963-07-22,,4.02,,22,7,0,0,0
1963-07-23,,4.02,,23,7,0,0,0
1963-07-24,,4.01,,24,7,0,0,0
1963-07-25,,4.01,,25,7,0,0,0
1963-07-26,,3.99,,26,7,0,0,0
1963-07-29,,3.99,,29,7,0,0,0
1963-07-30,,4.0,,30,7,0,0,0
1963-07-31,,4.0,,31,7,1,0,0
1963-08-01,3.49,3.99,5.4,1,8,0,0,0
1963-08-02,,3.99,,2,8,0,0,0
1963-08-05,,3.99,,5,8,0,0,0
1963-08-06,,4.0,,6,8,0,0,0
1963-08-07,,4.01,,7,8,0,0,0
1963-08-08,,4.0,,8,8,0,0,0
1963-08-09,,4.0,,9,8,0,0,0
1963-08-12,,4.01,,12,8,0,0,0
1963-08-13,,4.02,,13,8,0,0,0
1963-08-14,,4.02,,14,8,0,0,0
1963-08-15,,4.01,,15,8,1,0,0
1963-08-16,,4.0,,16,8,0,0,0
1963-08-19,,3.99,,19,8,0,0,0
1963-08-20,,3.99,,20,8,0,0,0
1963-08-21,,4.0,,21,8,0,0,0
1963-08-22,,4.0,,22,8,0,0,0
1963-08-23,,4.0,,23,8,0,0,0
1963-08-26,,4.0,,26,8,0,0,0
1963-08-27,,4.0,,27,8,0,0,0
1963-08-28,,4.0,,28,8,0,0,0
1963-08-29,,4.01,,29,8,0,0,0
1963-08-30,,4.02,,30,8,0,0,0
1963-09-01,3.48,,5.5,1,9,0,0,0
1963-09-02,,,,2,9,0,0,0
1963-09-03,,4.03,,3,9,0,0,0
1963-09-04,,4.04,,4,9,0,0,0
1963-09-05,,4.08,,5,9,0,0,0
1963-09-06,,4.09,,6,9,0,0,0
1963-09-09,,4.09,,9,9,0,0,0
1963-09-10,,4.09,,10,9,0,0,0
1963-09-11,,4.09,,11,9,0,0,0
1963-09-12,,4.09,,12,9,0,0,0
1963-09-13,,4.09,,13,9,0,0,0
1963-09-16,,4.09,,16,9,0,0,0
1963-09-17,,4.09,,17,9,0,0,0
1963-09-18,,4.08,,18,9,0,0,0
1963-09-19,,4.08,,19,9,0,0,0
1963-09-20,,4.07,,20,9,0,0,0
1963-09-23,,4.07,,23,9,0,0,0
1963-09-24,,4.08,,24,9,0,0,0
1963-09-25,,4.08,,25,9,0,0,0
1963-09-26,,4.08,,26,9,0,0,0
1963-09-27,,4.07,,27,9,0,0,0
1963-09-30,,4.07,,30,9,1,1,0
1963-10-01,3.5,4.07,5.5,1,10,0,0,0
1963-10-02,,4.07,,2,10,0,0,0
1963-10-03,,4.07,,3,10,0,0,0
1963-10-04,,4.08,,4,10,0,0,0
1963-10-07,,4.08,,7,10,0,0,0
1963-10-08,,4.09,,8,10,0,0,0
1963-10-09,,4.1,,9,10,0,0,0
1963-10-10,,4.1,,10,10,0,0,0
1963-10-11,,4.1,,11,10,0,0,0
1963-10-14,,4.1,,14,10,0,0,0
1963-10-15,,4.11,,15,10,1,0,0
1963-10-16,,4.11,,16,10,0,0,0
1963-10-17,,4.12,,17,10,0,0,0
1963-10-18,,4.12,,18,10,0,0,0
1963-10-21,,4.12,,21,10,0,0,0
1963-10-22,,4.11,,22,10,0,0,0
1963-10-23,,4.12,,23,10,0,0,0
1963-10-24,,4.11,,24,10,0,0,0
1963-10-25,,4.12,,25,10,0,0,0
1963-10-28,,4.12,,28,10,0,0,0
1963-10-29,,4.13,,29,10,0,0,0
1963-10-30,,4.14,,30,10,0,0,0
1963-10-31,,4.15,,31,10,1,0,0
1963-11-01,3.48,4.15,5.7,1,11,0,0,0
1963-11-04,,4.15,,4,11,0,0,0
1963-11-05,,,,5,11,0,0,0
1963-11-06,,4.17,,6,11,0,0,0
1963-11-07,,4.17,,7,11,0,0,0
1963-11-08,,4.16,,8,11,0,0,0
1963-11-11,,,,11,11,0,0,0
1963-11-12,,4.16,,12,11,0,0,0
1963-11-13,,4.15,,13,11,0,0,0
1963-11-14,,4.12,,14,11,0,0,0
1963-11-15,,4.11,,15,11,1,0,0
1963-11-18,,4.11,,18,11,0,0,0
1963-11-19,,4.1,,19,11,0,0,0
1963-11-20,,4.09,,20,11,0,0,0
1963-11-21,,4.1,,21,11,0,0,0
1963-11-22,,4.09,,22,11,0,0,0
1963-11-25,,,,25,11,0,0,0
1963-11-26,,4.08,,26,11,0,0,0
1963-11-27,,4.08,,27,11,0,0,0
1963-11-28,,,,28,11,0,0,0
1963-11-29,,4.08,,29,11,0,0,0
1963-12-01,3.38,,5.5,1,12,0,0,0
1963-12-02,,4.09,,2,12,0,0,0
1963-12-03,,4.1,,3,12,0,0,0
1963-12-04,,4.1,,4,12,0,0,0
1963-12-05,,4.11,,5,12,0,0,0
1963-12-06,,4.11,,6,12,0,0,0
1963-12-09,,4.1,,9,12,0,0,0
1963-12-10,,4.1,,10,12,0,0,0
1963-12-11,,4.12,,11,12,0,0,0
1963-12-12,,4.12,,12,12,0,0,0
1963-12-13,,4.13,,13,12,0,0,0
1963-12-16,,4.15,,16,12,0,0,0
1963-12-17,,4.15,,17,12,0,0,0
1963-12-18,,4.15,,18,12,0,0,0
1963-12-19,,4.14,,19,12,0,0,0
1963-12-20,,4.15,,20,12,0,0,0
1963-12-23,,4.15,,23,12,0,0,0
1963-12-24,,4.15,,24,12,0,0,0
1963-12-25,,,,25,12,0,0,0
1963-12-26,,4.15,,26,12,0,0,0
1963-12-27,,4.15,,27,12,0,0,0
1963-12-30,,4.14,,30,12,0,0,0
1963-12-31,,4.14,,31,12,1,1,0
1964-01-01,3.48,,5.6,1,1,0,0,0
1964-01-02,,4.14,,2,1,0,0,0
1964-01-03,,4.15,,3,1,0,0,0
1964-01-06,,4.16,,6,1,0,0,0
1964-01-07,,4.15,,7,1,0,0,0
1964-01-08,,4.18,,8,1,0,0,0
1964-01-09,,4.18,,9,1,0,0,0
1964-01-10,,4.18,,10,1,0,0,0
1964-01-13,,4.18,,13,1,0,0,0
1964-01-14,,4.18,,14,1,0,0,0
1964-01-15,,4.18,,15,1,1,0,0
1964-01-16,,4.17,,16,1,0,0,0
1964-01-17,,4.17,,17,1,0,0,0
1964-01-20,,4.16,,20,1,0,0,0
1964-01-21,,4.16,,21,1,0,0,0
1964-01-22,,4.16,,22,1,0,0,0
1964-01-23,,4.16,,23,1,0,0,0
1964-01-24,,4.18,,24,1,0,0,0
1964-01-27,,4.18,,27,1,0,0,0
1964-01-28,,4.17,,28,1,0,0,0
1964-01-29,,4.17,,29,1,0,0,0
1964-01-30,,4.16,,30,1,0,0,0
1964-01-31,,4.15,,31,1,1,0,0
1964-02-01,3.48,,5.4,1,2,0,0,0
1964-02-03,,4.15,,3,2,0,0,0
1964-02-04,,4.15,,4,2,0,0,0
1964-02-05,,4.15,,5,2,0,0,0
1964-02-06,,4.14,,6,2,0,0,0
1964-02-07,,4.14,,7,2,0,0,0
1964-02-10,,4.14,,10,2,0,0,0
1964-02-11,,4.14,,11,2,0,0,0
1964-02-12,,,,12,2,0,0,0
1964-02-13,,4.13,,13,2,0,0,0
1964-02-14,,4.13,,14,2,0,0,0
1964-02-17,,4.13,,17,2,0,0,0
1964-02-18,,4.14,,18,2,0,0,0
1964-02-19,,4.14,,19,2,0,0,0
1964-02-20,,4.14,,20,2,0,0,0
1964-02-21,,,,21,2,0,0,0
1964-02-24,,4.15,,24,2,0,0,0
1964-02-25,,4.15,,25,2,0,0,0
1964-02-26,,4.15,,26,2,0,0,0
1964-02-27,,4.17,,27,2,0,0,0
1964-02-28,,4.18,,28,2,0,0,0
1964-03-01,3.43,,5.4,1,3,0,0,0
1964-03-02,,4.17,,2,3,0,0,0
1964-03-03,,4.18,,3,3,0,0,0
1964-03-04,,4.19,,4,3,0,0,0
1964-03-05,,4.19,,5,3,0,0,0
1964-03-06,,4.19,,6,3,0,0,0
1964-03-09,,4.2,,9,3,0,0,0
1964-03-10,,4.2,,10,3,0,0,0
1964-03-11,,4.21,,11,3,0,0,0
1964-03-12,,4.21,,12,3,0,0,0
1964-03-13,,4.22,,13,3,0,0,0
1964-03-16,,4.21,,16,3,0,0,0
1964-03-17,,4.22,,17,3,0,0,0
1964-03-18,,4.23,,18,3,0,0,0
1964-03-19,,4.24,,19,3,0,0,0
1964-03-20,,4.25,,20,3,0,0,0
1964-03-23,,4.25,,23,3,0,0,0
1964-03-24,,4.26,,24,3,0,0,0
1964-03-25,,4.26,,25,3,0,0,0
1964-03-26,,4.25,,26,3,0,0,0
1964-03-27,,,,27,3,0,0,0
1964-03-30,,4.25,,30,3,0,0,0
1964-03-31,,4.23,,31,3,1,1,0
1964-04-01,3.47,4.23,5.3,1,4,0,0,0
1964-04-02,,4.24,,2,4,0,0,0
1964-04-03,,4.25,,3,4,0,0,0
1964-04-06,,4.25,,6,4,0,0,0
1964-04-07,,4.25,,7,4,0,0,0
1964-04-08,,4.22,,8,4,0,0,0
1964-04-09,,4.22,,9,4,0,0,0
1964-04-10,,4.22,,10,4,0,0,0
1964-04-13,,4.23,,13,4,0,0,0
1964-04-14,,4.24,,14,4,0,0,0
1964-04-15,,4.23,,15,4,1,0,0
1964-04-16,,4.23,,16,4,0,0,0
1964-04-17,,4.24,,17,4,0,0,0
1964-04-20,,4.24,,20,4,0,0,0
1964-04-21,,4.23,,21,4,0,0,0
1964-04-22,,4.23,,22,4,0,0,0
1964-04-23,,4.23,,23,4,0,0,0
1964-04-24,,4.23,,24,4,0,0,0
1964-04-27,,4.23,,27,4,0,0,0
1964-04-28,,4.23,,28,4,0,0,0
1964-04-29,,4.22,,29,4,0,0,0
1964-04-30,,4.22,,30,4,1,0,0
1964-05-01,3.5,4.22,5.1,1,5,0,0,0
1964-05-04,,4.22,,4,5,0,0,0
1964-05-05,,4.22,,5,5,0,0,0
1964-05-06,,4.22,,6,5,0,0,0
1964-05-07,,4.22,,7,5,0,0,0
1964-05-08,,4.2,,8,5,0,0,0
1964-05-11,,4.19,,11,5,0,0,0
1964-05-12,,4.19,,12,5,0,0,0
1964-05-13,,4.19,,13,5,0,0,0
1964-05-14,,4.19,,14,5,0,0,0
1964-05-15,,4.19,,15,5,1,0,0
1964-05-18,,4.19,,18,5,0,0,0
1964-05-19,,4.19,,19,5,0,0,0
1964-05-20,,4.2,,20,5,0,0,0
1964-05-21,,4.2,,21,5,0,0,0
1964-05-22,,4.2,,22,5,0,0,0
1964-05-25,,4.19,,25,5,0,0,0
1964-05-26,,4.19,,26,5,0,0,0
1964-05-27,,4.2,,27,5,0,0,0
1964-05-28,,4.19,,28,5,0,0,0
1964-05-29,,,,29,5,0,0,0
1964-06-01,3.5,4.19,5.2,1,6,0,0,0
1964-06-02,,4.19,,2,6,0,0,0
1964-06-03,,4.19,,3,6,0,0,0
1964-06-04,,4.19,,4,6,0,0,0
1964-06-05,,4.18,,5,6,0,0,0
1964-06-08,,4.18,,8,6,0,0,0
1964-06-09,,4.17,,9,6,0,0,0
1964-06-10,,4.17,,10,6,0,0,0
1964-06-11,,4.18,,11,6,0,0,0
1964-06-12,,4.18,,12,6,0,0,0
1964-06-15,,4.18,,15,6,1,0,0
1964-06-16,,4.18,,16,6,0,0,0
1964-06-17,,4.18,,17,6,0,0,0
1964-06-18,,4.17,,18,6,0,0,0
1964-06-19,,4.16,,19,6,0,0,0
1964-06-22,,4.15,,22,6,0,0,0
1964-06-23,,4.15,,23,6,0,0,0
1964-06-24,,4.15,,24,6,0,0,0
1964-06-25,,4.15,,25,6,0,0,0
1964-06-26,,4.15,,26,6,0,0,0
1964-06-29,,4.15,,29,6,0,0,0
1964-06-30,,4.15,,30,6,1,1,0
1964-07-01,3.42,4.15,4.9,1,7,0,0,0
1964-07-02,,4.15,,2,7,0,0,0
1964-07-03,,,,3,7,0,0,0
1964-07-06,,4.16,,6,7,0,0,0
1964-07-07,,4.15,,7,7,0,0,0
1964-07-08,,4.15,,8,7,0,0,0
1964-07-09,,4.18,,9,7,0,0,0
1964-07-10,,4.19,,10,7,0,0,0
1964-07-13,,4.19,,13,7,0,0,0
1964-07-14,,4.19,,14,7,0,0,0
1964-07-15,,4.19,,15,7,1,0,0
1964-07-16,,4.19,,16,7,0,0,0
1964-07-17,,4.2,,17,7,0,0,0
1964-07-20,,4.21,,20,7,0,0,0
1964-07-21,,4.2,,21,7,0,0,0
1964-07-22,,4.21,,22,7,0,0,0
1964-07-23,,4.2,,23,7,0,0,0
1964-07-24,,4.2,,24,7,0,0,0
1964-07-27,,4.2,,27,7,0,0,0
1964-07-28,,4.2,,28,7,0,0,0
1964-07-29,,4.2,,29,7,0,0,0
1964-07-30,,4.19,,30,7,0,0,0
1964-07-31,,4.19,,31,7,1,0,0
1964-08-01,3.5,,5.0,1,8,0,0,0
1964-08-03,,4.19,,3,8,0,0,0
1964-08-04,,4.19,,4,8,0,0,0
1964-08-05,,4.19,,5,8,0,0,0
1964-08-06,,4.18,,6,8,0,0,0
1964-08-07,,4.19,,7,8,0,0,0
1964-08-10,,4.19,,10,8,0,0,0
1964-08-11,,4.2,,11,8,0,0,0
1964-08-12,,4.2,,12,8,0,0,0
1964-08-13,,4.19,,13,8,0,0,0
1964-08-14,,4.19,,14,8,0,0,0
1964-08-17,,4.19,,17,8,0,0,0
1964-08-18,,4.19,,18,8,0,0,0
1964-08-19,,4.19,,19,8,0,0,0
1964-08-20,,4.19,,20,8,0,0,0
1964-08-21,,4.19,,21,8,0,0,0
1964-08-24,,4.19,,24,8,0,0,0
1964-08-25,,4.2,,25,8,0,0,0
1964-08-26,,4.2,,26,8,0,0,0
1964-08-27,,4.2,,27,8,0,0,0
1964-08-28,,4.21,,28,8,0,0,0
1964-08-31,,4.21,,31,8,1,0,0
1964-09-01,3.45,4.21,5.1,1,9,0,0,0
1964-09-02,,4.22,,2,9,0,0,0
1964-09-03,,4.22,,3,9,0,0,0
1964-09-04,,4.22,,4,9,0,0,0
1964-09-07,,,,7,9,0,0,0
1964-09-08,,4.22,,8,9,0,0,0
1964-09-09,,4.22,,9,9,0,0,0
1964-09-10,,4.22,,10,9,0,0,0
1964-09-11,,4.22,,11,9,0,0,0
1964-09-14,,4.22,,14,9,0,0,0
1964-09-15,,4.22,,15,9,1,0,0
1964-09-16,,4.21,,16,9,0,0,0
1964-09-17,,4.2,,17,9,0,0,0
1964-09-18,,4.2,,18,9,0,0,0
1964-09-21,,4.19,,21,9,0,0,0
1964-09-22,,4.19,,22,9,0,0,0
1964-09-23,,4.19,,23,9,0,0,0
1964-09-24,,4.19,,24,9,0,0,0
1964-09-25,,4.19,,25,9,0,0,0
1964-09-28,,4.17,,28,9,0,0,0
1964-09-29,,4.18,,29,9,0,0,0
1964-09-30,,4.18,,30,9,1,1,0
1964-10-01,3.36,4.18,5.1,1,10,0,0,0
1964-10-02,,4.18,,2,10,0,0,0
1964-10-05,,4.2,,5,10,0,0,0
1964-10-06,,4.19,,6,10,0,0,0
1964-10-07,,4.19,,7,10,0,0,0
1964-10-08,,4.19,,8,10,0,0,0
1964-10-09,,4.19,,9,10,0,0,0
1964-10-12,,,,12,10,0,0,0
1964-10-13,,4.19,,13,10,0,0,0
1964-10-14,,4.19,,14,10,0,0,0
1964-10-15,,4.2,,15,10,1,0,0
1964-10-16,,4.21,,16,10,0,0,0
1964-10-19,,4.21,,19,10,0,0,0
1964-10-20,,4.2,,20,10,0,0,0
1964-10-21,,4.19,,21,10,0,0,0
1964-10-22,,4.19,,22,10,0,0,0
1964-10-23,,4.19,,23,10,0,0,0
1964-10-26,,4.19,,26,10,0,0,0
1964-10-27,,4.18,,27,10,0,0,0
1964-10-28,,4.17,,28,10,0,0,0
1964-10-29,,4.16,,29,10,0,0,0
1964-10-30,,4.16,,30,10,0,0,0
1964-11-01,3.52,,4.8,1,11,0,0,0
1964-11-02,,4.15,,2,11,0,0,0
1964-11-03,,,,3,11,0,0,0
1964-11-04,,4.15,,4,11,0,0,0
1964-11-05,,4.15,,5,11,0,0,0
1964-11-06,,4.15,,6,11,0,0,0
1964-11-09,,4.15,,9,11,0,0,0
1964-11-10,,4.14,,10,11,0,0,0
1964-11-11,,,,11,11,0,0,0
1964-11-12,,4.12,,12,11,0,0,0
1964-11-13,,4.13,,13,11,0,0,0
1964-11-16,,4.13,,16,11,0,0,0
1964-11-17,,4.14,,17,11,0,0,0
1964-11-18,,4.14,,18,11,0,0,0
1964-11-19,,4.13,,19,11,0,0,0
1964-11-20,,4.13,,20,11,0,0,0
1964-11-23,,4.18,,23,11,0,0,0
1964-11-24,,4.18,,24,11,0,0,0
1964-11-25,,4.19,,25,11,0,0,0
1964-11-26,,,,26,11,0,0,0
1964-11-27,,4.19,,27,11,0,0,0
1964-11-30,,4.2,,30,11,1,0,0
1964-12-01,3.85,4.2,5.0,1,12,0,0,0
1964-12-02,,4.19,,2,12,0,0,0
1964-12-03,,4.18,,3,12,0,0,0
1964-12-04,,4.18,,4,12,0,0,0
1964-12-07,,4.17,,7,12,0,0,0
1964-12-08,,4.16,,8,12,0,0,0
1964-12-09,,4.16,,9,12,0,0,0
1964-12-10,,4.15,,10,12,0,0,0
1964-12-11,,4.15,,11,12,0,0,0
1964-12-14,,4.16,,14,12,0,0,0
1964-12-15,,4.17,,15,12,1,0,0
1964-12-16,,4.18,,16,12,0,0,0
1964-12-17,,4.18,,17,12,0,0,0
1964-12-18,,4.19,,18,12,0,0,0
1964-12-21,,4.18,,21,12,0,0,0
1964-12-22,,4.18,,22,12,0,0,0
1964-12-23,,4.19,,23,12,0,0,0
1964-12-24,,4.19,,24,12,0,0,0
1964-12-25,,,,25,12,0,0,0
1964-12-28,,4.19,,28,12,0,0,0
1964-12-29,,4.19,,29,12,0,0,0
1964-12-30,,4.2,,30,12,0,0,0
1964-12-31,,4.21,,31,12,1,1,0
1965-01-01,3.9,,4.9,1,1,0,0,0
1965-01-04,,4.2,,4,1,0,0,0
1965-01-05,,4.2,,5,1,0,0,0
1965-01-06,,4.2,,6,1,0,0,0
1965-01-07,,4.2,,7,1,0,0,0
1965-01-08,,4.2,,8,1,0,0,0
1965-01-11,,4.2,,11,1,0,0,0
1965-01-12,,4.19,,12,1,0,0,0
1965-01-13,,4.19,,13,1,0,0,0
1965-01-14,,4.19,,14,1,0,0,0
1965-01-15,,4.19,,15,1,1,0,0
1965-01-18,,4.19,,18,1,0,0,0
1965-01-19,,4.18,,19,1,0,0,0
1965-01-20,,4.18,,20,1,0,0,0
1965-01-21,,4.17,,21,1,0,0,0
1965-01-22,,4.17,,22,1,0,0,0
1965-01-25,,4.18,,25,1,0,0,0
1965-01-26,,4.19,,26,1,0,0,0
1965-01-27,,4.19,,27,1,0,0,0
1965-01-28,,4.19,,28,1,0,0,0
1965-01-29,,4.19,,29,1,0,0,0
1965-02-01,3.98,4.2,5.1,1,2,0,0,0
1965-02-02,,4.2,,2,2,0,0,0
1965-02-03,,4.2,,3,2,0,0,0
1965-02-04,,4.21,,4,2,0,0,0
1965-02-05,,4.22,,5,2,0,0,0
1965-02-08,,4.21,,8,2,0,0,0
1965-02-09,,4.21,,9,2,0,0,0
1965-02-10,,4.21,,10,2,0,0,0
1965-02-11,,4.21,,11,2,0,0,0
1965-02-12,,,,12,2,0,0,0
1965-02-15,,4.22,,15,2,1,0,0
1965-02-16,,4.21,,16,2,0,0,0
1965-02-17,,4.21,,17,2,0,0,0
1965-02-18,,4.21,,18,2,0,0,0
1965-02-19,,4.22,,19,2,0,0,0
1965-02-22,,,,22,2,0,0,0
1965-02-23,,4.21,,23,2,0,0,0
1965-02-24,,4.22,,24,2,0,0,0
1965-02-25,,4.21,,25,2,0,0,0
1965-02-26,,4.22,,26,2,0,0,0
1965-03-01,4.05,4.22,4.7,1,3,0,0,0
1965-03-02,,4.24,,2,3,0,0,0
1965-03-03,,4.23,,3,3,0,0,0
1965-03-04,,4.22,,4,3,0,0,0
1965-03-05,,4.23,,5,3,0,0,0
1965-03-08,,4.23,,8,3,0,0,0
1965-03-09,,4.23,,9,3,0,0,0
1965-03-10,,4.23,,10,3,0,0,0
1965-03-11,,4.22,,11,3,0,0,0
1965-03-12,,4.22,,12,3,0,0,0
1965-03-15,,4.21,,15,3,1,0,0
1965-03-16,,4.21,,16,3,0,0,0
1965-03-17,,4.2,,17,3,0,0,0
1965-03-18,,4.2,,18,3,0,0,0
1965-03-19,,4.2,,19,3,0,0,0
1965-03-22,,4.19,,22,3,0,0,0
1965-03-23,,4.19,,23,3,0,0,0
1965-03-24,,4.18,,24,3,0,0,0
1965-03-25,,4.19,,25,3,0,0,0
1965-03-26,,4.2,,26,3,0,0,0
1965-03-29,,4.2,,29,3,0,0,0
1965-03-30,,4.2,,30,3,0,0,0
1965-03-31,,4.2,,31,3,1,1,0
1965-04-01,4.09,4.2,4.8,1,4,0,0,0
1965-04-02,,4.2,,2,4,0,0,0
1965-04-05,,4.2,,5,4,0,0,0
1965-04-06,,4.2,,6,4,0,0,0
1965-04-07,,4.2,,7,4,0,0,0
1965-04-08,,4.19,,8,4,0,0,0
1965-04-09,,4.2,,9,4,0,0,0
1965-04-12,,4.2,,12,4,0,0,0
1965-04-13,,4.2,,13,4,0,0,0
1965-04-14,,4.19,,14,4,0,0,0
1965-04-15,,4.2,,15,4,1,0,0
1965-04-16,,,,16,4,0,0,0
1965-04-19,,4.21,,19,4,0,0,0
1965-04-20,,4.21,,20,4,0,0,0
1965-04-21,,4.21,,21,4,0,0,0
1965-04-22,,4.21,,22,4,0,0,0
1965-04-23,,4.21,,23,4,0,0,0
1965-04-26,,4.21,,26,4,0,0,0
1965-04-27,,4.21,,27,4,0,0,0
1965-04-28,,4.21,,28,4,0,0,0
1965-04-29,,4.21,,29,4,0,0,0
1965-04-30,,4.21,,30,4,1,0,0
1965-05-01,4.1,,4.6,1,5,0,0,0
1965-05-03,,4.21,,3,5,0,0,0
1965-05-04,,4.2,,4,5,0,0,0
1965-05-05,,4.2,,5,5,0,0,0
1965-05-06,,4.2,,6,5,0,0,0
1965-05-07,,4.2,,7,5,0,0,0
1965-05-10,,4.2,,10,5,0,0,0
1965-05-11,,4.2,,11,5,0,0,0
1965-05-12,,4.2,,12,5,0,0,0
1965-05-13,,4.21,,13,5,0,0,0
1965-05-14,,4.21,,14,5,0,0,0
1965-05-17,,4.21,,17,5,0,0,0
1965-05-18,,4.22,,18,5,0,0,0
1965-05-19,,4.22,,19,5,0,0,0
1965-05-20,,4.22,,20,5,0,0,0
1965-05-21,,4.22,,21,5,0,0,0
1965-05-24,,4.22,,24,5,0,0,0
1965-05-25,,4.22,,25,5,0,0,0
1965-05-26,,4.22,,26,5,0,0,0
1965-05-27,,4.22,,27,5,0,0,0
1965-05-28,,4.23,,28,5,0,0,0
1965-05-31,,,,31,5,1,0,0
1965-06-01,4.05,4.23,4.6,1,6,0,0,0
1965-06-02,,4.23,,2,6,0,0,0
1965-06-03,,4.23,,3,6,0,0,0
1965-06-04,,4.23,,4,6,0,0,0
1965-06-07,,4.23,,7,6,0,0,0
1965-06-08,,4.23,,8,6,0,0,0
1965-06-09,,4.23,,9,6,0,0,0
1965-06-10,,4.23,,10,6,0,0,0
1965-06-11,,4.23,,11,6,0,0,0
1965-06-14,,4.21,,14,6,0,0,0
1965-06-15,,4.21,,15,6,1,0,0
1965-06-16,,4.21,,16,6,0,0,0
1965-06-17,,4.21,,17,6,0,0,0
1965-06-18,,4.21,,18,6,0,0,0
1965-06-21,,4.2,,21,6,0,0,0
1965-06-22,,4.2,,22,6,0,0,0
1965-06-23,,4.2,,23,6,0,0,0
1965-06-24,,4.19,,24,6,0,0,0
1965-06-25,,4.19,,25,6,0,0,0
1965-06-28,,4.19,,28,6,0,0,0
1965-06-29,,4.2,,29,6,0,0,0
1965-06-30,,4.2,,30,6,1,1,0
1965-07-01,4.09,4.2,4.4,1,7,0,0,0
1965-07-02,,4.21,,2,7,0,0,0
1965-07-05,,,,5,7,0,0,0
1965-07-06,,4.21,,6,7,0,0,0
1965-07-07,,4.21,,7,7,0,0,0
1965-07-08,,4.2,,8,7,0,0,0
1965-07-09,,4.21,,9,7,0,0,0
1965-07-12,,4.21,,12,7,0,0,0
1965-07-13,,4.21,,13,7,0,0,0
1965-07-14,,4.21,,14,7,0,0,0
1965-07-15,,4.2,,15,7,1,0,0
1965-07-16,,4.2,,16,7,0,0,0
1965-07-19,,4.2,,19,7,0,0,0
1965-07-20,,4.2,,20,7,0,0,0
1965-07-21,,4.2,,21,7,0,0,0
1965-07-22,,4.2,,22,7,0,0,0
1965-07-23,,4.2,,23,7,0,0,0
1965-07-26,,4.2,,26,7,0,0,0
1965-07-27,,4.2,,27,7,0,0,0
1965-07-28,,4.2,,28,7,0,0,0
1965-07-29,,4.21,,29,7,0,0,0
1965-07-30,,4.22,,30,7,0,0,0
1965-08-01,4.12,,4.4,1,8,0,0,0
1965-08-02,,4.22,,2,8,0,0,0
1965-08-03,,4.22,,3,8,0,0,0
1965-08-04,,4.23,,4,8,0,0,0
1965-08-05,,4.23,,5,8,0,0,0
1965-08-06,,4.24,,6,8,0,0,0
1965-08-09,,4.24,,9,8,0,0,0
1965-08-10,,4.24,,10,8,0,0,0
1965-08-11,,4.25,,11,8,0,0,0
1965-08-12,,4.25,,12,8,0,0,0
1965-08-13,,4.25,,13,8,0,0,0
1965-08-16,,4.26,,16,8,0,0,0
1965-08-17,,4.27,,17,8,0,0,0
1965-08-18,,4.26,,18,8,0,0,0
1965-08-19,,4.26,,19,8,0,0,0
1965-08-20,,4.26,,20,8,0,0,0
1965-08-23,,4.26,,23,8,0,0,0
1965-08-24,,4.27,,24,8,0,0,0
1965-08-25,,4.26,,25,8,0,0,0
1965-08-26,,4.27,,26,8,0,0,0
1965-08-27,,4.27,,27,8,0,0,0
1965-08-30,,4.27,,30,8,0,0,0
1965-08-31,,4.27,,31,8,1,0,0
1965-09-01,4.02,4.28,4.3,1,9,0,0,0
1965-09-02,,4.28,,2,9,0,0,0
1965-09-03,,4.27,,3,9,0,0,0
1965-09-06,,,,6,9,0,0,0
1965-09-07,,4.27,,7,9,0,0,0
1965-09-08,,4.27,,8,9,0,0,0
1965-09-09,,4.27,,9,9,0,0,0
1965-09-10,,4.28,,10,9,0,0,0
1965-09-13,,4.28,,13,9,0,0,0
1965-09-14,,4.28,,14,9,0,0,0
1965-09-15,,4.28,,15,9,1,0,0
1965-09-16,,4.27,,16,9,0,0,0
1965-09-17,,4.27,,17,9,0,0,0
1965-09-20,,4.27,,20,9,0,0,0
1965-09-21,,4.28,,21,9,0,0,0
1965-09-22,,4.29,,22,9,0,0,0
1965-09-23,,4.3,,23,9,0,0,0
1965-09-24,,4.31,,24,9,0,0,0
1965-09-27,,4.31,,27,9,0,0,0
1965-09-28,,4.33,,28,9,0,0,0
1965-09-29,,4.36,,29,9,0,0,0
1965-09-30,,4.35,,30,9,1,1,0
1965-10-01,4.08,4.36,4.2,1,10,0,0,0
1965-10-04,,4.35,,4,10,0,0,0
1965-10-05,,4.33,,5,10,0,0,0
1965-10-06,,4.32,,6,10,0,0,0
1965-10-07,,4.31,,7,10,0,0,0
1965-10-08,,4.32,,8,10,0,0,0
1965-10-11,,4.31,,11,10,0,0,0
1965-10-12,,,,12,10,0,0,0
1965-10-13,,4.3,,13,10,0,0,0
1965-10-14,,4.31,,14,10,0,0,0
1965-10-15,,4.34,,15,10,1,0,0
1965-10-18,,4.34,,18,10,0,0,0
1965-10-19,,4.35,,19,10,0,0,0
1965-10-20,,4.36,,20,10,0,0,0
1965-10-21,,4.37,,21,10,0,0,0
1965-10-22,,4.36,,22,10,0,0,0
1965-10-25,,4.38,,25,10,0,0,0
1965-10-26,,4.38,,26,10,0,0,0
1965-10-27,,4.39,,27,10,0,0,0
1965-10-28,,4.4,,28,10,0,0,0
1965-10-29,,4.41,,29,10,0,0,0
1965-11-01,4.1,4.43,4.1,1,11,0,0,0
1965-11-02,,,,2,11,0,0,0
1965-11-03,,4.43,,3,11,0,0,0
1965-11-04,,4.43,,4,11,0,0,0
1965-11-05,,4.43,,5,11,0,0,0
1965-11-08,,4.45,,8,11,0,0,0
1965-11-09,,4.47,,9,11,0,0,0
1965-11-10,,4.46,,10,11,0,0,0
1965-11-11,,,,11,11,0,0,0
1965-11-12,,4.44,,12,11,0,0,0
1965-11-15,,4.45,,15,11,1,0,0
1965-11-16,,4.44,,16,11,0,0,0
1965-11-17,,4.45,,17,11,0,0,0
1965-11-18,,4.45,,18,11,0,0,0
1965-11-19,,4.46,,19,11,0,0,0
1965-11-22,,4.45,,22,11,0,0,0
1965-11-23,,4.45,,23,11,0,0,0
1965-11-24,,4.45,,24,11,0,0,0
1965-11-25,,,,25,11,0,0,0
1965-11-26,,4.45,,26,11,0,0,0
1965-11-29,,4.46,,29,11,0,0,0
1965-11-30,,4.48,,30,11,1,0,0
1965-12-01,4.32,4.52,4.0,1,12,0,0,0
1965-12-02,,4.52,,2,12,0,0,0
1965-12-03,,4.52,,3,12,0,0,0
1965-12-06,,4.61,,6,12,0,0,0
1965-12-07,,4.59,,7,12,0,0,0
1965-12-08,,4.6,,8,12,0,0,0
1965-12-09,,4.6,,9,12,0,0,0
1965-12-10,,4.6,,10,12,0,0,0
1965-12-13,,4.65,,13,12,0,0,0
1965-12-14,,4.67,,14,12,0,0,0
1965-12-15,,4.67,,15,12,1,0,0
1965-12-16,,4.66,,16,12,0,0,0
1965-12-17,,4.65,,17,12,0,0,0
1965-12-20,,4.61,,20,12,0,0,0
1965-12-21,,4.64,,21,12,0,0,0
1965-12-22,,4.65,,22,12,0,0,0
1965-12-23,,4.65,,23,12,0,0,0
1965-12-24,,,,24,12,0,0,0
1965-12-27,,4.62,,27,12,0,0,0
1965-12-28,,4.61,,28,12,0,0,0
1965-12-29,,4.62,,29,12,0,0,0
1965-12-30,,4.63,,30,12,0,0,0
1965-12-31,,4.65,,31,12,1,1,0
1966-01-01,4.42,,4.0,1,1,0,0,0
1966-01-03,,4.63,,3,1,0,0,0
1966-01-04,,4.65,,4,1,0,0,0
1966-01-05,,4.63,,5,1,0,0,0
1966-01-06,,4.6,,6,1,0,0,0
1966-01-07,,4.6,,7,1,0,0,0
1966-01-10,,4.61,,10,1,0,0,0
1966-01-11,,4.6,,11,1,0,0,0
1966-01-12,,4.56,,12,1,0,0,0
1966-01-13,,4.58,,13,1,0,0,0
1966-01-14,,4.59,,14,1,0,0,0
1966-01-17,,4.61,,17,1,0,0,0
1966-01-18,,4.61,,18,1,0,0,0
1966-01-19,,4.61,,19,1,0,0,0
1966-01-20,,4.6,,20,1,0,0,0
1966-01-21,,4.59,,21,1,0,0,0
1966-01-24,,4.6,,24,1,0,0,0
1966-01-25,,4.61,,25,1,0,0,0
1966-01-26,,4.61,,26,1,0,0,0
1966-01-27,,4.63,,27,1,0,0,0
1966-01-28,,4.65,,28,1,0,0,0
1966-01-31,,4.69,,31,1,1,0,0
1966-02-01,4.6,4.69,3.8,1,2,0,0,0
1966-02-02,,4.7,,2,2,0,0,0
1966-02-03,,4.7,,3,2,0,0,0
1966-02-04,,4.71,,4,2,0,0,0
1966-02-07,,4.73,,7,2,0,0,0
1966-02-08,,4.72,,8,2,0,0,0
1966-02-09,,4.74,,9,2,0,0,0
1966-02-10,,4.78,,10,2,0,0,0
1966-02-11,,4.86,,11,2,0,0,0
1966-02-14,,4.87,,14,2,0,0,0
1966-02-15,,4.88,,15,2,1,0,0
1966-02-16,,4.89,,16,2,0,0,0
1966-02-17,,4.88,,17,2,0,0,0
1966-02-18,,4.9,,18,2,0,0,0
1966-02-21,,4.92,,21,2,0,0,0
1966-02-22,,,,22,2,0,0,0
1966-02-23,,4.92,,23,2,0,0,0
1966-02-24,,4.93,,24,2,0,0,0
1966-02-25,,4.97,,25,2,0,0,0
1966-02-28,,5.02,,28,2,1,0,0
1966-03-01,4.66,5.01,3.8,1,3,0,0,0
1966-03-02,,5.0,,2,3,0,0,0
1966-03-03,,5.0,,3,3,0,0,0
1966-03-04,,4.98,,4,3,0,0,0
1966-03-07,,4.96,,7,3,0,0,0
1966-03-08,,4.93,,8,3,0,0,0
1966-03-09,,4.93,,9,3,0,0,0
1966-03-10,,4.95,,10,3,0,0,0
1966-03-11,,4.96,,11,3,0,0,0
1966-03-14,,4.94,,14,3,0,0,0
1966-03-15,,4.91,,15,3,1,0,0
1966-03-16,,4.9,,16,3,0,0,0
1966-03-17,,4.86,,17,3,0,0,0
1966-03-18,,4.84,,18,3,0,0,0
1966-03-21,,4.81,,21,3,0,0,0
1966-03-22,,4.78,,22,3,0,0,0
1966-03-23,,4.73,,23,3,0,0,0
1966-03-24,,4.76,,24,3,0,0,0
1966-03-25,,4.82,,25,3,0,0,0
1966-03-28,,4.81,,28,3,0,0,0
1966-03-29,,4.8,,29,3,0,0,0
1966-03-30,,4.7,,30,3,0,0,0
1966-03-31,,4.71,,31,3,1,1,0
1966-04-01,4.67,4.7,3.8,1,4,0,0,0
1966-04-04,,4.69,,4,4,0,0,0
1966-04-05,,4.66,,5,4,0,0,0
1966-04-06,,4.71,,6,4,0,0,0
1966-04-07,,4.73,,7,4,0,0,0
1966-04-08,,,,8,4,0,0,0
1966-04-11,,4.73,,11,4,0,0,0
1966-04-12,,4.73,,12,4,0,0,0
1966-04-13,,4.74,,13,4,0,0,0
1966-04-14,,4.76,,14,4,0,0,0
1966-04-15,,4.77,,15,4,1,0,0
1966-04-18,,4.76,,18,4,0,0,0
1966-04-19,,4.76,,19,4,0,0,0
1966-04-20,,4.8,,20,4,0,0,0
1966-04-21,,4.77,,21,4,0,0,0
1966-04-22,,4.77,,22,4,0,0,0
1966-04-25,,4.78,,25,4,0,0,0
1966-04-26,,4.79,,26,4,0,0,0
1966-04-27,,4.78,,27,4,0,0,0
1966-04-28,,4.78,,28,4,0,0,0
1966-04-29,,4.79,,29,4,0,0,0
1966-05-01,4.9,,3.9,1,5,0,0,0
1966-05-02,,4.8,,2,5,0,0,0
1966-05-03,,4.81,,3,5,0,0,0
1966-05-04,,4.81,,4,5,0,0,0
1966-05-05,,4.81,,5,5,0,0,0
1966-05-06,,4.79,,6,5,0,0,0
1966-05-09,,4.75,,9,5,0,0,0
1966-05-10,,4.75,,10,5,0,0,0
1966-05-11,,4.77,,11,5,0,0,0
1966-05-12,,4.77,,12,5,0,0,0
1966-05-13,,4.77,,13,5,0,0,0
1966-05-16,,4.77,,16,5,0,0,0
1966-05-17,,4.75,,17,5,0,0,0
1966-05-18,,4.75,,18,5,0,0,0
1966-05-19,,4.75,,19,5,0,0,0
1966-05-20,,4.75,,20,5,0,0,0
1966-05-23,,4.77,,23,5,0,0,0
1966-05-24,,4.79,,24,5,0,0,0
1966-05-25,,4.78,,25,5,0,0,0
1966-05-26,,4.8,,26,5,0,0,0
1966-05-27,,4.81,,27,5,0,0,0
1966-05-30,,,,30,5,0,0,0
1966-05-31,,4.8,,31,5,1,0,0
1966-06-01,5.17,4.79,3.8,1,6,0,0,0
1966-06-02,,4.77,,2,6,0,0,0
1966-06-03,,4.78,,3,6,0,0,0
1966-06-06,,4.79,,6,6,0,0,0
1966-06-07,,4.81,,7,6,0,0,0
1966-06-08,,4.83,,8,6,0,0,0
1966-06-09,,4.83,,9,6,0,0,0
1966-06-10,,4.83,,10,6,0,0,0
1966-06-13,,4.83,,13,6,0,0,0
1966-06-14,,4.83,,14,6,0,0,0
1966-06-15,,4.79,,15,6,1,0,0
1966-06-16,,4.81,,16,6,0,0,0
1966-06-17,,4.8,,17,6,0,0,0
1966-06-20,,4.76,,20,6,0,0,0
1966-06-21,,4.75,,21,6,0,0,0
1966-06-22,,4.76,,22,6,0,0,0
1966-06-23,,4.77,,23,6,0,0,0
1966-06-24,,4.8,,24,6,0,0,0
1966-06-27,,4.83,,27,6,0,0,0
1966-06-28,,4.89,,28,6,0,0,0
1966-06-29,,4.9,,29,6,0,0,0
1966-06-30,,4.97,,30,6,1,1,0
1966-07-01,5.3,4.99,3.8,1,7,0,0,0
1966-07-04,,,,4,7,0,0,0
1966-07-05,,4.96,,5,7,0,0,0
1966-07-06,,4.95,,6,7,0,0,0
1966-07-07,,4.95,,7,7,0,0,0
1966-07-08,,4.97,,8,7,0,0,0
1966-07-11,,5.03,,11,7,0,0,0
1966-07-12,,5.05,,12,7,0,0,0
1966-07-13,,5.07,,13,7,0,0,0
1966-07-14,,5.1,,14,7,0,0,0
1966-07-15,,5.09,,15,7,1,0,0
1966-07-18,,5.04,,18,7,0,0,0
1966-07-19,,5.03,,19,7,0,0,0
1966-07-20,,5.02,,20,7,0,0,0
1966-07-21,,5.04,,21,7,0,0,0
1966-07-22,,5.02,,22,7,0,0,0
1966-07-25,,4.99,,25,7,0,0,0
1966-07-26,,4.99,,26,7,0,0,0
1966-07-27,,4.99,,27,7,0,0,0
1966-07-28,,5.03,,28,7,0,0,0
1966-07-29,,5.05,,29,7,0,0,0
1966-08-01,5.53,5.05,3.8,1,8,0,0,0
1966-08-02,,5.04,,2,8,0,0,0
1966-08-03,,5.06,,3,8,0,0,0
1966-08-04,,5.07,,4,8,0,0,0
1966-08-05,,5.07,,5,8,0,0,0
1966-08-08,,5.08,,8,8,0,0,0
1966-08-09,,5.1,,9,8,0,0,0
1966-08-10,,5.1,,10,8,0,0,0
1966-08-11,,5.11,,11,8,0,0,0
1966-08-12,,5.11,,12,8,0,0,0
1966-08-15,,5.15,,15,8,1,0,0
1966-08-16,,5.18,,16,8,0,0,0
1966-08-17,,5.24,,17,8,0,0,0
1966-08-18,,5.29,,18,8,0,0,0
1966-08-19,,5.31,,19,8,0,0,0
1966-08-22,,5.29,,22,8,0,0,0
1966-08-23,,5.33,,23,8,0,0,0
1966-08-24,,5.36,,24,8,0,0,0
1966-08-25,,5.39,,25,8,0,0,0
1966-08-26,,5.48,,26,8,0,0,0
1966-08-29,,5.51,,29,8,0,0,0
1966-08-30,,5.48,,30,8,0,0,0
1966-08-31,,5.36,,31,8,1,0,0
1966-09-01,5.4,5.3,3.7,1,9,0,0,0
1966-09-02,,5.23,,2,9,0,0,0
1966-09-05,,,,5,9,0,0,0
1966-09-06,,5.19,,6,9,0,0,0
1966-09-07,,5.2,,7,9,0,0,0
1966-09-08,,5.18,,8,9,0,0,0
1966-09-09,,5.17,,9,9,0,0,0
1966-09-12,,5.18,,12,9,0,0,0
1966-09-13,,5.16,,13,9,0,0,0
1966-09-14,,5.21,,14,9,0,0,0
1966-09-15,,5.25,,15,9,1,0,0
1966-09-16,,5.24,,16,9,0,0,0
1966-09-19,,5.32,,19,9,0,0,0
1966-09-20,,5.27,,20,9,0,0,0
1966-09-21,,5.21,,21,9,0,0,0
1966-09-22,,5.15,,22,9,0,0,0
1966-09-23,,5.17,,23,9,0,0,0
1966-09-26,,5.17,,26,9,0,0,0
1966-09-27,,5.13,,27,9,0,0,0
1966-09-28,,5.09,,28,9,0,0,0
1966-09-29,,4.99,,29,9,0,0,0
1966-09-30,,5.02,,30,9,1,1,0
1966-10-01,5.53,,3.7,1,10,0,0,0
1966-10-03,,5.08,,3,10,0,0,0
1966-10-04,,5.06,,4,10,0,0,0
1966-10-05,,5.05,,5,10,0,0,0
1966-10-06,,5.03,,6,10,0,0,0
1966-10-07,,5.02,,7,10,0,0,0
1966-10-10,,5.05,,10,10,0,0,0
1966-10-11,,5.05,,11,10,0,0,0
1966-10-12,,,,12,10,0,0,0
1966-10-13,,5.07,,13,10,0,0,0
1966-10-14,,5.06,,14,10,0,0,0
1966-10-17,,5.04,,17,10,0,0,0
1966-10-18,,4.99,,18,10,0,0,0
1966-10-19,,5.0,,19,10,0,0,0
1966-10-20,,5.02,,20,10,0,0,0
1966-10-21,,4.94,,21,10,0,0,0
1966-10-24,,4.94,,24,10,0,0,0
1966-10-25,,4.94,,25,10,0,0,0
1966-10-26,,4.96,,26,10,0,0,0
1966-10-27,,4.99,,27,10,0,0,0
1966-10-28,,4.97,,28,10,0,0,0
1966-10-31,,4.97,,31,10,1,0,0
1966-11-01,5.76,4.99,3.6,1,11,0,0,0
1966-11-02,,5.04,,2,11,0,0,0
1966-11-03,,5.06,,3,11,0,0,0
1966-11-04,,5.11,,4,11,0,0,0
1966-11-07,,5.11,,7,11,0,0,0
1966-11-08,,,,8,11,0,0,0
1966-11-09,,5.12,,9,11,0,0,0
1966-11-10,,5.17,,10,11,0,0,0
1966-11-11,,,,11,11,0,0,0
1966-11-14,,5.19,,14,11,0,0,0
1966-11-15,,5.21,,15,11,1,0,0
1966-11-16,,5.22,,16,11,0,0,0
1966-11-17,,5.23,,17,11,0,0,0
1966-11-18,,5.22,,18,11,0,0,0
1966-11-21,,5.17,,21,11,0,0,0
1966-11-22,,5.2,,22,11,0,0,0
1966-11-23,,5.22,,23,11,0,0,0
1966-11-24,,,,24,11,0,0,0
1966-11-25,,5.23,,25,11,0,0,0
1966-11-28,,5.19,,28,11,0,0,0
1966-11-29,,5.15,,29,11,0,0,0
1966-11-30,,5.12,,30,11,1,0,0
1966-12-01,5.4,5.09,3.8,1,12,0,0,0
1966-12-02,,5.03,,2,12,0,0,0
1966-12-05,,5.06,,5,12,0,0,0
1966-12-06,,5.07,,6,12,0,0,0
1966-12-07,,5.07,,7,12,0,0,0
1966-12-08,,5.1,,8,12,0,0,0
1966-12-09,,5.05,,9,12,0,0,0
1966-12-12,,4.93,,12,12,0,0,0
1966-12-13,,4.86,,13,12,0,0,0
1966-12-14,,4.83,,14,12,0,0,0
1966-12-15,,4.76,,15,12,1,0,0
1966-12-16,,4.78,,16,12,0,0,0
1966-12-19,,4.72,,19,12,0,0,0
1966-12-20,,4.69,,20,12,0,0,0
1966-12-21,,4.66,,21,12,0,0,0
1966-12-22,,4.68,,22,12,0,0,0
1966-12-23,,4.67,,23,12,0,0,0
1966-12-26,,,,26,12,0,0,0
1966-12-27,,4.71,,27,12,0,0,0
1966-12-28,,4.64,,28,12,0,0,0
1966-12-29,,4.66,,29,12,0,0,0
1966-12-30,,4.64,,30,12,0,0,0
1967-01-01,4.94,,3.9,1,1,0,0,0
1967-01-02,,,,2,1,0,0,0
1967-01-03,,4.69,,3,1,0,0,0
1967-01-04,,4.65,,4,1,0,0,0
1967-01-05,,4.63,,5,1,0,0,0
1967-01-06,,4.64,,6,1,0,0,0
1967-01-09,,4.71,,9,1,0,0,0
1967-01-10,,4.69,,10,1,0,0,0
1967-01-11,,4.54,,11,1,0,0,0
1967-01-12,,4.55,,12,1,0,0,0
1967-01-13,,4.51,,13,1,0,0,0
1967-01-16,,4.49,,16,1,0,0,0
1967-01-17,,4.51,,17,1,0,0,0
1967-01-18,,4.53,,18,1,0,0,0
1967-01-19,,4.58,,19,1,0,0,0
1967-01-20,,4.6,,20,1,0,0,0
1967-01-23,,4.6,,23,1,0,0,0
1967-01-24,,4.65,,24,1,0,0,0
1967-01-25,,4.62,,25,1,0,0,0
1967-01-26,,4.5,,26,1,0,0,0
1967-01-27,,4.47,,27,1,0,0,0
1967-01-30,,4.48,,30,1,0,0,0
1967-01-31,,4.52,,31,1,1,0,0
1967-02-01,5.0,4.52,3.8,1,2,0,0,0
1967-02-02,,4.51,,2,2,0,0,0
1967-02-03,,4.52,,3,2,0,0,0
1967-02-06,,4.53,,6,2,0,0,0
1967-02-07,,4.54,,7,2,0,0,0
1967-02-08,,4.54,,8,2,0,0,0
1967-02-09,,4.53,,9,2,0,0,0
1967-02-10,,4.59,,10,2,0,0,0
1967-02-13,,,,13,2,0,0,0
1967-02-14,,4.64,,14,2,0,0,0
1967-02-15,,4.69,,15,2,1,0,0
1967-02-16,,4.67,,16,2,0,0,0
1967-02-17,,4.68,,17,2,0,0,0
1967-02-20,,4.7,,20,2,0,0,0
1967-02-21,,4.71,,21,2,0,0,0
1967-02-22,,,,22,2,0,0,0
1967-02-23,,4.74,,23,2,0,0,0
1967-02-24,,4.73,,24,2,0,0,0
1967-02-27,,4.72,,27,2,0,0,0
1967-02-28,,4.72,,28,2,1,0,0
1967-03-01,4.53,4.66,3.8,1,3,0,0,0
1967-03-02,,4.63,,2,3,0,0,0
1967-03-03,,4.62,,3,3,0,0,0
1967-03-06,,4.61,,6,3,0,0,0
1967-03-07,,4.6,,7,3,0,0,0
1967-03-08,,4.61,,8,3,0,0,0
1967-03-09,,4.57,,9,3,0,0,0
1967-03-10,,4.58,,10,3,0,0,0
1967-03-13,,4.56,,13,3,0,0,0
1967-03-14,,4.53,,14,3,0,0,0
1967-03-15,,4.49,,15,3,1,0,0
1967-03-16,,4.45,,16,3,0,0,0
1967-03-17,,4.47,,17,3,0,0,0
1967-03-20,,4.45,,20,3,0,0,0
1967-03-21,,4.51,,21,3,0,0,0
1967-03-22,,4.52,,22,3,0,0,0
1967-03-23,,4.5,,23,3,0,0,0
1967-03-24,,,,24,3,0,0,0
1967-03-27,,4.52,,27,3,0,0,0
1967-03-28,,4.52,,28,3,0,0,0
1967-03-29,,4.52,,29,3,0,0,0
1967-03-30,,4.5,,30,3,0,0,0
1967-03-31,,4.5,,31,3,1,1,0
1967-04-01,4.05,,3.8,1,4,0,0,0
1967-04-03,,4.5,,3,4,0,0,0
1967-04-04,,4.49,,4,4,0,0,0
1967-04-05,,4.5,,5,4,0,0,0
1967-04-06,,4.49,,6,4,0,0,0
1967-04-07,,4.48,,7,4,0,0,0
1967-04-10,,4.5,,10,4,0,0,0
1967-04-11,,4.51,,11,4,0,0,0
1967-04-12,,4.51,,12,4,0,0,0
1967-04-13,,4.54,,13,4,0,0,0
1967-04-14,,4.56,,14,4,0,0,0
1967-04-17,,4.61,,17,4,0,0,0
1967-04-18,,4.63,,18,4,0,0,0
1967-04-19,,4.63,,19,4,0,0,0
1967-04-20,,4.63,,20,4,0,0,0
1967-04-21,,4.66,,21,4,0,0,0
1967-04-24,,4.68,,24,4,0,0,0
1967-04-25,,4.71,,25,4,0,0,0
1967-04-26,,4.73,,26,4,0,0,0
1967-04-27,,4.73,,27,4,0,0,0
1967-04-28,,4.78,,28,4,0,0,0
1967-05-01,3.94,4.77,3.8,1,5,0,0,0
1967-05-02,,4.75,,2,5,0,0,0
1967-05-03,,4.75,,3,5,0,0,0
1967-05-04,,4.76,,4,5,0,0,0
1967-05-05,,4.77,,5,5,0,0,0
1967-05-08,,4.83,,8,5,0,0,0
1967-05-09,,4.87,,9,5,0,0,0
1967-05-10,,4.87,,10,5,0,0,0
1967-05-11,,4.84,,11,5,0,0,0
1967-05-12,,4.82,,12,5,0,0,0
1967-05-15,,4.86,,15,5,1,0,0
1967-05-16,,4.87,,16,5,0,0,0
1967-05-17,,4.88,,17,5,0,0,0
1967-05-18,,4.88,,18,5,0,0,0
1967-05-19,,4.89,,19,5,0,0,0
1967-05-22,,4.94,,22,5,0,0,0
1967-05-23,,4.94,,23,5,0,0,0
1967-05-24,,4.93,,24,5,0,0,0
1967-05-25,,4.92,,25,5,0,0,0
1967-05-26,,4.86,,26,5,0,0,0
1967-05-29,,4.84,,29,5,0,0,0
1967-05-30,,,,30,5,0,0,0
1967-05-31,,4.81,,31,5,1,0,0
1967-06-01,3.98,4.81,3.9,1,6,0,0,0
1967-06-02,,4.82,,2,6,0,0,0
1967-06-05,,4.85,,5,6,0,0,0
1967-06-06,,4.84,,6,6,0,0,0
1967-06-07,,4.84,,7,6,0,0,0
1967-06-08,,4.86,,8,6,0,0,0
1967-06-09,,4.89,,9,6,0,0,0
1967-06-12,,4.94,,12,6,0,0,0
1967-06-13,,4.95,,13,6,0,0,0
1967-06-14,,5.02,,14,6,0,0,0
1967-06-15,,5.02,,15,6,1,0,0
1967-06-16,,5.07,,16,6,0,0,0
1967-06-19,,5.07,,19,6,0,0,0
1967-06-20,,5.14,,20,6,0,0,0
1967-06-21,,5.14,,21,6,0,0,0
1967-06-22,,5.13,,22,6,0,0,0
1967-06-23,,5.14,,23,6,0,0,0
1967-06-26,,5.16,,26,6,0,0,0
1967-06-27,,5.21,,27,6,0,0,0
1967-06-28,,5.18,,28,6,0,0,0
1967-06-29,,5.2,,29,6,0,0,0
1967-06-30,,5.22,,30,6,1,1,0
1967-07-01,3.79,,3.8,1,7,0,0,0
1967-07-03,,5.22,,3,7,0,0,0
1967-07-04,,,,4,7,0,0,0
1967-07-05,,5.17,,5,7,0,0,0
1967-07-06,,5.11,,6,7,0,0,0
1967-07-07,,5.15,,7,7,0,0,0
1967-07-10,,5.16,,10,7,0,0,0
1967-07-11,,5.09,,11,7,0,0,0
1967-07-12,,5.06,,12,7,0,0,0
1967-07-13,,5.08,,13,7,0,0,0
1967-07-14,,5.08,,14,7,0,0,0
1967-07-17,,5.09,,17,7,0,0,0
1967-07-18,,5.16,,18,7,0,0,0
1967-07-19,,5.18,,19,7,0,0,0
1967-07-20,,5.2,,20,7,0,0,0
1967-07-21,,5.2,,21,7,0,0,0
1967-07-24,,5.23,,24,7,0,0,0
1967-07-25,,5.23,,25,7,0,0,0
1967-07-26,,5.23,,26,7,0,0,0
1967-07-27,,5.2,,27,7,0,0,0
1967-07-28,,5.18,,28,7,0,0,0
1967-07-31,,5.16,,31,7,1,0,0
1967-08-01,3.9,5.18,3.8,1,8,0,0,0
1967-08-02,,5.21,,2,8,0,0,0
1967-08-03,,5.2,,3,8,0,0,0
1967-08-04,,5.26,,4,8,0,0,0
1967-08-07,,5.3,,7,8,0,0,0
1967-08-08,,5.28,,8,8,0,0,0
1967-08-09,,5.27,,9,8,0,0,0
1967-08-10,,5.28,,10,8,0,0,0
1967-08-11,,5.29,,11,8,0,0,0
1967-08-14,,5.29,,14,8,0,0,0
1967-08-15,,5.29,,15,8,1,0,0
1967-08-16,,5.28,,16,8,0,0,0
1967-08-17,,5.28,,17,8,0,0,0
1967-08-18,,5.28,,18,8,0,0,0
1967-08-21,,5.3,,21,8,0,0,0
1967-08-22,,5.3,,22,8,0,0,0
1967-08-23,,5.31,,23,8,0,0,0
1967-08-24,,5.31,,24,8,0,0,0
1967-08-25,,5.32,,25,8,0,0,0
1967-08-28,,5.29,,28,8,0,0,0
1967-08-29,,5.27,,29,8,0,0,0
1967-08-30,,5.28,,30,8,0,0,0
1967-08-31,,5.27,,31,8,1,0,0
1967-09-01,3.99,5.25,3.8,1,9,0,0,0
1967-09-04,,,,4,9,0,0,0
1967-09-05,,5.22,,5,9,0,0,0
1967-09-06,,5.2,,6,9,0,0,0
1967-09-07,,5.2,,7,9,0,0,0
1967-09-08,,5.26,,8,9,0,0,0
1967-09-11,,5.28,,11,9,0,0,0
1967-09-12,,5.29,,12,9,0,0,0
1967-09-13,,5.27,,13,9,0,0,0
1967-09-14,,5.28,,14,9,0,0,0
1967-09-15,,5.29,,15,9,1,0,0
1967-09-18,,5.3,,18,9,0,0,0
1967-09-19,,5.35,,19,9,0,0,0
1967-09-20,,5.34,,20,9,0,0,0
1967-09-21,,5.36,,21,9,0,0,0
1967-09-22,,5.36,,22,9,0,0,0
1967-09-25,,5.38,,25,9,0,0,0
1967-09-26,,5.37,,26,9,0,0,0
1967-09-27,,5.37,,27,9,0,0,0
1967-09-28,,5.36,,28,9,0,0,0
1967-09-29,,5.31,,29,9,0,0,0
1967-10-01,3.88,,4.0,1,10,0,0,0
1967-10-02,,5.35,,2,10,0,0,0
1967-10-03,,5.35,,3,10,0,0,0
1967-10-04,,5.37,,4,10,0,0,0
1967-10-05,,5.37,,5,10,0,0,0
1967-10-06,,5.37,,6,10,0,0,0
1967-10-09,,5.39,,9,10,0,0,0
1967-10-10,,5.42,,10,10,0,0,0
1967-10-11,,5.42,,11,10,0,0,0
1967-10-12,,,,12,10,0,0,0
1967-10-13,,5.45,,13,10,0,0,0
1967-10-16,,5.47,,16,10,0,0,0
1967-10-17,,5.49,,17,10,0,0,0
1967-10-18,,5.52,,18,10,0,0,0
1967-10-19,,5.53,,19,10,0,0,0
1967-10-20,,5.52,,20,10,0,0,0
1967-10-23,,5.56,,23,10,0,0,0
1967-10-24,,5.56,,24,10,0,0,0
1967-10-25,,5.57,,25,10,0,0,0
1967-10-26,,5.58,,26,10,0,0,0
1967-10-27,,5.57,,27,10,0,0,0
1967-10-30,,5.6,,30,10,0,0,0
1967-10-31,,5.64,,31,10,1,0,0
1967-11-01,4.13,5.7,3.9,1,11,0,0,0
1967-11-02,,5.71,,2,11,0,0,0
1967-11-03,,5.75,,3,11,0,0,0
1967-11-06,,5.77,,6,11,0,0,0
1967-11-07,,,,7,11,0,0,0
1967-11-08,,5.74,,8,11,0,0,0
1967-11-09,,5.78,,9,11,0,0,0
1967-11-10,,5.83,,10,11,0,0,0
1967-11-13,,5.87,,13,11,0,0,0
1967-11-14,,5.81,,14,11,0,0,0
1967-11-15,,5.78,,15,11,1,0,0
1967-11-16,,5.72,,16,11,0,0,0
1967-11-17,,5.75,,17,11,0,0,0
1967-11-20,,5.85,,20,11,0,0,0
1967-11-21,,5.71,,21,11,0,0,0
1967-11-22,,5.7,,22,11,0,0,0
1967-11-23,,,,23,11,0,0,0
1967-11-24,,5.78,,24,11,0,0,0
1967-11-27,,5.76,,27,11,0,0,0
1967-11-28,,5.65,,28,11,0,0,0
1967-11-29,,5.67,,29,11,0,0,0
1967-11-30,,5.74,,30,11,1,0,0
1967-12-01,4.51,5.78,3.8,1,12,0,0,0
1967-12-04,,5.76,,4,12,0,0,0
1967-12-05,,5.74,,5,12,0,0,0
1967-12-06,,5.69,,6,12,0,0,0
1967-12-07,,5.71,,7,12,0,0,0
1967-12-08,,5.72,,8,12,0,0,0
1967-12-11,,5.74,,11,12,0,0,0
1967-12-12,,5.75,,12,12,0,0,0
1967-12-13,,5.71,,13,12,0,0,0
1967-12-14,,5.7,,14,12,0,0,0
1967-12-15,,5.71,,15,12,1,0,0
1967-12-18,,5.68,,18,12,0,0,0
1967-12-19,,5.66,,19,12,0,0,0
1967-12-20,,5.62,,20,12,0,0,0
1967-12-21,,5.64,,21,12,0,0,0
1967-12-22,,5.69,,22,12,0,0,0
1967-12-25,,,,25,12,0,0,0
1967-12-26,,5.64,,26,12,0,0,0
1967-12-27,,5.64,,27,12,0,0,0
1967-12-28,,5.7,,28,12,0,0,0
1967-12-29,,5.7,,29,12,0,0,0
1968-01-01,4.61,,3.7,1,1,0,0,0
1968-01-02,,5.63,,2,1,0,0,0
1968-01-03,,5.63,,3,1,0,0,0
1968-01-04,,5.51,,4,1,0,0,0
1968-01-05,,5.48,,5,1,0,0,0
1968-01-08,,5.5,,8,1,0,0,0
1968-01-09,,5.52,,9,1,0,0,0
1968-01-10,,5.46,,10,1,0,0,0
1968-01-11,,5.46,,11,1,0,0,0
1968-01-12,,5.43,,12,1,0,0,0
1968-01-15,,5.49,,15,1,1,0,0
1968-01-16,,5.52,,16,1,0,0,0
1968-01-17,,5.48,,17,1,0,0,0
1968-01-18,,5.55,,18,1,0,0,0
1968-01-19,,5.59,,19,1,0,0,0
1968-01-22,,5.61,,22,1,0,0,0
1968-01-23,,5.56,,23,1,0,0,0
1968-01-24,,5.56,,24,1,0,0,0
1968-01-25,,5.52,,25,1,0,0,0
1968-01-26,,5.53,,26,1,0,0,0
1968-01-29,,5.53,,29,1,0,0,0
1968-01-30,,5.53,,30,1,0,0,0
1968-01-31,,5.54,,31,1,1,0,0
1968-02-01,4.71,5.58,3.8,1,2,0,0,0
1968-02-02,,5.58,,2,2,0,0,0
1968-02-05,,5.6,,5,2,0,0,0
1968-02-06,,5.61,,6,2,0,0,0
1968-02-07,,5.59,,7,2,0,0,0
1968-02-08,,5.6,,8,2,0,0,0
1968-02-09,,5.59,,9,2,0,0,0
1968-02-12,,,,12,2,0,0,0
1968-02-13,,5.55,,13,2,0,0,0
1968-02-14,,5.54,,14,2,0,0,0
1968-02-15,,5.51,,15,2,1,0,0
1968-02-16,,5.5,,16,2,0,0,0
1968-02-19,,5.53,,19,2,0,0,0
1968-02-20,,5.54,,20,2,0,0,0
1968-02-21,,5.54,,21,2,0,0,0
1968-02-22,,,,22,2,0,0,0
1968-02-23,,5.56,,23,2,0,0,0
1968-02-26,,5.58,,26,2,0,0,0
1968-02-27,,5.58,,27,2,0,0,0
1968-02-28,,5.57,,28,2,0,0,0
1968-02-29,,5.56,,29,2,1,0,0
1968-03-01,5.05,5.56,3.7,1,3,0,0,0
1968-03-04,,5.57,,4,3,0,0,0
1968-03-05,,5.59,,5,3,0,0,0
1968-03-06,,5.61,,6,3,0,0,0
1968-03-07,,5.67,,7,3,0,0,0
1968-03-08,,5.75,,8,3,0,0,0
1968-03-11,,5.75,,11,3,0,0,0
1968-03-12,,5.79,,12,3,0,0,0
1968-03-13,,5.86,,13,3,0,0,0
1968-03-14,,5.95,,14,3,0,0,0
1968-03-15,,5.84,,15,3,1,0,0
1968-03-18,,5.76,,18,3,0,0,0
1968-03-19,,5.77,,19,3,0,0,0
1968-03-20,,5.73,,20,3,0,0,0
1968-03-21,,5.76,,21,3,0,0,0
1968-03-22,,5.74,,22,3,0,0,0
1968-03-25,,5.74,,25,3,0,0,0
1968-03-26,,5.78,,26,3,0,0,0
1968-03-27,,5.78,,27,3,0,0,0
1968-03-28,,5.78,,28,3,0,0,0
1968-03-29,,5.76,,29,3,0,0,0
1968-04-01,5.76,5.64,3.5,1,4,0,0,0
1968-04-02,,5.62,,2,4,0,0,0
1968-04-03,,5.49,,3,4,0,0,0
1968-04-04,,5.52,,4,4,0,0,0
1968-04-05,,5.52,,5,4,0,0,0
1968-04-08,,5.54,,8,4,0,0,0
1968-04-09,,,,9,4,0,0,0
1968-04-10,,5.53,,10,4,0,0,0
1968-04-11,,5.54,,11,4,0,0,0
1968-04-12,,,,12,4,0,0,0
1968-04-15,,5.6,,15,4,1,0,0
1968-04-16,,5.62,,16,4,0,0,0
1968-04-17,,5.62,,17,4,0,0,0
1968-04-18,,5.64,,18,4,0,0,0
1968-04-19,,5.76,,19,4,0,0,0
1968-04-22,,5.78,,22,4,0,0,0
1968-04-23,,5.73,,23,4,0,0,0
1968-04-24,,5.72,,24,4,0,0,0
1968-04-25,,5.72,,25,4,0,0,0
1968-04-26,,5.71,,26,4,0,0,0
1968-04-29,,5.73,,29,4,0,0,0
1968-04-30,,5.74,,30,4,1,0,0
1968-05-01,6.12,5.73,3.5,1,5,0,0,0
1968-05-02,,5.76,,2,5,0,0,0
1968-05-03,,5.8,,3,5,0,0,0
1968-05-06,,5.78,,6,5,0,0,0
1968-05-07,,5.79,,7,5,0,0,0
1968-05-08,,5.8,,8,5,0,0,0
1968-05-09,,5.79,,9,5,0,0,0
1968-05-10,,5.79,,10,5,0,0,0
1968-05-13,,5.79,,13,5,0,0,0
1968-05-14,,5.82,,14,5,0,0,0
1968-05-15,,5.85,,15,5,1,0,0
1968-05-16,,5.9,,16,5,0,0,0
1968-05-17,,5.92,,17,5,0,0,0
1968-05-20,,5.96,,20,5,0,0,0
1968-05-21,,6.02,,21,5,0,0,0
1968-05-22,,6.02,,22,5,0,0,0
1968-05-23,,5.98,,23,5,0,0,0
1968-05-24,,5.96,,24,5,0,0,0
1968-05-27,,5.92,,27,5,0,0,0
1968-05-28,,5.94,,28,5,0,0,0
1968-05-29,,5.95,,29,5,0,0,0
1968-05-30,,,,30,5,0,0,0
1968-05-31,,5.86,,31,5,1,0,0
1968-06-01,6.07,,3.7,1,6,0,0,0
1968-06-03,,5.79,,3,6,0,0,0
1968-06-04,,5.78,,4,6,0,0,0
1968-06-05,,5.81,,5,6,0,0,0
1968-06-06,,5.83,,6,6,0,0,0
1968-06-07,,5.82,,7,6,0,0,0
1968-06-10,,5.8,,10,6,0,0,0
1968-06-11,,5.79,,11,6,0,0,0
1968-06-12,,5.77,,12,6,0,0,0
1968-06-13,,5.76,,13,6,0,0,0
1968-06-14,,5.72,,14,6,0,0,0
1968-06-17,,5.71,,17,6,0,0,0
1968-06-18,,5.71,,18,6,0,0,0
1968-06-19,,5.67,,19,6,0,0,0
1968-06-20,,5.62,,20,6,0,0,0
1968-06-21,,5.6,,21,6,0,0,0
1968-06-24,,5.61,,24,6,0,0,0
1968-06-25,,5.64,,25,6,0,0,0
1968-06-26,,5.64,,26,6,0,0,0
1968-06-27,,5.65,,27,6,0,0,0
1968-06-28,,5.64,,28,6,0,0,0
1968-07-01,6.03,5.62,3.7,1,7,0,0,0
1968-07-02,,5.58,,2,7,0,0,0
1968-07-03,,5.57,,3,7,0,0,0
1968-07-04,,,,4,7,0,0,0
1968-07-05,,5.56,,5,7,0,0,0
1968-07-08,,5.53,,8,7,0,0,0
1968-07-09,,5.51,,9,7,0,0,0
1968-07-10,,5.52,,10,7,0,0,0
1968-07-11,,5.52,,11,7,0,0,0
1968-07-12,,5.53,,12,7,0,0,0
1968-07-15,,5.56,,15,7,1,0,0
1968-07-16,,5.57,,16,7,0,0,0
1968-07-17,,5.55,,17,7,0,0,0
1968-07-18,,5.56,,18,7,0,0,0
1968-07-19,,5.53,,19,7,0,0,0
1968-07-22,,5.45,,22,7,0,0,0
1968-07-23,,5.38,,23,7,0,0,0
1968-07-24,,5.39,,24,7,0,0,0
1968-07-25,,5.37,,25,7,0,0,0
1968-07-26,,5.39,,26,7,0,0,0
1968-07-29,,5.41,,29,7,0,0,0
1968-07-30,,5.41,,30,7,0,0,0
1968-07-31,,5.39,,31,7,1,0,0
1968-08-01,6.03,5.38,3.5,1,8,0,0,0
1968-08-02,,5.34,,2,8,0,0,0
1968-08-05,,5.37,,5,8,0,0,0
1968-08-06,,5.38,,6,8,0,0,0
1968-08-07,,5.36,,7,8,0,0,0
1968-08-08,,5.37,,8,8,0,0,0
1968-08-09,,5.39,,9,8,0,0,0
1968-08-12,,5.42,,12,8,0,0,0
1968-08-13,,5.43,,13,8,0,0,0
1968-08-14,,5.43,,14,8,0,0,0
1968-08-15,,5.45,,15,8,1,0,0
1968-08-16,,5.42,,16,8,0,0,0
1968-08-19,,5.43,,19,8,0,0,0
1968-08-20,,5.43,,20,8,0,0,0
1968-08-21,,5.46,,21,8,0,0,0
1968-08-22,,5.5,,22,8,0,0,0
1968-08-23,,5.47,,23,8,0,0,0
1968-08-26,,5.46,,26,8,0,0,0
1968-08-27,,5.46,,27,8,0,0,0
1968-08-28,,5.45,,28,8,0,0,0
1968-08-29,,5.43,,29,8,0,0,0
1968-08-30,,5.42,,30,8,0,0,0
1968-09-01,5.78,,3.4,1,9,0,0,0
1968-09-02,,,,2,9,0,0,0
1968-09-03,,5.41,,3,9,0,0,0
1968-09-04,,5.43,,4,9,0,0,0
1968-09-05,,5.46,,5,9,0,0,0
1968-09-06,,5.48,,6,9,0,0,0
1968-09-09,,5.49,,9,9,0,0,0
1968-09-10,,5.51,,10,9,0,0,0
1968-09-11,,5.5,,11,9,0,0,0
1968-09-12,,5.49,,12,9,0,0,0
1968-09-13,,5.48,,13,9,0,0,0
1968-09-16,,5.46,,16,9,0,0,0
1968-09-17,,5.46,,17,9,0,0,0
1968-09-18,,5.42,,18,9,0,0,0
1968-09-19,,5.43,,19,9,0,0,0
1968-09-20,,5.45,,20,9,0,0,0
1968-09-23,,5.45,,23,9,0,0,0
1968-09-24,,5.44,,24,9,0,0,0
1968-09-25,,5.44,,25,9,0,0,0
1968-09-26,,5.45,,26,9,0,0,0
1968-09-27,,5.46,,27,9,0,0,0
1968-09-30,,5.49,,30,9,1,1,0
1968-10-01,5.91,5.49,3.4,1,10,0,0,0
1968-10-02,,5.49,,2,10,0,0,0
1968-10-03,,5.5,,3,10,0,0,0
1968-10-04,,5.52,,4,10,0,0,0
1968-10-07,,5.55,,7,10,0,0,0
1968-10-08,,5.57,,8,10,0,0,0
1968-10-09,,5.6,,9,10,0,0,0
1968-10-10,,5.61,,10,10,0,0,0
1968-10-11,,5.61,,11,10,0,0,0
1968-10-14,,5.62,,14,10,0,0,0
1968-10-15,,5.65,,15,10,1,0,0
1968-10-16,,5.62,,16,10,0,0,0
1968-10-17,,5.58,,17,10,0,0,0
1968-10-18,,5.57,,18,10,0,0,0
1968-10-21,,5.58,,21,10,0,0,0
1968-10-22,,5.58,,22,10,0,0,0
1968-10-23,,5.58,,23,10,0,0,0
1968-10-24,,5.61,,24,10,0,0,0
1968-10-25,,5.6,,25,10,0,0,0
1968-10-28,,5.61,,28,10,0,0,0
1968-10-29,,5.62,,29,10,0,0,0
1968-10-30,,5.63,,30,10,0,0,0
1968-10-31,,5.61,,31,10,1,0,0
1968-11-01,5.82,5.61,3.4,1,11,0,0,0
1968-11-04,,5.63,,4,11,0,0,0
1968-11-05,,,,5,11,0,0,0
1968-11-06,,5.62,,6,11,0,0,0
1968-11-07,,5.63,,7,11,0,0,0
1968-11-08,,5.65,,8,11,0,0,0
1968-11-11,,,,11,11,0,0,0
1968-11-12,,5.68,,12,11,0,0,0
1968-11-13,,5.66,,13,11,0,0,0
1968-11-14,,5.66,,14,11,0,0,0
1968-11-15,,5.68,,15,11,1,0,0
1968-11-18,,5.71,,18,11,0,0,0
1968-11-19,,5.74,,19,11,0,0,0
1968-11-20,,5.74,,20,11,0,0,0
1968-11-21,,5.73,,21,11,0,0,0
1968-11-22,,5.74,,22,11,0,0,0
1968-11-25,,5.75,,25,11,0,0,0
1968-11-26,,5.76,,26,11,0,0,0
1968-11-27,,5.76,,27,11,0,0,0
1968-11-28,,,,28,11,0,0,0
1968-11-29,,5.78,,29,11,0,0,0
1968-12-01,6.02,,3.4,1,12,0,0,0
1968-12-02,,5.89,,2,12,0,0,0
1968-12-03,,5.96,,3,12,0,0,0
1968-12-04,,5.95,,4,12,0,0,0
1968-12-05,,5.93,,5,12,0,0,0
1968-12-06,,5.91,,6,12,0,0,0
1968-12-09,,5.92,,9,12,0,0,0
1968-12-10,,5.93,,10,12,0,0,0
1968-12-11,,5.93,,11,12,0,0,0
1968-12-12,,5.94,,12,12,0,0,0
1968-12-13,,5.93,,13,12,0,0,0
1968-12-16,,5.96,,16,12,0,0,0
1968-12-17,,5.97,,17,12,0,0,0
1968-12-18,,6.0,,18,12,0,0,0
1968-12-19,,6.07,,19,12,0,0,0
1968-12-20,,6.14,,20,12,0,0,0
1968-12-23,,6.23,,23,12,0,0,0
1968-12-24,,6.27,,24,12,0,0,0
1968-12-25,,,,25,12,0,0,0
1968-12-26,,6.17,,26,12,0,0,0
1968-12-27,,6.2,,27,12,0,0,0
1968-12-30,,6.21,,30,12,0,0,0
1968-12-31,,6.16,,31,12,1,1,0
1969-01-01,6.3,,3.4,1,1,0,0,0
1969-01-02,,6.04,,2,1,0,0,0
1969-01-03,,6.01,,3,1,0,0,0
1969-01-06,,6.04,,6,1,0,0,0
1969-01-07,,6.14,,7,1,0,0,0
1969-01-08,,6.09,,8,1,0,0,0
1969-01-09,,6.04,,9,1,0,0,0
1969-01-10,,6.03,,10,1,0,0,0
1969-01-13,,6.04,,13,1,0,0,0
1969-01-14,,6.04,,14,1,0,0,0
1969-01-15,,6.02,,15,1,1,0,0
1969-01-16,,5.98,,16,1,0,0,0
1969-01-17,,5.97,,17,1,0,0,0
1969-01-20,,5.95,,20,1,0,0,0
1969-01-21,,5.97,,21,1,0,0,0
1969-01-22,,6.03,,22,1,0,0,0
1969-01-23,,6.02,,23,1,0,0,0
1969-01-24,,6.01,,24,1,0,0,0
1969-01-27,,6.03,,27,1,0,0,0
1969-01-28,,6.05,,28,1,0,0,0
1969-01-29,,6.09,,29,1,0,0,0
1969-01-30,,6.14,,30,1,0,0,0
1969-01-31,,6.19,,31,1,1,0,0
1969-02-01,6.61,,3.4,1,2,0,0,0
1969-02-03,,6.22,,3,2,0,0,0
1969-02-04,,6.2,,4,2,0,0,0
1969-02-05,,6.19,,5,2,0,0,0
1969-02-06,,6.2,,6,2,0,0,0
1969-02-07,,6.14,,7,2,0,0,0
1969-02-10,,6.14,,10,2,0,0,0
1969-02-11,,6.1,,11,2,0,0,0
1969-02-12,,,,12,2,0,0,0
1969-02-13,,6.09,,13,2,0,0,0
1969-02-14,,6.11,,14,2,0,0,0
1969-02-17,,6.14,,17,2,0,0,0
1969-02-18,,6.16,,18,2,0,0,0
1969-02-19,,6.2,,19,2,0,0,0
1969-02-20,,6.23,,20,2,0,0,0
1969-02-21,,6.24,,21,2,0,0,0
1969-02-24,,6.22,,24,2,0,0,0
1969-02-25,,6.24,,25,2,0,0,0
1969-02-26,,6.24,,26,2,0,0,0
1969-02-27,,6.27,,27,2,0,0,0
1969-02-28,,6.26,,28,2,1,0,0
1969-03-01,6.79,,3.4,1,3,0,0,0
1969-03-03,,6.25,,3,3,0,0,0
1969-03-04,,6.24,,4,3,0,0,0
1969-03-05,,6.24,,5,3,0,0,0
1969-03-06,,6.26,,6,3,0,0,0
1969-03-07,,6.27,,7,3,0,0,0
1969-03-10,,6.27,,10,3,0,0,0
1969-03-11,,6.3,,11,3,0,0,0
1969-03-12,,6.31,,12,3,0,0,0
1969-03-13,,6.32,,13,3,0,0,0
1969-03-14,,6.31,,14,3,0,0,0
1969-03-17,,6.35,,17,3,0,0,0
1969-03-18,,6.35,,18,3,0,0,0
1969-03-19,,6.32,,19,3,0,0,0
1969-03-20,,6.31,,20,3,0,0,0
1969-03-21,,6.29,,21,3,0,0,0
1969-03-24,,6.28,,24,3,0,0,0
1969-03-25,,6.3,,25,3,0,0,0
1969-03-26,,6.32,,26,3,0,0,0
1969-03-27,,6.33,,27,3,0,0,0
1969-03-28,,6.3,,28,3,0,0,0
1969-03-31,,,,31,3,1,1,0
1969-04-01,7.41,6.25,3.4,1,4,0,0,0
1969-04-02,,6.25,,2,4,0,0,0
1969-04-03,,6.26,,3,4,0,0,0
1969-04-04,,,,4,4,0,0,0
1969-04-07,,6.28,,7,4,0,0,0
1969-04-08,,6.25,,8,4,0,0,0
1969-04-09,,6.19,,9,4,0,0,0
1969-04-10,,6.18,,10,4,0,0,0
1969-04-11,,6.15,,11,4,0,0,0
1969-04-14,,6.06,,14,4,0,0,0
1969-04-15,,6.11,,15,4,1,0,0
1969-04-16,,6.1,,16,4,0,0,0
1969-04-17,,6.13,,17,4,0,0,0
1969-04-18,,6.16,,18,4,0,0,0
1969-04-21,,6.14,,21,4,0,0,0
1969-04-22,,6.12,,22,4,0,0,0
1969-04-23,,6.12,,23,4,0,0,0
1969-04-24,,6.14,,24,4,0,0,0
1969-04-25,,6.15,,25,4,0,0,0
1969-04-28,,6.19,,28,4,0,0,0
1969-04-29,,6.21,,29,4,0,0,0
1969-04-30,,6.2,,30,4,1,0,0
1969-05-01,8.67,6.25,3.4,1,5,0,0,0
1969-05-02,,6.23,,2,5,0,0,0
1969-05-05,,6.19,,5,5,0,0,0
1969-05-06,,6.22,,6,5,0,0,0
1969-05-07,,6.22,,7,5,0,0,0
1969-05-08,,6.2,,8,5,0,0,0
1969-05-09,,6.23,,9,5,0,0,0
1969-05-12,,6.27,,12,5,0,0,0
1969-05-13,,6.25,,13,5,0,0,0
1969-05-14,,6.24,,14,5,0,0,0
1969-05-15,,6.26,,15,5,1,0,0
1969-05-16,,6.31,,16,5,0,0,0
1969-05-19,,6.36,,19,5,0,0,0
1969-05-20,,6.36,,20,5,0,0,0
1969-05-21,,6.36,,21,5,0,0,0
1969-05-22,,6.36,,22,5,0,0,0
1969-05-23,,6.38,,23,5,0,0,0
1969-05-26,,6.44,,26,5,0,0,0
1969-05-27,,6.54,,27,5,0,0,0
1969-05-28,,6.56,,28,5,0,0,0
1969-05-29,,6.56,,29,5,0,0,0
1969-05-30,,,,30,5,0,0,0
1969-06-01,8.9,,3.5,1,6,0,0,0
1969-06-02,,6.56,,2,6,0,0,0
1969-06-03,,6.55,,3,6,0,0,0
1969-06-04,,6.56,,4,6,0,0,0
1969-06-05,,6.54,,5,6,0,0,0
1969-06-06,,6.52,,6,6,0,0,0
1969-06-09,,6.59,,9,6,0,0,0
1969-06-10,,6.56,,10,6,0,0,0
1969-06-11,,6.56,,11,6,0,0,0
1969-06-12,,6.54,,12,6,0,0,0
1969-06-13,,6.51,,13,6,0,0,0
1969-06-16,,6.49,,16,6,0,0,0
1969-06-17,,6.52,,17,6,0,0,0
1969-06-18,,6.53,,18,6,0,0,0
1969-06-19,,6.57,,19,6,0,0,0
1969-06-20,,6.59,,20,6,0,0,0
1969-06-23,,6.6,,23,6,0,0,0
1969-06-24,,6.63,,24,6,0,0,0
1969-06-25,,6.63,,25,6,0,0,0
1969-06-26,,6.62,,26,6,0,0,0
1969-06-27,,6.66,,27,6,0,0,0
1969-06-30,,6.73,,30,6,1,1,0
1969-07-01,8.61,6.75,3.5,1,7,0,0,0
1969-07-02,,6.77,,2,7,0,0,0
1969-07-03,,6.75,,3,7,0,0,0
1969-07-04,,,,4,7,0,0,0
1969-07-07,,6.76,,7,7,0,0,0
1969-07-08,,6.79,,8,7,0,0,0
1969-07-09,,6.82,,9,7,0,0,0
1969-07-10,,6.78,,10,7,0,0,0
1969-07-11,,6.64,,11,7,0,0,0
1969-07-14,,6.69,,14,7,0,0,0
1969-07-15,,6.72,,15,7,1,0,0
1969-07-16,,6.67,,16,7,0,0,0
1969-07-17,,6.69,,17,7,0,0,0
1969-07-18,,6.7,,18,7,0,0,0
1969-07-21,,,,21,7,0,0,0
1969-07-22,,6.66,,22,7,0,0,0
1969-07-23,,6.68,,23,7,0,0,0
1969-07-24,,6.7,,24,7,0,0,0
1969-07-25,,6.71,,25,7,0,0,0
1969-07-28,,6.73,,28,7,0,0,0
1969-07-29,,6.72,,29,7,0,0,0
1969-07-30,,6.72,,30,7,0,0,0
1969-07-31,,6.66,,31,7,1,0,0
1969-08-01,9.19,6.66,3.5,1,8,0,0,0
1969-08-04,,6.63,,4,8,0,0,0
1969-08-05,,6.6,,5,8,0,0,0
1969-08-06,,6.62,,6,8,0,0,0
1969-08-07,,6.63,,7,8,0,0,0
1969-08-08,,6.64,,8,8,0,0,0
1969-08-11,,6.69,,11,8,0,0,0
1969-08-12,,6.7,,12,8,0,0,0
1969-08-13,,6.7,,13,8,0,0,0
1969-08-14,,6.68,,14,8,0,0,0
1969-08-15,,6.68,,15,8,1,0,0
1969-08-18,,6.66,,18,8,0,0,0
1969-08-19,,6.65,,19,8,0,0,0
1969-08-20,,6.66,,20,8,0,0,0
1969-08-21,,6.68,,21,8,0,0,0
1969-08-22,,6.71,,22,8,0,0,0
1969-08-25,,6.72,,25,8,0,0,0
1969-08-26,,6.76,,26,8,0,0,0
1969-08-27,,6.79,,27,8,0,0,0
1969-08-28,,6.83,,28,8,0,0,0
1969-08-29,,6.83,,29,8,0,0,0
1969-09-01,9.15,,3.7,1,9,0,0,0
1969-09-02,,6.87,,2,9,0,0,0
1969-09-03,,6.94,,3,9,0,0,0
1969-09-04,,6.96,,4,9,0,0,0
1969-09-05,,6.99,,5,9,0,0,0
1969-09-08,,7.03,,8,9,0,0,0
1969-09-09,,7.04,,9,9,0,0,0
1969-09-10,,7.02,,10,9,0,0,0
1969-09-11,,7.05,,11,9,0,0,0
1969-09-12,,7.08,,12,9,0,0,0
1969-09-15,,7.09,,15,9,1,0,0
1969-09-16,,7.14,,16,9,0,0,0
1969-09-17,,7.14,,17,9,0,0,0
1969-09-18,,7.27,,18,9,0,0,0
1969-09-19,,7.28,,19,9,0,0,0
1969-09-22,,7.26,,22,9,0,0,0
1969-09-23,,7.26,,23,9,0,0,0
1969-09-24,,7.27,,24,9,0,0,0
1969-09-25,,7.3,,25,9,0,0,0
1969-09-26,,7.4,,26,9,0,0,0
1969-09-29,,7.45,,29,9,0,0,0
1969-09-30,,7.51,,30,9,1,1,0
1969-10-01,9.0,7.52,3.7,1,10,0,0,0
1969-10-02,,7.45,,2,10,0,0,0
1969-10-03,,7.38,,3,10,0,0,0
1969-10-06,,7.35,,6,10,0,0,0
1969-10-07,,7.31,,7,10,0,0,0
1969-10-08,,7.29,,8,10,0,0,0
1969-10-09,,7.3,,9,10,0,0,0
1969-10-10,,7.22,,10,10,0,0,0
1969-10-13,,,,13,10,0,0,0
1969-10-14,,7.1,,14,10,0,0,0
1969-10-15,,7.12,,15,10,1,0,0
1969-10-16,,7.04,,16,10,0,0,0
1969-10-17,,6.99,,17,10,0,0,0
1969-10-20,,6.83,,20,10,0,0,0
1969-10-21,,6.77,,21,10,0,0,0
1969-10-22,,6.8,,22,10,0,0,0
1969-10-23,,6.9,,23,10,0,0,0
1969-10-24,,6.9,,24,10,0,0,0
1969-10-27,,6.93,,27,10,0,0,0
1969-10-28,,7.0,,28,10,0,0,0
1969-10-29,,7.0,,29,10,0,0,0
1969-10-30,,6.96,,30,10,0,0,0
1969-10-31,,6.94,,31,10,1,0,0
1969-11-01,8.85,,3.5,1,11,0,0,0
1969-11-03,,6.9,,3,11,0,0,0
1969-11-04,,,,4,11,0,0,0
1969-11-05,,6.97,,5,11,0,0,0
1969-11-06,,7.01,,6,11,0,0,0
1969-11-07,,6.99,,7,11,0,0,0
1969-11-10,,6.99,,10,11,0,0,0
1969-11-11,,,,11,11,0,0,0
1969-11-12,,7.06,,12,11,0,0,0
1969-11-13,,7.12,,13,11,0,0,0
1969-11-14,,7.08,,14,11,0,0,0
1969-11-17,,7.13,,17,11,0,0,0
1969-11-18,,7.22,,18,11,0,0,0
1969-11-19,,7.25,,19,11,0,0,0
1969-11-20,,7.31,,20,11,0,0,0
1969-11-21,,7.28,,21,11,0,0,0
1969-11-24,,7.27,,24,11,0,0,0
1969-11-25,,7.28,,25,11,0,0,0
1969-11-26,,7.3,,26,11,0,0,0
1969-11-27,,,,27,11,0,0,0
1969-11-28,,7.29,,28,11,0,0,0
1969-12-01,8.97,7.29,3.5,1,12,0,0,0
1969-12-02,,7.35,,2,12,0,0,0
1969-12-03,,7.39,,3,12,0,0,0
1969-12-04,,7.35,,4,12,0,0,0
1969-12-05,,7.35,,5,12,0,0,0
1969-12-08,,7.4,,8,12,0,0,0
1969-12-09,,7.5,,9,12,0,0,0
1969-12-10,,7.59,,10,12,0,0,0
1969-12-11,,7.62,,11,12,0,0,0
1969-12-12,,7.6,,12,12,0,0,0
1969-12-15,,7.63,,15,12,1,0,0
1969-12-16,,7.72,,16,12,0,0,0
1969-12-17,,7.76,,17,12,0,0,0
1969-12-18,,7.81,,18,12,0,0,0
1969-12-19,,7.79,,19,12,0,0,0
1969-12-22,,7.76,,22,12,0,0,0
1969-12-23,,7.82,,23,12,0,0,0
1969-12-24,,7.89,,24,12,0,0,0
1969-12-25,,,,25,12,0,0,0
1969-12-26,,7.87,,26,12,0,0,0
1969-12-29,,8.05,,29,12,0,0,0
1969-12-30,,7.97,,30,12,0,0,0
1969-12-31,,7.88,,31,12,1,1,0
1970-01-01,8.98,,3.9,1,1,0,0,0
1970-01-02,,7.86,,2,1,0,0,0
1970-01-05,,7.88,,5,1,0,0,0
1970-01-06,,7.96,,6,1,0,0,0
1970-01-07,,7.99,,7,1,0,0,0
1970-01-08,,7.96,,8,1,0,0,0
1970-01-09,,7.86,,9,1,0,0,0
1970-01-12,,7.82,,12,1,0,0,0
1970-01-13,,7.81,,13,1,0,0,0
1970-01-14,,7.86,,14,1,0,0,0
1970-01-15,,7.85,,15,1,1,0,0
1970-01-16,,7.75,,16,1,0,0,0
1970-01-19,,7.69,,19,1,0,0,0
1970-01-20,,7.72,,20,1,0,0,0
1970-01-21,,7.69,,21,1,0,0,0
1970-01-22,,7.67,,22,1,0,0,0
1970-01-23,,7.69,,23,1,0,0,0
1970-01-26,,7.71,,26,1,0,0,0
1970-01-27,,7.7,,27,1,0,0,0
1970-01-28,,7.7,,28,1,0,0,0
1970-01-29,,7.77,,29,1,0,0,0
1970-01-30,,7.75,,30,1,0,0,0
1970-02-01,8.98,,4.2,1,2,0,0,0
1970-02-02,,7.65,,2,2,0,0,0
1970-02-03,,7.58,,3,2,0,0,0
1970-02-04,,7.5,,4,2,0,0,0
1970-02-05,,7.45,,5,2,0,0,0
1970-02-06,,7.36,,6,2,0,0,0
1970-02-09,,7.28,,9,2,0,0,0
1970-02-10,,7.32,,10,2,0,0,0
1970-02-11,,7.33,,11,2,0,0,0
1970-02-12,,,,12,2,0,0,0
1970-02-13,,7.15,,13,2,0,0,0
1970-02-16,,7.17,,16,2,0,0,0
1970-02-17,,7.15,,17,2,0,0,0
1970-02-18,,7.12,,18,2,0,0,0
1970-02-19,,7.09,,19,2,0,0,0
1970-02-20,,7.12,,20,2,0,0,0
1970-02-23,,,,23,2,0,0,0
1970-02-24,,7.14,,24,2,0,0,0
1970-02-25,,7.04,,25,2,0,0,0
1970-02-26,,6.94,,26,2,0,0,0
1970-02-27,,6.9,,27,2,0,0,0
1970-03-01,7.76,,4.4,1,3,0,0,0
1970-03-02,,6.95,,2,3,0,0,0
1970-03-03,,6.99,,3,3,0,0,0
1970-03-04,,6.97,,4,3,0,0,0
1970-03-05,,6.98,,5,3,0,0,0
1970-03-06,,6.96,,6,3,0,0,0
1970-03-09,,6.99,,9,3,0,0,0
1970-03-10,,7.04,,10,3,0,0,0
1970-03-11,,7.11,,11,3,0,0,0
1970-03-12,,7.16,,12,3,0,0,0
1970-03-13,,7.23,,13,3,0,0,0
1970-03-16,,7.24,,16,3,0,0,0
1970-03-17,,7.36,,17,3,0,0,0
1970-03-18,,7.28,,18,3,0,0,0
1970-03-19,,7.07,,19,3,0,0,0
1970-03-20,,7.06,,20,3,0,0,0
1970-03-23,,7.05,,23,3,0,0,0
1970-03-24,,7.02,,24,3,0,0,0
1970-03-25,,6.96,,25,3,0,0,0
1970-03-26,,6.98,,26,3,0,0,0
1970-03-27,,,,27,3,0,0,0
1970-03-30,,7.05,,30,3,0,0,0
1970-03-31,,7.08,,31,3,1,1,0
1970-04-01,8.1,7.04,4.6,1,4,0,0,0
1970-04-02,,7.08,,2,4,0,0,0
1970-04-03,,7.14,,3,4,0,0,0
1970-04-06,,7.17,,6,4,0,0,0
1970-04-07,,7.18,,7,4,0,0,0
1970-04-08,,7.17,,8,4,0,0,0
1970-04-09,,7.18,,9,4,0,0,0
1970-04-10,,7.17,,10,4,0,0,0
1970-04-13,,7.2,,13,4,0,0,0
1970-04-14,,7.22,,14,4,0,0,0
1970-04-15,,7.27,,15,4,1,0,0
1970-04-16,,7.34,,16,4,0,0,0
1970-04-17,,7.4,,17,4,0,0,0
1970-04-20,,7.44,,20,4,0,0,0
1970-04-21,,7.5,,21,4,0,0,0
1970-04-22,,7.61,,22,4,0,0,0
1970-04-23,,7.64,,23,4,0,0,0
1970-04-24,,7.72,,24,4,0,0,0
1970-04-27,,7.74,,27,4,0,0,0
1970-04-28,,7.79,,28,4,0,0,0
1970-04-29,,7.78,,29,4,0,0,0
1970-04-30,,7.82,,30,4,1,0,0
1970-05-01,7.95,7.85,4.8,1,5,0,0,0
1970-05-04,,7.94,,4,5,0,0,0
1970-05-05,,7.92,,5,5,0,0,0
1970-05-06,,7.86,,6,5,0,0,0
1970-05-07,,7.82,,7,5,0,0,0
1970-05-08,,7.78,,8,5,0,0,0
1970-05-11,,7.82,,11,5,0,0,0
1970-05-12,,7.84,,12,5,0,0,0
1970-05-13,,7.85,,13,5,0,0,0
1970-05-14,,7.86,,14,5,0,0,0
1970-05-15,,7.83,,15,5,1,0,0
1970-05-18,,7.8,,18,5,0,0,0
1970-05-19,,7.8,,19,5,0,0,0
1970-05-20,,7.85,,20,5,0,0,0
1970-05-21,,7.9,,21,5,0,0,0
1970-05-22,,7.99,,22,5,0,0,0
1970-05-25,,8.15,,25,5,0,0,0
1970-05-26,,8.22,,26,5,0,0,0
1970-05-27,,8.02,,27,5,0,0,0
1970-05-28,,7.98,,28,5,0,0,0
1970-05-29,,7.95,,29,5,0,0,0
1970-06-01,7.61,7.84,4.9,1,6,0,0,0
1970-06-02,,7.78,,2,6,0,0,0
1970-06-03,,7.76,,3,6,0,0,0
1970-06-04,,7.8,,4,6,0,0,0
1970-06-05,,7.88,,5,6,0,0,0
1970-06-08,,7.89,,8,6,0,0,0
1970-06-09,,7.88,,9,6,0,0,0
1970-06-10,,7.87,,10,6,0,0,0
1970-06-11,,7.92,,11,6,0,0,0
1970-06-12,,7.98,,12,6,0,0,0
1970-06-15,,7.98,,15,6,1,0,0
1970-06-16,,7.87,,16,6,0,0,0
1970-06-17,,7.9,,17,6,0,0,0
1970-06-18,,7.9,,18,6,0,0,0
1970-06-19,,7.9,,19,6,0,0,0
1970-06-22,,7.86,,22,6,0,0,0
1970-06-23,,7.79,,23,6,0,0,0
1970-06-24,,7.74,,24,6,0,0,0
1970-06-25,,7.76,,25,6,0,0,0
1970-06-26,,7.78,,26,6,0,0,0
1970-06-29,,7.76,,29,6,0,0,0
1970-06-30,,7.68,,30,6,1,1,0
1970-07-01,7.21,7.64,5.0,1,7,0,0,0
1970-07-02,,7.55,,2,7,0,0,0
1970-07-03,,,,3,7,0,0,0
1970-07-06,,7.49,,6,7,0,0,0
1970-07-07,,7.46,,7,7,0,0,0
1970-07-08,,7.49,,8,7,0,0,0
1970-07-09,,7.49,,9,7,0,0,0
1970-07-10,,7.54,,10,7,0,0,0
1970-07-13,,7.55,,13,7,0,0,0
1970-07-14,,7.53,,14,7,0,0,0
1970-07-15,,7.49,,15,7,1,0,0
1970-07-16,,7.46,,16,7,0,0,0
1970-07-17,,7.45,,17,7,0,0,0
1970-07-20,,7.46,,20,7,0,0,0
1970-07-21,,7.45,,21,7,0,0,0
1970-07-22,,7.43,,22,7,0,0,0
1970-07-23,,7.32,,23,7,0,0,0
1970-07-24,,7.34,,24,7,0,0,0
1970-07-27,,7.36,,27,7,0,0,0
1970-07-28,,7.41,,28,7,0,0,0
1970-07-29,,7.39,,29,7,0,0,0
1970-07-30,,7.38,,30,7,0,0,0
1970-07-31,,7.38,,31,7,1,0,0
1970-08-01,6.62,,5.1,1,8,0,0,0
1970-08-03,,7.39,,3,8,0,0,0
1970-08-04,,7.4,,4,8,0,0,0
1970-08-05,,7.42,,5,8,0,0,0
1970-08-06,,7.43,,6,8,0,0,0
1970-08-07,,7.45,,7,8,0,0,0
1970-08-10,,7.5,,10,8,0,0,0
1970-08-11,,7.54,,11,8,0,0,0
1970-08-12,,7.56,,12,8,0,0,0
1970-08-13,,7.58,,13,8,0,0,0
1970-08-14,,7.67,,14,8,0,0,0
1970-08-17,,7.71,,17,8,0,0,0
1970-08-18,,7.68,,18,8,0,0,0
1970-08-19,,7.65,,19,8,0,0,0
1970-08-20,,7.64,,20,8,0,0,0
1970-08-21,,7.6,,21,8,0,0,0
1970-08-24,,7.48,,24,8,0,0,0
1970-08-25,,7.46,,25,8,0,0,0
1970-08-26,,7.45,,26,8,0,0,0
1970-08-27,,7.48,,27,8,0,0,0
1970-08-28,,7.49,,28,8,0,0,0
1970-08-31,,7.49,,31,8,1,0,0
1970-09-01,6.29,7.47,5.4,1,9,0,0,0
1970-09-02,,7.48,,2,9,0,0,0
1970-09-03,,7.48,,3,9,0,0,0
1970-09-04,,7.47,,4,9,0,0,0
1970-09-07,,,,7,9,0,0,0
1970-09-08,,7.5,,8,9,0,0,0
1970-09-09,,7.54,,9,9,0,0,0
1970-09-10,,7.52,,10,9,0,0,0
1970-09-11,,7.5,,11,9,0,0,0
1970-09-14,,7.48,,14,9,0,0,0
1970-09-15,,7.46,,15,9,1,0,0
1970-09-16,,7.4,,16,9,0,0,0
1970-09-17,,7.32,,17,9,0,0,0
1970-09-18,,7.31,,18,9,0,0,0
1970-09-21,,7.29,,21,9,0,0,0
1970-09-22,,7.28,,22,9,0,0,0
1970-09-23,,7.24,,23,9,0,0,0
1970-09-24,,7.26,,24,9,0,0,0
1970-09-25,,7.28,,25,9,0,0,0
1970-09-28,,7.31,,28,9,0,0,0
1970-09-29,,7.3,,29,9,0,0,0
1970-09-30,,7.29,,30,9,1,1,0
1970-10-01,6.2,7.29,5.5,1,10,0,0,0
1970-10-02,,7.26,,2,10,0,0,0
1970-10-05,,7.26,,5,10,0,0,0
1970-10-06,,7.24,,6,10,0,0,0
1970-10-07,,7.23,,7,10,0,0,0
1970-10-08,,7.25,,8,10,0,0,0
1970-10-09,,7.25,,9,10,0,0,0
1970-10-12,,,,12,10,0,0,0
1970-10-13,,7.25,,13,10,0,0,0
1970-10-14,,7.3,,14,10,0,0,0
1970-10-15,,7.3,,15,10,1,0,0
1970-10-16,,7.31,,16,10,0,0,0
1970-10-19,,7.35,,19,10,0,0,0
1970-10-20,,7.37,,20,10,0,0,0
1970-10-21,,7.42,,21,10,0,0,0
1970-10-22,,7.46,,22,10,0,0,0
1970-10-23,,7.44,,23,10,0,0,0
1970-10-26,,7.44,,26,10,0,0,0
1970-10-27,,7.42,,27,10,0,0,0
1970-10-28,,7.38,,28,10,0,0,0
1970-10-29,,7.31,,29,10,0,0,0
1970-10-30,,7.33,,30,10,0,0,0
1970-11-01,5.6,,5.9,1,11,0,0,0
1970-11-02,,7.24,,2,11,0,0,0
1970-11-03,,,,3,11,0,0,0
1970-11-04,,7.23,,4,11,0,0,0
1970-11-05,,7.2,,5,11,0,0,0
1970-11-06,,7.15,,6,11,0,0,0
1970-11-09,,7.06,,9,11,0,0,0
1970-11-10,,7.06,,10,11,0,0,0
1970-11-11,,,,11,11,0,0,0
1970-11-12,,7.03,,12,11,0,0,0
1970-11-13,,7.0,,13,11,0,0,0
1970-11-16,,6.96,,16,11,0,0,0
1970-11-17,,6.93,,17,11,0,0,0
1970-11-18,,6.86,,18,11,0,0,0
1970-11-19,,6.72,,19,11,0,0,0
1970-11-20,,6.48,,20,11,0,0,0
1970-11-23,,6.32,,23,11,0,0,0
1970-11-24,,6.45,,24,11,0,0,0
1970-11-25,,6.48,,25,11,0,0,0
1970-11-26,,,,26,11,0,0,0
1970-11-27,,6.48,,27,11,0,0,0
1970-11-30,,6.49,,30,11,1,0,0
1970-12-01,4.9,6.48,6.1,1,12,0,0,0
1970-12-02,,6.41,,2,12,0,0,0
1970-12-03,,6.31,,3,12,0,0,0
1970-12-04,,6.21,,4,12,0,0,0
1970-12-07,,6.27,,7,12,0,0,0
1970-12-08,,6.29,,8,12,0,0,0
1970-12-09,,6.34,,9,12,0,0,0
1970-12-10,,6.34,,10,12,0,0,0
1970-12-11,,6.31,,11,12,0,0,0
1970-12-14,,6.26,,14,12,0,0,0
1970-12-15,,6.29,,15,12,1,0,0
1970-12-16,,6.29,,16,12,0,0,0
1970-12-17,,6.3,,17,12,0,0,0
1970-12-18,,6.33,,18,12,0,0,0
1970-12-21,,6.45,,21,12,0,0,0
1970-12-22,,6.52,,22,12,0,0,0
1970-12-23,,6.57,,23,12,0,0,0
1970-12-24,,6.53,,24,12,0,0,0
1970-12-25,,,,25,12,0,0,0
1970-12-28,,6.54,,28,12,0,0,0
1970-12-29,,6.56,,29,12,0,0,0
1970-12-30,,6.51,,30,12,0,0,0
1970-12-31,,6.5,,31,12,1,1,0
1971-01-01,4.14,,5.9,1,1,0,0,0
1971-01-04,,6.46,,4,1,0,0,0
1971-01-05,,6.47,,5,1,0,0,0
1971-01-06,,6.47,,6,1,0,0,0
1971-01-07,,6.45,,7,1,0,0,0
1971-01-08,,6.44,,8,1,0,0,0
1971-01-11,,6.39,,11,1,0,0,0
1971-01-12,,6.35,,12,1,0,0,0
1971-01-13,,6.29,,13,1,0,0,0
1971-01-14,,6.22,,14,1,0,0,0
1971-01-15,,6.22,,15,1,1,0,0
1971-01-18,,6.16,,18,1,0,0,0
1971-01-19,,6.17,,19,1,0,0,0
1971-01-20,,6.15,,20,1,0,0,0
1971-01-21,,6.09,,21,1,0,0,0
1971-01-22,,6.06,,22,1,0,0,0
1971-01-25,,6.05,,25,1,0,0,0
1971-01-26,,6.07,,26,1,0,0,0
1971-01-27,,6.09,,27,1,0,0,0
1971-01-28,,6.08,,28,1,0,0,0
1971-01-29,,6.09,,29,1,0,0,0
1971-02-01,3.72,6.09,5.9,1,2,0,0,0
1971-02-02,,6.11,,2,2,0,0,0
1971-02-03,,6.11,,3,2,0,0,0
1971-02-04,,6.1,,4,2,0,0,0
1971-02-05,,6.1,,5,2,0,0,0
1971-02-08,,6.09,,8,2,0,0,0
1971-02-09,,6.07,,9,2,0,0,0
1971-02-10,,6.08,,10,2,0,0,0
1971-02-11,,6.08,,11,2,0,0,0
1971-02-12,,,,12,2,0,0,0
1971-02-15,,,,15,2,1,0,0
1971-02-16,,6.11,,16,2,0,0,0
1971-02-17,,6.11,,17,2,0,0,0
1971-02-18,,6.11,,18,2,0,0,0
1971-02-19,,6.12,,19,2,0,0,0
1971-02-22,,6.15,,22,2,0,0,0
1971-02-23,,6.18,,23,2,0,0,0
1971-02-24,,6.16,,24,2,0,0,0
1971-02-25,,6.11,,25,2,0,0,0
1971-02-26,,6.14,,26,2,0,0,0
1971-03-01,3.71,6.12,6.0,1,3,0,0,0
1971-03-02,,6.09,,2,3,0,0,0
1971-03-03,,6.05,,3,3,0,0,0
1971-03-04,,6.05,,4,3,0,0,0
1971-03-05,,6.03,,5,3,0,0,0
1971-03-08,,5.99,,8,3,0,0,0
1971-03-09,,5.9,,9,3,0,0,0
1971-03-10,,5.8,,10,3,0,0,0
1971-03-11,,5.69,,11,3,0,0,0
1971-03-12,,5.72,,12,3,0,0,0
1971-03-15,,5.7,,15,3,1,0,0
1971-03-16,,5.68,,16,3,0,0,0
1971-03-17,,5.61,,17,3,0,0,0
1971-03-18,,5.55,,18,3,0,0,0
1971-03-19,,5.51,,19,3,0,0,0
1971-03-22,,5.42,,22,3,0,0,0
1971-03-23,,5.38,,23,3,0,0,0
1971-03-24,,5.41,,24,3,0,0,0
1971-03-25,,5.43,,25,3,0,0,0
1971-03-26,,5.48,,26,3,0,0,0
1971-03-29,,5.54,,29,3,0,0,0
1971-03-30,,5.5,,30,3,0,0,0
1971-03-31,,5.53,,31,3,1,1,0
1971-04-01,4.16,5.58,5.9,1,4,0,0,0
1971-04-02,,5.6,,2,4,0,0,0
1971-04-05,,5.63,,5,4,0,0,0
1971-04-06,,5.6,,6,4,0,0,0
1971-04-07,,5.58,,7,4,0,0,0
1971-04-08,,5.62,,8,4,0,0,0
1971-04-09,,,,9,4,0,0,0
1971-04-12,,5.73,,12,4,0,0,0
1971-04-13,,5.72,,13,4,0,0,0
1971-04-14,,5.77,,14,4,0,0,0
1971-04-15,,5.8,,15,4,1,0,0
1971-04-16,,5.82,,16,4,0,0,0
1971-04-19,,5.88,,19,4,0,0,0
1971-04-20,,5.97,,20,4,0,0,0
1971-04-21,,6.04,,21,4,0,0,0
1971-04-22,,6.02,,22,4,0,0,0
1971-04-23,,6.01,,23,4,0,0,0
1971-04-26,,6.0,,26,4,0,0,0
1971-04-27,,6.0,,27,4,0,0,0
1971-04-28,,5.99,,28,4,0,0,0
1971-04-29,,6.07,,29,4,0,0,0
1971-04-30,,6.08,,30,4,1,0,0
1971-05-01,4.63,,5.9,1,5,0,0,0
1971-05-03,,6.15,,3,5,0,0,0
1971-05-04,,6.25,,4,5,0,0,0
1971-05-05,,6.26,,5,5,0,0,0
1971-05-06,,6.28,,6,5,0,0,0
1971-05-07,,6.25,,7,5,0,0,0
1971-05-10,,6.22,,10,5,0,0,0
1971-05-11,,6.26,,11,5,0,0,0
1971-05-12,,6.35,,12,5,0,0,0
1971-05-13,,6.47,,13,5,0,0,0
1971-05-14,,6.49,,14,5,0,0,0
1971-05-17,,6.57,,17,5,0,0,0
1971-05-18,,6.65,,18,5,0,0,0
1971-05-19,,6.6,,19,5,0,0,0
1971-05-20,,6.49,,20,5,0,0,0
1971-05-21,,6.53,,21,5,0,0,0
1971-05-24,,6.49,,24,5,0,0,0
1971-05-25,,6.44,,25,5,0,0,0
1971-05-26,,6.37,,26,5,0,0,0
1971-05-27,,6.35,,27,5,0,0,0
1971-05-28,,6.38,,28,5,0,0,0
1971-05-31,,,,31,5,1,0,0
1971-06-01,4.91,6.36,5.9,1,6,0,0,0
1971-06-02,,6.24,,2,6,0,0,0
1971-06-03,,6.19,,3,6,0,0,0
1971-06-04,,6.26,,4,6,0,0,0
1971-06-07,,6.34,,7,6,0,0,0
1971-06-08,,6.38,,8,6,0,0,0
1971-06-09,,6.44,,9,6,0,0,0
1971-06-10,,6.48,,10,6,0,0,0
1971-06-11,,6.5,,11,6,0,0,0
1971-06-14,,6.63,,14,6,0,0,0
1971-06-15,,6.73,,15,6,1,0,0
1971-06-16,,6.68,,16,6,0,0,0
1971-06-17,,6.68,,17,6,0,0,0
1971-06-18,,6.58,,18,6,0,0,0
1971-06-21,,6.53,,21,6,0,0,0
1971-06-22,,6.62,,22,6,0,0,0
1971-06-23,,6.61,,23,6,0,0,0
1971-06-24,,6.61,,24,6,0,0,0
1971-06-25,,6.62,,25,6,0,0,0
1971-06-28,,6.64,,28,6,0,0,0
1971-06-29,,6.67,,29,6,0,0,0
1971-06-30,,6.7,,30,6,1,1,0
1971-07-01,5.31,6.69,6.0,1,7,0,0,0
1971-07-02,,6.69,,2,7,0,0,0
1971-07-05,,,,5,7,0,0,0
1971-07-06,,6.68,,6,7,0,0,0
1971-07-07,,6.66,,7,7,0,0,0
1971-07-08,,6.67,,8,7,0,0,0
1971-07-09,,6.68,,9,7,0,0,0
1971-07-12,,6.6,,12,7,0,0,0
1971-07-13,,6.61,,13,7,0,0,0
1971-07-14,,6.6,,14,7,0,0,0
1971-07-15,,6.59,,15,7,1,0,0
1971-07-16,,6.66,,16,7,0,0,0
1971-07-19,,6.71,,19,7,0,0,0
1971-07-20,,6.7,,20,7,0,0,0
1971-07-21,,6.7,,21,7,0,0,0
1971-07-22,,6.79,,22,7,0,0,0
1971-07-23,,6.84,,23,7,0,0,0
1971-07-26,,6.86,,26,7,0,0,0
1971-07-27,,6.91,,27,7,0,0,0
1971-07-28,,6.95,,28,7,0,0,0
1971-07-29,,6.88,,29,7,0,0,0
1971-07-30,,6.85,,30,7,0,0,0
1971-08-01,5.57,,6.1,1,8,0,0,0
1971-08-02,,6.86,,2,8,0,0,0
1971-08-03,,6.91,,3,8,0,0,0
1971-08-04,,6.89,,4,8,0,0,0
1971-08-05,,6.86,,5,8,0,0,0
1971-08-06,,6.86,,6,8,0,0,0
1971-08-09,,6.88,,9,8,0,0,0
1971-08-10,,6.89,,10,8,0,0,0
1971-08-11,,6.86,,11,8,0,0,0
1971-08-12,,6.8,,12,8,0,0,0
1971-08-13,,6.68,,13,8,0,0,0
1971-08-16,,6.41,,16,8,0,0,0
1971-08-17,,6.3,,17,8,0,0,0
1971-08-18,,6.35,,18,8,0,0,0
1971-08-19,,6.34,,19,8,0,0,0
1971-08-20,,6.37,,20,8,0,0,0
1971-08-23,,6.48,,23,8,0,0,0
1971-08-24,,6.38,,24,8,0,0,0
1971-08-25,,6.4,,25,8,0,0,0
1971-08-26,,6.37,,26,8,0,0,0
1971-08-27,,6.33,,27,8,0,0,0
1971-08-30,,6.32,,30,8,0,0,0
1971-08-31,,6.28,,31,8,1,0,0
1971-09-01,5.55,6.22,6.0,1,9,0,0,0
1971-09-02,,6.17,,2,9,0,0,0
1971-09-03,,6.12,,3,9,0,0,0
1971-09-06,,,,6,9,0,0,0
1971-09-07,,6.07,,7,9,0,0,0
1971-09-08,,6.08,,8,9,0,0,0
1971-09-09,,6.13,,9,9,0,0,0
1971-09-10,,6.12,,10,9,0,0,0
1971-09-13,,6.2,,13,9,0,0,0
1971-09-14,,6.18,,14,9,0,0,0
1971-09-15,,6.17,,15,9,1,0,0
1971-09-16,,6.14,,16,9,0,0,0
1971-09-17,,6.13,,17,9,0,0,0
1971-09-20,,6.15,,20,9,0,0,0
1971-09-21,,6.17,,21,9,0,0,0
1971-09-22,,6.19,,22,9,0,0,0
1971-09-23,,6.2,,23,9,0,0,0
1971-09-24,,6.16,,24,9,0,0,0
1971-09-27,,6.13,,27,9,0,0,0
1971-09-28,,6.12,,28,9,0,0,0
1971-09-29,,6.08,,29,9,0,0,0
1971-09-30,,6.0,,30,9,1,1,0
1971-10-01,5.2,6.0,5.8,1,10,0,0,0
1971-10-04,,5.98,,4,10,0,0,0
1971-10-05,,6.01,,5,10,0,0,0
1971-10-06,,5.98,,6,10,0,0,0
1971-10-07,,5.97,,7,10,0,0,0
1971-10-08,,5.94,,8,10,0,0,0
1971-10-11,,,,11,10,0,0,0
1971-10-12,,5.88,,12,10,0,0,0
1971-10-13,,5.86,,13,10,0,0,0
1971-10-14,,5.88,,14,10,0,0,0
1971-10-15,,5.9,,15,10,1,0,0
1971-10-18,,5.95,,18,10,0,0,0
1971-10-19,,5.96,,19,10,0,0,0
1971-10-20,,5.92,,20,10,0,0,0
1971-10-21,,5.88,,21,10,0,0,0
1971-10-22,,5.9,,22,10,0,0,0
1971-10-25,,,,25,10,0,0,0
1971-10-26,,5.89,,26,10,0,0,0
1971-10-27,,5.92,,27,10,0,0,0
1971-10-28,,5.9,,28,10,0,0,0
1971-10-29,,5.87,,29,10,0,0,0
1971-11-01,4.91,5.8,6.0,1,11,0,0,0
1971-11-02,,,,2,11,0,0,0
1971-11-03,,5.72,,3,11,0,0,0
1971-11-04,,5.72,,4,11,0,0,0
1971-11-05,,5.72,,5,11,0,0,0
1971-11-08,,5.77,,8,11,0,0,0
1971-11-09,,5.77,,9,11,0,0,0
1971-11-10,,5.82,,10,11,0,0,0
1971-11-11,,5.79,,11,11,0,0,0
1971-11-12,,5.77,,12,11,0,0,0
1971-11-15,,5.77,,15,11,1,0,0
1971-11-16,,5.76,,16,11,0,0,0
1971-11-17,,5.75,,17,11,0,0,0
1971-11-18,,5.77,,18,11,0,0,0
1971-11-19,,5.79,,19,11,0,0,0
1971-11-22,,5.82,,22,11,0,0,0
1971-11-23,,5.89,,23,11,0,0,0
1971-11-24,,5.95,,24,11,0,0,0
1971-11-25,,,,25,11,0,0,0
1971-11-26,,5.94,,26,11,0,0,0
1971-11-29,,5.95,,29,11,0,0,0
1971-11-30,,5.93,,30,11,1,0,0
1971-12-01,4.14,5.92,6.0,1,12,0,0,0
1971-12-02,,5.9,,2,12,0,0,0
1971-12-03,,5.88,,3,12,0,0,0
1971-12-06,,5.88,,6,12,0,0,0
1971-12-07,,5.92,,7,12,0,0,0
1971-12-08,,5.92,,8,12,0,0,0
1971-12-09,,5.94,,9,12,0,0,0
1971-12-10,,5.93,,10,12,0,0,0
1971-12-13,,5.9,,13,12,0,0,0
1971-12-14,,5.94,,14,12,0,0,0
1971-12-15,,5.96,,15,12,1,0,0
1971-12-16,,5.95,,16,12,0,0,0
1971-12-17,,5.93,,17,12,0,0,0
1971-12-20,,5.97,,20,12,0,0,0
1971-12-21,,6.0,,21,12,0,0,0
1971-12-22,,6.01,,22,12,0,0,0
1971-12-23,,5.97,,23,12,0,0,0
1971-12-24,,,,24,12,0,0,0
1971-12-27,,5.91,,27,12,0,0,0
1971-12-28,,5.86,,28,12,0,0,0
1971-12-29,,5.9,,29,12,0,0,0
1971-12-30,,5.9,,30,12,0,0,0
1971-12-31,,5.89,,31,12,1,1,0
1972-01-01,3.51,,5.8,1,1,0,0,0
1972-01-03,,5.94,,3,1,0,0,0
1972-01-04,,5.93,,4,1,0,0,0
1972-01-05,,5.91,,5,1,0,0,0
1972-01-06,,5.9,,6,1,0,0,0
1972-01-07,,5.88,,7,1,0,0,0
1972-01-10,,5.86,,10,1,0,0,0
1972-01-11,,5.88,,11,1,0,0,0
1972-01-12,,5.88,,12,1,0,0,0
1972-01-13,,5.86,,13,1,0,0,0
1972-01-14,,5.85,,14,1,0,0,0
1972-01-17,,5.89,,17,1,0,0,0
1972-01-18,,5.92,,18,1,0,0,0
1972-01-19,,5.96,,19,1,0,0,0
1972-01-20,,5.98,,20,1,0,0,0
1972-01-21,,5.99,,21,1,0,0,0
1972-01-24,,6.02,,24,1,0,0,0
1972-01-25,,6.02,,25,1,0,0,0
1972-01-26,,6.01,,26,1,0,0,0
1972-01-27,,6.05,,27,1,0,0,0
1972-01-28,,6.08,,28,1,0,0,0
1972-01-31,,6.09,,31,1,1,0,0
1972-02-01,3.3,6.09,5.7,1,2,0,0,0
1972-02-02,,6.08,,2,2,0,0,0
1972-02-03,,6.08,,3,2,0,0,0
1972-02-04,,6.08,,4,2,0,0,0
1972-02-07,,6.09,,7,2,0,0,0
1972-02-08,,6.11,,8,2,0,0,0
1972-02-09,,6.12,,9,2,0,0,0
1972-02-10,,6.11,,10,2,0,0,0
1972-02-11,,6.12,,11,2,0,0,0
1972-02-14,,6.1,,14,2,0,0,0
1972-02-15,,6.1,,15,2,1,0,0
1972-02-16,,6.08,,16,2,0,0,0
1972-02-17,,6.06,,17,2,0,0,0
1972-02-18,,6.06,,18,2,0,0,0
1972-02-21,,,,21,2,0,0,0
1972-02-22,,6.06,,22,2,0,0,0
1972-02-23,,6.07,,23,2,0,0,0
1972-02-24,,6.07,,24,2,0,0,0
1972-02-25,,6.06,,25,2,0,0,0
1972-02-28,,6.04,,28,2,0,0,0
1972-02-29,,6.04,,29,2,1,0,0
1972-03-01,3.83,6.04,5.8,1,3,0,0,0
1972-03-02,,6.03,,2,3,0,0,0
1972-03-03,,6.02,,3,3,0,0,0
1972-03-06,,6.01,,6,3,0,0,0
1972-03-07,,6.02,,7,3,0,0,0
1972-03-08,,6.02,,8,3,0,0,0
1972-03-09,,6.02,,9,3,0,0,0
1972-03-10,,6.03,,10,3,0,0,0
1972-03-13,,6.07,,13,3,0,0,0
1972-03-14,,6.06,,14,3,0,0,0
1972-03-15,,6.11,,15,3,1,0,0
1972-03-16,,6.08,,16,3,0,0,0
1972-03-17,,6.08,,17,3,0,0,0
1972-03-20,,6.09,,20,3,0,0,0
1972-03-21,,6.08,,21,3,0,0,0
1972-03-22,,6.08,,22,3,0,0,0
1972-03-23,,6.1,,23,3,0,0,0
1972-03-24,,6.12,,24,3,0,0,0
1972-03-27,,6.1,,27,3,0,0,0
1972-03-28,,6.11,,28,3,0,0,0
1972-03-29,,6.12,,29,3,0,0,0
1972-03-30,,6.12,,30,3,0,0,0
1972-03-31,,,,31,3,1,1,0
1972-04-01,4.17,,5.7,1,4,0,0,0
1972-04-03,,6.14,,3,4,0,0,0
1972-04-04,,6.18,,4,4,0,0,0
1972-04-05,,6.18,,5,4,0,0,0
1972-04-06,,6.18,,6,4,0,0,0
1972-04-07,,6.18,,7,4,0,0,0
1972-04-10,,6.17,,10,4,0,0,0
1972-04-11,,6.18,,11,4,0,0,0
1972-04-12,,6.21,,12,4,0,0,0
1972-04-13,,6.25,,13,4,0,0,0
1972-04-14,,6.25,,14,4,0,0,0
1972-04-17,,6.24,,17,4,0,0,0
1972-04-18,,6.24,,18,4,0,0,0
1972-04-19,,6.22,,19,4,0,0,0
1972-04-20,,6.21,,20,4,0,0,0
1972-04-21,,6.2,,21,4,0,0,0
1972-04-24,,6.21,,24,4,0,0,0
1972-04-25,,6.21,,25,4,0,0,0
1972-04-26,,6.19,,26,4,0,0,0
1972-04-27,,6.11,,27,4,0,0,0
1972-04-28,,6.14,,28,4,0,0,0
1972-05-01,4.27,6.14,5.7,1,5,0,0,0
1972-05-02,,6.16,,2,5,0,0,0
1972-05-03,,6.17,,3,5,0,0,0
1972-05-04,,6.17,,4,5,0,0,0
1972-05-05,,6.17,,5,5,0,0,0
1972-05-08,,6.17,,8,5,0,0,0
1972-05-09,,6.2,,9,5,0,0,0
1972-05-10,,6.19,,10,5,0,0,0
1972-05-11,,6.19,,11,5,0,0,0
1972-05-12,,6.16,,12,5,0,0,0
1972-05-15,,6.16,,15,5,1,0,0
1972-05-16,,6.16,,16,5,0,0,0
1972-05-17,,6.15,,17,5,0,0,0
1972-05-18,,6.13,,18,5,0,0,0
1972-05-19,,6.1,,19,5,0,0,0
1972-05-22,,6.07,,22,5,0,0,0
1972-05-23,,6.05,,23,5,0,0,0
1972-05-24,,6.06,,24,5,0,0,0
1972-05-25,,6.04,,25,5,0,0,0
1972-05-26,,6.04,,26,5,0,0,0
1972-05-29,,,,29,5,0,0,0
1972-05-30,,6.05,,30,5,0,0,0
1972-05-31,,6.05,,31,5,1,0,0
1972-06-01,4.46,6.07,5.7,1,6,0,0,0
1972-06-02,,6.09,,2,6,0,0,0
1972-06-05,,6.1,,5,6,0,0,0
1972-06-06,,6.13,,6,6,0,0,0
1972-06-07,,6.12,,7,6,0,0,0
1972-06-08,,6.12,,8,6,0,0,0
1972-06-09,,6.11,,9,6,0,0,0
1972-06-12,,6.1,,12,6,0,0,0
1972-06-13,,6.1,,13,6,0,0,0
1972-06-14,,6.1,,14,6,0,0,0
1972-06-15,,6.1,,15,6,1,0,0
1972-06-16,,6.1,,16,6,0,0,0
1972-06-19,,6.08,,19,6,0,0,0
1972-06-20,,6.08,,20,6,0,0,0
1972-06-21,,6.09,,21,6,0,0,0
1972-06-22,,6.11,,22,6,0,0,0
1972-06-23,,6.1,,23,6,0,0,0
1972-06-26,,6.12,,26,6,0,0,0
1972-06-27,,6.12,,27,6,0,0,0
1972-06-28,,6.12,,28,6,0,0,0
1972-06-29,,6.14,,29,6,0,0,0
1972-06-30,,6.15,,30,6,1,1,0
1972-07-01,4.55,,5.6,1,7,0,0,0
1972-07-03,,6.14,,3,7,0,0,0
1972-07-04,,,,4,7,0,0,0
1972-07-05,,6.13,,5,7,0,0,0
1972-07-06,,6.13,,6,7,0,0,0
1972-07-07,,6.13,,7,7,0,0,0
1972-07-10,,6.13,,10,7,0,0,0
1972-07-11,,6.13,,11,7,0,0,0
1972-07-12,,6.12,,12,7,0,0,0
1972-07-13,,6.11,,13,7,0,0,0
1972-07-14,,6.1,,14,7,0,0,0
1972-07-17,,6.11,,17,7,0,0,0
1972-07-18,,6.11,,18,7,0,0,0
1972-07-19,,6.09,,19,7,0,0,0
1972-07-20,,6.09,,20,7,0,0,0
1972-07-21,,6.1,,21,7,0,0,0
1972-07-24,,6.1,,24,7,0,0,0
1972-07-25,,6.09,,25,7,0,0,0
1972-07-26,,6.08,,26,7,0,0,0
1972-07-27,,6.13,,27,7,0,0,0
1972-07-28,,6.12,,28,7,0,0,0
1972-07-31,,6.12,,31,7,1,0,0
1972-08-01,4.81,6.14,5.6,1,8,0,0,0
1972-08-02,,6.14,,2,8,0,0,0
1972-08-03,,6.15,,3,8,0,0,0
1972-08-04,,6.16,,4,8,0,0,0
1972-08-07,,6.16,,7,8,0,0,0
1972-08-08,,6.15,,8,8,0,0,0
1972-08-09,,6.14,,9,8,0,0,0
1972-08-10,,6.14,,10,8,0,0,0
1972-08-11,,6.14,,11,8,0,0,0
1972-08-14,,6.16,,14,8,0,0,0
1972-08-15,,6.17,,15,8,1,0,0
1972-08-16,,6.18,,16,8,0,0,0
1972-08-17,,6.2,,17,8,0,0,0
1972-08-18,,6.21,,18,8,0,0,0
1972-08-21,,6.21,,21,8,0,0,0
1972-08-22,,6.2,,22,8,0,0,0
1972-08-23,,6.22,,23,8,0,0,0
1972-08-24,,6.23,,24,8,0,0,0
1972-08-25,,6.26,,25,8,0,0,0
1972-08-28,,6.3,,28,8,0,0,0
1972-08-29,,6.34,,29,8,0,0,0
1972-08-30,,6.42,,30,8,0,0,0
1972-08-31,,6.42,,31,8,1,0,0
1972-09-01,4.87,6.43,5.5,1,9,0,0,0
1972-09-04,,,,4,9,0,0,0
1972-09-05,,6.46,,5,9,0,0,0
1972-09-06,,6.49,,6,9,0,0,0
1972-09-07,,6.52,,7,9,0,0,0
1972-09-08,,6.56,,8,9,0,0,0
1972-09-11,,6.54,,11,9,0,0,0
1972-09-12,,6.54,,12,9,0,0,0
1972-09-13,,6.54,,13,9,0,0,0
1972-09-14,,6.57,,14,9,0,0,0
1972-09-15,,6.56,,15,9,1,0,0
1972-09-18,,6.55,,18,9,0,0,0
1972-09-19,,6.55,,19,9,0,0,0
1972-09-20,,6.56,,20,9,0,0,0
1972-09-21,,6.59,,21,9,0,0,0
1972-09-22,,6.62,,22,9,0,0,0
1972-09-25,,6.62,,25,9,0,0,0
1972-09-26,,6.6,,26,9,0,0,0
1972-09-27,,6.59,,27,9,0,0,0
1972-09-28,,6.56,,28,9,0,0,0
1972-09-29,,6.54,,29,9,0,0,0
1972-10-01,5.05,,5.6,1,10,0,0,0
1972-10-02,,6.54,,2,10,0,0,0
1972-10-03,,6.54,,3,10,0,0,0
1972-10-04,,6.53,,4,10,0,0,0
1972-10-05,,6.53,,5,10,0,0,0
1972-10-06,,6.52,,6,10,0,0,0
1972-10-09,,,,9,10,0,0,0
1972-10-10,,6.48,,10,10,0,0,0
1972-10-11,,6.47,,11,10,0,0,0
1972-10-12,,6.5,,12,10,0,0,0
1972-10-13,,6.5,,13,10,0,0,0
1972-10-16,,6.49,,16,10,0,0,0
1972-10-17,,6.49,,17,10,0,0,0
1972-10-18,,6.49,,18,10,0,0,0
1972-10-19,,6.48,,19,10,0,0,0
1972-10-20,,6.47,,20,10,0,0,0
1972-10-23,,,,23,10,0,0,0
1972-10-24,,6.45,,24,10,0,0,0
1972-10-25,,6.44,,25,10,0,0,0
1972-10-26,,6.42,,26,10,0,0,0
1972-10-27,,6.42,,27,10,0,0,0
1972-10-30,,6.42,,30,10,0,0,0
1972-10-31,,6.41,,31,10,1,0,0
1972-11-01,5.06,6.39,5.3,1,11,0,0,0
1972-11-02,,6.34,,2,11,0,0,0
1972-11-03,,6.3,,3,11,0,0,0
1972-11-06,,6.27,,6,11,0,0,0
1972-11-07,,,,7,11,0,0,0
1972-11-08,,6.3,,8,11,0,0,0
1972-11-09,,6.3,,9,11,0,0,0
1972-11-10,,6.3,,10,11,0,0,0
1972-11-13,,6.27,,13,11,0,0,0
1972-11-14,,6.26,,14,11,0,0,0
1972-11-15,,6.23,,15,11,1,0,0
1972-11-16,,6.24,,16,11,0,0,0
1972-11-17,,6.24,,17,11,0,0,0
1972-11-20,,6.23,,20,11,0,0,0
1972-11-21,,6.26,,21,11,0,0,0
1972-11-22,,6.27,,22,11,0,0,0
1972-11-23,,,,23,11,0,0,0
1972-11-24,,6.27,,24,11,0,0,0
1972-11-27,,6.3,,27,11,0,0,0
1972-11-28,,6.29,,28,11,0,0,0
1972-11-29,,6.27,,29,11,0,0,0
1972-11-30,,6.28,,30,11,1,0,0
1972-12-01,5.33,6.29,5.2,1,12,0,0,0
1972-12-04,,6.3,,4,12,0,0,0
1972-12-05,,6.31,,5,12,0,0,0
1972-12-06,,6.31,,6,12,0,0,0
1972-12-07,,6.31,,7,12,0,0,0
1972-12-08,,6.32,,8,12,0,0,0
1972-12-11,,6.34,,11,12,0,0,0
1972-12-12,,6.35,,12,12,0,0,0
1972-12-13,,6.35,,13,12,0,0,0
1972-12-14,,6.35,,14,12,0,0,0
1972-12-15,,6.35,,15,12,1,0,0
1972-12-18,,6.38,,18,12,0,0,0
1972-12-19,,6.4,,19,12,0,0,0
1972-12-20,,6.4,,20,12,0,0,0
1972-12-21,,6.4,,21,12,0,0,0
1972-12-22,,6.4,,22,12,0,0,0
1972-12-25,,,,25,12,0,0,0
1972-12-26,,6.39,,26,12,0,0,0
1972-12-27,,6.4,,27,12,0,0,0
1972-12-28,,6.41,,28,12,0,0,0
1972-12-29,,6.41,,29,12,0,0,0
1973-01-01,5.94,,4.9,1,1,0,0,0
1973-01-02,,6.43,,2,1,0,0,0
1973-01-03,,6.42,,3,1,0,0,0
1973-01-04,,6.4,,4,1,0,0,0
1973-01-05,,6.42,,5,1,0,0,0
1973-01-08,,6.43,,8,1,0,0,0
1973-01-09,,6.42,,9,1,0,0,0
1973-01-10,,6.43,,10,1,0,0,0
1973-01-11,,6.43,,11,1,0,0,0
1973-01-12,,6.44,,12,1,0,0,0
1973-01-15,,6.44,,15,1,1,0,0
1973-01-16,,6.44,,16,1,0,0,0
1973-01-17,,6.45,,17,1,0,0,0
1973-01-18,,6.46,,18,1,0,0,0
1973-01-19,,6.49,,19,1,0,0,0
1973-01-22,,6.5,,22,1,0,0,0
1973-01-23,,6.48,,23,1,0,0,0
1973-01-24,,6.49,,24,1,0,0,0
1973-01-25,,6.51,,25,1,0,0,0
1973-01-26,,6.53,,26,1,0,0,0
1973-01-29,,6.55,,29,1,0,0,0
1973-01-30,,6.52,,30,1,0,0,0
1973-01-31,,6.54,,31,1,1,0,0
1973-02-01,6.58,6.6,5.0,1,2,0,0,0
1973-02-02,,6.64,,2,2,0,0,0
1973-02-05,,6.64,,5,2,0,0,0
1973-02-06,,6.64,,6,2,0,0,0
1973-02-07,,6.64,,7,2,0,0,0
1973-02-08,,6.66,,8,2,0,0,0
1973-02-09,,6.63,,9,2,0,0,0
1973-02-12,,,,12,2,0,0,0
1973-02-13,,6.61,,13,2,0,0,0
1973-02-14,,6.62,,14,2,0,0,0
1973-02-15,,6.62,,15,2,1,0,0
1973-02-16,,6.63,,16,2,0,0,0
1973-02-19,,,,19,2,0,0,0
1973-02-20,,6.66,,20,2,0,0,0
1973-02-21,,6.66,,21,2,0,0,0
1973-02-22,,6.65,,22,2,0,0,0
1973-02-23,,6.61,,23,2,0,0,0
1973-02-26,,6.65,,26,2,0,0,0
1973-02-27,,6.64,,27,2,0,0,0
1973-02-28,,6.64,,28,2,1,0,0
1973-03-01,7.09,6.65,4.9,1,3,0,0,0
1973-03-02,,6.67,,2,3,0,0,0
1973-03-05,,6.68,,5,3,0,0,0
1973-03-06,,6.68,,6,3,0,0,0
1973-03-07,,6.66,,7,3,0,0,0
1973-03-08,,6.67,,8,3,0,0,0
1973-03-09,,6.68,,9,3,0,0,0
1973-03-12,,6.68,,12,3,0,0,0
1973-03-13,,6.7,,13,3,0,0,0
1973-03-14,,6.71,,14,3,0,0,0
1973-03-15,,6.73,,15,3,1,0,0
1973-03-16,,6.77,,16,3,0,0,0
1973-03-19,,6.75,,19,3,0,0,0
1973-03-20,,6.76,,20,3,0,0,0
1973-03-21,,6.76,,21,3,0,0,0
1973-03-22,,6.76,,22,3,0,0,0
1973-03-23,,6.76,,23,3,0,0,0
1973-03-26,,6.73,,26,3,0,0,0
1973-03-27,,6.72,,27,3,0,0,0
1973-03-28,,6.67,,28,3,0,0,0
1973-03-29,,6.68,,29,3,0,0,0
1973-03-30,,6.73,,30,3,0,0,0
1973-04-01,7.12,,5.0,1,4,0,0,0
1973-04-02,,6.74,,2,4,0,0,0
1973-04-03,,6.73,,3,4,0,0,0
1973-04-04,,6.7,,4,4,0,0,0
1973-04-05,,6.68,,5,4,0,0,0
1973-04-06,,6.64,,6,4,0,0,0
1973-04-09,,6.62,,9,4,0,0,0
1973-04-10,,6.64,,10,4,0,0,0
1973-04-11,,6.65,,11,4,0,0,0
1973-04-12,,6.66,,12,4,0,0,0
1973-04-13,,6.63,,13,4,0,0,0
1973-04-16,,6.62,,16,4,0,0,0
1973-04-17,,6.64,,17,4,0,0,0
1973-04-18,,6.64,,18,4,0,0,0
1973-04-19,,6.66,,19,4,0,0,0
1973-04-20,,,,20,4,0,0,0
1973-04-23,,6.73,,23,4,0,0,0
1973-04-24,,6.66,,24,4,0,0,0
1973-04-25,,6.66,,25,4,0,0,0
1973-04-26,,6.68,,26,4,0,0,0
1973-04-27,,6.69,,27,4,0,0,0
1973-04-30,,6.7,,30,4,1,0,0
1973-05-01,7.84,6.72,4.9,1,5,0,0,0
1973-05-02,,6.76,,2,5,0,0,0
1973-05-03,,6.77,,3,5,0,0,0
1973-05-04,,6.79,,4,5,0,0,0
1973-05-07,,6.81,,7,5,0,0,0
1973-05-08,,6.8,,8,5,0,0,0
1973-05-09,,6.8,,9,5,0,0,0
1973-05-10,,6.81,,10,5,0,0,0
1973-05-11,,6.82,,11,5,0,0,0
1973-05-14,,6.83,,14,5,0,0,0
1973-05-15,,6.86,,15,5,1,0,0
1973-05-16,,6.84,,16,5,0,0,0
1973-05-17,,6.85,,17,5,0,0,0
1973-05-18,,6.86,,18,5,0,0,0
1973-05-21,,6.89,,21,5,0,0,0
1973-05-22,,6.9,,22,5,0,0,0
1973-05-23,,6.92,,23,5,0,0,0
1973-05-24,,6.91,,24,5,0,0,0
1973-05-25,,6.91,,25,5,0,0,0
1973-05-28,,,,28,5,0,0,0
1973-05-29,,6.93,,29,5,0,0,0
1973-05-30,,6.93,,30,5,0,0,0
1973-05-31,,6.93,,31,5,1,0,0
1973-06-01,8.49,6.96,4.9,1,6,0,0,0
1973-06-04,,6.98,,4,6,0,0,0
1973-06-05,,6.95,,5,6,0,0,0
1973-06-06,,6.89,,6,6,0,0,0
1973-06-07,,6.89,,7,6,0,0,0
1973-06-08,,6.87,,8,6,0,0,0
1973-06-11,,6.87,,11,6,0,0,0
1973-06-12,,6.86,,12,6,0,0,0
1973-06-13,,6.85,,13,6,0,0,0
1973-06-14,,6.85,,14,6,0,0,0
1973-06-15,,6.86,,15,6,1,0,0
1973-06-18,,6.87,,18,6,0,0,0
1973-06-19,,6.87,,19,6,0,0,0
1973-06-20,,6.89,,20,6,0,0,0
1973-06-21,,6.89,,21,6,0,0,0
1973-06-22,,6.91,,22,6,0,0,0
1973-06-25,,6.93,,25,6,0,0,0
1973-06-26,,6.93,,26,6,0,0,0
1973-06-27,,6.92,,27,6,0,0,0
1973-06-28,,6.92,,28,6,0,0,0
1973-06-29,,6.94,,29,6,0,0,0
1973-07-01,10.4,,4.8,1,7,0,0,0
1973-07-02,,7.01,,2,7,0,0,0
1973-07-03,,7.01,,3,7,0,0,0
1973-07-04,,,,4,7,0,0,0
1973-07-05,,7.01,,5,7,0,0,0
1973-07-06,,7.03,,6,7,0,0,0
1973-07-09,,7.05,,9,7,0,0,0
1973-07-10,,7.05,,10,7,0,0,0
1973-07-11,,7.05,,11,7,0,0,0
1973-07-12,,7.04,,12,7,0,0,0
1973-07-13,,7.05,,13,7,0,0,0
1973-07-16,,7.06,,16,7,0,0,0
1973-07-17,,7.06,,17,7,0,0,0
1973-07-18,,7.07,,18,7,0,0,0
1973-07-19,,7.11,,19,7,0,0,0
1973-07-20,,7.17,,20,7,0,0,0
1973-07-23,,7.17,,23,7,0,0,0
1973-07-24,,7.19,,24,7,0,0,0
1973-07-25,,7.19,,25,7,0,0,0
1973-07-26,,7.28,,26,7,0,0,0
1973-07-27,,7.35,,27,7,0,0,0
1973-07-30,,7.37,,30,7,0,0,0
1973-07-31,,7.43,,31,7,1,0,0
1973-08-01,10.5,7.55,4.8,1,8,0,0,0
1973-08-02,,7.52,,2,8,0,0,0
1973-08-03,,7.53,,3,8,0,0,0
1973-08-06,,7.54,,6,8,0,0,0
1973-08-07,,7.58,,7,8,0,0,0
1973-08-08,,7.52,,8,8,0,0,0
1973-08-09,,7.54,,9,8,0,0,0
1973-08-10,,7.52,,10,8,0,0,0
1973-08-13,,7.47,,13,8,0,0,0
1973-08-14,,7.46,,14,8,0,0,0
1973-08-15,,7.45,,15,8,1,0,0
1973-08-16,,7.37,,16,8,0,0,0
1973-08-17,,7.28,,17,8,0,0,0
1973-08-20,,7.38,,20,8,0,0,0
1973-08-21,,7.36,,21,8,0,0,0
1973-08-22,,7.39,,22,8,0,0,0
1973-08-23,,7.31,,23,8,0,0,0
1973-08-24,,7.23,,24,8,0,0,0
1973-08-27,,7.26,,27,8,0,0,0
1973-08-28,,7.29,,28,8,0,0,0
1973-08-29,,7.26,,29,8,0,0,0
1973-08-30,,7.25,,30,8,0,0,0
1973-08-31,,7.25,,31,8,1,0,0
1973-09-01,10.78,,4.8,1,9,0,0,0
1973-09-03,,,,3,9,0,0,0
1973-09-04,,7.21,,4,9,0,0,0
1973-09-05,,7.11,,5,9,0,0,0
1973-09-06,,7.1,,6,9,0,0,0
1973-09-07,,7.11,,7,9,0,0,0
1973-09-10,,7.16,,10,9,0,0,0
1973-09-11,,7.19,,11,9,0,0,0
1973-09-12,,7.2,,12,9,0,0,0
1973-09-13,,7.21,,13,9,0,0,0
1973-09-14,,7.21,,14,9,0,0,0
1973-09-17,,7.16,,17,9,0,0,0
1973-09-18,,7.08,,18,9,0,0,0
1973-09-19,,7.1,,19,9,0,0,0
1973-09-20,,7.09,,20,9,0,0,0
1973-09-21,,7.02,,21,9,0,0,0
1973-09-24,,7.0,,24,9,0,0,0
1973-09-25,,6.96,,25,9,0,0,0
1973-09-26,,6.97,,26,9,0,0,0
1973-09-27,,6.94,,27,9,0,0,0
1973-09-28,,6.9,,28,9,0,0,0
1973-10-01,10.01,6.91,4.6,1,10,0,0,0
1973-10-02,,6.89,,2,10,0,0,0
1973-10-03,,6.9,,3,10,0,0,0
1973-10-04,,6.88,,4,10,0,0,0
1973-10-05,,6.86,,5,10,0,0,0
1973-10-08,,,,8,10,0,0,0
1973-10-09,,6.78,,9,10,0,0,0
1973-10-10,,6.77,,10,10,0,0,0
1973-10-11,,6.78,,11,10,0,0,0
1973-10-12,,6.75,,12,10,0,0,0
1973-10-15,,6.77,,15,10,1,0,0
1973-10-16,,6.81,,16,10,0,0,0
1973-10-17,,6.82,,17,10,0,0,0
1973-10-18,,6.81,,18,10,0,0,0
1973-10-19,,6.8,,19,10,0,0,0
1973-10-22,,,,22,10,0,0,0
1973-10-23,,6.8,,23,10,0,0,0
1973-10-24,,6.75,,24,10,0,0,0
1973-10-25,,6.73,,25,10,0,0,0
1973-10-26,,6.72,,26,10,0,0,0
1973-10-29,,6.72,,29,10,0,0,0
1973-10-30,,6.72,,30,10,0,0,0
1973-10-31,,6.71,,31,10,1,0,0
1973-11-01,10.03,6.71,4.8,1,11,0,0,0
1973-11-02,,6.72,,2,11,0,0,0
1973-11-05,,6.74,,5,11,0,0,0
1973-11-06,,,,6,11,0,0,0
1973-11-07,,6.76,,7,11,0,0,0
1973-11-08,,6.77,,8,11,0,0,0
1973-11-09,,6.76,,9,11,0,0,0
1973-11-12,,6.76,,12,11,0,0,0
1973-11-13,,6.76,,13,11,0,0,0
1973-11-14,,6.79,,14,11,0,0,0
1973-11-15,,6.76,,15,11,1,0,0
1973-11-16,,6.72,,16,11,0,0,0
1973-11-19,,6.71,,19,11,0,0,0
1973-11-20,,6.72,,20,11,0,0,0
1973-11-21,,6.71,,21,11,0,0,0
1973-11-22,,,,22,11,0,0,0
1973-11-23,,6.7,,23,11,0,0,0
1973-11-26,,6.69,,26,11,0,0,0
1973-11-27,,6.7,,27,11,0,0,0
1973-11-28,,6.7,,28,11,0,0,0
1973-11-29,,6.7,,29,11,0,0,0
1973-11-30,,6.69,,30,11,1,0,0
1973-12-01,9.95,,4.9,1,12,0,0,0
1973-12-03,,6.69,,3,12,0,0,0
1973-12-04,,6.69,,4,12,0,0,0
1973-12-05,,6.72,,5,12,0,0,0
1973-12-06,,6.75,,6,12,0,0,0
1973-12-07,,6.74,,7,12,0,0,0
1973-12-10,,6.71,,10,12,0,0,0
1973-12-11,,6.69,,11,12,0,0,0
1973-12-12,,6.69,,12,12,0,0,0
1973-12-13,,6.68,,13,12,0,0,0
1973-12-14,,6.68,,14,12,0,0,0
1973-12-17,,6.67,,17,12,0,0,0
1973-12-18,,6.68,,18,12,0,0,0
1973-12-19,,6.71,,19,12,0,0,0
1973-12-20,,6.73,,20,12,0,0,0
1973-12-21,,6.78,,21,12,0,0,0
1973-12-24,,,,24,12,0,0,0
1973-12-25,,,,25,12,0,0,0
1973-12-26,,6.83,,26,12,0,0,0
1973-12-27,,6.88,,27,12,0,0,0
1973-12-28,,6.91,,28,12,0,0,0
1973-12-31,,6.9,,31,12,1,1,0
1974-01-01,9.65,,5.1,1,1,0,0,0
1974-01-02,,6.94,,2,1,0,0,0
1974-01-03,,6.96,,3,1,0,0,0
1974-01-04,,6.94,,4,1,0,0,0
1974-01-07,,6.96,,7,1,0,0,0
1974-01-08,,6.96,,8,1,0,0,0
1974-01-09,,6.96,,9,1,0,0,0
1974-01-10,,7.0,,10,1,0,0,0
1974-01-11,,7.01,,11,1,0,0,0
1974-01-14,,7.01,,14,1,0,0,0
1974-01-15,,6.99,,15,1,1,0,0
1974-01-16,,6.99,,16,1,0,0,0
1974-01-17,,6.97,,17,1,0,0,0
1974-01-18,,6.98,,18,1,0,0,0
1974-01-21,,6.99,,21,1,0,0,0
1974-01-22,,7.0,,22,1,0,0,0
1974-01-23,,7.01,,23,1,0,0,0
1974-01-24,,7.02,,24,1,0,0,0
1974-01-25,,7.02,,25,1,0,0,0
1974-01-28,,7.01,,28,1,0,0,0
1974-01-29,,7.02,,29,1,0,0,0
1974-01-30,,7.01,,30,1,0,0,0
1974-01-31,,7.0,,31,1,1,0,0
1974-02-01,8.97,7.0,5.2,1,2,0,0,0
1974-02-04,,6.98,,4,2,0,0,0
1974-02-05,,6.95,,5,2,0,0,0
1974-02-06,,6.93,,6,2,0,0,0
1974-02-07,,6.93,,7,2,0,0,0
1974-02-08,,6.93,,8,2,0,0,0
1974-02-11,,6.93,,11,2,0,0,0
1974-02-12,,,,12,2,0,0,0
1974-02-13,,6.93,,13,2,0,0,0
1974-02-14,,6.93,,14,2,0,0,0
1974-02-15,,6.93,,15,2,1,0,0
1974-02-18,,,,18,2,0,0,0
1974-02-19,,6.93,,19,2,0,0,0
1974-02-20,,6.96,,20,2,0,0,0
1974-02-21,,6.98,,21,2,0,0,0
1974-02-22,,6.97,,22,2,0,0,0
1974-02-25,,6.96,,25,2,0,0,0
1974-02-26,,6.98,,26,2,0,0,0
1974-02-27,,7.0,,27,2,0,0,0
1974-02-28,,7.01,,28,2,1,0,0
1974-03-01,9.35,7.08,5.1,1,3,0,0,0
1974-03-04,,7.09,,4,3,0,0,0
1974-03-05,,7.1,,5,3,0,0,0
1974-03-06,,7.09,,6,3,0,0,0
1974-03-07,,7.06,,7,3,0,0,0
1974-03-08,,7.06,,8,3,0,0,0
1974-03-11,,7.08,,11,3,0,0,0
1974-03-12,,7.09,,12,3,0,0,0
1974-03-13,,7.13,,13,3,0,0,0
1974-03-14,,7.13,,14,3,0,0,0
1974-03-15,,7.18,,15,3,1,0,0
1974-03-18,,7.23,,18,3,0,0,0
1974-03-19,,7.24,,19,3,0,0,0
1974-03-20,,7.27,,20,3,0,0,0
1974-03-21,,7.3,,21,3,0,0,0
1974-03-22,,7.35,,22,3,0,0,0
1974-03-25,,7.39,,25,3,0,0,0
1974-03-26,,7.38,,26,3,0,0,0
1974-03-27,,7.35,,27,3,0,0,0
1974-03-28,,7.38,,28,3,0,0,0
1974-03-29,,7.41,,29,3,0,0,0
1974-04-01,10.51,7.42,5.1,1,4,0,0,0
1974-04-02,,7.43,,2,4,0,0,0
1974-04-03,,7.43,,3,4,0,0,0
1974-04-04,,7.51,,4,4,0,0,0
1974-04-05,,7.54,,5,4,0,0,0
1974-04-08,,7.5,,8,4,0,0,0
1974-04-09,,7.49,,9,4,0,0,0
1974-04-10,,7.46,,10,4,0,0,0
1974-04-11,,7.45,,11,4,0,0,0
1974-04-12,,,,12,4,0,0,0
1974-04-15,,7.42,,15,4,1,0,0
1974-04-16,,7.43,,16,4,0,0,0
1974-04-17,,7.45,,17,4,0,0,0
1974-04-18,,7.5,,18,4,0,0,0
1974-04-19,,7.51,,19,4,0,0,0
1974-04-22,,7.52,,22,4,0,0,0
1974-04-23,,7.54,,23,4,0,0,0
1974-04-24,,7.58,,24,4,0,0,0
1974-04-25,,7.63,,25,4,0,0,0
1974-04-26,,7.64,,26,4,0,0,0
1974-04-29,,7.65,,29,4,0,0,0
1974-04-30,,7.66,,30,4,1,0,0
1974-05-01,11.31,7.62,5.1,1,5,0,0,0
1974-05-02,,7.58,,2,5,0,0,0
1974-05-03,,7.65,,3,5,0,0,0
1974-05-06,,7.65,,6,5,0,0,0
1974-05-07,,7.65,,7,5,0,0,0
1974-05-08,,7.65,,8,5,0,0,0
1974-05-09,,7.7,,9,5,0,0,0
1974-05-10,,7.63,,10,5,0,0,0
1974-05-13,,7.54,,13,5,0,0,0
1974-05-14,,7.57,,14,5,0,0,0
1974-05-15,,7.55,,15,5,1,0,0
1974-05-16,,7.54,,16,5,0,0,0
1974-05-17,,7.57,,17,5,0,0,0
1974-05-20,,7.58,,20,5,0,0,0
1974-05-21,,7.57,,21,5,0,0,0
1974-05-22,,7.56,,22,5,0,0,0
1974-05-23,,7.52,,23,5,0,0,0
1974-05-24,,7.49,,24,5,0,0,0
1974-05-27,,,,27,5,0,0,0
1974-05-28,,7.5,,28,5,0,0,0
1974-05-29,,7.52,,29,5,0,0,0
1974-05-30,,7.51,,30,5,0,0,0
1974-05-31,,7.52,,31,5,1,0,0
1974-06-01,11.93,,5.4,1,6,0,0,0
1974-06-03,,7.53,,3,6,0,0,0
1974-06-04,,7.52,,4,6,0,0,0
1974-06-05,,7.52,,5,6,0,0,0
1974-06-06,,7.5,,6,6,0,0,0
1974-06-07,,7.46,,7,6,0,0,0
1974-06-10,,7.47,,10,6,0,0,0
1974-06-11,,7.48,,11,6,0,0,0
1974-06-12,,7.5,,12,6,0,0,0
1974-06-13,,7.5,,13,6,0,0,0
1974-06-14,,7.5,,14,6,0,0,0
1974-06-17,,7.49,,17,6,0,0,0
1974-06-18,,7.52,,18,6,0,0,0
1974-06-19,,7.52,,19,6,0,0,0
1974-06-20,,7.55,,20,6,0,0,0
1974-06-21,,7.55,,21,6,0,0,0
1974-06-24,,7.58,,24,6,0,0,0
1974-06-25,,7.62,,25,6,0,0,0
1974-06-26,,7.62,,26,6,0,0,0
1974-06-27,,7.64,,27,6,0,0,0
1974-06-28,,7.64,,28,6,0,0,0
1974-07-01,12.92,7.65,5.5,1,7,0,0,0
1974-07-02,,7.65,,2,7,0,0,0
1974-07-03,,7.7,,3,7,0,0,0
1974-07-04,,,,4,7,0,0,0
1974-07-05,,7.71,,5,7,0,0,0
1974-07-08,,7.77,,8,7,0,0,0
1974-07-09,,7.81,,9,7,0,0,0
1974-07-10,,7.82,,10,7,0,0,0
1974-07-11,,7.84,,11,7,0,0,0
1974-07-12,,7.85,,12,7,0,0,0
1974-07-15,,7.86,,15,7,1,0,0
1974-07-16,,7.88,,16,7,0,0,0
1974-07-17,,7.91,,17,7,0,0,0
1974-07-18,,7.9,,18,7,0,0,0
1974-07-19,,7.87,,19,7,0,0,0
1974-07-22,,7.77,,22,7,0,0,0
1974-07-23,,7.79,,23,7,0,0,0
1974-07-24,,7.76,,24,7,0,0,0
1974-07-25,,7.75,,25,7,0,0,0
1974-07-26,,7.79,,26,7,0,0,0
1974-07-29,,7.85,,29,7,0,0,0
1974-07-30,,7.89,,30,7,0,0,0
1974-07-31,,7.89,,31,7,1,0,0
1974-08-01,12.01,7.92,5.5,1,8,0,0,0
1974-08-02,,7.96,,2,8,0,0,0
1974-08-05,,7.99,,5,8,0,0,0
1974-08-06,,7.97,,6,8,0,0,0
1974-08-07,,7.97,,7,8,0,0,0
1974-08-08,,7.97,,8,8,0,0,0
1974-08-09,,8.03,,9,8,0,0,0
1974-08-12,,8.05,,12,8,0,0,0
1974-08-13,,8.06,,13,8,0,0,0
1974-08-14,,8.05,,14,8,0,0,0
1974-08-15,,8.02,,15,8,1,0,0
1974-08-16,,8.0,,16,8,0,0,0
1974-08-19,,7.98,,19,8,0,0,0
1974-08-20,,7.99,,20,8,0,0,0
1974-08-21,,8.05,,21,8,0,0,0
1974-08-22,,8.09,,22,8,0,0,0
1974-08-23,,8.15,,23,8,0,0,0
1974-08-26,,8.16,,26,8,0,0,0
1974-08-27,,8.15,,27,8,0,0,0
1974-08-28,,8.15,,28,8,0,0,0
1974-08-29,,8.15,,29,8,0,0,0
1974-08-30,,8.11,,30,8,0,0,0
1974-09-01,11.34,,5.9,1,9,0,0,0
1974-09-02,,,,2,9,0,0,0
1974-09-03,,8.11,,3,9,0,0,0
1974-09-04,,8.12,,4,9,0,0,0
1974-09-05,,8.1,,5,9,0,0,0
1974-09-06,,8.09,,6,9,0,0,0
1974-09-09,,8.02,,9,9,0,0,0
1974-09-10,,8.04,,10,9,0,0,0
1974-09-11,,8.05,,11,9,0,0,0
1974-09-12,,8.13,,12,9,0,0,0
1974-09-13,,8.13,,13,9,0,0,0
1974-09-16,,8.1,,16,9,0,0,0
1974-09-17,,8.09,,17,9,0,0,0
1974-09-18,,8.08,,18,9,0,0,0
1974-09-19,,8.04,,19,9,0,0,0
1974-09-20,,8.02,,20,9,0,0,0
1974-09-23,,7.91,,23,9,0,0,0
1974-09-24,,7.94,,24,9,0,0,0
1974-09-25,,7.94,,25,9,0,0,0
1974-09-26,,7.96,,26,9,0,0,0
1974-09-27,,7.94,,27,9,0,0,0
1974-09-30,,7.94,,30,9,1,1,0
1974-10-01,10.06,7.97,6.0,1,10,0,0,0
1974-10-02,,7.98,,2,10,0,0,0
1974-10-03,,8.04,,3,10,0,0,0
1974-10-04,,8.02,,4,10,0,0,0
1974-10-07,,8.01,,7,10,0,0,0
1974-10-08,,7.95,,8,10,0,0,0
1974-10-09,,7.95,,9,10,0,0,0
1974-10-10,,7.93,,10,10,0,0,0
1974-10-11,,7.88,,11,10,0,0,0
1974-10-14,,,,14,10,0,0,0
1974-10-15,,7.87,,15,10,1,0,0
1974-10-16,,7.87,,16,10,0,0,0
1974-10-17,,7.88,,17,10,0,0,0
1974-10-18,,7.86,,18,10,0,0,0
1974-10-21,,7.81,,21,10,0,0,0
1974-10-22,,7.81,,22,10,0,0,0
1974-10-23,,7.85,,23,10,0,0,0
1974-10-24,,7.87,,24,10,0,0,0
1974-10-25,,7.86,,25,10,0,0,0
1974-10-28,,7.88,,28,10,0,0,0
1974-10-29,,7.84,,29,10,0,0,0
1974-10-30,,7.81,,30,10,0,0,0
1974-10-31,,7.79,,31,10,1,0,0
1974-11-01,9.45,7.8,6.6,1,11,0,0,0
1974-11-04,,7.8,,4,11,0,0,0
1974-11-05,,,,5,11,0,0,0
1974-11-06,,7.76,,6,11,0,0,0
1974-11-07,,7.74,,7,11,0,0,0
1974-11-08,,7.72,,8,11,0,0,0
1974-11-11,,,,11,11,0,0,0
1974-11-12,,7.78,,12,11,0,0,0
1974-11-13,,7.75,,13,11,0,0,0
1974-11-14,,7.72,,14,11,0,0,0
1974-11-15,,7.61,,15,11,1,0,0
1974-11-18,,7.63,,18,11,0,0,0
1974-11-19,,7.63,,19,11,0,0,0
1974-11-20,,7.59,,20,11,0,0,0
1974-11-21,,7.6,,21,11,0,0,0
1974-11-22,,7.6,,22,11,0,0,0
1974-11-25,,7.62,,25,11,0,0,0
1974-11-26,,7.63,,26,11,0,0,0
1974-11-27,,7.64,,27,11,0,0,0
1974-11-28,,,,28,11,0,0,0
1974-11-29,,7.64,,29,11,0,0,0
1974-12-01,8.53,,7.2,1,12,0,0,0
1974-12-02,,7.71,,2,12,0,0,0
1974-12-03,,7.74,,3,12,0,0,0
1974-12-04,,7.68,,4,12,0,0,0
1974-12-05,,7.64,,5,12,0,0,0
1974-12-06,,7.59,,6,12,0,0,0
1974-12-09,,7.4,,9,12,0,0,0
1974-12-10,,7.42,,10,12,0,0,0
1974-12-11,,7.38,,11,12,0,0,0
1974-12-12,,7.39,,12,12,0,0,0
1974-12-13,,7.38,,13,12,0,0,0
1974-12-16,,7.34,,16,12,0,0,0
1974-12-17,,7.28,,17,12,0,0,0
1974-12-18,,7.25,,18,12,0,0,0
1974-12-19,,7.25,,19,12,0,0,0
1974-12-20,,7.27,,20,12,0,0,0
1974-12-23,,7.41,,23,12,0,0,0
1974-12-24,,7.43,,24,12,0,0,0
1974-12-25,,,,25,12,0,0,0
1974-12-26,,7.37,,26,12,0,0,0
1974-12-27,,7.39,,27,12,0,0,0
1974-12-30,,7.39,,30,12,0,0,0
1974-12-31,,7.4,,31,12,1,1,0
1975-01-01,7.13,,8.1,1,1,0,0,0
1975-01-02,,7.42,,2,1,0,0,0
1975-01-03,,7.43,,3,1,0,0,0
1975-01-06,,7.39,,6,1,0,0,0
1975-01-07,,7.38,,7,1,0,0,0
1975-01-08,,7.39,,8,1,0,0,0
1975-01-09,,7.35,,9,1,0,0,0
1975-01-10,,7.37,,10,1,0,0,0
1975-01-13,,7.46,,13,1,0,0,0
1975-01-14,,7.49,,14,1,0,0,0
1975-01-15,,7.54,,15,1,1,0,0
1975-01-16,,7.54,,16,1,0,0,0
1975-01-17,,7.53,,17,1,0,0,0
1975-01-20,,7.59,,20,1,0,0,0
1975-01-21,,7.55,,21,1,0,0,0
1975-01-22,,7.51,,22,1,0,0,0
1975-01-23,,7.57,,23,1,0,0,0
1975-01-24,,7.64,,24,1,0,0,0
1975-01-27,,7.61,,27,1,0,0,0
1975-01-28,,7.61,,28,1,0,0,0
1975-01-29,,7.59,,29,1,0,0,0
1975-01-30,,7.54,,30,1,0,0,0
1975-01-31,,7.53,,31,1,1,0,0
1975-02-01,6.24,,8.1,1,2,0,0,0
1975-02-03,,7.49,,3,2,0,0,0
1975-02-04,,7.47,,4,2,0,0,0
1975-02-05,,7.35,,5,2,0,0,0
1975-02-06,,7.43,,6,2,0,0,0
1975-02-07,,7.38,,7,2,0,0,0
1975-02-10,,7.45,,10,2,0,0,0
1975-02-11,,7.42,,11,2,0,0,0
1975-02-12,,,,12,2,0,0,0
1975-02-13,,7.44,,13,2,0,0,0
1975-02-14,,7.35,,14,2,0,0,0
1975-02-17,,,,17,2,0,0,0
1975-02-18,,7.28,,18,2,0,0,0
1975-02-19,,7.26,,19,2,0,0,0
1975-02-20,,7.3,,20,2,0,0,0
1975-02-21,,7.22,,21,2,0,0,0
1975-02-24,,7.36,,24,2,0,0,0
1975-02-25,,7.43,,25,2,0,0,0
1975-02-26,,7.5,,26,2,0,0,0
1975-02-27,,7.47,,27,2,0,0,0
1975-02-28,,7.46,,28,2,1,0,0
1975-03-01,5.54,,8.6,1,3,0,0,0
1975-03-03,,7.5,,3,3,0,0,0
1975-03-04,,7.53,,4,3,0,0,0
1975-03-05,,7.48,,5,3,0,0,0
1975-03-06,,7.49,,6,3,0,0,0
1975-03-07,,7.52,,7,3,0,0,0
1975-03-10,,7.56,,10,3,0,0,0
1975-03-11,,7.58,,11,3,0,0,0
1975-03-12,,7.58,,12,3,0,0,0
1975-03-13,,7.56,,13,3,0,0,0
1975-03-14,,7.58,,14,3,0,0,0
1975-03-17,,7.7,,17,3,0,0,0
1975-03-18,,7.7,,18,3,0,0,0
1975-03-19,,7.8,,19,3,0,0,0
1975-03-20,,7.95,,20,3,0,0,0
1975-03-21,,7.84,,21,3,0,0,0
1975-03-24,,8.05,,24,3,0,0,0
1975-03-25,,8.03,,25,3,0,0,0
1975-03-26,,8.02,,26,3,0,0,0
1975-03-27,,8.08,,27,3,0,0,0
1975-03-28,,,,28,3,0,0,0
1975-03-31,,8.01,,31,3,1,1,0
1975-04-01,5.49,8.08,8.8,1,4,0,0,0
1975-04-02,,8.22,,2,4,0,0,0
1975-04-03,,8.13,,3,4,0,0,0
1975-04-04,,8.15,,4,4,0,0,0
1975-04-07,,8.26,,7,4,0,0,0
1975-04-08,,8.21,,8,4,0,0,0
1975-04-09,,8.17,,9,4,0,0,0
1975-04-10,,8.19,,10,4,0,0,0
1975-04-11,,8.22,,11,4,0,0,0
1975-04-14,,8.16,,14,4,0,0,0
1975-04-15,,8.16,,15,4,1,0,0
1975-04-16,,8.15,,16,4,0,0,0
1975-04-17,,8.21,,17,4,0,0,0
1975-04-18,,8.27,,18,4,0,0,0
1975-04-21,,8.32,,21,4,0,0,0
1975-04-22,,8.32,,22,4,0,0,0
1975-04-23,,8.27,,23,4,0,0,0
1975-04-24,,8.25,,24,4,0,0,0
1975-04-25,,8.25,,25,4,0,0,0
1975-04-28,,8.35,,28,4,0,0,0
1975-04-29,,8.34,,29,4,0,0,0
1975-04-30,,8.31,,30,4,1,0,0
1975-05-01,5.22,8.31,9.0,1,5,0,0,0
1975-05-02,,8.11,,2,5,0,0,0
1975-05-05,,8.08,,5,5,0,0,0
1975-05-06,,8.11,,6,5,0,0,0
1975-05-07,,8.07,,7,5,0,0,0
1975-05-08,,8.09,,8,5,0,0,0
1975-05-09,,8.08,,9,5,0,0,0
1975-05-12,,8.07,,12,5,0,0,0
1975-05-13,,8.06,,13,5,0,0,0
1975-05-14,,8.02,,14,5,0,0,0
1975-05-15,,8.02,,15,5,1,0,0
1975-05-16,,8.01,,16,5,0,0,0
1975-05-19,,8.0,,19,5,0,0,0
1975-05-20,,7.98,,20,5,0,0,0
1975-05-21,,7.98,,21,5,0,0,0
1975-05-22,,8.02,,22,5,0,0,0
1975-05-23,,8.02,,23,5,0,0,0
1975-05-26,,,,26,5,0,0,0
1975-05-27,,7.98,,27,5,0,0,0
1975-05-28,,8.02,,28,5,0,0,0
1975-05-29,,8.18,,29,5,0,0,0
1975-05-30,,8.04,,30,5,0,0,0
1975-06-01,5.55,,8.8,1,6,0,0,0
1975-06-02,,8.02,,2,6,0,0,0
1975-06-03,,8.0,,3,6,0,0,0
1975-06-04,,7.99,,4,6,0,0,0
1975-06-05,,7.97,,5,6,0,0,0
1975-06-06,,7.88,,6,6,0,0,0
1975-06-09,,7.78,,9,6,0,0,0
1975-06-10,,7.77,,10,6,0,0,0
1975-06-11,,7.65,,11,6,0,0,0
1975-06-12,,7.67,,12,6,0,0,0
1975-06-13,,7.69,,13,6,0,0,0
1975-06-16,,7.66,,16,6,0,0,0
1975-06-17,,7.72,,17,6,0,0,0
1975-06-18,,7.83,,18,6,0,0,0
1975-06-19,,7.8,,19,6,0,0,0
1975-06-20,,7.94,,20,6,0,0,0
1975-06-23,,7.9,,23,6,0,0,0
1975-06-24,,7.9,,24,6,0,0,0
1975-06-25,,8.02,,25,6,0,0,0
1975-06-26,,7.98,,26,6,0,0,0
1975-06-27,,7.95,,27,6,0,0,0
1975-06-30,,7.96,,30,6,1,1,0
1975-07-01,6.1,7.97,8.6,1,7,0,0,0
1975-07-02,,8.05,,2,7,0,0,0
1975-07-03,,8.05,,3,7,0,0,0
1975-07-04,,,,4,7,0,0,0
1975-07-07,,8.06,,7,7,0,0,0
1975-07-08,,8.01,,8,7,0,0,0
1975-07-09,,8.02,,9,7,0,0,0
1975-07-10,,8.02,,10,7,0,0,0
1975-07-11,,7.99,,11,7,0,0,0
1975-07-14,,7.99,,14,7,0,0,0
1975-07-15,,7.98,,15,7,1,0,0
1975-07-16,,8.03,,16,7,0,0,0
1975-07-17,,8.04,,17,7,0,0,0
1975-07-18,,8.06,,18,7,0,0,0
1975-07-21,,8.07,,21,7,0,0,0
1975-07-22,,8.1,,22,7,0,0,0
1975-07-23,,8.09,,23,7,0,0,0
1975-07-24,,8.09,,24,7,0,0,0
1975-07-25,,8.12,,25,7,0,0,0
1975-07-28,,8.12,,28,7,0,0,0
1975-07-29,,8.13,,29,7,0,0,0
1975-07-30,,8.16,,30,7,0,0,0
1975-07-31,,8.2,,31,7,1,0,0
1975-08-01,6.14,8.26,8.4,1,8,0,0,0
1975-08-04,,8.37,,4,8,0,0,0
1975-08-05,,8.37,,5,8,0,0,0
1975-08-06,,8.4,,6,8,0,0,0
1975-08-07,,8.48,,7,8,0,0,0
1975-08-08,,8.4,,8,8,0,0,0
1975-08-11,,8.38,,11,8,0,0,0
1975-08-12,,8.4,,12,8,0,0,0
1975-08-13,,8.39,,13,8,0,0,0
1975-08-14,,8.45,,14,8,0,0,0
1975-08-15,,8.48,,15,8,1,0,0
1975-08-18,,8.46,,18,8,0,0,0
1975-08-19,,8.42,,19,8,0,0,0
1975-08-20,,8.42,,20,8,0,0,0
1975-08-21,,8.48,,21,8,0,0,0
1975-08-22,,8.46,,22,8,0,0,0
1975-08-25,,8.46,,25,8,0,0,0
1975-08-26,,8.4,,26,8,0,0,0
1975-08-27,,8.37,,27,8,0,0,0
1975-08-28,,8.28,,28,8,0,0,0
1975-08-29,,8.22,,29,8,0,0,0
1975-09-01,6.24,,8.4,1,9,0,0,0
1975-09-02,,8.26,,2,9,0,0,0
1975-09-03,,8.29,,3,9,0,0,0
1975-09-04,,8.29,,4,9,0,0,0
1975-09-05,,8.35,,5,9,0,0,0
1975-09-08,,8.36,,8,9,0,0,0
1975-09-09,,8.4,,9,9,0,0,0
1975-09-10,,8.46,,10,9,0,0,0
1975-09-11,,8.55,,11,9,0,0,0
1975-09-12,,8.57,,12,9,0,0,0
1975-09-15,,8.58,,15,9,1,0,0
1975-09-16,,8.59,,16,9,0,0,0
1975-09-17,,8.53,,17,9,0,0,0
1975-09-18,,8.5,,18,9,0,0,0
1975-09-19,,8.42,,19,9,0,0,0
1975-09-22,,8.38,,22,9,0,0,0
1975-09-23,,8.35,,23,9,0,0,0
1975-09-24,,8.31,,24,9,0,0,0
1975-09-25,,8.38,,25,9,0,0,0
1975-09-26,,8.45,,26,9,0,0,0
1975-09-29,,8.46,,29,9,0,0,0
1975-09-30,,8.48,,30,9,1,1,0
1975-10-01,5.82,8.47,8.4,1,10,0,0,0
1975-10-02,,8.44,,2,10,0,0,0
1975-10-03,,8.33,,3,10,0,0,0
1975-10-06,,8.3,,6,10,0,0,0
1975-10-07,,8.33,,7,10,0,0,0
1975-10-08,,8.3,,8,10,0,0,0
1975-10-09,,8.23,,9,10,0,0,0
1975-10-10,,8.15,,10,10,0,0,0
1975-10-13,,,,13,10,0,0,0
1975-10-14,,8.19,,14,10,0,0,0
1975-10-15,,8.19,,15,10,1,0,0
1975-10-16,,8.07,,16,10,0,0,0
1975-10-17,,8.07,,17,10,0,0,0
1975-10-20,,8.07,,20,10,0,0,0
1975-10-21,,8.05,,21,10,0,0,0
1975-10-22,,8.05,,22,10,0,0,0
1975-10-23,,7.99,,23,10,0,0,0
1975-10-24,,8.0,,24,10,0,0,0
1975-10-27,,8.0,,27,10,0,0,0
1975-10-28,,7.99,,28,10,0,0,0
1975-10-29,,7.98,,29,10,0,0,0
1975-10-30,,7.92,,30,10,0,0,0
1975-10-31,,7.91,,31,10,1,0,0
1975-11-01,5.22,,8.3,1,11,0,0,0
1975-11-03,,7.97,,3,11,0,0,0
1975-11-04,,,,4,11,0,0,0
1975-11-05,,7.91,,5,11,0,0,0
1975-11-06,,7.94,,6,11,0,0,0
1975-11-07,,7.91,,7,11,0,0,0
1975-11-10,,7.9,,10,11,0,0,0
1975-11-11,,,,11,11,0,0,0
1975-11-12,,7.95,,12,11,0,0,0
1975-11-13,,7.97,,13,11,0,0,0
1975-11-14,,8.06,,14,11,0,0,0
1975-11-17,,8.08,,17,11,0,0,0
1975-11-18,,8.13,,18,11,0,0,0
1975-11-19,,8.14,,19,11,0,0,0
1975-11-20,,8.12,,20,11,0,0,0
1975-11-21,,8.21,,21,11,0,0,0
1975-11-24,,8.16,,24,11,0,0,0
1975-11-25,,8.16,,25,11,0,0,0
1975-11-26,,8.15,,26,11,0,0,0
1975-11-27,,,,27,11,0,0,0
1975-11-28,,8.14,,28,11,0,0,0
1975-12-01,5.2,8.12,8.2,1,12,0,0,0
1975-12-02,,8.1,,2,12,0,0,0
1975-12-03,,8.1,,3,12,0,0,0
1975-12-04,,8.15,,4,12,0,0,0
1975-12-05,,8.13,,5,12,0,0,0
1975-12-08,,8.19,,8,12,0,0,0
1975-12-09,,8.23,,9,12,0,0,0
1975-12-10,,8.23,,10,12,0,0,0
1975-12-11,,8.16,,11,12,0,0,0
1975-12-12,,8.12,,12,12,0,0,0
1975-12-15,,8.06,,15,12,1,0,0
1975-12-16,,8.0,,16,12,0,0,0
1975-12-17,,7.95,,17,12,0,0,0
1975-12-18,,7.96,,18,12,0,0,0
1975-12-19,,7.88,,19,12,0,0,0
1975-12-22,,7.87,,22,12,0,0,0
1975-12-23,,7.87,,23,12,0,0,0
1975-12-24,,7.82,,24,12,0,0,0
1975-12-25,,,,25,12,0,0,0
1975-12-26,,7.75,,26,12,0,0,0
1975-12-29,,7.75,,29,12,0,0,0
1975-12-30,,7.73,,30,12,0,0,0
1975-12-31,,7.76,,31,12,1,1,0
1976-01-01,4.87,,7.9,1,1,0,0,0
1976-01-02,,7.77,,2,1,0,0,0
1976-01-05,,7.74,,5,1,0,0,0
1976-01-06,,7.64,,6,1,0,0,0
1976-01-07,,7.69,,7,1,0,0,0
1976-01-08,,7.74,,8,1,0,0,0
1976-01-09,,7.64,,9,1,0,0,0
1976-01-12,,7.63,,12,1,0,0,0
1976-01-13,,7.64,,13,1,0,0,0
1976-01-14,,7.71,,14,1,0,0,0
1976-01-15,,7.73,,15,1,1,0,0
1976-01-16,,7.79,,16,1,0,0,0
1976-01-19,,7.76,,19,1,0,0,0
1976-01-20,,7.71,,20,1,0,0,0
1976-01-21,,7.78,,21,1,0,0,0
1976-01-22,,7.8,,22,1,0,0,0
1976-01-23,,7.78,,23,1,0,0,0
1976-01-26,,7.79,,26,1,0,0,0
1976-01-27,,7.8,,27,1,0,0,0
1976-01-28,,7.83,,28,1,0,0,0
1976-01-29,,7.82,,29,1,0,0,0
1976-01-30,,7.8,,30,1,0,0,0
1976-02-01,4.77,,7.7,1,2,0,0,0
1976-02-02,,7.8,,2,2,0,0,0
1976-02-03,,7.82,,3,2,0,0,0
1976-02-04,,7.85,,4,2,0,0,0
1976-02-05,,7.83,,5,2,0,0,0
1976-02-06,,7.88,,6,2,0,0,0
1976-02-09,,7.86,,9,2,0,0,0
1976-02-10,,7.88,,10,2,0,0,0
1976-02-11,,7.85,,11,2,0,0,0
1976-02-12,,,,12,2,0,0,0
1976-02-13,,7.82,,13,2,0,0,0
1976-02-16,,,,16,2,0,0,0
1976-02-17,,7.78,,17,2,0,0,0
1976-02-18,,7.79,,18,2,0,0,0
1976-02-19,,7.8,,19,2,0,0,0
1976-02-20,,7.77,,20,2,0,0,0
1976-02-23,,7.72,,23,2,0,0,0
1976-02-24,,7.69,,24,2,0,0,0
1976-02-25,,7.68,,25,2,0,0,0
1976-02-26,,7.68,,26,2,0,0,0
1976-02-27,,7.77,,27,2,0,0,0
1976-03-01,4.84,7.86,7.6,1,3,0,0,0
1976-03-02,,7.82,,2,3,0,0,0
1976-03-03,,7.82,,3,3,0,0,0
1976-03-04,,7.85,,4,3,0,0,0
1976-03-05,,7.8,,5,3,0,0,0
1976-03-08,,7.76,,8,3,0,0,0
1976-03-09,,7.78,,9,3,0,0,0
1976-03-10,,7.76,,10,3,0,0,0
1976-03-11,,7.77,,11,3,0,0,0
1976-03-12,,7.71,,12,3,0,0,0
1976-03-15,,7.74,,15,3,1,0,0
1976-03-16,,7.76,,16,3,0,0,0
1976-03-17,,7.76,,17,3,0,0,0
1976-03-18,,7.73,,18,3,0,0,0
1976-03-19,,7.74,,19,3,0,0,0
1976-03-22,,7.68,,22,3,0,0,0
1976-03-23,,7.67,,23,3,0,0,0
1976-03-24,,7.65,,24,3,0,0,0
1976-03-25,,7.64,,25,3,0,0,0
1976-03-26,,7.64,,26,3,0,0,0
1976-03-29,,7.64,,29,3,0,0,0
1976-03-30,,7.65,,30,3,0,0,0
1976-03-31,,7.66,,31,3,1,1,0
1976-04-01,4.82,7.68,7.7,1,4,0,0,0
1976-04-02,,7.67,,2,4,0,0,0
1976-04-05,,7.62,,5,4,0,0,0
1976-04-06,,7.59,,6,4,0,0,0
1976-04-07,,7.56,,7,4,0,0,0
1976-04-08,,7.55,,8,4,0,0,0
1976-04-09,,7.52,,9,4,0,0,0
1976-04-12,,7.52,,12,4,0,0,0
1976-04-13,,7.5,,13,4,0,0,0
1976-04-14,,7.47,,14,4,0,0,0
1976-04-15,,7.47,,15,4,1,0,0
1976-04-16,,,,16,4,0,0,0
1976-04-19,,7.51,,19,4,0,0,0
1976-04-20,,7.5,,20,4,0,0,0
1976-04-21,,7.47,,21,4,0,0,0
1976-04-22,,7.52,,22,4,0,0,0
1976-04-23,,7.59,,23,4,0,0,0
1976-04-26,,7.61,,26,4,0,0,0
1976-04-27,,7.62,,27,4,0,0,0
1976-04-28,,7.6,,28,4,0,0,0
1976-04-29,,7.61,,29,4,0,0,0
1976-04-30,,7.67,,30,4,1,0,0
1976-05-01,5.29,,7.4,1,5,0,0,0
1976-05-03,,7.69,,3,5,0,0,0
1976-05-04,,7.66,,4,5,0,0,0
1976-05-05,,7.68,,5,5,0,0,0
1976-05-06,,7.78,,6,5,0,0,0
1976-05-07,,7.87,,7,5,0,0,0
1976-05-10,,7.92,,10,5,0,0,0
1976-05-11,,7.92,,11,5,0,0,0
1976-05-12,,7.94,,12,5,0,0,0
1976-05-13,,7.92,,13,5,0,0,0
1976-05-14,,7.93,,14,5,0,0,0
1976-05-17,,7.94,,17,5,0,0,0
1976-05-18,,7.94,,18,5,0,0,0
1976-05-19,,7.94,,19,5,0,0,0
1976-05-20,,7.95,,20,5,0,0,0
1976-05-21,,8.0,,21,5,0,0,0
1976-05-24,,7.98,,24,5,0,0,0
1976-05-25,,7.94,,25,5,0,0,0
1976-05-26,,7.95,,26,5,0,0,0
1976-05-27,,7.99,,27,5,0,0,0
1976-05-28,,7.96,,28,5,0,0,0
1976-05-31,,,,31,5,1,0,0
1976-06-01,5.48,7.94,7.6,1,6,0,0,0
1976-06-02,,7.94,,2,6,0,0,0
1976-06-03,,7.92,,3,6,0,0,0
1976-06-04,,7.89,,4,6,0,0,0
1976-06-07,,7.88,,7,6,0,0,0
1976-06-08,,7.9,,8,6,0,0,0
1976-06-09,,7.9,,9,6,0,0,0
1976-06-10,,7.86,,10,6,0,0,0
1976-06-11,,7.86,,11,6,0,0,0
1976-06-14,,7.84,,14,6,0,0,0
1976-06-15,,7.85,,15,6,1,0,0
1976-06-16,,7.87,,16,6,0,0,0
1976-06-17,,7.85,,17,6,0,0,0
1976-06-18,,7.81,,18,6,0,0,0
1976-06-21,,7.8,,21,6,0,0,0
1976-06-22,,7.81,,22,6,0,0,0
1976-06-23,,7.81,,23,6,0,0,0
1976-06-24,,7.81,,24,6,0,0,0
1976-06-25,,7.83,,25,6,0,0,0
1976-06-28,,7.86,,28,6,0,0,0
1976-06-29,,7.86,,29,6,0,0,0
1976-06-30,,7.86,,30,6,1,1,0
1976-07-01,5.31,7.88,7.8,1,7,0,0,0
1976-07-02,,7.84,,2,7,0,0,0
1976-07-05,,,,5,7,0,0,0
1976-07-06,,7.82,,6,7,0,0,0
1976-07-07,,7.84,,7,7,0,0,0
1976-07-08,,7.82,,8,7,0,0,0
1976-07-09,,7.78,,9,7,0,0,0
1976-07-12,,7.76,,12,7,0,0,0
1976-07-13,,7.77,,13,7,0,0,0
1976-07-14,,7.79,,14,7,0,0,0
1976-07-15,,7.77,,15,7,1,0,0
1976-07-16,,7.83,,16,7,0,0,0
1976-07-19,,7.86,,19,7,0,0,0
1976-07-20,,7.87,,20,7,0,0,0
1976-07-21,,7.86,,21,7,0,0,0
1976-07-22,,7.86,,22,7,0,0,0
1976-07-23,,7.84,,23,7,0,0,0
1976-07-26,,7.87,,26,7,0,0,0
1976-07-27,,7.85,,27,7,0,0,0
1976-07-28,,7.85,,28,7,0,0,0
1976-07-29,,7.85,,29,7,0,0,0
1976-07-30,,7.86,,30,7,0,0,0
1976-08-01,5.29,,7.8,1,8,0,0,0
1976-08-02,,7.85,,2,8,0,0,0
1976-08-03,,7.82,,3,8,0,0,0
1976-08-04,,7.81,,4,8,0,0,0
1976-08-05,,7.82,,5,8,0,0,0
1976-08-06,,7.84,,6,8,0,0,0
1976-08-09,,7.84,,9,8,0,0,0
1976-08-10,,7.84,,10,8,0,0,0
1976-08-11,,7.82,,11,8,0,0,0
1976-08-12,,7.81,,12,8,0,0,0
1976-08-13,,7.78,,13,8,0,0,0
1976-08-16,,7.74,,16,8,0,0,0
1976-08-17,,7.75,,17,8,0,0,0
1976-08-18,,7.76,,18,8,0,0,0
1976-08-19,,7.76,,19,8,0,0,0
1976-08-20,,7.76,,20,8,0,0,0
1976-08-23,,7.73,,23,8,0,0,0
1976-08-24,,7.72,,24,8,0,0,0
1976-08-25,,7.69,,25,8,0,0,0
1976-08-26,,7.68,,26,8,0,0,0
1976-08-27,,7.72,,27,8,0,0,0
1976-08-30,,7.71,,30,8,0,0,0
1976-08-31,,7.66,,31,8,1,0,0
1976-09-01,5.25,7.64,7.6,1,9,0,0,0
1976-09-02,,7.67,,2,9,0,0,0
1976-09-03,,7.65,,3,9,0,0,0
1976-09-06,,,,6,9,0,0,0
1976-09-07,,7.64,,7,9,0,0,0
1976-09-08,,7.64,,8,9,0,0,0
1976-09-09,,7.66,,9,9,0,0,0
1976-09-10,,7.64,,10,9,0,0,0
1976-09-13,,7.64,,13,9,0,0,0
1976-09-14,,7.64,,14,9,0,0,0
1976-09-15,,7.62,,15,9,1,0,0
1976-09-16,,7.6,,16,9,0,0,0
1976-09-17,,7.49,,17,9,0,0,0
1976-09-20,,7.52,,20,9,0,0,0
1976-09-21,,7.51,,21,9,0,0,0
1976-09-22,,7.53,,22,9,0,0,0
1976-09-23,,7.54,,23,9,0,0,0
1976-09-24,,7.58,,24,9,0,0,0
1976-09-27,,7.6,,27,9,0,0,0
1976-09-28,,7.56,,28,9,0,0,0
1976-09-29,,7.56,,29,9,0,0,0
1976-09-30,,7.55,,30,9,1,1,0
1976-10-01,5.02,7.49,7.7,1,10,0,0,0
1976-10-04,,7.46,,4,10,0,0,0
1976-10-05,,7.47,,5,10,0,0,0
1976-10-06,,7.44,,6,10,0,0,0
1976-10-07,,7.43,,7,10,0,0,0
1976-10-08,,7.38,,8,10,0,0,0
1976-10-11,,,,11,10,0,0,0
1976-10-12,,7.35,,12,10,0,0,0
1976-10-13,,7.35,,13,10,0,0,0
1976-10-14,,7.34,,14,10,0,0,0
1976-10-15,,7.31,,15,10,1,0,0
1976-10-18,,7.31,,18,10,0,0,0
1976-10-19,,7.35,,19,10,0,0,0
1976-10-20,,7.38,,20,10,0,0,0
1976-10-21,,7.39,,21,10,0,0,0
1976-10-22,,7.48,,22,10,0,0,0
1976-10-25,,7.53,,25,10,0,0,0
1976-10-26,,7.48,,26,10,0,0,0
1976-10-27,,7.45,,27,10,0,0,0
1976-10-28,,7.41,,28,10,0,0,0
1976-10-29,,7.42,,29,10,0,0,0
1976-11-01,4.95,7.38,7.8,1,11,0,0,0
1976-11-02,,,,2,11,0,0,0
1976-11-03,,7.44,,3,11,0,0,0
1976-11-04,,7.38,,4,11,0,0,0
1976-11-05,,7.41,,5,11,0,0,0
1976-11-08,,7.46,,8,11,0,0,0
1976-11-09,,7.46,,9,11,0,0,0
1976-11-10,,7.45,,10,11,0,0,0
1976-11-11,,,,11,11,0,0,0
1976-11-12,,7.43,,12,11,0,0,0
1976-11-15,,7.41,,15,11,1,0,0
1976-11-16,,7.33,,16,11,0,0,0
1976-11-17,,7.32,,17,11,0,0,0
1976-11-18,,7.33,,18,11,0,0,0
1976-11-19,,7.24,,19,11,0,0,0
1976-11-22,,7.17,,22,11,0,0,0
1976-11-23,,7.16,,23,11,0,0,0
1976-11-24,,7.14,,24,11,0,0,0
1976-11-25,,,,25,11,0,0,0
1976-11-26,,6.99,,26,11,0,0,0
1976-11-29,,7.02,,29,11,0,0,0
1976-11-30,,7.01,,30,11,1,0,0
1976-12-01,4.65,6.97,7.8,1,12,0,0,0
1976-12-02,,6.92,,2,12,0,0,0
1976-12-03,,6.86,,3,12,0,0,0
1976-12-06,,6.87,,6,12,0,0,0
1976-12-07,,6.88,,7,12,0,0,0
1976-12-08,,6.91,,8,12,0,0,0
1976-12-09,,6.92,,9,12,0,0,0
1976-12-10,,6.82,,10,12,0,0,0
1976-12-13,,6.9,,13,12,0,0,0
1976-12-14,,6.89,,14,12,0,0,0
1976-12-15,,6.88,,15,12,1,0,0
1976-12-16,,6.88,,16,12,0,0,0
1976-12-17,,6.88,,17,12,0,0,0
1976-12-20,,6.84,,20,12,0,0,0
1976-12-21,,6.85,,21,12,0,0,0
1976-12-22,,6.86,,22,12,0,0,0
1976-12-23,,6.84,,23,12,0,0,0
1976-12-24,,,,24,12,0,0,0
1976-12-27,,6.84,,27,12,0,0,0
1976-12-28,,6.86,,28,12,0,0,0
1976-12-29,,6.84,,29,12,0,0,0
1976-12-30,,6.8,,30,12,0,0,0
1976-12-31,,6.81,,31,12,1,1,0
1977-01-01,4.61,,7.5,1,1,0,0,0
1977-01-03,,6.84,,3,1,0,0,0
1977-01-04,,6.9,,4,1,0,0,0
1977-01-05,,6.88,,5,1,0,0,0
1977-01-06,,6.93,,6,1,0,0,0
1977-01-07,,7.07,,7,1,0,0,0
1977-01-10,,7.2,,10,1,0,0,0
1977-01-11,,7.28,,11,1,0,0,0
1977-01-12,,7.26,,12,1,0,0,0
1977-01-13,,7.18,,13,1,0,0,0
1977-01-14,,7.28,,14,1,0,0,0
1977-01-17,,7.28,,17,1,0,0,0
1977-01-18,,7.34,,18,1,0,0,0
1977-01-19,,7.28,,19,1,0,0,0
1977-01-20,,7.26,,20,1,0,0,0
1977-01-21,,7.28,,21,1,0,0,0
1977-01-24,,7.34,,24,1,0,0,0
1977-01-25,,7.32,,25,1,0,0,0
1977-01-26,,7.33,,26,1,0,0,0
1977-01-27,,7.43,,27,1,0,0,0
1977-01-28,,7.4,,28,1,0,0,0
1977-01-31,,7.4,,31,1,1,0,0
1977-02-01,4.68,7.41,7.6,1,2,0,0,0
1977-02-02,,7.47,,2,2,0,0,0
1977-02-03,,7.46,,3,2,0,0,0
1977-02-04,,7.28,,4,2,0,0,0
1977-02-07,,7.34,,7,2,0,0,0
1977-02-08,,7.35,,8,2,0,0,0
1977-02-09,,7.34,,9,2,0,0,0
1977-02-10,,7.34,,10,2,0,0,0
1977-02-11,,7.36,,11,2,0,0,0
1977-02-14,,7.38,,14,2,0,0,0
1977-02-15,,7.36,,15,2,1,0,0
1977-02-16,,7.34,,16,2,0,0,0
1977-02-17,,7.26,,17,2,0,0,0
1977-02-18,,7.41,,18,2,0,0,0
1977-02-21,,,,21,2,0,0,0
1977-02-22,,7.42,,22,2,0,0,0
1977-02-23,,7.48,,23,2,0,0,0
1977-02-24,,7.5,,24,2,0,0,0
1977-02-25,,7.48,,25,2,0,0,0
1977-02-28,,7.45,,28,2,1,0,0
1977-03-01,4.69,7.49,7.4,1,3,0,0,0
1977-03-02,,7.45,,2,3,0,0,0
1977-03-03,,7.43,,3,3,0,0,0
1977-03-04,,7.48,,4,3,0,0,0
1977-03-07,,7.5,,7,3,0,0,0
1977-03-08,,7.52,,8,3,0,0,0
1977-03-09,,7.5,,9,3,0,0,0
1977-03-10,,7.49,,10,3,0,0,0
1977-03-11,,7.44,,11,3,0,0,0
1977-03-14,,7.45,,14,3,0,0,0
1977-03-15,,7.44,,15,3,1,0,0
1977-03-16,,7.44,,16,3,0,0,0
1977-03-17,,7.47,,17,3,0,0,0
1977-03-18,,7.44,,18,3,0,0,0
1977-03-21,,7.43,,21,3,0,0,0
1977-03-22,,7.43,,22,3,0,0,0
1977-03-23,,7.44,,23,3,0,0,0
1977-03-24,,7.46,,24,3,0,0,0
1977-03-25,,7.48,,25,3,0,0,0
1977-03-28,,7.47,,28,3,0,0,0
1977-03-29,,7.47,,29,3,0,0,0
1977-03-30,,7.44,,30,3,0,0,0
1977-03-31,,7.42,,31,3,1,1,0
1977-04-01,4.73,7.43,7.2,1,4,0,0,0
1977-04-04,,7.44,,4,4,0,0,0
1977-04-05,,7.47,,5,4,0,0,0
1977-04-06,,7.46,,6,4,0,0,0
1977-04-07,,7.43,,7,4,0,0,0
1977-04-08,,,,8,4,0,0,0
1977-04-11,,7.39,,11,4,0,0,0
1977-04-12,,7.39,,12,4,0,0,0
1977-04-13,,7.36,,13,4,0,0,0
1977-04-14,,7.22,,14,4,0,0,0
1977-04-15,,7.25,,15,4,1,0,0
1977-04-18,,7.25,,18,4,0,0,0
1977-04-19,,7.3,,19,4,0,0,0
1977-04-20,,7.32,,20,4,0,0,0
1977-04-21,,7.33,,21,4,0,0,0
1977-04-22,,7.36,,22,4,0,0,0
1977-04-25,,7.4,,25,4,0,0,0
1977-04-26,,7.38,,26,4,0,0,0
1977-04-27,,7.38,,27,4,0,0,0
1977-04-28,,7.4,,28,4,0,0,0
1977-04-29,,7.45,,29,4,0,0,0
1977-05-01,5.35,,7.0,1,5,0,0,0
1977-05-02,,7.45,,2,5,0,0,0
1977-05-03,,7.44,,3,5,0,0,0
1977-05-04,,7.45,,4,5,0,0,0
1977-05-05,,7.47,,5,5,0,0,0
1977-05-06,,7.5,,6,5,0,0,0
1977-05-09,,7.5,,9,5,0,0,0
1977-05-10,,7.52,,10,5,0,0,0
1977-05-11,,7.52,,11,5,0,0,0
1977-05-12,,7.5,,12,5,0,0,0
1977-05-13,,7.48,,13,5,0,0,0
1977-05-16,,7.46,,16,5,0,0,0
1977-05-17,,7.45,,17,5,0,0,0
1977-05-18,,7.43,,18,5,0,0,0
1977-05-19,,7.49,,19,5,0,0,0
1977-05-20,,7.49,,20,5,0,0,0
1977-05-23,,7.46,,23,5,0,0,0
1977-05-24,,7.41,,24,5,0,0,0
1977-05-25,,7.39,,25,5,0,0,0
1977-05-26,,7.42,,26,5,0,0,0
1977-05-27,,7.38,,27,5,0,0,0
1977-05-30,,,,30,5,0,0,0
1977-05-31,,7.38,,31,5,1,0,0
1977-06-01,5.39,7.38,7.2,1,6,0,0,0
1977-06-02,,7.39,,2,6,0,0,0
1977-06-03,,7.36,,3,6,0,0,0
1977-06-06,,7.37,,6,6,0,0,0
1977-06-07,,7.36,,7,6,0,0,0
1977-06-08,,7.36,,8,6,0,0,0
1977-06-09,,7.35,,9,6,0,0,0
1977-06-10,,7.3,,10,6,0,0,0
1977-06-13,,7.27,,13,6,0,0,0
1977-06-14,,7.22,,14,6,0,0,0
1977-06-15,,7.23,,15,6,1,0,0
1977-06-16,,7.24,,16,6,0,0,0
1977-06-17,,7.24,,17,6,0,0,0
1977-06-20,,7.27,,20,6,0,0,0
1977-06-21,,7.26,,21,6,0,0,0
1977-06-22,,7.25,,22,6,0,0,0
1977-06-23,,7.26,,23,6,0,0,0
1977-06-24,,7.2,,24,6,0,0,0
1977-06-27,,7.2,,27,6,0,0,0
1977-06-28,,7.16,,28,6,0,0,0
1977-06-29,,7.19,,29,6,0,0,0
1977-06-30,,7.2,,30,6,1,1,0
1977-07-01,5.42,7.34,6.9,1,7,0,0,0
1977-07-04,,,,4,7,0,0,0
1977-07-05,,7.35,,5,7,0,0,0
1977-07-06,,7.37,,6,7,0,0,0
1977-07-07,,7.29,,7,7,0,0,0
1977-07-08,,7.31,,8,7,0,0,0
1977-07-11,,7.33,,11,7,0,0,0
1977-07-12,,7.32,,12,7,0,0,0
1977-07-13,,7.28,,13,7,0,0,0
1977-07-14,,,,14,7,0,0,0
1977-07-15,,7.31,,15,7,1,0,0
1977-07-18,,7.34,,18,7,0,0,0
1977-07-19,,7.33,,19,7,0,0,0
1977-07-20,,7.32,,20,7,0,0,0
1977-07-21,,7.32,,21,7,0,0,0
1977-07-22,,7.31,,22,7,0,0,0
1977-07-25,,7.28,,25,7,0,0,0
1977-07-26,,7.28,,26,7,0,0,0
1977-07-27,,7.36,,27,7,0,0,0
1977-07-28,,7.41,,28,7,0,0,0
1977-07-29,,7.42,,29,7,0,0,0
1977-08-01,5.9,7.43,7.0,1,8,0,0,0
1977-08-02,,7.44,,2,8,0,0,0
1977-08-03,,7.42,,3,8,0,0,0
1977-08-04,,7.43,,4,8,0,0,0
1977-08-05,,7.42,,5,8,0,0,0
1977-08-08,,7.41,,8,8,0,0,0
1977-08-09,,7.45,,9,8,0,0,0
1977-08-10,,7.46,,10,8,0,0,0
1977-08-11,,7.47,,11,8,0,0,0
1977-08-12,,7.48,,12,8,0,0,0
1977-08-15,,7.48,,15,8,1,0,0
1977-08-16,,7.48,,16,8,0,0,0
1977-08-17,,7.44,,17,8,0,0,0
1977-08-18,,7.42,,18,8,0,0,0
1977-08-19,,7.4,,19,8,0,0,0
1977-08-22,,7.39,,22,8,0,0,0
1977-08-23,,7.36,,23,8,0,0,0
1977-08-24,,7.35,,24,8,0,0,0
1977-08-25,,7.32,,25,8,0,0,0
1977-08-26,,7.27,,26,8,0,0,0
1977-08-29,,7.25,,29,8,0,0,0
1977-08-30,,7.27,,30,8,0,0,0
1977-08-31,,7.28,,31,8,1,0,0
1977-09-01,6.14,7.3,6.8,1,9,0,0,0
1977-09-02,,7.24,,2,9,0,0,0
1977-09-05,,,,5,9,0,0,0
1977-09-06,,7.24,,6,9,0,0,0
1977-09-07,,7.26,,7,9,0,0,0
1977-09-08,,7.28,,8,9,0,0,0
1977-09-09,,7.36,,9,9,0,0,0
1977-09-12,,7.38,,12,9,0,0,0
1977-09-13,,7.37,,13,9,0,0,0
1977-09-14,,7.34,,14,9,0,0,0
1977-09-15,,7.33,,15,9,1,0,0
1977-09-16,,7.32,,16,9,0,0,0
1977-09-19,,7.32,,19,9,0,0,0
1977-09-20,,7.36,,20,9,0,0,0
1977-09-21,,7.36,,21,9,0,0,0
1977-09-22,,7.39,,22,9,0,0,0
1977-09-23,,7.39,,23,9,0,0,0
1977-09-26,,7.42,,26,9,0,0,0
1977-09-27,,7.38,,27,9,0,0,0
1977-09-28,,7.38,,28,9,0,0,0
1977-09-29,,7.39,,29,9,0,0,0
1977-09-30,,7.41,,30,9,1,1,0
1977-10-01,6.47,,6.8,1,10,0,0,0
1977-10-03,,7.41,,3,10,0,0,0
1977-10-04,,7.4,,4,10,0,0,0
1977-10-05,,7.4,,5,10,0,0,0
1977-10-06,,7.44,,6,10,0,0,0
1977-10-07,,7.48,,7,10,0,0,0
1977-10-10,,,,10,10,0,0,0
1977-10-11,,7.54,,11,10,0,0,0
1977-10-12,,7.54,,12,10,0,0,0
1977-10-13,,7.54,,13,10,0,0,0
1977-10-14,,7.54,,14,10,0,0,0
1977-10-17,,7.55,,17,10,0,0,0
1977-10-18,,7.55,,18,10,0,0,0
1977-10-19,,7.54,,19,10,0,0,0
1977-10-20,,7.54,,20,10,0,0,0
1977-10-21,,7.55,,21,10,0,0,0
1977-10-24,,7.56,,24,10,0,0,0
1977-10-25,,7.58,,25,10,0,0,0
1977-10-26,,7.57,,26,10,0,0,0
1977-10-27,,7.56,,27,10,0,0,0
1977-10-28,,7.56,,28,10,0,0,0
1977-10-31,,7.62,,31,10,1,0,0
1977-11-01,6.51,7.63,6.8,1,11,0,0,0
1977-11-02,,7.69,,2,11,0,0,0
1977-11-03,,7.68,,3,11,0,0,0
1977-11-04,,7.64,,4,11,0,0,0
1977-11-07,,7.62,,7,11,0,0,0
1977-11-08,,,,8,11,0,0,0
1977-11-09,,7.6,,9,11,0,0,0
1977-11-10,,7.59,,10,11,0,0,0
1977-11-11,,,,11,11,0,0,0
1977-11-14,,7.56,,14,11,0,0,0
1977-11-15,,7.56,,15,11,1,0,0
1977-11-16,,7.55,,16,11,0,0,0
1977-11-17,,7.54,,17,11,0,0,0
1977-11-18,,7.54,,18,11,0,0,0
1977-11-21,,7.56,,21,11,0,0,0
1977-11-22,,7.54,,22,11,0,0,0
1977-11-23,,7.52,,23,11,0,0,0
1977-11-24,,,,24,11,0,0,0
1977-11-25,,7.52,,25,11,0,0,0
1977-11-28,,7.53,,28,11,0,0,0
1977-11-29,,7.55,,29,11,0,0,0
1977-11-30,,7.55,,30,11,1,0,0
1977-12-01,6.56,7.58,6.4,1,12,0,0,0
1977-12-02,,7.59,,2,12,0,0,0
1977-12-05,,7.6,,5,12,0,0,0
1977-12-06,,7.63,,6,12,0,0,0
1977-12-07,,7.63,,7,12,0,0,0
1977-12-08,,7.64,,8,12,0,0,0
1977-12-09,,7.63,,9,12,0,0,0
1977-12-12,,7.64,,12,12,0,0,0
1977-12-13,,7.65,,13,12,0,0,0
1977-12-14,,7.66,,14,12,0,0,0
1977-12-15,,7.67,,15,12,1,0,0
1977-12-16,,7.67,,16,12,0,0,0
1977-12-19,,7.69,,19,12,0,0,0
1977-12-20,,7.74,,20,12,0,0,0
1977-12-21,,7.72,,21,12,0,0,0
1977-12-22,,7.75,,22,12,0,0,0
1977-12-23,,7.75,,23,12,0,0,0
1977-12-26,,,,26,12,0,0,0
1977-12-27,,7.77,,27,12,0,0,0
1977-12-28,,7.78,,28,12,0,0,0
1977-12-29,,7.82,,29,12,0,0,0
1977-12-30,,7.78,,30,12,0,0,0
1978-01-01,6.7,,6.4,1,1,0,0,0
1978-01-02,,,,2,1,0,0,0
1978-01-03,,7.83,,3,1,0,0,0
1978-01-04,,7.82,,4,1,0,0,0
1978-01-05,,7.83,,5,1,0,0,0
1978-01-06,,7.85,,6,1,0,0,0
1978-01-09,,8.01,,9,1,0,0,0
1978-01-10,,8.02,,10,1,0,0,0
1978-01-11,,8.03,,11,1,0,0,0
1978-01-12,,8.02,,12,1,0,0,0
1978-01-13,,7.98,,13,1,0,0,0
1978-01-16,,7.98,,16,1,0,0,0
1978-01-17,,7.98,,17,1,0,0,0
1978-01-18,,7.98,,18,1,0,0,0
1978-01-19,,7.97,,19,1,0,0,0
1978-01-20,,7.97,,20,1,0,0,0
1978-01-23,,7.97,,23,1,0,0,0
1978-01-24,,7.99,,24,1,0,0,0
1978-01-25,,8.0,,25,1,0,0,0
1978-01-26,,7.98,,26,1,0,0,0
1978-01-27,,7.97,,27,1,0,0,0
1978-01-30,,7.96,,30,1,0,0,0
1978-01-31,,7.94,,31,1,1,0,0
1978-02-01,6.78,7.96,6.3,1,2,0,0,0
1978-02-02,,7.96,,2,2,0,0,0
1978-02-03,,7.97,,3,2,0,0,0
1978-02-06,,7.99,,6,2,0,0,0
1978-02-07,,7.99,,7,2,0,0,0
1978-02-08,,8.0,,8,2,0,0,0
1978-02-09,,8.01,,9,2,0,0,0
1978-02-10,,8.02,,10,2,0,0,0
1978-02-13,,,,13,2,0,0,0
1978-02-14,,8.05,,14,2,0,0,0
1978-02-15,,8.08,,15,2,1,0,0
1978-02-16,,8.1,,16,2,0,0,0
1978-02-17,,8.09,,17,2,0,0,0
1978-02-20,,,,20,2,0,0,0
1978-02-21,,8.1,,21,2,0,0,0
1978-02-22,,8.1,,22,2,0,0,0
1978-02-23,,8.08,,23,2,0,0,0
1978-02-24,,8.04,,24,2,0,0,0
1978-02-27,,8.02,,27,2,0,0,0
1978-02-28,,8.04,,28,2,1,0,0
1978-03-01,6.79,8.05,6.3,1,3,0,0,0
1978-03-02,,8.04,,2,3,0,0,0
1978-03-03,,8.04,,3,3,0,0,0
1978-03-06,,8.05,,6,3,0,0,0
1978-03-07,,8.03,,7,3,0,0,0
1978-03-08,,8.03,,8,3,0,0,0
1978-03-09,,8.02,,9,3,0,0,0
1978-03-10,,8.0,,10,3,0,0,0
1978-03-13,,7.99,,13,3,0,0,0
1978-03-14,,7.99,,14,3,0,0,0
1978-03-15,,8.0,,15,3,1,0,0
1978-03-16,,8.0,,16,3,0,0,0
1978-03-17,,8.0,,17,3,0,0,0
1978-03-20,,7.97,,20,3,0,0,0
1978-03-21,,7.97,,21,3,0,0,0
1978-03-22,,7.98,,22,3,0,0,0
1978-03-23,,8.01,,23,3,0,0,0
1978-03-24,,,,24,3,0,0,0
1978-03-27,,8.12,,27,3,0,0,0
1978-03-28,,8.12,,28,3,0,0,0
1978-03-29,,8.11,,29,3,0,0,0
1978-03-30,,8.12,,30,3,0,0,0
1978-03-31,,8.15,,31,3,1,1,0
1978-04-01,6.89,,6.1,1,4,0,0,0
1978-04-03,,8.13,,3,4,0,0,0
1978-04-04,,8.12,,4,4,0,0,0
1978-04-05,,8.14,,5,4,0,0,0
1978-04-06,,8.16,,6,4,0,0,0
1978-04-07,,8.14,,7,4,0,0,0
1978-04-10,,8.15,,10,4,0,0,0
1978-04-11,,8.16,,11,4,0,0,0
1978-04-12,,8.16,,12,4,0,0,0
1978-04-13,,8.15,,13,4,0,0,0
1978-04-14,,8.12,,14,4,0,0,0
1978-04-17,,8.08,,17,4,0,0,0
1978-04-18,,8.08,,18,4,0,0,0
1978-04-19,,8.13,,19,4,0,0,0
1978-04-20,,8.14,,20,4,0,0,0
1978-04-21,,8.16,,21,4,0,0,0
1978-04-24,,8.18,,24,4,0,0,0
1978-04-25,,8.18,,25,4,0,0,0
1978-04-26,,8.22,,26,4,0,0,0
1978-04-27,,8.24,,27,4,0,0,0
1978-04-28,,8.24,,28,4,0,0,0
1978-05-01,7.36,8.24,6.0,1,5,0,0,0
1978-05-02,,8.25,,2,5,0,0,0
1978-05-03,,8.28,,3,5,0,0,0
1978-05-04,,8.27,,4,5,0,0,0
1978-05-05,,8.34,,5,5,0,0,0
1978-05-08,,8.35,,8,5,0,0,0
1978-05-09,,8.34,,9,5,0,0,0
1978-05-10,,8.34,,10,5,0,0,0
1978-05-11,,8.34,,11,5,0,0,0
1978-05-12,,8.36,,12,5,0,0,0
1978-05-15,,8.35,,15,5,1,0,0
1978-05-16,,8.34,,16,5,0,0,0
1978-05-17,,8.33,,17,5,0,0,0
1978-05-18,,8.37,,18,5,0,0,0
1978-05-19,,8.38,,19,5,0,0,0
1978-05-22,,8.38,,22,5,0,0,0
1978-05-23,,8.37,,23,5,0,0,0
1978-05-24,,8.39,,24,5,0,0,0
1978-05-25,,8.4,,25,5,0,0,0
1978-05-26,,8.42,,26,5,0,0,0
1978-05-29,,,,29,5,0,0,0
1978-05-30,,,,30,5,0,0,0
1978-05-31,,8.42,,31,5,1,0,0
1978-06-01,7.6,8.41,5.9,1,6,0,0,0
1978-06-02,,8.39,,2,6,0,0,0
1978-06-05,,8.38,,5,6,0,0,0
1978-06-06,,8.37,,6,6,0,0,0
1978-06-07,,8.37,,7,6,0,0,0
1978-06-08,,8.38,,8,6,0,0,0
1978-06-09,,8.41,,9,6,0,0,0
1978-06-12,,8.4,,12,6,0,0,0
1978-06-13,,8.41,,13,6,0,0,0
1978-06-14,,8.41,,14,6,0,0,0
1978-06-15,,8.41,,15,6,1,0,0
1978-06-16,,8.43,,16,6,0,0,0
1978-06-19,,8.45,,19,6,0,0,0
1978-06-20,,8.47,,20,6,0,0,0
1978-06-21,,8.5,,21,6,0,0,0
1978-06-22,,8.5,,22,6,0,0,0
1978-06-23,,8.55,,23,6,0,0,0
1978-06-26,,8.59,,26,6,0,0,0
1978-06-27,,8.58,,27,6,0,0,0
1978-06-28,,8.57,,28,6,0,0,0
1978-06-29,,8.57,,29,6,0,0,0
1978-06-30,,8.62,,30,6,1,1,0
1978-07-01,7.81,,6.2,1,7,0,0,0
1978-07-03,,8.59,,3,7,0,0,0
1978-07-04,,,,4,7,0,0,0
1978-07-05,,8.62,,5,7,0,0,0
1978-07-06,,8.62,,6,7,0,0,0
1978-07-07,,8.66,,7,7,0,0,0
1978-07-10,,8.68,,10,7,0,0,0
1978-07-11,,8.68,,11,7,0,0,0
1978-07-12,,8.67,,12,7,0,0,0
1978-07-13,,8.68,,13,7,0,0,0
1978-07-14,,8.68,,14,7,0,0,0
1978-07-17,,8.65,,17,7,0,0,0
1978-07-18,,8.63,,18,7,0,0,0
1978-07-19,,8.62,,19,7,0,0,0
1978-07-20,,8.66,,20,7,0,0,0
1978-07-21,,8.67,,21,7,0,0,0
1978-07-24,,8.67,,24,7,0,0,0
1978-07-25,,8.67,,25,7,0,0,0
1978-07-26,,8.66,,26,7,0,0,0
1978-07-27,,8.58,,27,7,0,0,0
1978-07-28,,8.55,,28,7,0,0,0
1978-07-31,,8.56,,31,7,1,0,0
1978-08-01,8.04,8.54,5.9,1,8,0,0,0
1978-08-02,,8.44,,2,8,0,0,0
1978-08-03,,8.39,,3,8,0,0,0
1978-08-04,,8.38,,4,8,0,0,0
1978-08-07,,8.36,,7,8,0,0,0
1978-08-08,,8.35,,8,8,0,0,0
1978-08-09,,8.34,,9,8,0,0,0
1978-08-10,,8.45,,10,8,0,0,0
1978-08-11,,8.44,,11,8,0,0,0
1978-08-14,,8.45,,14,8,0,0,0
1978-08-15,,8.46,,15,8,1,0,0
1978-08-16,,8.55,,16,8,0,0,0
1978-08-17,,8.48,,17,8,0,0,0
1978-08-18,,8.46,,18,8,0,0,0
1978-08-21,,8.41,,21,8,0,0,0
1978-08-22,,8.41,,22,8,0,0,0
1978-08-23,,8.32,,23,8,0,0,0
1978-08-24,,8.35,,24,8,0,0,0
1978-08-25,,8.34,,25,8,0,0,0
1978-08-28,,8.35,,28,8,0,0,0
1978-08-29,,8.37,,29,8,0,0,0
1978-08-30,,8.42,,30,8,0,0,0
1978-08-31,,8.39,,31,8,1,0,0
1978-09-01,8.45,8.38,6.0,1,9,0,0,0
1978-09-04,,,,4,9,0,0,0
1978-09-05,,8.34,,5,9,0,0,0
1978-09-06,,8.35,,6,9,0,0,0
1978-09-07,,8.34,,7,9,0,0,0
1978-09-08,,8.34,,8,9,0,0,0
1978-09-11,,8.31,,11,9,0,0,0
1978-09-12,,8.29,,12,9,0,0,0
1978-09-13,,8.3,,13,9,0,0,0
1978-09-14,,8.32,,14,9,0,0,0
1978-09-15,,8.35,,15,9,1,0,0
1978-09-18,,8.37,,18,9,0,0,0
1978-09-19,,8.38,,19,9,0,0,0
1978-09-20,,8.46,,20,9,0,0,0
1978-09-21,,8.51,,21,9,0,0,0
1978-09-22,,8.56,,22,9,0,0,0
1978-09-25,,8.56,,25,9,0,0,0
1978-09-26,,8.53,,26,9,0,0,0
1978-09-27,,8.54,,27,9,0,0,0
1978-09-28,,8.54,,28,9,0,0,0
1978-09-29,,8.56,,29,9,0,0,0
1978-10-01,8.96,,5.8,1,10,0,0,0
1978-10-02,,8.58,,2,10,0,0,0
1978-10-03,,8.57,,3,10,0,0,0
1978-10-04,,8.59,,4,10,0,0,0
1978-10-05,,8.6,,5,10,0,0,0
1978-10-06,,8.58,,6,10,0,0,0
1978-10-09,,,,9,10,0,0,0
1978-10-10,,8.58,,10,10,0,0,0
1978-10-11,,8.56,,11,10,0,0,0
1978-10-12,,8.51,,12,10,0,0,0
1978-10-13,,8.52,,13,10,0,0,0
1978-10-16,,8.59,,16,10,0,0,0
1978-10-17,,8.6,,17,10,0,0,0
1978-10-18,,8.62,,18,10,0,0,0
1978-10-19,,8.64,,19,10,0,0,0
1978-10-20,,8.66,,20,10,0,0,0
1978-10-23,,8.66,,23,10,0,0,0
1978-10-24,,8.64,,24,10,0,0,0
1978-10-25,,8.65,,25,10,0,0,0
1978-10-26,,8.72,,26,10,0,0,0
1978-10-27,,8.78,,27,10,0,0,0
1978-10-30,,8.88,,30,10,0,0,0
1978-10-31,,8.96,,31,10,1,0,0
1978-11-01,9.76,8.66,5.9,1,11,0,0,0
1978-11-02,,8.73,,2,11,0,0,0
1978-11-03,,8.86,,3,11,0,0,0
1978-11-06,,8.85,,6,11,0,0,0
1978-11-07,,,,7,11,0,0,0
1978-11-08,,8.86,,8,11,0,0,0
1978-11-09,,8.87,,9,11,0,0,0
1978-11-10,,8.86,,10,11,0,0,0
1978-11-13,,8.83,,13,11,0,0,0
1978-11-14,,8.82,,14,11,0,0,0
1978-11-15,,8.76,,15,11,1,0,0
1978-11-16,,8.72,,16,11,0,0,0
1978-11-17,,8.72,,17,11,0,0,0
1978-11-20,,8.72,,20,11,0,0,0
1978-11-21,,8.77,,21,11,0,0,0
1978-11-22,,8.77,,22,11,0,0,0
1978-11-23,,,,23,11,0,0,0
1978-11-24,,8.86,,24,11,0,0,0
1978-11-27,,8.86,,27,11,0,0,0
1978-11-28,,8.86,,28,11,0,0,0
1978-11-29,,8.86,,29,11,0,0,0
1978-11-30,,8.86,,30,11,1,0,0
1978-12-01,10.03,8.8,6.0,1,12,0,0,0
1978-12-04,,8.82,,4,12,0,0,0
1978-12-05,,8.85,,5,12,0,0,0
1978-12-06,,8.85,,6,12,0,0,0
1978-12-07,,8.89,,7,12,0,0,0
1978-12-08,,8.9,,8,12,0,0,0
1978-12-11,,8.9,,11,12,0,0,0
1978-12-12,,8.92,,12,12,0,0,0
1978-12-13,,8.98,,13,12,0,0,0
1978-12-14,,8.96,,14,12,0,0,0
1978-12-15,,9.0,,15,12,1,0,0
1978-12-18,,9.13,,18,12,0,0,0
1978-12-19,,9.14,,19,12,0,0,0
1978-12-20,,9.16,,20,12,0,0,0
1978-12-21,,9.16,,21,12,0,0,0
1978-12-22,,9.11,,22,12,0,0,0
1978-12-25,,,,25,12,0,0,0
1978-12-26,,9.13,,26,12,0,0,0
1978-12-27,,9.12,,27,12,0,0,0
1978-12-28,,9.16,,28,12,0,0,0
1978-12-29,,9.15,,29,12,0,0,0
1979-01-01,10.07,,5.9,1,1,0,0,0
1979-01-02,,9.18,,2,1,0,0,0
1979-01-03,,9.16,,3,1,0,0,0
1979-01-04,,9.11,,4,1,0,0,0
1979-01-05,,9.1,,5,1,0,0,0
1979-01-08,,9.14,,8,1,0,0,0
1979-01-09,,9.16,,9,1,0,0,0
1979-01-10,,9.16,,10,1,0,0,0
1979-01-11,,9.15,,11,1,0,0,0
1979-01-12,,9.14,,12,1,0,0,0
1979-01-15,,9.15,,15,1,1,0,0
1979-01-16,,9.16,,16,1,0,0,0
1979-01-17,,9.18,,17,1,0,0,0
1979-01-18,,9.18,,18,1,0,0,0
1979-01-19,,9.15,,19,1,0,0,0
1979-01-22,,9.12,,22,1,0,0,0
1979-01-23,,9.1,,23,1,0,0,0
1979-01-24,,9.08,,24,1,0,0,0
1979-01-25,,8.98,,25,1,0,0,0
1979-01-26,,8.93,,26,1,0,0,0
1979-01-29,,8.96,,29,1,0,0,0
1979-01-30,,8.95,,30,1,0,0,0
1979-01-31,,8.95,,31,1,1,0,0
1979-02-01,10.06,8.94,5.9,1,2,0,0,0
1979-02-02,,8.89,,2,2,0,0,0
1979-02-05,,8.95,,5,2,0,0,0
1979-02-06,,9.0,,6,2,0,0,0
1979-02-07,,9.09,,7,2,0,0,0
1979-02-08,,9.09,,8,2,0,0,0
1979-02-09,,9.11,,9,2,0,0,0
1979-02-12,,,,12,2,0,0,0
1979-02-13,,9.11,,13,2,0,0,0
1979-02-14,,9.12,,14,2,0,0,0
1979-02-15,,9.12,,15,2,1,0,0
1979-02-16,,9.11,,16,2,0,0,0
1979-02-19,,,,19,2,0,0,0
1979-02-20,,9.12,,20,2,0,0,0
1979-02-21,,9.15,,21,2,0,0,0
1979-02-22,,9.2,,22,2,0,0,0
1979-02-23,,9.21,,23,2,0,0,0
1979-02-26,,9.2,,26,2,0,0,0
1979-02-27,,9.19,,27,2,0,0,0
1979-02-28,,9.17,,28,2,1,0,0
1979-03-01,10.09,9.17,5.8,1,3,0,0,0
1979-03-02,,9.16,,2,3,0,0,0
1979-03-05,,9.11,,5,3,0,0,0
1979-03-06,,9.14,,6,3,0,0,0
1979-03-07,,9.1,,7,3,0,0,0
1979-03-08,,9.1,,8,3,0,0,0
1979-03-09,,9.11,,9,3,0,0,0
1979-03-12,,9.11,,12,3,0,0,0
1979-03-13,,9.11,,13,3,0,0,0
1979-03-14,,9.12,,14,3,0,0,0
1979-03-15,,9.14,,15,3,1,0,0
1979-03-16,,9.12,,16,3,0,0,0
1979-03-19,,9.12,,19,3,0,0,0
1979-03-20,,9.13,,20,3,0,0,0
1979-03-21,,9.13,,21,3,0,0,0
1979-03-22,,9.12,,22,3,0,0,0
1979-03-23,,9.12,,23,3,0,0,0
1979-03-26,,9.12,,26,3,0,0,0
1979-03-27,,9.11,,27,3,0,0,0
1979-03-28,,9.07,,28,3,0,0,0
1979-03-29,,9.06,,29,3,0,0,0
1979-03-30,,9.11,,30,3,0,0,0
1979-04-01,10.01,,5.8,1,4,0,0,0
1979-04-02,,9.11,,2,4,0,0,0
1979-04-03,,9.1,,3,4,0,0,0
1979-04-04,,9.09,,4,4,0,0,0
1979-04-05,,9.07,,5,4,0,0,0
1979-04-06,,9.1,,6,4,0,0,0
1979-04-09,,9.14,,9,4,0,0,0
1979-04-10,,9.17,,10,4,0,0,0
1979-04-11,,9.2,,11,4,0,0,0
1979-04-12,,9.2,,12,4,0,0,0
1979-04-13,,,,13,4,0,0,0
1979-04-16,,9.19,,16,4,0,0,0
1979-04-17,,9.16,,17,4,0,0,0
1979-04-18,,9.15,,18,4,0,0,0
1979-04-19,,9.15,,19,4,0,0,0
1979-04-20,,9.19,,20,4,0,0,0
1979-04-23,,9.21,,23,4,0,0,0
1979-04-24,,9.24,,24,4,0,0,0
1979-04-25,,9.23,,25,4,0,0,0
1979-04-26,,9.27,,26,4,0,0,0
1979-04-27,,9.32,,27,4,0,0,0
1979-04-30,,9.35,,30,4,1,0,0
1979-05-01,10.24,9.36,5.6,1,5,0,0,0
1979-05-02,,9.34,,2,5,0,0,0
1979-05-03,,9.38,,3,5,0,0,0
1979-05-04,,9.39,,4,5,0,0,0
1979-05-07,,9.39,,7,5,0,0,0
1979-05-08,,9.38,,8,5,0,0,0
1979-05-09,,9.36,,9,5,0,0,0
1979-05-10,,9.36,,10,5,0,0,0
1979-05-11,,9.34,,11,5,0,0,0
1979-05-14,,9.3,,14,5,0,0,0
1979-05-15,,9.32,,15,5,1,0,0
1979-05-16,,9.31,,16,5,0,0,0
1979-05-17,,9.24,,17,5,0,0,0
1979-05-18,,9.23,,18,5,0,0,0
1979-05-21,,9.24,,21,5,0,0,0
1979-05-22,,9.15,,22,5,0,0,0
1979-05-23,,9.07,,23,5,0,0,0
1979-05-24,,9.06,,24,5,0,0,0
1979-05-25,,9.01,,25,5,0,0,0
1979-05-28,,,,28,5,0,0,0
1979-05-29,,9.01,,29,5,0,0,0
1979-05-30,,,,30,5,0,0,0
1979-05-31,,9.06,,31,5,1,0,0
1979-06-01,10.29,9.05,5.7,1,6,0,0,0
1979-06-04,,9.06,,4,6,0,0,0
1979-06-05,,9.02,,5,6,0,0,0
1979-06-06,,8.97,,6,6,0,0,0
1979-06-07,,8.89,,7,6,0,0,0
1979-06-08,,8.9,,8,6,0,0,0
1979-06-11,,8.94,,11,6,0,0,0
1979-06-12,,8.79,,12,6,0,0,0
1979-06-13,,8.83,,13,6,0,0,0
1979-06-14,,8.87,,14,6,0,0,0
1979-06-15,,8.96,,15,6,1,0,0
1979-06-18,,8.95,,18,6,0,0,0
1979-06-19,,8.95,,19,6,0,0,0
1979-06-20,,8.94,,20,6,0,0,0
1979-06-21,,8.93,,21,6,0,0,0
1979-06-22,,8.98,,22,6,0,0,0
1979-06-25,,8.93,,25,6,0,0,0
1979-06-26,,8.82,,26,6,0,0,0
1979-06-27,,8.8,,27,6,0,0,0
1979-06-28,,8.8,,28,6,0,0,0
1979-06-29,,8.81,,29,6,0,0,0
1979-07-01,10.47,,5.7,1,7,0,0,0
1979-07-02,,8.76,,2,7,0,0,0
1979-07-03,,8.77,,3,7,0,0,0
1979-07-04,,,,4,7,0,0,0
1979-07-05,,8.8,,5,7,0,0,0
1979-07-06,,8.82,,6,7,0,0,0
1979-07-09,,8.86,,9,7,0,0,0
1979-07-10,,8.92,,10,7,0,0,0
1979-07-11,,8.97,,11,7,0,0,0
1979-07-12,,8.95,,12,7,0,0,0
1979-07-13,,8.94,,13,7,0,0,0
1979-07-16,,8.99,,16,7,0,0,0
1979-07-17,,9.01,,17,7,0,0,0
1979-07-18,,9.03,,18,7,0,0,0
1979-07-19,,9.04,,19,7,0,0,0
1979-07-20,,8.98,,20,7,0,0,0
1979-07-23,,9.03,,23,7,0,0,0
1979-07-24,,9.06,,24,7,0,0,0
1979-07-25,,8.99,,25,7,0,0,0
1979-07-26,,8.97,,26,7,0,0,0
1979-07-27,,9.02,,27,7,0,0,0
1979-07-30,,9.03,,30,7,0,0,0
1979-07-31,,9.01,,31,7,1,0,0
1979-08-01,10.94,8.99,6.0,1,8,0,0,0
1979-08-02,,8.91,,2,8,0,0,0
1979-08-03,,8.92,,3,8,0,0,0
1979-08-06,,8.91,,6,8,0,0,0
1979-08-07,,8.91,,7,8,0,0,0
1979-08-08,,8.93,,8,8,0,0,0
1979-08-09,,8.97,,9,8,0,0,0
1979-08-10,,9.0,,10,8,0,0,0
1979-08-13,,9.0,,13,8,0,0,0
1979-08-14,,8.98,,14,8,0,0,0
1979-08-15,,9.0,,15,8,1,0,0
1979-08-16,,9.0,,16,8,0,0,0
1979-08-17,,9.01,,17,8,0,0,0
1979-08-20,,9.02,,20,8,0,0,0
1979-08-21,,9.04,,21,8,0,0,0
1979-08-22,,9.04,,22,8,0,0,0
1979-08-23,,9.05,,23,8,0,0,0
1979-08-24,,9.14,,24,8,0,0,0
1979-08-27,,9.12,,27,8,0,0,0
1979-08-28,,9.15,,28,8,0,0,0
1979-08-29,,9.14,,29,8,0,0,0
1979-08-30,,9.21,,30,8,0,0,0
1979-08-31,,9.24,,31,8,1,0,0
1979-09-01,11.43,,5.9,1,9,0,0,0
1979-09-03,,,,3,9,0,0,0
1979-09-04,,9.32,,4,9,0,0,0
1979-09-05,,9.32,,5,9,0,0,0
1979-09-06,,9.35,,6,9,0,0,0
1979-09-07,,9.34,,7,9,0,0,0
1979-09-10,,9.36,,10,9,0,0,0
1979-09-11,,9.25,,11,9,0,0,0
1979-09-12,,9.3,,12,9,0,0,0
1979-09-13,,9.34,,13,9,0,0,0
1979-09-14,,9.29,,14,9,0,0,0
1979-09-17,,9.37,,17,9,0,0,0
1979-09-18,,9.36,,18,9,0,0,0
1979-09-19,,9.31,,19,9,0,0,0
1979-09-20,,9.29,,20,9,0,0,0
1979-09-21,,9.26,,21,9,0,0,0
1979-09-24,,9.34,,24,9,0,0,0
1979-09-25,,9.32,,25,9,0,0,0
1979-09-26,,9.36,,26,9,0,0,0
1979-09-27,,9.44,,27,9,0,0,0
1979-09-28,,9.44,,28,9,0,0,0
1979-10-01,13.77,9.51,6.0,1,10,0,0,0
1979-10-02,,9.47,,2,10,0,0,0
1979-10-03,,9.5,,3,10,0,0,0
1979-10-04,,9.58,,4,10,0,0,0
1979-10-05,,9.6,,5,10,0,0,0
1979-10-08,,,,8,10,0,0,0
1979-10-09,,9.93,,9,10,0,0,0
1979-10-10,,10.09,,10,10,0,0,0
1979-10-11,,10.17,,11,10,0,0,0
1979-10-12,,10.15,,12,10,0,0,0
1979-10-15,,10.31,,15,10,1,0,0
1979-10-16,,10.27,,16,10,0,0,0
1979-10-17,,10.2,,17,10,0,0,0
1979-10-18,,10.41,,18,10,0,0,0
1979-10-19,,10.68,,19,10,0,0,0
1979-10-22,,10.96,,22,10,0,0,0
1979-10-23,,11.02,,23,10,0,0,0
1979-10-24,,10.83,,24,10,0,0,0
1979-10-25,,10.98,,25,10,0,0,0
1979-10-26,,10.67,,26,10,0,0,0
1979-10-29,,10.78,,29,10,0,0,0
1979-10-30,,10.75,,30,10,0,0,0
1979-10-31,,10.72,,31,10,1,0,0
1979-11-01,13.18,10.79,5.9,1,11,0,0,0
1979-11-02,,10.84,,2,11,0,0,0
1979-11-05,,10.85,,5,11,0,0,0
1979-11-06,,,,6,11,0,0,0
1979-11-07,,11.0,,7,11,0,0,0
1979-11-08,,10.96,,8,11,0,0,0
1979-11-09,,10.68,,9,11,0,0,0
1979-11-12,,,,12,11,0,0,0
1979-11-13,,10.63,,13,11,0,0,0
1979-11-14,,10.75,,14,11,0,0,0
1979-11-15,,10.62,,15,11,1,0,0
1979-11-16,,10.77,,16,11,0,0,0
1979-11-19,,10.8,,19,11,0,0,0
1979-11-20,,10.78,,20,11,0,0,0
1979-11-21,,10.73,,21,11,0,0,0
1979-11-22,,,,22,11,0,0,0
1979-11-23,,10.51,,23,11,0,0,0
1979-11-26,,10.37,,26,11,0,0,0
1979-11-27,,10.24,,27,11,0,0,0
1979-11-28,,10.37,,28,11,0,0,0
1979-11-29,,10.34,,29,11,0,0,0
1979-11-30,,10.38,,30,11,1,0,0
1979-12-01,13.78,,6.0,1,12,0,0,0
1979-12-03,,10.44,,3,12,0,0,0
1979-12-04,,10.32,,4,12,0,0,0
1979-12-05,,10.27,,5,12,0,0,0
1979-12-06,,10.13,,6,12,0,0,0
1979-12-07,,10.3,,7,12,0,0,0
1979-12-10,,10.27,,10,12,0,0,0
1979-12-11,,10.46,,11,12,0,0,0
1979-12-12,,10.58,,12,12,0,0,0
1979-12-13,,10.51,,13,12,0,0,0
1979-12-14,,10.45,,14,12,0,0,0
1979-12-17,,10.42,,17,12,0,0,0
1979-12-18,,10.34,,18,12,0,0,0
1979-12-19,,10.33,,19,12,0,0,0
1979-12-20,,10.38,,20,12,0,0,0
1979-12-21,,10.39,,21,12,0,0,0
1979-12-24,,10.45,,24,12,0,0,0
1979-12-25,,,,25,12,0,0,0
1979-12-26,,10.48,,26,12,0,0,0
1979-12-27,,10.46,,27,12,0,0,0
1979-12-28,,10.41,,28,12,0,0,0
1979-12-31,,10.33,,31,12,1,1,0
1980-01-01,13.82,,6.3,1,1,0,0,0
1980-01-02,,10.5,,2,1,0,0,0
1980-01-03,,10.6,,3,1,0,0,0
1980-01-04,,10.66,,4,1,0,0,0
1980-01-07,,10.63,,7,1,0,0,0
1980-01-08,,10.57,,8,1,0,0,0
1980-01-09,,10.58,,9,1,0,0,0
1980-01-10,,10.51,,10,1,0,0,0
1980-01-11,,10.68,,11,1,0,0,0
1980-01-14,,10.7,,14,1,0,0,0
1980-01-15,,10.65,,15,1,1,0,0
1980-01-16,,10.65,,16,1,0,0,0
1980-01-17,,10.71,,17,1,0,0,0
1980-01-18,,10.82,,18,1,0,0,0
1980-01-21,,10.96,,21,1,0,0,0
1980-01-22,,10.85,,22,1,0,0,0
1980-01-23,,10.82,,23,1,0,0,0
1980-01-24,,11.01,,24,1,0,0,0
1980-01-25,,11.1,,25,1,0,0,0
1980-01-28,,11.15,,28,1,0,0,0
1980-01-29,,11.21,,29,1,0,0,0
1980-01-30,,11.16,,30,1,0,0,0
1980-01-31,,11.13,,31,1,1,0,0
1980-02-01,14.13,11.29,6.3,1,2,0,0,0
1980-02-04,,11.4,,4,2,0,0,0
1980-02-05,,11.73,,5,2,0,0,0
1980-02-06,,11.92,,6,2,0,0,0
1980-02-07,,11.71,,7,2,0,0,0
1980-02-08,,11.8,,8,2,0,0,0
1980-02-11,,12.01,,11,2,0,0,0
1980-02-12,,,,12,2,0,0,0
1980-02-13,,11.86,,13,2,0,0,0
1980-02-14,,11.97,,14,2,0,0,0
1980-02-15,,12.2,,15,2,1,0,0
1980-02-18,,,,18,2,0,0,0
1980-02-19,,12.85,,19,2,0,0,0
1980-02-20,,12.84,,20,2,0,0,0
1980-02-21,,13.22,,21,2,0,0,0
1980-02-22,,13.06,,22,2,0,0,0
1980-02-25,,13.27,,25,2,0,0,0
1980-02-26,,13.65,,26,2,0,0,0
1980-02-27,,13.46,,27,2,0,0,0
1980-02-28,,12.92,,28,2,0,0,0
1980-02-29,,12.72,,29,2,1,0,0
1980-03-01,17.19,,6.3,1,3,0,0,0
1980-03-03,,12.79,,3,3,0,0,0
1980-03-04,,12.91,,4,3,0,0,0
1980-03-05,,13.03,,5,3,0,0,0
1980-03-06,,13.13,,6,3,0,0,0
1980-03-07,,12.86,,7,3,0,0,0
1980-03-10,,12.63,,10,3,0,0,0
1980-03-11,,12.41,,11,3,0,0,0
1980-03-12,,12.62,,12,3,0,0,0
1980-03-13,,12.5,,13,3,0,0,0
1980-03-14,,12.52,,14,3,0,0,0
1980-03-17,,12.58,,17,3,0,0,0
1980-03-18,,12.4,,18,3,0,0,0
1980-03-19,,12.35,,19,3,0,0,0
1980-03-20,,12.62,,20,3,0,0,0
1980-03-21,,12.75,,21,3,0,0,0
1980-03-24,,13.17,,24,3,0,0,0
1980-03-25,,13.1,,25,3,0,0,0
1980-03-26,,13.03,,26,3,0,0,0
1980-03-27,,12.97,,27,3,0,0,0
1980-03-28,,12.72,,28,3,0,0,0
1980-03-31,,12.64,,31,3,1,1,0
1980-04-01,17.61,12.69,6.9,1,4,0,0,0
1980-04-02,,12.63,,2,4,0,0,0
1980-04-03,,12.52,,3,4,0,0,0
1980-04-04,,,,4,4,0,0,0
1980-04-07,,12.13,,7,4,0,0,0
1980-04-08,,12.21,,8,4,0,0,0
1980-04-09,,12.06,,9,4,0,0,0
1980-04-10,,12.06,,10,4,0,0,0
1980-04-11,,11.79,,11,4,0,0,0
1980-04-14,,11.62,,14,4,0,0,0
1980-04-15,,11.57,,15,4,1,0,0
1980-04-16,,10.9,,16,4,0,0,0
1980-04-17,,11.13,,17,4,0,0,0
1980-04-18,,11.05,,18,4,0,0,0
1980-04-21,,10.9,,21,4,0,0,0
1980-04-22,,10.82,,22,4,0,0,0
1980-04-23,,10.89,,23,4,0,0,0
1980-04-24,,10.96,,24,4,0,0,0
1980-04-25,,10.95,,25,4,0,0,0
1980-04-28,,10.63,,28,4,0,0,0
1980-04-29,,10.67,,29,4,0,0,0
1980-04-30,,10.76,,30,4,1,0,0
1980-05-01,10.98,10.57,7.5,1,5,0,0,0
1980-05-02,,10.24,,2,5,0,0,0
1980-05-05,,10.18,,5,5,0,0,0
1980-05-06,,9.8,,6,5,0,0,0
1980-05-07,,9.96,,7,5,0,0,0
1980-05-08,,10.18,,8,5,0,0,0
1980-05-09,,10.3,,9,5,0,0,0
1980-05-12,,10.3,,12,5,0,0,0
1980-05-13,,10.13,,13,5,0,0,0
1980-05-14,,10.14,,14,5,0,0,0
1980-05-15,,10.31,,15,5,1,0,0
1980-05-16,,10.37,,16,5,0,0,0
1980-05-19,,10.53,,19,5,0,0,0
1980-05-20,,10.22,,20,5,0,0,0
1980-05-21,,10.08,,21,5,0,0,0
1980-05-22,,10.1,,22,5,0,0,0
1980-05-23,,9.85,,23,5,0,0,0
1980-05-26,,,,26,5,0,0,0
1980-05-27,,9.96,,27,5,0,0,0
1980-05-28,,10.1,,28,5,0,0,0
1980-05-29,,10.24,,29,5,0,0,0
1980-05-30,,10.25,,30,5,0,0,0
1980-06-01,9.47,,7.6,1,6,0,0,0
1980-06-02,,10.31,,2,6,0,0,0
1980-06-03,,10.16,,3,6,0,0,0
1980-06-04,,10.07,,4,6,0,0,0
1980-06-05,,10.02,,5,6,0,0,0
1980-06-06,,9.81,,6,6,0,0,0
1980-06-09,,9.73,,9,6,0,0,0
1980-06-10,,9.83,,10,6,0,0,0
1980-06-11,,9.7,,11,6,0,0,0
1980-06-12,,9.53,,12,6,0,0,0
1980-06-13,,9.51,,13,6,0,0,0
1980-06-16,,9.47,,16,6,0,0,0
1980-06-17,,9.49,,17,6,0,0,0
1980-06-18,,9.56,,18,6,0,0,0
1980-06-19,,9.56,,19,6,0,0,0
1980-06-20,,9.49,,20,6,0,0,0
1980-06-23,,9.63,,23,6,0,0,0
1980-06-24,,9.68,,24,6,0,0,0
1980-06-25,,9.79,,25,6,0,0,0
1980-06-26,,9.87,,26,6,0,0,0
1980-06-27,,10.04,,27,6,0,0,0
1980-06-30,,10.09,,30,6,1,1,0
1980-07-01,9.03,10.13,7.8,1,7,0,0,0
1980-07-02,,10.19,,2,7,0,0,0
1980-07-03,,10.01,,3,7,0,0,0
1980-07-04,,,,4,7,0,0,0
1980-07-07,,10.2,,7,7,0,0,0
1980-07-08,,10.09,,8,7,0,0,0
1980-07-09,,10.14,,9,7,0,0,0
1980-07-10,,10.21,,10,7,0,0,0
1980-07-11,,10.28,,11,7,0,0,0
1980-07-14,,10.33,,14,7,0,0,0
1980-07-15,,10.17,,15,7,1,0,0
1980-07-16,,10.07,,16,7,0,0,0
1980-07-17,,10.21,,17,7,0,0,0
1980-07-18,,10.2,,18,7,0,0,0
1980-07-21,,10.13,,21,7,0,0,0
1980-07-22,,10.18,,22,7,0,0,0
1980-07-23,,10.12,,23,7,0,0,0
1980-07-24,,10.24,,24,7,0,0,0
1980-07-25,,10.35,,25,7,0,0,0
1980-07-28,,10.46,,28,7,0,0,0
1980-07-29,,10.45,,29,7,0,0,0
1980-07-30,,10.53,,30,7,0,0,0
1980-07-31,,10.76,,31,7,1,0,0
1980-08-01,9.61,10.76,7.7,1,8,0,0,0
1980-08-04,,10.69,,4,8,0,0,0
1980-08-05,,10.7,,5,8,0,0,0
1980-08-06,,10.8,,6,8,0,0,0
1980-08-07,,10.71,,7,8,0,0,0
1980-08-08,,10.87,,8,8,0,0,0
1980-08-11,,11.03,,11,8,0,0,0
1980-08-12,,10.98,,12,8,0,0,0
1980-08-13,,10.89,,13,8,0,0,0
1980-08-14,,10.9,,14,8,0,0,0
1980-08-15,,10.86,,15,8,1,0,0
1980-08-18,,11.13,,18,8,0,0,0
1980-08-19,,11.24,,19,8,0,0,0
1980-08-20,,11.22,,20,8,0,0,0
1980-08-21,,11.3,,21,8,0,0,0
1980-08-22,,11.13,,22,8,0,0,0
1980-08-25,,11.4,,25,8,0,0,0
1980-08-26,,11.42,,26,8,0,0,0
1980-08-27,,11.67,,27,8,0,0,0
1980-08-28,,11.89,,28,8,0,0,0
1980-08-29,,11.55,,29,8,0,0,0
1980-09-01,10.87,,7.5,1,9,0,0,0
1980-09-02,,11.32,,2,9,0,0,0
1980-09-03,,11.08,,3,9,0,0,0
1980-09-04,,11.16,,4,9,0,0,0
1980-09-05,,11.21,,5,9,0,0,0
1980-09-08,,11.29,,8,9,0,0,0
1980-09-09,,11.19,,9,9,0,0,0
1980-09-10,,11.14,,10,9,0,0,0
1980-09-11,,11.32,,11,9,0,0,0
1980-09-12,,11.37,,12,9,0,0,0
1980-09-15,,11.62,,15,9,1,0,0
1980-09-16,,11.52,,16,9,0,0,0
1980-09-17,,11.57,,17,9,0,0,0
1980-09-18,,11.53,,18,9,0,0,0
1980-09-19,,11.33,,19,9,0,0,0
1980-09-22,,11.69,,22,9,0,0,0
1980-09-23,,11.76,,23,9,0,0,0
1980-09-24,,11.75,,24,9,0,0,0
1980-09-25,,11.91,,25,9,0,0,0
1980-09-26,,11.99,,26,9,0,0,0
1980-09-29,,12.07,,29,9,0,0,0
1980-09-30,,11.86,,30,9,1,1,0
1980-10-01,12.81,11.78,7.5,1,10,0,0,0
1980-10-02,,11.83,,2,10,0,0,0
1980-10-03,,11.4,,3,10,0,0,0
1980-10-06,,11.35,,6,10,0,0,0
1980-10-07,,11.43,,7,10,0,0,0
1980-10-08,,11.51,,8,10,0,0,0
1980-10-09,,11.39,,9,10,0,0,0
1980-10-10,,11.44,,10,10,0,0,0
1980-10-13,,,,13,10,0,0,0
1980-10-14,,11.37,,14,10,0,0,0
1980-10-15,,11.29,,15,10,1,0,0
1980-10-16,,11.47,,16,10,0,0,0
1980-10-17,,11.62,,17,10,0,0,0
1980-10-20,,11.64,,20,10,0,0,0
1980-10-21,,11.7,,21,10,0,0,0
1980-10-22,,11.88,,22,10,0,0,0
1980-10-23,,11.82,,23,10,0,0,0
1980-10-24,,11.74,,24,10,0,0,0
1980-10-27,,12.13,,27,10,0,0,0
1980-10-28,,12.32,,28,10,0,0,0
1980-10-29,,12.48,,29,10,0,0,0
1980-10-30,,12.48,,30,10,0,0,0
1980-10-31,,12.46,,31,10,1,0,0
1980-11-01,15.85,,7.5,1,11,0,0,0
1980-11-03,,12.46,,3,11,0,0,0
1980-11-04,,,,4,11,0,0,0
1980-11-05,,12.61,,5,11,0,0,0
1980-11-06,,13.04,,6,11,0,0,0
1980-11-07,,12.66,,7,11,0,0,0
1980-11-10,,12.78,,10,11,0,0,0
1980-11-11,,,,11,11,0,0,0
1980-11-12,,12.47,,12,11,0,0,0
1980-11-13,,12.49,,13,11,0,0,0
1980-11-14,,12.79,,14,11,0,0,0
1980-11-17,,12.95,,17,11,0,0,0
1980-11-18,,12.62,,18,11,0,0,0
1980-11-19,,12.51,,19,11,0,0,0
1980-11-20,,12.59,,20,11,0,0,0
1980-11-21,,12.8,,21,11,0,0,0
1980-11-24,,12.76,,24,11,0,0,0
1980-11-25,,12.74,,25,11,0,0,0
1980-11-26,,12.65,,26,11,0,0,0
1980-11-27,,,,27,11,0,0,0
1980-11-28,,12.72,,28,11,0,0,0
1980-12-01,18.9,12.92,7.2,1,12,0,0,0
1980-12-02,,12.95,,2,12,0,0,0
1980-12-03,,12.92,,3,12,0,0,0
1980-12-04,,12.91,,4,12,0,0,0
1980-12-05,,12.85,,5,12,0,0,0
1980-12-08,,12.91,,8,12,0,0,0
1980-12-09,,13.1,,9,12,0,0,0
1980-12-10,,13.15,,10,12,0,0,0
1980-12-11,,13.57,,11,12,0,0,0
1980-12-12,,13.21,,12,12,0,0,0
1980-12-15,,13.25,,15,12,1,0,0
1980-12-16,,13.51,,16,12,0,0,0
1980-12-17,,13.28,,17,12,0,0,0
1980-12-18,,13.22,,18,12,0,0,0
1980-12-19,,12.64,,19,12,0,0,0
1980-12-22,,12.14,,22,12,0,0,0
1980-12-23,,12.35,,23,12,0,0,0
1980-12-24,,12.42,,24,12,0,0,0
1980-12-25,,,,25,12,0,0,0
1980-12-26,,12.25,,26,12,0,0,0
1980-12-29,,12.2,,29,12,0,0,0
1980-12-30,,12.39,,30,12,0,0,0
1980-12-31,,12.43,,31,12,1,1,0
1981-01-01,19.08,,7.5,1,1,0,0,0
1981-01-02,,12.42,,2,1,0,0,0
1981-01-05,,12.15,,5,1,0,0,0
1981-01-06,,12.11,,6,1,0,0,0
1981-01-07,,12.38,,7,1,0,0,0
1981-01-08,,12.35,,8,1,0,0,0
1981-01-09,,12.57,,9,1,0,0,0
1981-01-12,,12.45,,12,1,0,0,0
1981-01-13,,12.53,,13,1,0,0,0
1981-01-14,,12.53,,14,1,0,0,0
1981-01-15,,12.62,,15,1,1,0,0
1981-01-16,,12.53,,16,1,0,0,0
1981-01-19,,12.64,,19,1,0,0,0
1981-01-20,,12.5,,20,1,0,0,0
1981-01-21,,12.77,,21,1,0,0,0
1981-01-22,,12.87,,22,1,0,0,0
1981-01-23,,12.84,,23,1,0,0,0
1981-01-26,,12.7,,26,1,0,0,0
1981-01-27,,12.73,,27,1,0,0,0
1981-01-28,,12.77,,28,1,0,0,0
1981-01-29,,12.8,,29,1,0,0,0
1981-01-30,,12.68,,30,1,0,0,0
1981-02-01,15.93,,7.4,1,2,0,0,0
1981-02-02,,12.86,,2,2,0,0,0
1981-02-03,,12.98,,3,2,0,0,0
1981-02-04,,12.86,,4,2,0,0,0
1981-02-05,,12.95,,5,2,0,0,0
1981-02-06,,13.09,,6,2,0,0,0
1981-02-09,,13.21,,9,2,0,0,0
1981-02-10,,13.27,,10,2,0,0,0
1981-02-11,,13.42,,11,2,0,0,0
1981-02-12,,,,12,2,0,0,0
1981-02-13,,13.65,,13,2,0,0,0
1981-02-16,,,,16,2,0,0,0
1981-02-17,,13.33,,17,2,0,0,0
1981-02-18,,13.3,,18,2,0,0,0
1981-02-19,,13.09,,19,2,0,0,0
1981-02-20,,12.9,,20,2,0,0,0
1981-02-23,,13.19,,23,2,0,0,0
1981-02-24,,13.21,,24,2,0,0,0
1981-02-25,,13.29,,25,2,0,0,0
1981-02-26,,13.47,,26,2,0,0,0
1981-02-27,,13.43,,27,2,0,0,0
1981-03-01,14.7,,7.4,1,3,0,0,0
1981-03-02,,13.62,,2,3,0,0,0
1981-03-03,,13.43,,3,3,0,0,0
1981-03-04,,13.45,,4,3,0,0,0
1981-03-05,,13.43,,5,3,0,0,0
1981-03-06,,13.2,,6,3,0,0,0
1981-03-09,,13.09,,9,3,0,0,0
1981-03-10,,13.08,,10,3,0,0,0
1981-03-11,,13.12,,11,3,0,0,0
1981-03-12,,13.03,,12,3,0,0,0
1981-03-13,,12.86,,13,3,0,0,0
1981-03-16,,12.85,,16,3,0,0,0
1981-03-17,,12.68,,17,3,0,0,0
1981-03-18,,12.58,,18,3,0,0,0
1981-03-19,,12.67,,19,3,0,0,0
1981-03-20,,12.77,,20,3,0,0,0
1981-03-23,,13.13,,23,3,0,0,0
1981-03-24,,13.3,,24,3,0,0,0
1981-03-25,,13.21,,25,3,0,0,0
1981-03-26,,13.34,,26,3,0,0,0
1981-03-27,,13.36,,27,3,0,0,0
1981-03-30,,13.22,,30,3,0,0,0
1981-03-31,,13.13,,31,3,1,1,0
1981-04-01,15.72,13.14,7.2,1,4,0,0,0
1981-04-02,,13.25,,2,4,0,0,0
1981-04-03,,13.4,,3,4,0,0,0
1981-04-06,,13.74,,6,4,0,0,0
1981-04-07,,13.41,,7,4,0,0,0
1981-04-08,,13.61,,8,4,0,0,0
1981-04-09,,13.45,,9,4,0,0,0
1981-04-10,,13.59,,10,4,0,0,0
1981-04-13,,13.68,,13,4,0,0,0
1981-04-14,,13.58,,14,4,0,0,0
1981-04-15,,13.74,,15,4,1,0,0
1981-04-16,,13.79,,16,4,0,0,0
1981-04-17,,,,17,4,0,0,0
1981-04-20,,13.69,,20,4,0,0,0
1981-04-21,,13.73,,21,4,0,0,0
1981-04-22,,13.78,,22,4,0,0,0
1981-04-23,,13.8,,23,4,0,0,0
1981-04-24,,13.88,,24,4,0,0,0
1981-04-27,,13.92,,27,4,0,0,0
1981-04-28,,13.93,,28,4,0,0,0
1981-04-29,,14.05,,29,4,0,0,0
1981-04-30,,14.11,,30,4,1,0,0
1981-05-01,18.52,14.05,7.5,1,5,0,0,0
1981-05-04,,14.47,,4,5,0,0,0
1981-05-05,,14.69,,5,5,0,0,0
1981-05-06,,14.56,,6,5,0,0,0
1981-05-07,,14.33,,7,5,0,0,0
1981-05-08,,14.23,,8,5,0,0,0
1981-05-11,,14.34,,11,5,0,0,0
1981-05-12,,14.46,,12,5,0,0,0
1981-05-13,,14.49,,13,5,0,0,0
1981-05-14,,14.24,,14,5,0,0,0
1981-05-15,,14.07,,15,5,1,0,0
1981-05-18,,13.8,,18,5,0,0,0
1981-05-19,,13.95,,19,5,0,0,0
1981-05-20,,14.0,,20,5,0,0,0
1981-05-21,,14.05,,21,5,0,0,0
1981-05-22,,13.82,,22,5,0,0,0
1981-05-25,,,,25,5,0,0,0
1981-05-26,,13.67,,26,5,0,0,0
1981-05-27,,13.71,,27,5,0,0,0
1981-05-28,,13.56,,28,5,0,0,0
1981-05-29,,13.5,,29,5,0,0,0
1981-06-01,19.1,13.46,7.5,1,6,0,0,0
1981-06-02,,13.58,,2,6,0,0,0
1981-06-03,,13.55,,3,6,0,0,0
1981-06-04,,13.51,,4,6,0,0,0
1981-06-05,,13.56,,5,6,0,0,0
1981-06-08,,13.36,,8,6,0,0,0
1981-06-09,,13.37,,9,6,0,0,0
1981-06-10,,13.31,,10,6,0,0,0
1981-06-11,,13.32,,11,6,0,0,0
1981-06-12,,13.35,,12,6,0,0,0
1981-06-15,,13.09,,15,6,1,0,0
1981-06-16,,13.08,,16,6,0,0,0
1981-06-17,,13.23,,17,6,0,0,0
1981-06-18,,13.57,,18,6,0,0,0
1981-06-19,,13.46,,19,6,0,0,0
1981-06-22,,13.44,,22,6,0,0,0
1981-06-23,,13.56,,23,6,0,0,0
1981-06-24,,13.66,,24,6,0,0,0
1981-06-25,,13.7,,25,6,0,0,0
1981-06-26,,13.69,,26,6,0,0,0
1981-06-29,,13.68,,29,6,0,0,0
1981-06-30,,13.86,,30,6,1,1,0
1981-07-01,19.04,14.04,7.2,1,7,0,0,0
1981-07-02,,13.95,,2,7,0,0,0
1981-07-03,,,,3,7,0,0,0
1981-07-06,,13.81,,6,7,0,0,0
1981-07-07,,14.04,,7,7,0,0,0
1981-07-08,,14.11,,8,7,0,0,0
1981-07-09,,14.12,,9,7,0,0,0
1981-07-10,,13.94,,10,7,0,0,0
1981-07-13,,13.99,,13,7,0,0,0
1981-07-14,,14.15,,14,7,0,0,0
1981-07-15,,14.07,,15,7,1,0,0
1981-07-16,,14.11,,16,7,0,0,0
1981-07-17,,14.09,,17,7,0,0,0
1981-07-20,,14.59,,20,7,0,0,0
1981-07-21,,14.61,,21,7,0,0,0
1981-07-22,,14.63,,22,7,0,0,0
1981-07-23,,14.57,,23,7,0,0,0
1981-07-24,,14.41,,24,7,0,0,0
1981-07-27,,14.43,,27,7,0,0,0
1981-07-28,,14.53,,28,7,0,0,0
1981-07-29,,14.61,,29,7,0,0,0
1981-07-30,,14.71,,30,7,0,0,0
1981-07-31,,14.67,,31,7,1,0,0
1981-08-01,17.82,,7.4,1,8,0,0,0
1981-08-03,,14.95,,3,8,0,0,0
1981-08-04,,14.95,,4,8,0,0,0
1981-08-05,,14.91,,5,8,0,0,0
1981-08-06,,14.86,,6,8,0,0,0
1981-08-07,,14.83,,7,8,0,0,0
1981-08-10,,14.65,,10,8,0,0,0
1981-08-11,,14.4,,11,8,0,0,0
1981-08-12,,14.61,,12,8,0,0,0
1981-08-13,,14.65,,13,8,0,0,0
1981-08-14,,14.74,,14,8,0,0,0
1981-08-17,,14.71,,17,8,0,0,0
1981-08-18,,14.79,,18,8,0,0,0
1981-08-19,,14.77,,19,8,0,0,0
1981-08-20,,14.89,,20,8,0,0,0
1981-08-21,,14.97,,21,8,0,0,0
1981-08-24,,15.32,,24,8,0,0,0
1981-08-25,,15.35,,25,8,0,0,0
1981-08-26,,15.31,,26,8,0,0,0
1981-08-27,,15.36,,27,8,0,0,0
1981-08-28,,15.25,,28,8,0,0,0
1981-08-31,,15.41,,31,8,1,0,0
1981-09-01,15.87,15.41,7.6,1,9,0,0,0
1981-09-02,,15.4,,2,9,0,0,0
1981-09-03,,15.48,,3,9,0,0,0
1981-09-04,,15.51,,4,9,0,0,0
1981-09-07,,,,7,9,0,0,0
1981-09-08,,15.59,,8,9,0,0,0
1981-09-09,,15.53,,9,9,0,0,0
1981-09-10,,15.3,,10,9,0,0,0
1981-09-11,,15.05,,11,9,0,0,0
1981-09-14,,15.2,,14,9,0,0,0
1981-09-15,,15.08,,15,9,1,0,0
1981-09-16,,15.11,,16,9,0,0,0
1981-09-17,,14.95,,17,9,0,0,0
1981-09-18,,14.91,,18,9,0,0,0
1981-09-21,,14.78,,21,9,0,0,0
1981-09-22,,15.03,,22,9,0,0,0
1981-09-23,,15.23,,23,9,0,0,0
1981-09-24,,15.31,,24,9,0,0,0
1981-09-25,,15.68,,25,9,0,0,0
1981-09-28,,15.65,,28,9,0,0,0
1981-09-29,,15.76,,29,9,0,0,0
1981-09-30,,15.84,,30,9,1,1,0
1981-10-01,15.08,15.75,7.9,1,10,0,0,0
1981-10-02,,15.41,,2,10,0,0,0
1981-10-05,,15.19,,5,10,0,0,0
1981-10-06,,15.14,,6,10,0,0,0
1981-10-07,,15.04,,7,10,0,0,0
1981-10-08,,15.0,,8,10,0,0,0
1981-10-09,,14.73,,9,10,0,0,0
1981-10-12,,,,12,10,0,0,0
1981-10-13,,14.83,,13,10,0,0,0
1981-10-14,,14.87,,14,10,0,0,0
1981-10-15,,14.88,,15,10,1,0,0
1981-10-16,,14.94,,16,10,0,0,0
1981-10-19,,14.95,,19,10,0,0,0
1981-10-20,,15.09,,20,10,0,0,0
1981-10-21,,15.34,,21,10,0,0,0
1981-10-22,,15.38,,22,10,0,0,0
1981-10-23,,15.3,,23,10,0,0,0
1981-10-26,,15.6,,26,10,0,0,0
1981-10-27,,15.54,,27,10,0,0,0
1981-10-28,,15.44,,28,10,0,0,0
1981-10-29,,15.06,,29,10,0,0,0
1981-10-30,,14.63,,30,10,0,0,0
1981-11-01,13.31,,8.3,1,11,0,0,0
1981-11-02,,14.57,,2,11,0,0,0
1981-11-03,,,,3,11,0,0,0
1981-11-04,,14.18,,4,11,0,0,0
1981-11-05,,14.19,,5,11,0,0,0
1981-11-06,,13.94,,6,11,0,0,0
1981-11-09,,13.39,,9,11,0,0,0
1981-11-10,,13.4,,10,11,0,0,0
1981-11-11,,,,11,11,0,0,0
1981-11-12,,13.19,,12,11,0,0,0
1981-11-13,,13.18,,13,11,0,0,0
1981-11-16,,13.07,,16,11,0,0,0
1981-11-17,,13.18,,17,11,0,0,0
1981-11-18,,13.0,,18,11,0,0,0
1981-11-19,,13.04,,19,11,0,0,0
1981-11-20,,13.14,,20,11,0,0,0
1981-11-23,,13.44,,23,11,0,0,0
1981-11-24,,13.13,,24,11,0,0,0
1981-11-25,,12.98,,25,11,0,0,0
1981-11-26,,,,26,11,0,0,0
1981-11-27,,12.92,,27,11,0,0,0
1981-11-30,,13.13,,30,11,1,0,0
1981-12-01,12.37,13.37,8.5,1,12,0,0,0
1981-12-02,,13.49,,2,12,0,0,0
1981-12-03,,13.45,,3,12,0,0,0
1981-12-04,,13.15,,4,12,0,0,0
1981-12-07,,13.5,,7,12,0,0,0
1981-12-08,,13.5,,8,12,0,0,0
1981-12-09,,13.64,,9,12,0,0,0
1981-12-10,,13.8,,10,12,0,0,0
1981-12-11,,13.84,,11,12,0,0,0
1981-12-14,,13.62,,14,12,0,0,0
1981-12-15,,13.55,,15,12,1,0,0
1981-12-16,,13.53,,16,12,0,0,0
1981-12-17,,13.71,,17,12,0,0,0
1981-12-18,,13.51,,18,12,0,0,0
1981-12-21,,13.83,,21,12,0,0,0
1981-12-22,,14.02,,22,12,0,0,0
1981-12-23,,14.14,,23,12,0,0,0
1981-12-24,,14.01,,24,12,0,0,0
1981-12-25,,,,25,12,0,0,0
1981-12-28,,14.01,,28,12,0,0,0
1981-12-29,,14.12,,29,12,0,0,0
1981-12-30,,14.17,,30,12,0,0,0
1981-12-31,,13.98,,31,12,1,1,0
1982-01-01,13.22,,8.6,1,1,0,0,0
1982-01-04,,14.19,,4,1,0,0,0
1982-01-05,,14.44,,5,1,0,0,0
1982-01-06,,14.59,,6,1,0,0,0
1982-01-07,,14.63,,7,1,0,0,0
1982-01-08,,14.48,,8,1,0,0,0
1982-01-11,,14.81,,11,1,0,0,0
1982-01-12,,14.62,,12,1,0,0,0
1982-01-13,,14.83,,13,1,0,0,0
1982-01-14,,14.7,,14,1,0,0,0
1982-01-15,,14.82,,15,1,1,0,0
1982-01-18,,14.75,,18,1,0,0,0
1982-01-19,,14.8,,19,1,0,0,0
1982-01-20,,14.81,,20,1,0,0,0
1982-01-21,,14.62,,21,1,0,0,0
1982-01-22,,14.69,,22,1,0,0,0
1982-01-25,,14.62,,25,1,0,0,0
1982-01-26,,14.54,,26,1,0,0,0
1982-01-27,,14.51,,27,1,0,0,0
1982-01-28,,14.29,,28,1,0,0,0
1982-01-29,,14.14,,29,1,0,0,0
1982-02-01,14.78,14.58,8.9,1,2,0,0,0
1982-02-02,,14.47,,2,2,0,0,0
1982-02-03,,14.69,,3,2,0,0,0
1982-02-04,,14.76,,4,2,0,0,0
1982-02-05,,14.65,,5,2,0,0,0
1982-02-08,,14.88,,8,2,0,0,0
1982-02-09,,14.95,,9,2,0,0,0
1982-02-10,,14.81,,10,2,0,0,0
1982-02-11,,14.71,,11,2,0,0,0
1982-02-12,,,,12,2,0,0,0
1982-02-15,,,,15,2,1,0,0
1982-02-16,,14.53,,16,2,0,0,0
1982-02-17,,14.5,,17,2,0,0,0
1982-02-18,,14.28,,18,2,0,0,0
1982-02-19,,14.24,,19,2,0,0,0
1982-02-22,,13.87,,22,2,0,0,0
1982-02-23,,13.93,,23,2,0,0,0
1982-02-24,,13.87,,24,2,0,0,0
1982-02-25,,13.91,,25,2,0,0,0
1982-02-26,,14.03,,26,2,0,0,0
1982-03-01,14.68,13.85,9.0,1,3,0,0,0
1982-03-02,,13.74,,2,3,0,0,0
1982-03-03,,13.69,,3,3,0,0,0
1982-03-04,,13.61,,4,3,0,0,0
1982-03-05,,13.59,,5,3,0,0,0
1982-03-08,,13.67,,8,3,0,0,0
1982-03-09,,13.69,,9,3,0,0,0
1982-03-10,,13.73,,10,3,0,0,0
1982-03-11,,13.95,,11,3,0,0,0
1982-03-12,,13.97,,12,3,0,0,0
1982-03-15,,13.96,,15,3,1,0,0
1982-03-16,,13.91,,16,3,0,0,0
1982-03-17,,13.88,,17,3,0,0,0
1982-03-18,,13.87,,18,3,0,0,0
1982-03-19,,13.89,,19,3,0,0,0
1982-03-22,,13.74,,22,3,0,0,0
1982-03-23,,13.72,,23,3,0,0,0
1982-03-24,,13.91,,24,3,0,0,0
1982-03-25,,13.9,,25,3,0,0,0
1982-03-26,,14.01,,26,3,0,0,0
1982-03-29,,14.16,,29,3,0,0,0
1982-03-30,,14.19,,30,3,0,0,0
1982-03-31,,14.18,,31,3,1,1,0
1982-04-01,14.94,14.1,9.3,1,4,0,0,0
1982-04-02,,14.1,,2,4,0,0,0
1982-04-05,,14.16,,5,4,0,0,0
1982-04-06,,14.18,,6,4,0,0,0
1982-04-07,,14.18,,7,4,0,0,0
1982-04-08,,13.98,,8,4,0,0,0
1982-04-09,,,,9,4,0,0,0
1982-04-12,,13.83,,12,4,0,0,0
1982-04-13,,13.83,,13,4,0,0,0
1982-04-14,,13.95,,14,4,0,0,0
1982-04-15,,13.91,,15,4,1,0,0
1982-04-16,,13.71,,16,4,0,0,0
1982-04-19,,13.66,,19,4,0,0,0
1982-04-20,,13.72,,20,4,0,0,0
1982-04-21,,13.69,,21,4,0,0,0
1982-04-22,,13.71,,22,4,0,0,0
1982-04-23,,13.69,,23,4,0,0,0
1982-04-26,,13.7,,26,4,0,0,0
1982-04-27,,13.7,,27,4,0,0,0
1982-04-28,,13.77,,28,4,0,0,0
1982-04-29,,13.87,,29,4,0,0,0
1982-04-30,,13.87,,30,4,1,0,0
1982-05-01,14.45,,9.4,1,5,0,0,0
1982-05-03,,13.95,,3,5,0,0,0
1982-05-04,,13.87,,4,5,0,0,0
1982-05-05,,13.8,,5,5,0,0,0
1982-05-06,,13.54,,6,5,0,0,0
1982-05-07,,13.48,,7,5,0,0,0
1982-05-10,,13.49,,10,5,0,0,0
1982-05-11,,13.46,,11,5,0,0,0
1982-05-12,,13.59,,12,5,0,0,0
1982-05-13,,13.62,,13,5,0,0,0
1982-05-14,,13.48,,14,5,0,0,0
1982-05-17,,13.57,,17,5,0,0,0
1982-05-18,,13.6,,18,5,0,0,0
1982-05-19,,13.64,,19,5,0,0,0
1982-05-20,,13.53,,20,5,0,0,0
1982-05-21,,13.52,,21,5,0,0,0
1982-05-24,,13.58,,24,5,0,0,0
1982-05-25,,13.62,,25,5,0,0,0
1982-05-26,,13.68,,26,5,0,0,0
1982-05-27,,13.72,,27,5,0,0,0
1982-05-28,,13.71,,28,5,0,0,0
1982-05-31,,,,31,5,1,0,0
1982-06-01,14.15,13.93,9.6,1,6,0,0,0
1982-06-02,,13.86,,2,6,0,0,0
1982-06-03,,13.9,,3,6,0,0,0
1982-06-04,,13.98,,4,6,0,0,0
1982-06-07,,13.94,,7,6,0,0,0
1982-06-08,,13.98,,8,6,0,0,0
1982-06-09,,13.99,,9,6,0,0,0
1982-06-10,,14.02,,10,6,0,0,0
1982-06-11,,13.93,,11,6,0,0,0
1982-06-14,,14.21,,14,6,0,0,0
1982-06-15,,14.21,,15,6,1,0,0
1982-06-16,,14.26,,16,6,0,0,0
1982-06-17,,14.48,,17,6,0,0,0
1982-06-18,,14.62,,18,6,0,0,0
1982-06-21,,14.63,,21,6,0,0,0
1982-06-22,,14.66,,22,6,0,0,0
1982-06-23,,14.74,,23,6,0,0,0
1982-06-24,,14.71,,24,6,0,0,0
1982-06-25,,14.76,,25,6,0,0,0
1982-06-28,,14.73,,28,6,0,0,0
1982-06-29,,14.61,,29,6,0,0,0
1982-06-30,,14.44,,30,6,1,1,0
1982-07-01,12.59,14.4,9.8,1,7,0,0,0
1982-07-02,,14.5,,2,7,0,0,0
1982-07-05,,,,5,7,0,0,0
1982-07-06,,14.48,,6,7,0,0,0
1982-07-07,,14.49,,7,7,0,0,0
1982-07-08,,14.19,,8,7,0,0,0
1982-07-09,,14.03,,9,7,0,0,0
1982-07-12,,13.87,,12,7,0,0,0
1982-07-13,,14.02,,13,7,0,0,0
1982-07-14,,14.1,,14,7,0,0,0
1982-07-15,,13.96,,15,7,1,0,0
1982-07-16,,13.7,,16,7,0,0,0
1982-07-19,,13.68,,19,7,0,0,0
1982-07-20,,13.53,,20,7,0,0,0
1982-07-21,,13.6,,21,7,0,0,0
1982-07-22,,13.51,,22,7,0,0,0
1982-07-23,,13.56,,23,7,0,0,0
1982-07-26,,13.91,,26,7,0,0,0
1982-07-27,,13.86,,27,7,0,0,0
1982-07-28,,13.97,,28,7,0,0,0
1982-07-29,,13.83,,29,7,0,0,0
1982-07-30,,13.68,,30,7,0,0,0
1982-08-01,10.12,,9.8,1,8,0,0,0
1982-08-02,,13.41,,2,8,0,0,0
1982-08-03,,13.51,,3,8,0,0,0
1982-08-04,,13.68,,4,8,0,0,0
1982-08-05,,13.7,,5,8,0,0,0
1982-08-06,,13.85,,6,8,0,0,0
1982-08-09,,13.7,,9,8,0,0,0
1982-08-10,,13.69,,10,8,0,0,0
1982-08-11,,13.71,,11,8,0,0,0
1982-08-12,,13.55,,12,8,0,0,0
1982-08-13,,13.2,,13,8,0,0,0
1982-08-16,,13.09,,16,8,0,0,0
1982-08-17,,12.65,,17,8,0,0,0
1982-08-18,,12.57,,18,8,0,0,0
1982-08-19,,12.47,,19,8,0,0,0
1982-08-20,,12.24,,20,8,0,0,0
1982-08-23,,12.47,,23,8,0,0,0
1982-08-24,,12.35,,24,8,0,0,0
1982-08-25,,12.43,,25,8,0,0,0
1982-08-26,,12.55,,26,8,0,0,0
1982-08-27,,12.77,,27,8,0,0,0
1982-08-30,,12.81,,30,8,0,0,0
1982-08-31,,12.81,,31,8,1,0,0
1982-09-01,10.31,12.76,10.1,1,9,0,0,0
1982-09-02,,12.6,,2,9,0,0,0
1982-09-03,,12.47,,3,9,0,0,0
1982-09-06,,,,6,9,0,0,0
1982-09-07,,12.53,,7,9,0,0,0
1982-09-08,,12.51,,8,9,0,0,0
1982-09-09,,12.53,,9,9,0,0,0
1982-09-10,,12.73,,10,9,0,0,0
1982-09-13,,12.63,,13,9,0,0,0
1982-09-14,,12.56,,14,9,0,0,0
1982-09-15,,12.6,,15,9,1,0,0
1982-09-16,,12.6,,16,9,0,0,0
1982-09-17,,12.51,,17,9,0,0,0
1982-09-20,,12.47,,20,9,0,0,0
1982-09-21,,12.18,,21,9,0,0,0
1982-09-22,,12.04,,22,9,0,0,0
1982-09-23,,11.94,,23,9,0,0,0
1982-09-24,,12.09,,24,9,0,0,0
1982-09-27,,11.99,,27,9,0,0,0
1982-09-28,,11.85,,28,9,0,0,0
1982-09-29,,11.8,,29,9,0,0,0
1982-09-30,,11.73,,30,9,1,1,0
1982-10-01,9.71,11.51,10.4,1,10,0,0,0
1982-10-04,,11.72,,4,10,0,0,0
1982-10-05,,11.69,,5,10,0,0,0
1982-10-06,,11.5,,6,10,0,0,0
1982-10-07,,10.91,,7,10,0,0,0
1982-10-08,,10.83,,8,10,0,0,0
1982-10-11,,,,11,10,0,0,0
1982-10-12,,10.53,,12,10,0,0,0
1982-10-13,,10.39,,13,10,0,0,0
1982-10-14,,10.61,,14,10,0,0,0
1982-10-15,,10.75,,15,10,1,0,0
1982-10-18,,10.58,,18,10,0,0,0
1982-10-19,,10.56,,19,10,0,0,0
1982-10-20,,10.69,,20,10,0,0,0
1982-10-21,,10.69,,21,10,0,0,0
1982-10-22,,10.81,,22,10,0,0,0
1982-10-25,,11.11,,25,10,0,0,0
1982-10-26,,10.87,,26,10,0,0,0
1982-10-27,,10.9,,27,10,0,0,0
1982-10-28,,10.77,,28,10,0,0,0
1982-10-29,,10.71,,29,10,0,0,0
1982-11-01,9.2,10.56,10.8,1,11,0,0,0
1982-11-02,,,,2,11,0,0,0
1982-11-03,,10.46,,3,11,0,0,0
1982-11-04,,10.42,,4,11,0,0,0
1982-11-05,,10.48,,5,11,0,0,0
1982-11-08,,10.55,,8,11,0,0,0
1982-11-09,,10.51,,9,11,0,0,0
1982-11-10,,10.48,,10,11,0,0,0
1982-11-11,,,,11,11,0,0,0
1982-11-12,,10.58,,12,11,0,0,0
1982-11-15,,10.65,,15,11,1,0,0
1982-11-16,,10.67,,16,11,0,0,0
1982-11-17,,10.59,,17,11,0,0,0
1982-11-18,,10.46,,18,11,0,0,0
1982-11-19,,10.42,,19,11,0,0,0
1982-11-22,,10.43,,22,11,0,0,0
1982-11-23,,10.53,,23,11,0,0,0
1982-11-24,,10.59,,24,11,0,0,0
1982-11-25,,,,25,11,0,0,0
1982-11-26,,10.51,,26,11,0,0,0
1982-11-29,,10.78,,29,11,0,0,0
1982-11-30,,10.79,,30,11,1,0,0
1982-12-01,8.95,10.74,10.8,1,12,0,0,0
1982-12-02,,10.68,,2,12,0,0,0
1982-12-03,,10.47,,3,12,0,0,0
1982-12-06,,10.46,,6,12,0,0,0
1982-12-07,,10.48,,7,12,0,0,0
1982-12-08,,10.62,,8,12,0,0,0
1982-12-09,,10.58,,9,12,0,0,0
1982-12-10,,10.66,,10,12,0,0,0
1982-12-13,,10.61,,13,12,0,0,0
1982-12-14,,10.46,,14,12,0,0,0
1982-12-15,,10.5,,15,12,1,0,0
1982-12-16,,10.59,,16,12,0,0,0
1982-12-17,,10.64,,17,12,0,0,0
1982-12-20,,10.7,,20,12,0,0,0
1982-12-21,,10.54,,21,12,0,0,0
1982-12-22,,10.53,,22,12,0,0,0
1982-12-23,,10.47,,23,12,0,0,0
1982-12-24,,,,24,12,0,0,0
1982-12-27,,10.44,,27,12,0,0,0
1982-12-28,,10.44,,28,12,0,0,0
1982-12-29,,10.47,,29,12,0,0,0
1982-12-30,,10.44,,30,12,0,0,0
1982-12-31,,10.36,,31,12,1,1,0
1983-01-01,8.68,,10.4,1,1,0,0,0
1983-01-03,,10.32,,3,1,0,0,0
1983-01-04,,10.37,,4,1,0,0,0
1983-01-05,,10.35,,5,1,0,0,0
1983-01-06,,10.39,,6,1,0,0,0
1983-01-07,,10.36,,7,1,0,0,0
1983-01-10,,10.38,,10,1,0,0,0
1983-01-11,,10.34,,11,1,0,0,0
1983-01-12,,10.32,,12,1,0,0,0
1983-01-13,,10.27,,13,1,0,0,0
1983-01-14,,10.28,,14,1,0,0,0
1983-01-17,,10.28,,17,1,0,0,0
1983-01-18,,10.3,,18,1,0,0,0
1983-01-19,,10.41,,19,1,0,0,0
1983-01-20,,10.43,,20,1,0,0,0
1983-01-21,,10.61,,21,1,0,0,0
1983-01-24,,10.7,,24,1,0,0,0
1983-01-25,,10.62,,25,1,0,0,0
1983-01-26,,10.69,,26,1,0,0,0
1983-01-27,,10.67,,27,1,0,0,0
1983-01-28,,10.71,,28,1,0,0,0
1983-01-31,,10.8,,31,1,1,0,0
1983-02-01,8.51,10.78,10.4,1,2,0,0,0
1983-02-02,,10.88,,2,2,0,0,0
1983-02-03,,10.93,,3,2,0,0,0
1983-02-04,,10.99,,4,2,0,0,0
1983-02-07,,10.96,,7,2,0,0,0
1983-02-08,,10.99,,8,2,0,0,0
1983-02-09,,11.0,,9,2,0,0,0
1983-02-10,,10.83,,10,2,0,0,0
1983-02-11,,10.8,,11,2,0,0,0
1983-02-14,,10.8,,14,2,0,0,0
1983-02-15,,10.84,,15,2,1,0,0
1983-02-16,,10.81,,16,2,0,0,0
1983-02-17,,10.71,,17,2,0,0,0
1983-02-18,,10.6,,18,2,0,0,0
1983-02-21,,,,21,2,0,0,0
1983-02-22,,10.46,,22,2,0,0,0
1983-02-23,,10.44,,23,2,0,0,0
1983-02-24,,10.42,,24,2,0,0,0
1983-02-25,,10.26,,25,2,0,0,0
1983-02-28,,10.27,,28,2,1,0,0
1983-03-01,8.77,10.22,10.3,1,3,0,0,0
1983-03-02,,10.26,,2,3,0,0,0
1983-03-03,,10.23,,3,3,0,0,0
1983-03-04,,10.27,,4,3,0,0,0
1983-03-07,,10.43,,7,3,0,0,0
1983-03-08,,10.52,,8,3,0,0,0
1983-03-09,,10.48,,9,3,0,0,0
1983-03-10,,10.55,,10,3,0,0,0
1983-03-11,,10.59,,11,3,0,0,0
1983-03-14,,10.48,,14,3,0,0,0
1983-03-15,,10.46,,15,3,1,0,0
1983-03-16,,10.53,,16,3,0,0,0
1983-03-17,,10.56,,17,3,0,0,0
1983-03-18,,10.58,,18,3,0,0,0
1983-03-21,,10.6,,21,3,0,0,0
1983-03-22,,10.62,,22,3,0,0,0
1983-03-23,,10.58,,23,3,0,0,0
1983-03-24,,10.58,,24,3,0,0,0
1983-03-25,,10.64,,25,3,0,0,0
1983-03-28,,10.66,,28,3,0,0,0
1983-03-29,,10.6,,29,3,0,0,0
1983-03-30,,10.59,,30,3,0,0,0
1983-03-31,,10.62,,31,3,1,1,0
1983-04-01,8.8,,10.2,1,4,0,0,0
1983-04-04,,10.6,,4,4,0,0,0
1983-04-05,,10.49,,5,4,0,0,0
1983-04-06,,10.49,,6,4,0,0,0
1983-04-07,,10.51,,7,4,0,0,0
1983-04-08,,10.51,,8,4,0,0,0
1983-04-11,,10.41,,11,4,0,0,0
1983-04-12,,10.42,,12,4,0,0,0
1983-04-13,,10.39,,13,4,0,0,0
1983-04-14,,10.29,,14,4,0,0,0
1983-04-15,,10.33,,15,4,1,0,0
1983-04-18,,10.29,,18,4,0,0,0
1983-04-19,,10.39,,19,4,0,0,0
1983-04-20,,10.39,,20,4,0,0,0
1983-04-21,,10.43,,21,4,0,0,0
1983-04-22,,10.42,,22,4,0,0,0
1983-04-25,,10.4,,25,4,0,0,0
1983-04-26,,10.37,,26,4,0,0,0
1983-04-27,,10.29,,27,4,0,0,0
1983-04-28,,10.31,,28,4,0,0,0
1983-04-29,,10.27,,29,4,0,0,0
1983-05-01,8.63,,10.1,1,5,0,0,0
1983-05-02,,10.26,,2,5,0,0,0
1983-05-03,,10.26,,3,5,0,0,0
1983-05-04,,10.12,,4,5,0,0,0
1983-05-05,,10.16,,5,5,0,0,0
1983-05-06,,10.13,,6,5,0,0,0
1983-05-09,,10.25,,9,5,0,0,0
1983-05-10,,10.16,,10,5,0,0,0
1983-05-11,,10.18,,11,5,0,0,0
1983-05-12,,10.23,,12,5,0,0,0
1983-05-13,,10.22,,13,5,0,0,0
1983-05-16,,10.37,,16,5,0,0,0
1983-05-17,,10.41,,17,5,0,0,0
1983-05-18,,10.43,,18,5,0,0,0
1983-05-19,,10.49,,19,5,0,0,0
1983-05-20,,10.54,,20,5,0,0,0
1983-05-23,,10.57,,23,5,0,0,0
1983-05-24,,10.56,,24,5,0,0,0
1983-05-25,,10.58,,25,5,0,0,0
1983-05-26,,10.63,,26,5,0,0,0
1983-05-27,,10.62,,27,5,0,0,0
1983-05-30,,,,30,5,0,0,0
1983-05-31,,10.81,,31,5,1,0,0
1983-06-01,8.98,10.77,10.1,1,6,0,0,0
1983-06-02,,10.78,,2,6,0,0,0
1983-06-03,,10.79,,3,6,0,0,0
1983-06-06,,10.79,,6,6,0,0,0
1983-06-07,,10.85,,7,6,0,0,0
1983-06-08,,10.92,,8,6,0,0,0
1983-06-09,,10.88,,9,6,0,0,0
1983-06-10,,10.89,,10,6,0,0,0
1983-06-13,,10.75,,13,6,0,0,0
1983-06-14,,10.77,,14,6,0,0,0
1983-06-15,,10.72,,15,6,1,0,0
1983-06-16,,10.64,,16,6,0,0,0
1983-06-17,,10.68,,17,6,0,0,0
1983-06-20,,10.8,,20,6,0,0,0
1983-06-21,,10.79,,21,6,0,0,0
1983-06-22,,10.83,,22,6,0,0,0
1983-06-23,,10.9,,23,6,0,0,0
1983-06-24,,11.02,,24,6,0,0,0
1983-06-27,,11.11,,27,6,0,0,0
1983-06-28,,11.04,,28,6,0,0,0
1983-06-29,,10.99,,29,6,0,0,0
1983-06-30,,10.96,,30,6,1,1,0
1983-07-01,9.37,10.93,9.4,1,7,0,0,0
1983-07-04,,,,4,7,0,0,0
1983-07-05,,11.21,,5,7,0,0,0
1983-07-06,,11.16,,6,7,0,0,0
1983-07-07,,11.29,,7,7,0,0,0
1983-07-08,,11.33,,8,7,0,0,0
1983-07-11,,11.28,,11,7,0,0,0
1983-07-12,,11.42,,12,7,0,0,0
1983-07-13,,11.4,,13,7,0,0,0
1983-07-14,,11.38,,14,7,0,0,0
1983-07-15,,11.51,,15,7,1,0,0
1983-07-18,,11.41,,18,7,0,0,0
1983-07-19,,11.36,,19,7,0,0,0
1983-07-20,,11.28,,20,7,0,0,0
1983-07-21,,11.32,,21,7,0,0,0
1983-07-22,,11.43,,22,7,0,0,0
1983-07-25,,11.41,,25,7,0,0,0
1983-07-26,,11.49,,26,7,0,0,0
1983-07-27,,11.51,,27,7,0,0,0
1983-07-28,,11.66,,28,7,0,0,0
1983-07-29,,11.76,,29,7,0,0,0
1983-08-01,9.56,11.8,9.5,1,8,0,0,0
1983-08-02,,11.82,,2,8,0,0,0
1983-08-03,,11.92,,3,8,0,0,0
1983-08-04,,12.12,,4,8,0,0,0
1983-08-05,,12.1,,5,8,0,0,0
1983-08-08,,12.2,,8,8,0,0,0
1983-08-09,,12.13,,9,8,0,0,0
1983-08-10,,12.17,,10,8,0,0,0
1983-08-11,,12.04,,11,8,0,0,0
1983-08-12,,11.96,,12,8,0,0,0
1983-08-15,,11.76,,15,8,1,0,0
1983-08-16,,11.71,,16,8,0,0,0
1983-08-17,,11.65,,17,8,0,0,0
1983-08-18,,11.7,,18,8,0,0,0
1983-08-19,,11.72,,19,8,0,0,0
1983-08-22,,11.54,,22,8,0,0,0
1983-08-23,,11.57,,23,8,0,0,0
1983-08-24,,11.54,,24,8,0,0,0
1983-08-25,,11.62,,25,8,0,0,0
1983-08-26,,11.65,,26,8,0,0,0
1983-08-29,,11.86,,29,8,0,0,0
1983-08-30,,11.9,,30,8,0,0,0
1983-08-31,,11.98,,31,8,1,0,0
1983-09-01,9.45,11.97,9.2,1,9,0,0,0
1983-09-02,,12.01,,2,9,0,0,0
1983-09-05,,,,5,9,0,0,0
1983-09-06,,11.85,,6,9,0,0,0
1983-09-07,,11.7,,7,9,0,0,0
1983-09-08,,11.77,,8,9,0,0,0
1983-09-09,,11.73,,9,9,0,0,0
1983-09-12,,11.56,,12,9,0,0,0
1983-09-13,,11.63,,13,9,0,0,0
1983-09-14,,11.76,,14,9,0,0,0
1983-09-15,,11.82,,15,9,1,0,0
1983-09-16,,11.68,,16,9,0,0,0
1983-09-19,,11.66,,19,9,0,0,0
1983-09-20,,11.57,,20,9,0,0,0
1983-09-21,,11.64,,21,9,0,0,0
1983-09-22,,11.6,,22,9,0,0,0
1983-09-23,,11.49,,23,9,0,0,0
1983-09-26,,11.41,,26,9,0,0,0
1983-09-27,,11.45,,27,9,0,0,0
1983-09-28,,11.49,,28,9,0,0,0
1983-09-29,,11.5,,29,9,0,0,0
1983-09-30,,11.44,,30,9,1,1,0
1983-10-01,9.48,,8.8,1,10,0,0,0
1983-10-03,,11.47,,3,10,0,0,0
1983-10-04,,11.46,,4,10,0,0,0
1983-10-05,,11.35,,5,10,0,0,0
1983-10-06,,11.31,,6,10,0,0,0
1983-10-07,,11.33,,7,10,0,0,0
1983-10-10,,,,10,10,0,0,0
1983-10-11,,11.57,,11,10,0,0,0
1983-10-12,,11.59,,12,10,0,0,0
1983-10-13,,11.65,,13,10,0,0,0
1983-10-14,,11.58,,14,10,0,0,0
1983-10-17,,11.47,,17,10,0,0,0
1983-10-18,,11.49,,18,10,0,0,0
1983-10-19,,11.49,,19,10,0,0,0
1983-10-20,,11.47,,20,10,0,0,0
1983-10-21,,11.43,,21,10,0,0,0
1983-10-24,,11.66,,24,10,0,0,0
1983-10-25,,11.7,,25,10,0,0,0
1983-10-26,,11.72,,26,10,0,0,0
1983-10-27,,11.66,,27,10,0,0,0
1983-10-28,,11.68,,28,10,0,0,0
1983-10-31,,11.74,,31,10,1,0,0
1983-11-01,9.34,11.69,8.5,1,11,0,0,0
1983-11-02,,11.7,,2,11,0,0,0
1983-11-03,,11.75,,3,11,0,0,0
1983-11-04,,11.85,,4,11,0,0,0
1983-11-07,,11.85,,7,11,0,0,0
1983-11-08,,,,8,11,0,0,0
1983-11-09,,11.84,,9,11,0,0,0
1983-11-10,,11.71,,10,11,0,0,0
1983-11-11,,,,11,11,0,0,0
1983-11-14,,11.68,,14,11,0,0,0
1983-11-15,,11.7,,15,11,1,0,0
1983-11-16,,11.7,,16,11,0,0,0
1983-11-17,,11.72,,17,11,0,0,0
1983-11-18,,11.72,,18,11,0,0,0
1983-11-21,,11.65,,21,11,0,0,0
1983-11-22,,11.57,,22,11,0,0,0
1983-11-23,,11.59,,23,11,0,0,0
1983-11-24,,,,24,11,0,0,0
1983-11-25,,11.55,,25,11,0,0,0
1983-11-28,,11.63,,28,11,0,0,0
1983-11-29,,11.58,,29,11,0,0,0
1983-11-30,,11.63,,30,11,1,0,0
1983-12-01,9.47,11.63,8.3,1,12,0,0,0
1983-12-02,,11.75,,2,12,0,0,0
1983-12-05,,11.78,,5,12,0,0,0
1983-12-06,,11.76,,6,12,0,0,0
1983-12-07,,11.79,,7,12,0,0,0
1983-12-08,,11.89,,8,12,0,0,0
1983-12-09,,11.9,,9,12,0,0,0
1983-12-12,,11.87,,12,12,0,0,0
1983-12-13,,11.95,,13,12,0,0,0
1983-12-14,,11.97,,14,12,0,0,0
1983-12-15,,11.96,,15,12,1,0,0
1983-12-16,,11.88,,16,12,0,0,0
1983-12-19,,11.87,,19,12,0,0,0
1983-12-20,,11.86,,20,12,0,0,0
1983-12-21,,11.83,,21,12,0,0,0
1983-12-22,,11.77,,22,12,0,0,0
1983-12-23,,11.79,,23,12,0,0,0
1983-12-26,,,,26,12,0,0,0
1983-12-27,,11.75,,27,12,0,0,0
1983-12-28,,11.81,,28,12,0,0,0
1983-12-29,,11.79,,29,12,0,0,0
1983-12-30,,11.82,,30,12,0,0,0
1984-01-01,9.56,,8.0,1,1,0,0,0
1984-01-02,,,,2,1,0,0,0
1984-01-03,,11.86,,3,1,0,0,0
1984-01-04,,11.78,,4,1,0,0,0
1984-01-05,,11.77,,5,1,0,0,0
1984-01-06,,11.73,,6,1,0,0,0
1984-01-09,,11.75,,9,1,0,0,0
1984-01-10,,11.71,,10,1,0,0,0
1984-01-11,,11.76,,11,1,0,0,0
1984-01-12,,11.76,,12,1,0,0,0
1984-01-13,,11.59,,13,1,0,0,0
1984-01-16,,11.54,,16,1,0,0,0
1984-01-17,,11.57,,17,1,0,0,0
1984-01-18,,11.61,,18,1,0,0,0
1984-01-19,,11.6,,19,1,0,0,0
1984-01-20,,11.64,,20,1,0,0,0
1984-01-23,,11.63,,23,1,0,0,0
1984-01-24,,11.63,,24,1,0,0,0
1984-01-25,,11.64,,25,1,0,0,0
1984-01-26,,11.63,,26,1,0,0,0
1984-01-27,,11.63,,27,1,0,0,0
1984-01-30,,11.66,,30,1,0,0,0
1984-01-31,,11.67,,31,1,1,0,0
1984-02-01,9.59,11.64,7.8,1,2,0,0,0
1984-02-02,,11.6,,2,2,0,0,0
1984-02-03,,11.6,,3,2,0,0,0
1984-02-06,,11.7,,6,2,0,0,0
1984-02-07,,11.71,,7,2,0,0,0
1984-02-08,,11.72,,8,2,0,0,0
1984-02-09,,11.73,,9,2,0,0,0
1984-02-10,,11.83,,10,2,0,0,0
1984-02-13,,,,13,2,0,0,0
1984-02-14,,11.85,,14,2,0,0,0
1984-02-15,,11.81,,15,2,1,0,0
1984-02-16,,11.83,,16,2,0,0,0
1984-02-17,,11.92,,17,2,0,0,0
1984-02-20,,,,20,2,0,0,0
1984-02-21,,11.91,,21,2,0,0,0
1984-02-22,,11.93,,22,2,0,0,0
1984-02-23,,12.05,,23,2,0,0,0
1984-02-24,,11.99,,24,2,0,0,0
1984-02-27,,12.05,,27,2,0,0,0
1984-02-28,,12.09,,28,2,0,0,0
1984-02-29,,12.04,,29,2,1,0,0
1984-03-01,9.91,12.07,7.8,1,3,0,0,0
1984-03-02,,11.99,,2,3,0,0,0
1984-03-05,,12.07,,5,3,0,0,0
1984-03-06,,12.09,,6,3,0,0,0
1984-03-07,,12.22,,7,3,0,0,0
1984-03-08,,12.24,,8,3,0,0,0
1984-03-09,,12.28,,9,3,0,0,0
1984-03-12,,12.24,,12,3,0,0,0
1984-03-13,,12.27,,13,3,0,0,0
1984-03-14,,12.31,,14,3,0,0,0
1984-03-15,,12.31,,15,3,1,0,0
1984-03-16,,12.34,,16,3,0,0,0
1984-03-19,,12.45,,19,3,0,0,0
1984-03-20,,12.44,,20,3,0,0,0
1984-03-21,,12.45,,21,3,0,0,0
1984-03-22,,12.49,,22,3,0,0,0
1984-03-23,,12.48,,23,3,0,0,0
1984-03-26,,12.46,,26,3,0,0,0
1984-03-27,,12.46,,27,3,0,0,0
1984-03-28,,12.42,,28,3,0,0,0
1984-03-29,,12.41,,29,3,0,0,0
1984-03-30,,12.53,,30,3,0,0,0
1984-04-01,10.29,,7.7,1,4,0,0,0
1984-04-02,,12.56,,2,4,0,0,0
1984-04-03,,12.65,,3,4,0,0,0
1984-04-04,,12.67,,4,4,0,0,0
1984-04-05,,12.65,,5,4,0,0,0
1984-04-06,,12.51,,6,4,0,0,0
1984-04-09,,12.47,,9,4,0,0,0
1984-04-10,,12.52,,10,4,0,0,0
1984-04-11,,12.5,,11,4,0,0,0
1984-04-12,,12.4,,12,4,0,0,0
1984-04-13,,12.57,,13,4,0,0,0
1984-04-16,,12.61,,16,4,0,0,0
1984-04-17,,12.57,,17,4,0,0,0
1984-04-18,,12.7,,18,4,0,0,0
1984-04-19,,12.77,,19,4,0,0,0
1984-04-20,,,,20,4,0,0,0
1984-04-23,,12.8,,23,4,0,0,0
1984-04-24,,12.75,,24,4,0,0,0
1984-04-25,,12.69,,25,4,0,0,0
1984-04-26,,12.67,,26,4,0,0,0
1984-04-27,,12.79,,27,4,0,0,0
1984-04-30,,12.82,,30,4,1,0,0
1984-05-01,10.32,12.82,7.4,1,5,0,0,0
1984-05-02,,12.86,,2,5,0,0,0
1984-05-03,,12.89,,3,5,0,0,0
1984-05-04,,13.07,,4,5,0,0,0
1984-05-07,,13.13,,7,5,0,0,0
1984-05-08,,13.09,,8,5,0,0,0
1984-05-09,,13.21,,9,5,0,0,0
1984-05-10,,13.25,,10,5,0,0,0
1984-05-11,,13.46,,11,5,0,0,0
1984-05-14,,13.58,,14,5,0,0,0
1984-05-15,,13.48,,15,5,1,0,0
1984-05-16,,13.41,,16,5,0,0,0
1984-05-17,,13.54,,17,5,0,0,0
1984-05-18,,13.45,,18,5,0,0,0
1984-05-21,,13.43,,21,5,0,0,0
1984-05-22,,13.52,,22,5,0,0,0
1984-05-23,,13.54,,23,5,0,0,0
1984-05-24,,13.72,,24,5,0,0,0
1984-05-25,,13.75,,25,5,0,0,0
1984-05-28,,,,28,5,0,0,0
1984-05-29,,13.89,,29,5,0,0,0
1984-05-30,,13.99,,30,5,0,0,0
1984-05-31,,13.91,,31,5,1,0,0
1984-06-01,11.06,13.63,7.2,1,6,0,0,0
1984-06-04,,13.42,,4,6,0,0,0
1984-06-05,,13.37,,5,6,0,0,0
1984-06-06,,13.54,,6,6,0,0,0
1984-06-07,,13.54,,7,6,0,0,0
1984-06-08,,13.46,,8,6,0,0,0
1984-06-11,,13.58,,11,6,0,0,0
1984-06-12,,13.54,,12,6,0,0,0
1984-06-13,,13.44,,13,6,0,0,0
1984-06-14,,13.39,,14,6,0,0,0
1984-06-15,,13.21,,15,6,1,0,0
1984-06-18,,13.27,,18,6,0,0,0
1984-06-19,,13.38,,19,6,0,0,0
1984-06-20,,13.65,,20,6,0,0,0
1984-06-21,,13.72,,21,6,0,0,0
1984-06-22,,13.74,,22,6,0,0,0
1984-06-25,,13.75,,25,6,0,0,0
1984-06-26,,13.79,,26,6,0,0,0
1984-06-27,,13.76,,27,6,0,0,0
1984-06-28,,13.8,,28,6,0,0,0
1984-06-29,,13.84,,29,6,0,0,0
1984-07-01,11.23,,7.5,1,7,0,0,0
1984-07-02,,13.87,,2,7,0,0,0
1984-07-03,,13.8,,3,7,0,0,0
1984-07-04,,,,4,7,0,0,0
1984-07-05,,13.77,,5,7,0,0,0
1984-07-06,,13.75,,6,7,0,0,0
1984-07-09,,13.48,,9,7,0,0,0
1984-07-10,,13.53,,10,7,0,0,0
1984-07-11,,13.55,,11,7,0,0,0
1984-07-12,,13.42,,12,7,0,0,0
1984-07-13,,13.3,,13,7,0,0,0
1984-07-16,,13.32,,16,7,0,0,0
1984-07-17,,13.37,,17,7,0,0,0
1984-07-18,,13.32,,18,7,0,0,0
1984-07-19,,13.25,,19,7,0,0,0
1984-07-20,,13.36,,20,7,0,0,0
1984-07-23,,13.35,,23,7,0,0,0
1984-07-24,,13.31,,24,7,0,0,0
1984-07-25,,13.06,,25,7,0,0,0
1984-07-26,,12.89,,26,7,0,0,0
1984-07-27,,12.95,,27,7,0,0,0
1984-07-30,,13.05,,30,7,0,0,0
1984-07-31,,12.91,,31,7,1,0,0
1984-08-01,11.64,12.81,7.5,1,8,0,0,0
1984-08-02,,12.74,,2,8,0,0,0
1984-08-03,,12.61,,3,8,0,0,0
1984-08-06,,12.73,,6,8,0,0,0
1984-08-07,,12.69,,7,8,0,0,0
1984-08-08,,12.66,,8,8,0,0,0
1984-08-09,,12.61,,9,8,0,0,0
1984-08-10,,12.68,,10,8,0,0,0
1984-08-13,,12.74,,13,8,0,0,0
1984-08-14,,12.67,,14,8,0,0,0
1984-08-15,,12.74,,15,8,1,0,0
1984-08-16,,12.7,,16,8,0,0,0
1984-08-17,,12.7,,17,8,0,0,0
1984-08-20,,12.69,,20,8,0,0,0
1984-08-21,,12.62,,21,8,0,0,0
1984-08-22,,12.65,,22,8,0,0,0
1984-08-23,,12.69,,23,8,0,0,0
1984-08-24,,12.66,,24,8,0,0,0
1984-08-27,,12.81,,27,8,0,0,0
1984-08-28,,12.81,,28,8,0,0,0
1984-08-29,,12.83,,29,8,0,0,0
1984-08-30,,12.84,,30,8,0,0,0
1984-08-31,,12.79,,31,8,1,0,0
1984-09-01,11.3,,7.3,1,9,0,0,0
1984-09-03,,,,3,9,0,0,0
1984-09-04,,12.88,,4,9,0,0,0
1984-09-05,,12.92,,5,9,0,0,0
1984-09-06,,12.81,,6,9,0,0,0
1984-09-07,,12.7,,7,9,0,0,0
1984-09-10,,12.62,,10,9,0,0,0
1984-09-11,,12.54,,11,9,0,0,0
1984-09-12,,12.55,,12,9,0,0,0
1984-09-13,,12.44,,13,9,0,0,0
1984-09-14,,12.42,,14,9,0,0,0
1984-09-17,,12.4,,17,9,0,0,0
1984-09-18,,12.35,,18,9,0,0,0
1984-09-19,,12.25,,19,9,0,0,0
1984-09-20,,12.28,,20,9,0,0,0
1984-09-21,,12.45,,21,9,0,0,0
1984-09-24,,12.52,,24,9,0,0,0
1984-09-25,,12.56,,25,9,0,0,0
1984-09-26,,12.46,,26,9,0,0,0
1984-09-27,,12.31,,27,9,0,0,0
1984-09-28,,12.47,,28,9,0,0,0
1984-10-01,9.99,12.54,7.4,1,10,0,0,0
1984-10-02,,12.54,,2,10,0,0,0
1984-10-03,,12.54,,3,10,0,0,0
1984-10-04,,12.52,,4,10,0,0,0
1984-10-05,,12.39,,5,10,0,0,0
1984-10-08,,,,8,10,0,0,0
1984-10-09,,12.36,,9,10,0,0,0
1984-10-10,,12.36,,10,10,0,0,0
1984-10-11,,12.31,,11,10,0,0,0
1984-10-12,,12.28,,12,10,0,0,0
1984-10-15,,12.34,,15,10,1,0,0
1984-10-16,,12.32,,16,10,0,0,0
1984-10-17,,12.28,,17,10,0,0,0
1984-10-18,,12.09,,18,10,0,0,0
1984-10-19,,11.93,,19,10,0,0,0
1984-10-22,,11.9,,22,10,0,0,0
1984-10-23,,11.78,,23,10,0,0,0
1984-10-24,,11.74,,24,10,0,0,0
1984-10-25,,11.83,,25,10,0,0,0
1984-10-26,,11.99,,26,10,0,0,0
1984-10-29,,11.95,,29,10,0,0,0
1984-10-30,,11.75,,30,10,0,0,0
1984-10-31,,11.79,,31,10,1,0,0
1984-11-01,9.43,11.66,7.2,1,11,0,0,0
1984-11-02,,11.66,,2,11,0,0,0
1984-11-05,,11.6,,5,11,0,0,0
1984-11-06,,,,6,11,0,0,0
1984-11-07,,11.72,,7,11,0,0,0
1984-11-08,,11.81,,8,11,0,0,0
1984-11-09,,11.71,,9,11,0,0,0
1984-11-12,,,,12,11,0,0,0
1984-11-13,,11.78,,13,11,0,0,0
1984-11-14,,11.81,,14,11,0,0,0
1984-11-15,,11.73,,15,11,1,0,0
1984-11-16,,11.69,,16,11,0,0,0
1984-11-19,,11.61,,19,11,0,0,0
1984-11-20,,11.53,,20,11,0,0,0
1984-11-21,,11.39,,21,11,0,0,0
1984-11-22,,,,22,11,0,0,0
1984-11-23,,11.24,,23,11,0,0,0
1984-11-26,,11.28,,26,11,0,0,0
1984-11-27,,11.28,,27,11,0,0,0
1984-11-28,,11.38,,28,11,0,0,0
1984-11-29,,11.42,,29,11,0,0,0
1984-11-30,,11.58,,30,11,1,0,0
1984-12-01,8.38,,7.3,1,12,0,0,0
1984-12-03,,11.56,,3,12,0,0,0
1984-12-04,,11.52,,4,12,0,0,0
1984-12-05,,11.52,,5,12,0,0,0
1984-12-06,,11.61,,6,12,0,0,0
1984-12-07,,11.7,,7,12,0,0,0
1984-12-10,,11.66,,10,12,0,0,0
1984-12-11,,11.57,,11,12,0,0,0
1984-12-12,,11.54,,12,12,0,0,0
1984-12-13,,11.7,,13,12,0,0,0
1984-12-14,,11.56,,14,12,0,0,0
1984-12-17,,11.49,,17,12,0,0,0
1984-12-18,,11.29,,18,12,0,0,0
1984-12-19,,11.34,,19,12,0,0,0
1984-12-20,,11.37,,20,12,0,0,0
1984-12-21,,11.34,,21,12,0,0,0
1984-12-24,,11.31,,24,12,0,0,0
1984-12-25,,,,25,12,0,0,0
1984-12-26,,11.45,,26,12,0,0,0
1984-12-27,,11.45,,27,12,0,0,0
1984-12-28,,11.46,,28,12,0,0,0
1984-12-31,,11.55,,31,12,1,1,0
1985-01-01,8.35,,7.3,1,1,0,0,0
1985-01-02,,11.7,,2,1,0,0,0
1985-01-03,,11.62,,3,1,0,0,0
1985-01-04,,11.67,,4,1,0,0,0
1985-01-07,,11.5,,7,1,0,0,0
1985-01-08,,11.45,,8,1,0,0,0
1985-01-09,,11.47,,9,1,0,0,0
1985-01-10,,11.48,,10,1,0,0,0
1985-01-11,,11.59,,11,1,0,0,0
1985-01-14,,11.6,,14,1,0,0,0
1985-01-15,,11.49,,15,1,1,0,0
1985-01-16,,11.51,,16,1,0,0,0
1985-01-17,,11.48,,17,1,0,0,0
1985-01-18,,11.39,,18,1,0,0,0
1985-01-21,,,,21,1,0,0,0
1985-01-22,,11.27,,22,1,0,0,0
1985-01-23,,11.21,,23,1,0,0,0
1985-01-24,,11.06,,24,1,0,0,0
1985-01-25,,11.11,,25,1,0,0,0
1985-01-28,,11.11,,28,1,0,0,0
1985-01-29,,11.11,,29,1,0,0,0
1985-01-30,,11.08,,30,1,0,0,0
1985-01-31,,11.17,,31,1,1,0,0
1985-02-01,8.5,11.29,7.2,1,2,0,0,0
1985-02-04,,11.35,,4,2,0,0,0
1985-02-05,,11.3,,5,2,0,0,0
1985-02-06,,11.4,,6,2,0,0,0
1985-02-07,,11.41,,7,2,0,0,0
1985-02-08,,11.37,,8,2,0,0,0
1985-02-11,,11.42,,11,2,0,0,0
1985-02-12,,,,12,2,0,0,0
1985-02-13,,11.39,,13,2,0,0,0
1985-02-14,,11.29,,14,2,0,0,0
1985-02-15,,11.38,,15,2,1,0,0
1985-02-18,,,,18,2,0,0,0
1985-02-19,,11.37,,19,2,0,0,0
1985-02-20,,11.52,,20,2,0,0,0
1985-02-21,,11.64,,21,2,0,0,0
1985-02-22,,11.76,,22,2,0,0,0
1985-02-25,,11.75,,25,2,0,0,0
1985-02-26,,11.72,,26,2,0,0,0
1985-02-27,,11.89,,27,2,0,0,0
1985-02-28,,11.91,,28,2,1,0,0
1985-03-01,8.58,11.86,7.2,1,3,0,0,0
1985-03-04,,11.93,,4,3,0,0,0
1985-03-05,,11.86,,5,3,0,0,0
1985-03-06,,11.92,,6,3,0,0,0
1985-03-07,,11.94,,7,3,0,0,0
1985-03-08,,11.71,,8,3,0,0,0
1985-03-11,,11.72,,11,3,0,0,0
1985-03-12,,11.78,,12,3,0,0,0
1985-03-13,,11.9,,13,3,0,0,0
1985-03-14,,11.92,,14,3,0,0,0
1985-03-15,,11.93,,15,3,1,0,0
1985-03-18,,12.02,,18,3,0,0,0
1985-03-19,,11.99,,19,3,0,0,0
1985-03-20,,11.91,,20,3,0,0,0
1985-03-21,,11.82,,21,3,0,0,0
1985-03-22,,11.88,,22,3,0,0,0
1985-03-25,,11.86,,25,3,0,0,0
1985-03-26,,11.77,,26,3,0,0,0
1985-03-27,,11.84,,27,3,0,0,0
1985-03-28,,11.75,,28,3,0,0,0
1985-03-29,,11.65,,29,3,0,0,0
1985-04-01,8.27,11.66,7.3,1,4,0,0,0
1985-04-02,,11.7,,2,4,0,0,0
1985-04-03,,11.73,,3,4,0,0,0
1985-04-04,,11.75,,4,4,0,0,0
1985-04-05,,,,5,4,0,0,0
1985-04-08,,11.77,,8,4,0,0,0
1985-04-09,,11.66,,9,4,0,0,0
1985-04-10,,11.58,,10,4,0,0,0
1985-04-11,,11.42,,11,4,0,0,0
1985-04-12,,11.43,,12,4,0,0,0
1985-04-15,,11.37,,15,4,1,0,0
1985-04-16,,11.25,,16,4,0,0,0
1985-04-17,,11.29,,17,4,0,0,0
1985-04-18,,11.13,,18,4,0,0,0
1985-04-19,,11.16,,19,4,0,0,0
1985-04-22,,11.13,,22,4,0,0,0
1985-04-23,,11.25,,23,4,0,0,0
1985-04-24,,11.25,,24,4,0,0,0
1985-04-25,,11.37,,25,4,0,0,0
1985-04-26,,11.35,,26,4,0,0,0
1985-04-29,,11.47,,29,4,0,0,0
1985-04-30,,11.41,,30,4,1,0,0
1985-05-01,7.97,11.27,7.2,1,5,0,0,0
1985-05-02,,11.29,,2,5,0,0,0
1985-05-03,,11.21,,3,5,0,0,0
1985-05-06,,11.19,,6,5,0,0,0
1985-05-07,,11.17,,7,5,0,0,0
1985-05-08,,11.26,,8,5,0,0,0
1985-05-09,,11.2,,9,5,0,0,0
1985-05-10,,11.04,,10,5,0,0,0
1985-05-13,,11.04,,13,5,0,0,0
1985-05-14,,10.87,,14,5,0,0,0
1985-05-15,,10.89,,15,5,1,0,0
1985-05-16,,10.81,,16,5,0,0,0
1985-05-17,,10.84,,17,5,0,0,0
1985-05-20,,10.56,,20,5,0,0,0
1985-05-21,,10.6,,21,5,0,0,0
1985-05-22,,10.62,,22,5,0,0,0
1985-05-23,,10.64,,23,5,0,0,0
1985-05-24,,10.57,,24,5,0,0,0
1985-05-27,,,,27,5,0,0,0
1985-05-28,,10.43,,28,5,0,0,0
1985-05-29,,10.46,,29,5,0,0,0
1985-05-30,,10.39,,30,5,0,0,0
1985-05-31,,10.28,,31,5,1,0,0
1985-06-01,7.53,,7.4,1,6,0,0,0
1985-06-03,,10.05,,3,6,0,0,0
1985-06-04,,10.05,,4,6,0,0,0
1985-06-05,,9.83,,5,6,0,0,0
1985-06-06,,9.89,,6,6,0,0,0
1985-06-07,,10.19,,7,6,0,0,0
1985-06-10,,10.16,,10,6,0,0,0
1985-06-11,,10.08,,11,6,0,0,0
1985-06-12,,10.16,,12,6,0,0,0
1985-06-13,,10.21,,13,6,0,0,0
1985-06-14,,9.98,,14,6,0,0,0
1985-06-17,,9.97,,17,6,0,0,0
1985-06-18,,9.9,,18,6,0,0,0
1985-06-19,,10.04,,19,6,0,0,0
1985-06-20,,10.14,,20,6,0,0,0
1985-06-21,,10.34,,21,6,0,0,0
1985-06-24,,10.45,,24,6,0,0,0
1985-06-25,,10.5,,25,6,0,0,0
1985-06-26,,10.54,,26,6,0,0,0
1985-06-27,,10.39,,27,6,0,0,0
1985-06-28,,10.25,,28,6,0,0,0
1985-07-01,7.88,10.19,7.4,1,7,0,0,0
1985-07-02,,10.2,,2,7,0,0,0
1985-07-03,,10.23,,3,7,0,0,0
1985-07-04,,,,4,7,0,0,0
1985-07-05,,9.93,,5,7,0,0,0
1985-07-08,,10.05,,8,7,0,0,0
1985-07-09,,10.05,,9,7,0,0,0
1985-07-10,,10.07,,10,7,0,0,0
1985-07-11,,10.22,,11,7,0,0,0
1985-07-12,,10.23,,12,7,0,0,0
1985-07-15,,10.22,,15,7,1,0,0
1985-07-16,,10.15,,16,7,0,0,0
1985-07-17,,10.12,,17,7,0,0,0
1985-07-18,,10.3,,18,7,0,0,0
1985-07-19,,10.34,,19,7,0,0,0
1985-07-22,,10.46,,22,7,0,0,0
1985-07-23,,10.47,,23,7,0,0,0
1985-07-24,,10.51,,24,7,0,0,0
1985-07-25,,10.52,,25,7,0,0,0
1985-07-26,,10.59,,26,7,0,0,0
1985-07-29,,10.67,,29,7,0,0,0
1985-07-30,,10.66,,30,7,0,0,0
1985-07-31,,10.57,,31,7,1,0,0
1985-08-01,7.9,10.51,7.1,1,8,0,0,0
1985-08-02,,10.66,,2,8,0,0,0
1985-08-05,,10.64,,5,8,0,0,0
1985-08-06,,10.65,,6,8,0,0,0
1985-08-07,,10.55,,7,8,0,0,0
1985-08-08,,10.43,,8,8,0,0,0
1985-08-09,,10.37,,9,8,0,0,0
1985-08-12,,10.38,,12,8,0,0,0
1985-08-13,,10.46,,13,8,0,0,0
1985-08-14,,10.38,,14,8,0,0,0
1985-08-15,,10.36,,15,8,1,0,0
1985-08-16,,10.26,,16,8,0,0,0
1985-08-19,,10.23,,19,8,0,0,0
1985-08-20,,10.2,,20,8,0,0,0
1985-08-21,,10.12,,21,8,0,0,0
1985-08-22,,10.1,,22,8,0,0,0
1985-08-23,,10.14,,23,8,0,0,0
1985-08-26,,10.18,,26,8,0,0,0
1985-08-27,,10.12,,27,8,0,0,0
1985-08-28,,10.16,,28,8,0,0,0
1985-08-29,,10.12,,29,8,0,0,0
1985-08-30,,10.28,,30,8,0,0,0
1985-09-01,7.92,,7.1,1,9,0,0,0
1985-09-02,,,,2,9,0,0,0
1985-09-03,,10.24,,3,9,0,0,0
1985-09-04,,10.16,,4,9,0,0,0
1985-09-05,,10.27,,5,9,0,0,0
1985-09-06,,10.5,,6,9,0,0,0
1985-09-09,,10.49,,9,9,0,0,0
1985-09-10,,10.48,,10,9,0,0,0
1985-09-11,,10.51,,11,9,0,0,0
1985-09-12,,10.52,,12,9,0,0,0
1985-09-13,,10.4,,13,9,0,0,0
1985-09-16,,10.37,,16,9,0,0,0
1985-09-17,,10.41,,17,9,0,0,0
1985-09-18,,10.43,,18,9,0,0,0
1985-09-19,,10.43,,19,9,0,0,0
1985-09-20,,10.36,,20,9,0,0,0
1985-09-23,,10.39,,23,9,0,0,0
1985-09-24,,10.33,,24,9,0,0,0
1985-09-25,,10.27,,25,9,0,0,0
1985-09-26,,10.22,,26,9,0,0,0
1985-09-27,,,,27,9,0,0,0
1985-09-30,,10.31,,30,9,1,1,0
1985-10-01,7.99,10.29,7.1,1,10,0,0,0
1985-10-02,,10.3,,2,10,0,0,0
1985-10-03,,10.32,,3,10,0,0,0
1985-10-04,,10.36,,4,10,0,0,0
1985-10-07,,10.42,,7,10,0,0,0
1985-10-08,,10.36,,8,10,0,0,0
1985-10-09,,10.37,,9,10,0,0,0
1985-10-10,,10.35,,10,10,0,0,0
1985-10-11,,10.34,,11,10,0,0,0
1985-10-14,,,,14,10,0,0,0
1985-10-15,,10.3,,15,10,1,0,0
1985-10-16,,10.25,,16,10,0,0,0
1985-10-17,,10.21,,17,10,0,0,0
1985-10-18,,10.17,,18,10,0,0,0
1985-10-21,,10.18,,21,10,0,0,0
1985-10-22,,10.12,,22,10,0,0,0
1985-10-23,,10.14,,23,10,0,0,0
1985-10-24,,10.15,,24,10,0,0,0
1985-10-25,,10.21,,25,10,0,0,0
1985-10-28,,10.28,,28,10,0,0,0
1985-10-29,,10.11,,29,10,0,0,0
1985-10-30,,9.97,,30,10,0,0,0
1985-10-31,,10.01,,31,10,1,0,0
1985-11-01,8.05,9.98,7.0,1,11,0,0,0
1985-11-04,,9.98,,4,11,0,0,0
1985-11-05,,9.93,,5,11,0,0,0
1985-11-06,,9.93,,6,11,0,0,0
1985-11-07,,9.91,,7,11,0,0,0
1985-11-08,,9.84,,8,11,0,0,0
1985-11-11,,,,11,11,0,0,0
1985-11-12,,9.74,,12,11,0,0,0
1985-11-13,,9.78,,13,11,0,0,0
1985-11-14,,9.84,,14,11,0,0,0
1985-11-15,,9.92,,15,11,1,0,0
1985-11-18,,9.72,,18,11,0,0,0
1985-11-19,,9.73,,19,11,0,0,0
1985-11-20,,9.72,,20,11,0,0,0
1985-11-21,,9.58,,21,11,0,0,0
1985-11-22,,9.66,,22,11,0,0,0
1985-11-25,,9.68,,25,11,0,0,0
1985-11-26,,9.68,,26,11,0,0,0
1985-11-27,,9.64,,27,11,0,0,0
1985-11-28,,,,28,11,0,0,0
1985-11-29,,9.59,,29,11,0,0,0
1985-12-01,8.27,,7.0,1,12,0,0,0
1985-12-02,,9.69,,2,12,0,0,0
1985-12-03,,9.68,,3,12,0,0,0
1985-12-04,,9.63,,4,12,0,0,0
1985-12-05,,9.62,,5,12,0,0,0
1985-12-06,,9.65,,6,12,0,0,0
1985-12-09,,9.49,,9,12,0,0,0
1985-12-10,,9.36,,10,12,0,0,0
1985-12-11,,9.2,,11,12,0,0,0
1985-12-12,,9.27,,12,12,0,0,0
1985-12-13,,9.21,,13,12,0,0,0
1985-12-16,,9.16,,16,12,0,0,0
1985-12-17,,9.04,,17,12,0,0,0
1985-12-18,,9.11,,18,12,0,0,0
1985-12-19,,9.1,,19,12,0,0,0
1985-12-20,,9.04,,20,12,0,0,0
1985-12-23,,9.08,,23,12,0,0,0
1985-12-24,,9.07,,24,12,0,0,0
1985-12-25,,,,25,12,0,0,0
1985-12-26,,9.04,,26,12,0,0,0
1985-12-27,,8.99,,27,12,0,0,0
1985-12-30,,9.01,,30,12,0,0,0
1985-12-31,,9.0,,31,12,1,1,0
1986-01-01,8.14,,6.7,1,1,0,0,0
1986-01-02,,9.04,,2,1,0,0,0
1986-01-03,,9.05,,3,1,0,0,0
1986-01-06,,9.07,,6,1,0,0,0
1986-01-07,,8.94,,7,1,0,0,0
1986-01-08,,9.13,,8,1,0,0,0
1986-01-09,,9.27,,9,1,0,0,0
1986-01-10,,9.39,,10,1,0,0,0
1986-01-13,,9.49,,13,1,0,0,0
1986-01-14,,9.43,,14,1,0,0,0
1986-01-15,,9.31,,15,1,1,0,0
1986-01-16,,9.3,,16,1,0,0,0
1986-01-17,,9.24,,17,1,0,0,0
1986-01-20,,,,20,1,0,0,0
1986-01-21,,9.22,,21,1,0,0,0
1986-01-22,,9.28,,22,1,0,0,0
1986-01-23,,9.23,,23,1,0,0,0
1986-01-24,,9.23,,24,1,0,0,0
1986-01-27,,9.13,,27,1,0,0,0
1986-01-28,,9.05,,28,1,0,0,0
1986-01-29,,9.09,,29,1,0,0,0
1986-01-30,,9.1,,30,1,0,0,0
1986-01-31,,9.08,,31,1,1,0,0
1986-02-01,7.86,,7.2,1,2,0,0,0
1986-02-03,,9.02,,3,2,0,0,0
1986-02-04,,8.96,,4,2,0,0,0
1986-02-05,,8.97,,5,2,0,0,0
1986-02-06,,9.03,,6,2,0,0,0
1986-02-07,,9.11,,7,2,0,0,0
1986-02-10,,9.0,,10,2,0,0,0
1986-02-11,,8.93,,11,2,0,0,0
1986-02-12,,8.91,,12,2,0,0,0
1986-02-13,,8.85,,13,2,0,0,0
1986-02-14,,8.68,,14,2,0,0,0
1986-02-17,,,,17,2,0,0,0
1986-02-18,,8.64,,18,2,0,0,0
1986-02-19,,8.7,,19,2,0,0,0
1986-02-20,,8.67,,20,2,0,0,0
1986-02-21,,8.48,,21,2,0,0,0
1986-02-24,,8.39,,24,2,0,0,0
1986-02-25,,8.4,,25,2,0,0,0
1986-02-26,,8.36,,26,2,0,0,0
1986-02-27,,8.15,,27,2,0,0,0
1986-02-28,,8.13,,28,2,1,0,0
1986-03-01,7.48,,7.2,1,3,0,0,0
1986-03-03,,7.99,,3,3,0,0,0
1986-03-04,,7.93,,4,3,0,0,0
1986-03-05,,8.12,,5,3,0,0,0
1986-03-06,,8.04,,6,3,0,0,0
1986-03-07,,7.96,,7,3,0,0,0
1986-03-10,,7.76,,10,3,0,0,0
1986-03-11,,7.7,,11,3,0,0,0
1986-03-12,,7.68,,12,3,0,0,0
1986-03-13,,7.75,,13,3,0,0,0
1986-03-14,,7.72,,14,3,0,0,0
1986-03-17,,7.77,,17,3,0,0,0
1986-03-18,,7.83,,18,3,0,0,0
1986-03-19,,7.82,,19,3,0,0,0
1986-03-20,,7.78,,20,3,0,0,0
1986-03-21,,7.8,,21,3,0,0,0
1986-03-24,,7.7,,24,3,0,0,0
1986-03-25,,7.7,,25,3,0,0,0
1986-03-26,,7.64,,26,3,0,0,0
1986-03-27,,7.49,,27,3,0,0,0
1986-03-28,,,,28,3,0,0,0
1986-03-31,,7.39,,31,3,1,1,0
1986-04-01,6.99,7.37,7.1,1,4,0,0,0
1986-04-02,,7.33,,2,4,0,0,0
1986-04-03,,7.41,,3,4,0,0,0
1986-04-04,,7.45,,4,4,0,0,0
1986-04-07,,7.43,,7,4,0,0,0
1986-04-08,,7.31,,8,4,0,0,0
1986-04-09,,7.27,,9,4,0,0,0
1986-04-10,,7.23,,10,4,0,0,0
1986-04-11,,7.29,,11,4,0,0,0
1986-04-14,,7.19,,14,4,0,0,0
1986-04-15,,7.22,,15,4,1,0,0
1986-04-16,,6.98,,16,4,0,0,0
1986-04-17,,7.03,,17,4,0,0,0
1986-04-18,,7.09,,18,4,0,0,0
1986-04-21,,7.04,,21,4,0,0,0
1986-04-22,,7.25,,22,4,0,0,0
1986-04-23,,7.36,,23,4,0,0,0
1986-04-24,,7.51,,24,4,0,0,0
1986-04-25,,7.58,,25,4,0,0,0
1986-04-28,,7.48,,28,4,0,0,0
1986-04-29,,7.38,,29,4,0,0,0
1986-04-30,,7.38,,30,4,1,0,0
1986-05-01,6.85,7.45,7.2,1,5,0,0,0
1986-05-02,,7.51,,2,5,0,0,0
1986-05-05,,7.45,,5,5,0,0,0
1986-05-06,,7.46,,6,5,0,0,0
1986-05-07,,7.43,,7,5,0,0,0
1986-05-08,,7.4,,8,5,0,0,0
1986-05-09,,7.48,,9,5,0,0,0
1986-05-12,,7.67,,12,5,0,0,0
1986-05-13,,7.63,,13,5,0,0,0
1986-05-14,,7.66,,14,5,0,0,0
1986-05-15,,7.79,,15,5,1,0,0
1986-05-16,,7.99,,16,5,0,0,0
1986-05-19,,7.98,,19,5,0,0,0
1986-05-20,,7.88,,20,5,0,0,0
1986-05-21,,7.9,,21,5,0,0,0
1986-05-22,,7.88,,22,5,0,0,0
1986-05-23,,7.84,,23,5,0,0,0
1986-05-26,,,,26,5,0,0,0
1986-05-27,,7.73,,27,5,0,0,0
1986-05-28,,7.73,,28,5,0,0,0
1986-05-29,,7.99,,29,5,0,0,0
1986-05-30,,8.05,,30,5,0,0,0
1986-06-01,6.92,,7.2,1,6,0,0,0
1986-06-02,,8.32,,2,6,0,0,0
1986-06-03,,8.19,,3,6,0,0,0
1986-06-04,,8.39,,4,6,0,0,0
1986-06-05,,8.31,,5,6,0,0,0
1986-06-06,,7.95,,6,6,0,0,0
1986-06-09,,8.13,,9,6,0,0,0
1986-06-10,,8.07,,10,6,0,0,0
1986-06-11,,8.01,,11,6,0,0,0
1986-06-12,,7.98,,12,6,0,0,0
1986-06-13,,7.73,,13,6,0,0,0
1986-06-16,,7.63,,16,6,0,0,0
1986-06-17,,7.63,,17,6,0,0,0
1986-06-18,,7.57,,18,6,0,0,0
1986-06-19,,7.69,,19,6,0,0,0
1986-06-20,,7.6,,20,6,0,0,0
1986-06-23,,7.55,,23,6,0,0,0
1986-06-24,,7.47,,24,6,0,0,0
1986-06-25,,7.42,,25,6,0,0,0
1986-06-26,,7.42,,26,6,0,0,0
1986-06-27,,7.38,,27,6,0,0,0
1986-06-30,,7.35,,30,6,1,1,0
1986-07-01,6.56,7.37,7.0,1,7,0,0,0
1986-07-02,,7.37,,2,7,0,0,0
1986-07-03,,7.31,,3,7,0,0,0
1986-07-04,,,,4,7,0,0,0
1986-07-07,,7.31,,7,7,0,0,0
1986-07-08,,7.44,,8,7,0,0,0
1986-07-09,,7.31,,9,7,0,0,0
1986-07-10,,7.31,,10,7,0,0,0
1986-07-11,,7.3,,11,7,0,0,0
1986-07-14,,7.25,,14,7,0,0,0
1986-07-15,,7.16,,15,7,1,0,0
1986-07-16,,7.2,,16,7,0,0,0
1986-07-17,,7.18,,17,7,0,0,0
1986-07-18,,7.16,,18,7,0,0,0
1986-07-21,,7.14,,21,7,0,0,0
1986-07-22,,7.2,,22,7,0,0,0
1986-07-23,,7.29,,23,7,0,0,0
1986-07-24,,7.35,,24,7,0,0,0
1986-07-25,,7.33,,25,7,0,0,0
1986-07-28,,7.53,,28,7,0,0,0
1986-07-29,,7.41,,29,7,0,0,0
1986-07-30,,7.41,,30,7,0,0,0
1986-07-31,,7.34,,31,7,1,0,0
1986-08-01,6.17,7.34,6.9,1,8,0,0,0
1986-08-04,,7.33,,4,8,0,0,0
1986-08-05,,7.39,,5,8,0,0,0
1986-08-06,,7.47,,6,8,0,0,0
1986-08-07,,7.45,,7,8,0,0,0
1986-08-08,,7.3,,8,8,0,0,0
1986-08-11,,7.25,,11,8,0,0,0
1986-08-12,,7.23,,12,8,0,0,0
1986-08-13,,7.15,,13,8,0,0,0
1986-08-14,,7.16,,14,8,0,0,0
1986-08-15,,7.14,,15,8,1,0,0
1986-08-18,,7.14,,18,8,0,0,0
1986-08-19,,7.02,,19,8,0,0,0
1986-08-20,,7.0,,20,8,0,0,0
1986-08-21,,6.96,,21,8,0,0,0
1986-08-22,,7.07,,22,8,0,0,0
1986-08-25,,7.06,,25,8,0,0,0
1986-08-26,,6.97,,26,8,0,0,0
1986-08-27,,7.06,,27,8,0,0,0
1986-08-28,,7.04,,28,8,0,0,0
1986-08-29,,6.95,,29,8,0,0,0
1986-09-01,5.89,,7.0,1,9,0,0,0
1986-09-02,,7.03,,2,9,0,0,0
1986-09-03,,7.2,,3,9,0,0,0
1986-09-04,,7.15,,4,9,0,0,0
1986-09-05,,7.32,,5,9,0,0,0
1986-09-08,,7.38,,8,9,0,0,0
1986-09-09,,7.35,,9,9,0,0,0
1986-09-10,,7.35,,10,9,0,0,0
1986-09-11,,7.57,,11,9,0,0,0
1986-09-12,,7.63,,12,9,0,0,0
1986-09-15,,7.53,,15,9,1,0,0
1986-09-16,,7.53,,16,9,0,0,0
1986-09-17,,7.46,,17,9,0,0,0
1986-09-18,,7.62,,18,9,0,0,0
1986-09-19,,7.67,,19,9,0,0,0
1986-09-22,,7.62,,22,9,0,0,0
1986-09-23,,7.58,,23,9,0,0,0
1986-09-24,,7.48,,24,9,0,0,0
1986-09-25,,7.47,,25,9,0,0,0
1986-09-26,,7.47,,26,9,0,0,0
1986-09-29,,7.54,,29,9,0,0,0
1986-09-30,,7.45,,30,9,1,1,0
1986-10-01,5.85,7.41,7.0,1,10,0,0,0
1986-10-02,,7.45,,2,10,0,0,0
1986-10-03,,7.31,,3,10,0,0,0
1986-10-06,,7.28,,6,10,0,0,0
1986-10-07,,7.28,,7,10,0,0,0
1986-10-08,,7.31,,8,10,0,0,0
1986-10-09,,7.33,,9,10,0,0,0
1986-10-10,,7.36,,10,10,0,0,0
1986-10-13,,,,13,10,0,0,0
1986-10-14,,7.49,,14,10,0,0,0
1986-10-15,,7.51,,15,10,1,0,0
1986-10-16,,7.53,,16,10,0,0,0
1986-10-17,,7.57,,17,10,0,0,0
1986-10-20,,7.66,,20,10,0,0,0
1986-10-21,,7.57,,21,10,0,0,0
1986-10-22,,7.49,,22,10,0,0,0
1986-10-23,,7.43,,23,10,0,0,0
1986-10-24,,7.47,,24,10,0,0,0
1986-10-27,,7.42,,27,10,0,0,0
1986-10-28,,7.45,,28,10,0,0,0
1986-10-29,,7.41,,29,10,0,0,0
1986-10-30,,7.31,,30,10,0,0,0
1986-10-31,,7.34,,31,10,1,0,0
1986-11-01,6.04,,6.9,1,11,0,0,0
1986-11-03,,7.29,,3,11,0,0,0
1986-11-04,,7.31,,4,11,0,0,0
1986-11-05,,7.24,,5,11,0,0,0
1986-11-06,,7.32,,6,11,0,0,0
1986-11-07,,7.4,,7,11,0,0,0
1986-11-10,,7.38,,10,11,0,0,0
1986-11-11,,,,11,11,0,0,0
1986-11-12,,7.35,,12,11,0,0,0
1986-11-13,,7.33,,13,11,0,0,0
1986-11-14,,7.29,,14,11,0,0,0
1986-11-17,,7.22,,17,11,0,0,0
1986-11-18,,7.27,,18,11,0,0,0
1986-11-19,,7.19,,19,11,0,0,0
1986-11-20,,7.19,,20,11,0,0,0
1986-11-21,,7.17,,21,11,0,0,0
1986-11-24,,7.11,,24,11,0,0,0
1986-11-25,,7.15,,25,11,0,0,0
1986-11-26,,7.15,,26,11,0,0,0
1986-11-27,,,,27,11,0,0,0
1986-11-28,,7.15,,28,11,0,0,0
1986-12-01,6.91,7.18,6.6,1,12,0,0,0
1986-12-02,,7.08,,2,12,0,0,0
1986-12-03,,7.06,,3,12,0,0,0
1986-12-04,,7.01,,4,12,0,0,0
1986-12-05,,7.12,,5,12,0,0,0
1986-12-08,,7.1,,8,12,0,0,0
1986-12-09,,7.07,,9,12,0,0,0
1986-12-10,,7.05,,10,12,0,0,0
1986-12-11,,7.12,,11,12,0,0,0
1986-12-12,,7.13,,12,12,0,0,0
1986-12-15,,7.15,,15,12,1,0,0
1986-12-16,,7.12,,16,12,0,0,0
1986-12-17,,7.12,,17,12,0,0,0
1986-12-18,,7.11,,18,12,0,0,0
1986-12-19,,7.1,,19,12,0,0,0
1986-12-22,,7.1,,22,12,0,0,0
1986-12-23,,7.08,,23,12,0,0,0
1986-12-24,,7.07,,24,12,0,0,0
1986-12-25,,,,25,12,0,0,0
1986-12-26,,7.08,,26,12,0,0,0
1986-12-29,,7.17,,29,12,0,0,0
1986-12-30,,7.23,,30,12,0,0,0
1986-12-31,,7.23,,31,12,1,1,0
1987-01-01,6.43,,6.6,1,1,0,0,0
1987-01-02,,7.18,,2,1,0,0,0
1987-01-05,,7.08,,5,1,0,0,0
1987-01-06,,7.08,,6,1,0,0,0
1987-01-07,,7.05,,7,1,0,0,0
1987-01-08,,7.04,,8,1,0,0,0
1987-01-09,,7.01,,9,1,0,0,0
1987-01-12,,7.05,,12,1,0,0,0
1987-01-13,,7.1,,13,1,0,0,0
1987-01-14,,7.11,,14,1,0,0,0
1987-01-15,,7.08,,15,1,1,0,0
1987-01-16,,7.03,,16,1,0,0,0
1987-01-19,,,,19,1,0,0,0
1987-01-20,,7.01,,20,1,0,0,0
1987-01-21,,7.01,,21,1,0,0,0
1987-01-22,,7.03,,22,1,0,0,0
1987-01-23,,7.06,,23,1,0,0,0
1987-01-26,,7.17,,26,1,0,0,0
1987-01-27,,7.16,,27,1,0,0,0
1987-01-28,,7.13,,28,1,0,0,0
1987-01-29,,7.13,,29,1,0,0,0
1987-01-30,,7.18,,30,1,0,0,0
1987-02-01,6.1,,6.6,1,2,0,0,0
1987-02-02,,7.23,,2,2,0,0,0
1987-02-03,,7.25,,3,2,0,0,0
1987-02-04,,7.23,,4,2,0,0,0
1987-02-05,,7.2,,5,2,0,0,0
1987-02-06,,7.19,,6,2,0,0,0
1987-02-09,,7.25,,9,2,0,0,0
1987-02-10,,7.33,,10,2,0,0,0
1987-02-11,,7.37,,11,2,0,0,0
1987-02-12,,7.31,,12,2,0,0,0
1987-02-13,,7.28,,13,2,0,0,0
1987-02-16,,,,16,2,0,0,0
1987-02-17,,7.33,,17,2,0,0,0
1987-02-18,,7.3,,18,2,0,0,0
1987-02-19,,7.23,,19,2,0,0,0
1987-02-20,,7.24,,20,2,0,0,0
1987-02-23,,7.23,,23,2,0,0,0
1987-02-24,,7.18,,24,2,0,0,0
1987-02-25,,7.21,,25,2,0,0,0
1987-02-26,,7.21,,26,2,0,0,0
1987-02-27,,7.19,,27,2,0,0,0
1987-03-01,6.13,,6.6,1,3,0,0,0
1987-03-02,,7.17,,2,3,0,0,0
1987-03-03,,7.21,,3,3,0,0,0
1987-03-04,,7.14,,4,3,0,0,0
1987-03-05,,7.16,,5,3,0,0,0
1987-03-06,,7.23,,6,3,0,0,0
1987-03-09,,7.23,,9,3,0,0,0
1987-03-10,,7.23,,10,3,0,0,0
1987-03-11,,7.23,,11,3,0,0,0
1987-03-12,,7.22,,12,3,0,0,0
1987-03-13,,7.19,,13,3,0,0,0
1987-03-16,,7.22,,16,3,0,0,0
1987-03-17,,7.2,,17,3,0,0,0
1987-03-18,,7.21,,18,3,0,0,0
1987-03-19,,7.21,,19,3,0,0,0
1987-03-20,,7.22,,20,3,0,0,0
1987-03-23,,7.25,,23,3,0,0,0
1987-03-24,,7.27,,24,3,0,0,0
1987-03-25,,7.26,,25,3,0,0,0
1987-03-26,,7.24,,26,3,0,0,0
1987-03-27,,7.33,,27,3,0,0,0
1987-03-30,,7.54,,30,3,0,0,0
1987-03-31,,7.51,,31,3,1,1,0
1987-04-01,6.37,7.59,6.3,1,4,0,0,0
1987-04-02,,7.59,,2,4,0,0,0
1987-04-03,,7.59,,3,4,0,0,0
1987-04-06,,7.54,,6,4,0,0,0
1987-04-07,,7.62,,7,4,0,0,0
1987-04-08,,7.61,,8,4,0,0,0
1987-04-09,,7.78,,9,4,0,0,0
1987-04-10,,7.98,,10,4,0,0,0
1987-04-13,,8.07,,13,4,0,0,0
1987-04-14,,8.28,,14,4,0,0,0
1987-04-15,,8.1,,15,4,1,0,0
1987-04-16,,8.03,,16,4,0,0,0
1987-04-17,,,,17,4,0,0,0
1987-04-20,,8.2,,20,4,0,0,0
1987-04-21,,8.19,,21,4,0,0,0
1987-04-22,,8.24,,22,4,0,0,0
1987-04-23,,8.39,,23,4,0,0,0
1987-04-24,,8.47,,24,4,0,0,0
1987-04-27,,8.37,,27,4,0,0,0
1987-04-28,,8.28,,28,4,0,0,0
1987-04-29,,8.35,,29,4,0,0,0
1987-04-30,,8.21,,30,4,1,0,0
1987-05-01,6.85,8.39,6.3,1,5,0,0,0
1987-05-04,,8.52,,4,5,0,0,0
1987-05-05,,8.45,,5,5,0,0,0
1987-05-06,,8.54,,6,5,0,0,0
1987-05-07,,8.5,,7,5,0,0,0
1987-05-08,,8.43,,8,5,0,0,0
1987-05-11,,8.57,,11,5,0,0,0
1987-05-12,,8.55,,12,5,0,0,0
1987-05-13,,8.55,,13,5,0,0,0
1987-05-14,,8.57,,14,5,0,0,0
1987-05-15,,8.8,,15,5,1,0,0
1987-05-18,,8.73,,18,5,0,0,0
1987-05-19,,8.89,,19,5,0,0,0
1987-05-20,,8.92,,20,5,0,0,0
1987-05-21,,8.87,,21,5,0,0,0
1987-05-22,,8.78,,22,5,0,0,0
1987-05-25,,,,25,5,0,0,0
1987-05-26,,8.55,,26,5,0,0,0
1987-05-27,,8.6,,27,5,0,0,0
1987-05-28,,8.56,,28,5,0,0,0
1987-05-29,,8.49,,29,5,0,0,0
1987-06-01,6.73,8.45,6.2,1,6,0,0,0
1987-06-02,,8.72,,2,6,0,0,0
1987-06-03,,8.64,,3,6,0,0,0
1987-06-04,,8.58,,4,6,0,0,0
1987-06-05,,8.5,,5,6,0,0,0
1987-06-08,,8.53,,8,6,0,0,0
1987-06-09,,8.56,,9,6,0,0,0
1987-06-10,,8.56,,10,6,0,0,0
1987-06-11,,8.52,,11,6,0,0,0
1987-06-12,,8.32,,12,6,0,0,0
1987-06-15,,8.28,,15,6,1,0,0
1987-06-16,,8.28,,16,6,0,0,0
1987-06-17,,8.23,,17,6,0,0,0
1987-06-18,,8.27,,18,6,0,0,0
1987-06-19,,8.3,,19,6,0,0,0
1987-06-22,,8.23,,22,6,0,0,0
1987-06-23,,8.23,,23,6,0,0,0
1987-06-24,,8.31,,24,6,0,0,0
1987-06-25,,8.25,,25,6,0,0,0
1987-06-26,,8.37,,26,6,0,0,0
1987-06-29,,8.34,,29,6,0,0,0
1987-06-30,,8.38,,30,6,1,1,0
1987-07-01,6.58,8.36,6.1,1,7,0,0,0
1987-07-02,,8.3,,2,7,0,0,0
1987-07-03,,,,3,7,0,0,0
1987-07-06,,8.29,,6,7,0,0,0
1987-07-07,,8.28,,7,7,0,0,0
1987-07-08,,8.32,,8,7,0,0,0
1987-07-09,,8.37,,9,7,0,0,0
1987-07-10,,8.32,,10,7,0,0,0
1987-07-13,,8.38,,13,7,0,0,0
1987-07-14,,8.33,,14,7,0,0,0
1987-07-15,,8.43,,15,7,1,0,0
1987-07-16,,8.41,,16,7,0,0,0
1987-07-17,,8.36,,17,7,0,0,0
1987-07-20,,8.41,,20,7,0,0,0
1987-07-21,,8.49,,21,7,0,0,0
1987-07-22,,8.54,,22,7,0,0,0
1987-07-23,,8.56,,23,7,0,0,0
1987-07-24,,8.58,,24,7,0,0,0
1987-07-27,,8.6,,27,7,0,0,0
1987-07-28,,8.62,,28,7,0,0,0
1987-07-29,,8.61,,29,7,0,0,0
1987-07-30,,8.61,,30,7,0,0,0
1987-07-31,,8.66,,31,7,1,0,0
1987-08-01,6.73,,6.0,1,8,0,0,0
1987-08-03,,8.81,,3,8,0,0,0
1987-08-04,,8.81,,4,8,0,0,0
1987-08-05,,8.71,,5,8,0,0,0
1987-08-06,,8.73,,6,8,0,0,0
1987-08-07,,8.7,,7,8,0,0,0
1987-08-10,,8.74,,10,8,0,0,0
1987-08-11,,8.73,,11,8,0,0,0
1987-08-12,,8.72,,12,8,0,0,0
1987-08-13,,8.63,,13,8,0,0,0
1987-08-14,,8.58,,14,8,0,0,0
1987-08-17,,8.56,,17,8,0,0,0
1987-08-18,,8.73,,18,8,0,0,0
1987-08-19,,8.77,,19,8,0,0,0
1987-08-20,,8.74,,20,8,0,0,0
1987-08-21,,8.77,,21,8,0,0,0
1987-08-24,,8.78,,24,8,0,0,0
1987-08-25,,8.73,,25,8,0,0,0
1987-08-26,,8.79,,26,8,0,0,0
1987-08-27,,8.92,,27,8,0,0,0
1987-08-28,,9.02,,28,8,0,0,0
1987-08-31,,9.0,,31,8,1,0,0
1987-09-01,7.22,9.05,5.9,1,9,0,0,0
1987-09-02,,9.28,,2,9,0,0,0
1987-09-03,,9.29,,3,9,0,0,0
1987-09-04,,9.3,,4,9,0,0,0
1987-09-07,,,,7,9,0,0,0
1987-09-08,,9.5,,8,9,0,0,0
1987-09-09,,9.48,,9,9,0,0,0
1987-09-10,,9.42,,10,9,0,0,0
1987-09-11,,9.33,,11,9,0,0,0
1987-09-14,,9.34,,14,9,0,0,0
1987-09-15,,9.44,,15,9,1,0,0
1987-09-16,,9.52,,16,9,0,0,0
1987-09-17,,9.48,,17,9,0,0,0
1987-09-18,,9.38,,18,9,0,0,0
1987-09-21,,9.45,,21,9,0,0,0
1987-09-22,,9.37,,22,9,0,0,0
1987-09-23,,9.4,,23,9,0,0,0
1987-09-24,,9.51,,24,9,0,0,0
1987-09-25,,9.53,,25,9,0,0,0
1987-09-28,,9.52,,28,9,0,0,0
1987-09-29,,9.64,,29,9,0,0,0
1987-09-30,,9.63,,30,9,1,1,0
1987-10-01,7.29,9.66,6.0,1,10,0,0,0
1987-10-02,,9.6,,2,10,0,0,0
1987-10-05,,9.69,,5,10,0,0,0
1987-10-06,,9.72,,6,10,0,0,0
1987-10-07,,9.71,,7,10,0,0,0
1987-10-08,,9.86,,8,10,0,0,0
1987-10-09,,9.94,,9,10,0,0,0
1987-10-12,,,,12,10,0,0,0
1987-10-13,,9.9,,13,10,0,0,0
1987-10-14,,10.13,,14,10,0,0,0
1987-10-15,,10.18,,15,10,1,0,0
1987-10-16,,10.23,,16,10,0,0,0
1987-10-19,,10.15,,19,10,0,0,0
1987-10-20,,9.4,,20,10,0,0,0
1987-10-21,,9.3,,21,10,0,0,0
1987-10-22,,8.97,,22,10,0,0,0
1987-10-23,,8.98,,23,10,0,0,0
1987-10-26,,8.8,,26,10,0,0,0
1987-10-27,,8.92,,27,10,0,0,0
1987-10-28,,9.01,,28,10,0,0,0
1987-10-29,,8.89,,29,10,0,0,0
1987-10-30,,8.88,,30,10,0,0,0
1987-11-01,6.69,,5.8,1,11,0,0,0
1987-11-02,,8.98,,2,11,0,0,0
1987-11-03,,8.91,,3,11,0,0,0
1987-11-04,,8.85,,4,11,0,0,0
1987-11-05,,8.72,,5,11,0,0,0
1987-11-06,,8.76,,6,11,0,0,0
1987-11-09,,8.78,,9,11,0,0,0
1987-11-10,,8.79,,10,11,0,0,0
1987-11-11,,,,11,11,0,0,0
1987-11-12,,8.8,,12,11,0,0,0
1987-11-13,,8.84,,13,11,0,0,0
1987-11-16,,8.82,,16,11,0,0,0
1987-11-17,,8.86,,17,11,0,0,0
1987-11-18,,8.85,,18,11,0,0,0
1987-11-19,,8.83,,19,11,0,0,0
1987-11-20,,8.79,,20,11,0,0,0
1987-11-23,,8.8,,23,11,0,0,0
1987-11-24,,8.89,,24,11,0,0,0
1987-11-25,,8.98,,25,11,0,0,0
1987-11-26,,,,26,11,0,0,0
1987-11-27,,9.11,,27,11,0,0,0
1987-11-30,,8.99,,30,11,1,0,0
1987-12-01,6.77,9.01,5.7,1,12,0,0,0
1987-12-02,,9.01,,2,12,0,0,0
1987-12-03,,8.94,,3,12,0,0,0
1987-12-04,,8.94,,4,12,0,0,0
1987-12-07,,9.07,,7,12,0,0,0
1987-12-08,,9.09,,8,12,0,0,0
1987-12-09,,9.05,,9,12,0,0,0
1987-12-10,,9.23,,10,12,0,0,0
1987-12-11,,9.28,,11,12,0,0,0
1987-12-14,,9.23,,14,12,0,0,0
1987-12-15,,9.09,,15,12,1,0,0
1987-12-16,,9.0,,16,12,0,0,0
1987-12-17,,9.03,,17,12,0,0,0
1987-12-18,,8.89,,18,12,0,0,0
1987-12-21,,8.88,,21,12,0,0,0
1987-12-22,,8.95,,22,12,0,0,0
1987-12-23,,8.83,,23,12,0,0,0
1987-12-24,,8.82,,24,12,0,0,0
1987-12-25,,,,25,12,0,0,0
1987-12-28,,8.93,,28,12,0,0,0
1987-12-29,,8.85,,29,12,0,0,0
1987-12-30,,8.78,,30,12,0,0,0
1987-12-31,,8.83,,31,12,1,1,0
1988-01-01,6.83,,5.7,1,1,0,0,0
1988-01-04,,8.83,,4,1,0,0,0
1988-01-05,,8.76,,5,1,0,0,0
1988-01-06,,8.82,,6,1,0,0,0
1988-01-07,,8.83,,7,1,0,0,0
1988-01-08,,8.97,,8,1,0,0,0
1988-01-11,,8.94,,11,1,0,0,0
1988-01-12,,8.93,,12,1,0,0,0
1988-01-13,,8.87,,13,1,0,0,0
1988-01-14,,8.86,,14,1,0,0,0
1988-01-15,,8.6,,15,1,1,0,0
1988-01-18,,,,18,1,0,0,0
1988-01-19,,8.65,,19,1,0,0,0
1988-01-20,,8.61,,20,1,0,0,0
1988-01-21,,8.53,,21,1,0,0,0
1988-01-22,,8.49,,22,1,0,0,0
1988-01-25,,8.45,,25,1,0,0,0
1988-01-26,,8.54,,26,1,0,0,0
1988-01-27,,8.38,,27,1,0,0,0
1988-01-28,,8.33,,28,1,0,0,0
1988-01-29,,8.26,,29,1,0,0,0
1988-02-01,6.58,8.26,5.7,1,2,0,0,0
1988-02-02,,8.18,,2,2,0,0,0
1988-02-03,,8.21,,3,2,0,0,0
1988-02-04,,8.24,,4,2,0,0,0
1988-02-05,,8.12,,5,2,0,0,0
1988-02-08,,8.19,,8,2,0,0,0
1988-02-09,,8.16,,9,2,0,0,0
1988-02-10,,8.11,,10,2,0,0,0
1988-02-11,,8.16,,11,2,0,0,0
1988-02-12,,8.28,,12,2,0,0,0
1988-02-15,,,,15,2,1,0,0
1988-02-16,,8.31,,16,2,0,0,0
1988-02-17,,8.32,,17,2,0,0,0
1988-02-18,,8.28,,18,2,0,0,0
1988-02-19,,8.26,,19,2,0,0,0
1988-02-22,,8.24,,22,2,0,0,0
1988-02-23,,8.17,,23,2,0,0,0
1988-02-24,,8.18,,24,2,0,0,0
1988-02-25,,8.23,,25,2,0,0,0
1988-02-26,,8.18,,26,2,0,0,0
1988-02-29,,8.16,,29,2,1,0,0
1988-03-01,6.58,8.15,5.7,1,3,0,0,0
1988-03-02,,8.13,,2,3,0,0,0
1988-03-03,,8.12,,3,3,0,0,0
1988-03-04,,8.28,,4,3,0,0,0
1988-03-07,,8.3,,7,3,0,0,0
1988-03-08,,8.33,,8,3,0,0,0
1988-03-09,,8.32,,9,3,0,0,0
1988-03-10,,8.35,,10,3,0,0,0
1988-03-11,,8.29,,11,3,0,0,0
1988-03-14,,8.29,,14,3,0,0,0
1988-03-15,,8.3,,15,3,1,0,0
1988-03-16,,8.36,,16,3,0,0,0
1988-03-17,,8.3,,17,3,0,0,0
1988-03-18,,8.41,,18,3,0,0,0
1988-03-21,,8.47,,21,3,0,0,0
1988-03-22,,8.46,,22,3,0,0,0
1988-03-23,,8.47,,23,3,0,0,0
1988-03-24,,8.51,,24,3,0,0,0
1988-03-25,,8.47,,25,3,0,0,0
1988-03-28,,8.58,,28,3,0,0,0
1988-03-29,,8.56,,29,3,0,0,0
1988-03-30,,8.57,,30,3,0,0,0
1988-03-31,,8.57,,31,3,1,1,0
1988-04-01,6.87,,5.4,1,4,0,0,0
1988-04-04,,8.68,,4,4,0,0,0
1988-04-05,,8.67,,5,4,0,0,0
1988-04-06,,8.61,,6,4,0,0,0
1988-04-07,,8.6,,7,4,0,0,0
1988-04-08,,8.52,,8,4,0,0,0
1988-04-11,,8.59,,11,4,0,0,0
1988-04-12,,8.57,,12,4,0,0,0
1988-04-13,,8.56,,13,4,0,0,0
1988-04-14,,8.67,,14,4,0,0,0
1988-04-15,,8.74,,15,4,1,0,0
1988-04-18,,8.81,,18,4,0,0,0
1988-04-19,,8.81,,19,4,0,0,0
1988-04-20,,8.83,,20,4,0,0,0
1988-04-21,,8.82,,21,4,0,0,0
1988-04-22,,8.78,,22,4,0,0,0
1988-04-25,,8.78,,25,4,0,0,0
1988-04-26,,8.8,,26,4,0,0,0
1988-04-27,,8.8,,27,4,0,0,0
1988-04-28,,8.86,,28,4,0,0,0
1988-04-29,,8.87,,29,4,0,0,0
1988-05-01,7.09,,5.6,1,5,0,0,0
1988-05-02,,8.94,,2,5,0,0,0
1988-05-03,,8.89,,3,5,0,0,0
1988-05-04,,8.9,,4,5,0,0,0
1988-05-05,,8.92,,5,5,0,0,0
1988-05-06,,9.01,,6,5,0,0,0
1988-05-09,,9.03,,9,5,0,0,0
1988-05-10,,9.07,,10,5,0,0,0
1988-05-11,,9.05,,11,5,0,0,0
1988-05-12,,9.04,,12,5,0,0,0
1988-05-13,,9.0,,13,5,0,0,0
1988-05-16,,9.01,,16,5,0,0,0
1988-05-17,,9.12,,17,5,0,0,0
1988-05-18,,9.19,,18,5,0,0,0
1988-05-19,,9.18,,19,5,0,0,0
1988-05-20,,9.22,,20,5,0,0,0
1988-05-23,,9.23,,23,5,0,0,0
1988-05-24,,9.22,,24,5,0,0,0
1988-05-25,,9.2,,25,5,0,0,0
1988-05-26,,9.21,,26,5,0,0,0
1988-05-27,,9.24,,27,5,0,0,0
1988-05-30,,,,30,5,0,0,0
1988-05-31,,9.2,,31,5,1,0,0
1988-06-01,7.51,9.03,5.4,1,6,0,0,0
1988-06-02,,9.07,,2,6,0,0,0
1988-06-03,,8.97,,3,6,0,0,0
1988-06-06,,8.97,,6,6,0,0,0
1988-06-07,,9.02,,7,6,0,0,0
1988-06-08,,8.92,,8,6,0,0,0
1988-06-09,,8.96,,9,6,0,0,0
1988-06-10,,8.92,,10,6,0,0,0
1988-06-13,,8.91,,13,6,0,0,0
1988-06-14,,8.69,,14,6,0,0,0
1988-06-15,,8.71,,15,6,1,0,0
1988-06-16,,8.89,,16,6,0,0,0
1988-06-17,,9.02,,17,6,0,0,0
1988-06-20,,9.02,,20,6,0,0,0
1988-06-21,,9.03,,21,6,0,0,0
1988-06-22,,8.9,,22,6,0,0,0
1988-06-23,,8.88,,23,6,0,0,0
1988-06-24,,8.85,,24,6,0,0,0
1988-06-27,,8.94,,27,6,0,0,0
1988-06-28,,8.87,,28,6,0,0,0
1988-06-29,,8.88,,29,6,0,0,0
1988-06-30,,8.82,,30,6,1,1,0
1988-07-01,7.75,8.77,5.4,1,7,0,0,0
1988-07-04,,,,4,7,0,0,0
1988-07-05,,8.82,,5,7,0,0,0
1988-07-06,,8.91,,6,7,0,0,0
1988-07-07,,8.95,,7,7,0,0,0
1988-07-08,,9.04,,8,7,0,0,0
1988-07-11,,9.02,,11,7,0,0,0
1988-07-12,,9.08,,12,7,0,0,0
1988-07-13,,9.12,,13,7,0,0,0
1988-07-14,,9.12,,14,7,0,0,0
1988-07-15,,9.08,,15,7,1,0,0
1988-07-18,,9.15,,18,7,0,0,0
1988-07-19,,9.1,,19,7,0,0,0
1988-07-20,,9.11,,20,7,0,0,0
1988-07-21,,9.16,,21,7,0,0,0
1988-07-22,,9.11,,22,7,0,0,0
1988-07-25,,9.07,,25,7,0,0,0
1988-07-26,,9.09,,26,7,0,0,0
1988-07-27,,9.14,,27,7,0,0,0
1988-07-28,,9.16,,28,7,0,0,0
1988-07-29,,9.12,,29,7,0,0,0
1988-08-01,8.01,9.07,5.6,1,8,0,0,0
1988-08-02,,9.0,,2,8,0,0,0
1988-08-03,,9.04,,3,8,0,0,0
1988-08-04,,8.99,,4,8,0,0,0
1988-08-05,,9.12,,5,8,0,0,0
1988-08-08,,9.12,,8,8,0,0,0
1988-08-09,,9.2,,9,8,0,0,0
1988-08-10,,9.3,,10,8,0,0,0
1988-08-11,,9.35,,11,8,0,0,0
1988-08-12,,9.36,,12,8,0,0,0
1988-08-15,,9.37,,15,8,1,0,0
1988-08-16,,9.35,,16,8,0,0,0
1988-08-17,,9.38,,17,8,0,0,0
1988-08-18,,9.35,,18,8,0,0,0
1988-08-19,,9.35,,19,8,0,0,0
1988-08-22,,9.37,,22,8,0,0,0
1988-08-23,,9.32,,23,8,0,0,0
1988-08-24,,9.34,,24,8,0,0,0
1988-08-25,,9.41,,25,8,0,0,0
1988-08-26,,9.38,,26,8,0,0,0
1988-08-29,,9.3,,29,8,0,0,0
1988-08-30,,9.27,,30,8,0,0,0
1988-08-31,,9.25,,31,8,1,0,0
1988-09-01,8.19,9.25,5.4,1,9,0,0,0
1988-09-02,,9.0,,2,9,0,0,0
1988-09-05,,,,5,9,0,0,0
1988-09-06,,8.99,,6,9,0,0,0
1988-09-07,,8.99,,7,9,0,0,0
1988-09-08,,8.99,,8,9,0,0,0
1988-09-09,,8.93,,9,9,0,0,0
1988-09-12,,8.97,,12,9,0,0,0
1988-09-13,,8.94,,13,9,0,0,0
1988-09-14,,8.88,,14,9,0,0,0
1988-09-15,,8.91,,15,9,1,0,0
1988-09-16,,8.93,,16,9,0,0,0
1988-09-19,,8.97,,19,9,0,0,0
1988-09-20,,8.97,,20,9,0,0,0
1988-09-21,,8.93,,21,9,0,0,0
1988-09-22,,8.95,,22,9,0,0,0
1988-09-23,,8.97,,23,9,0,0,0
1988-09-26,,9.0,,26,9,0,0,0
1988-09-27,,9.04,,27,9,0,0,0
1988-09-28,,9.06,,28,9,0,0,0
1988-09-29,,8.98,,29,9,0,0,0
1988-09-30,,8.87,,30,9,1,1,0
1988-10-01,8.3,,5.4,1,10,0,0,0
1988-10-03,,8.84,,3,10,0,0,0
1988-10-04,,8.87,,4,10,0,0,0
1988-10-05,,8.87,,5,10,0,0,0
1988-10-06,,8.87,,6,10,0,0,0
1988-10-07,,8.7,,7,10,0,0,0
1988-10-10,,,,10,10,0,0,0
1988-10-11,,8.75,,11,10,0,0,0
1988-10-12,,8.84,,12,10,0,0,0
1988-10-13,,8.84,,13,10,0,0,0
1988-10-14,,8.81,,14,10,0,0,0
1988-10-17,,8.79,,17,10,0,0,0
1988-10-18,,8.78,,18,10,0,0,0
1988-10-19,,8.82,,19,10,0,0,0
1988-10-20,,8.79,,20,10,0,0,0
1988-10-21,,8.83,,21,10,0,0,0
1988-10-24,,8.83,,24,10,0,0,0
1988-10-25,,8.83,,25,10,0,0,0
1988-10-26,,8.79,,26,10,0,0,0
1988-10-27,,8.72,,27,10,0,0,0
1988-10-28,,8.69,,28,10,0,0,0
1988-10-31,,8.65,,31,10,1,0,0
1988-11-01,8.35,8.68,5.3,1,11,0,0,0
1988-11-02,,8.73,,2,11,0,0,0
1988-11-03,,8.69,,3,11,0,0,0
1988-11-04,,8.85,,4,11,0,0,0
1988-11-07,,8.91,,7,11,0,0,0
1988-11-08,,8.91,,8,11,0,0,0
1988-11-09,,8.91,,9,11,0,0,0
1988-11-10,,8.9,,10,11,0,0,0
1988-11-11,,,,11,11,0,0,0
1988-11-14,,8.91,,14,11,0,0,0
1988-11-15,,8.92,,15,11,1,0,0
1988-11-16,,9.0,,16,11,0,0,0
1988-11-17,,9.06,,17,11,0,0,0
1988-11-18,,9.05,,18,11,0,0,0
1988-11-21,,9.04,,21,11,0,0,0
1988-11-22,,9.09,,22,11,0,0,0
1988-11-23,,9.08,,23,11,0,0,0
1988-11-24,,,,24,11,0,0,0
1988-11-25,,9.17,,25,11,0,0,0
1988-11-28,,9.16,,28,11,0,0,0
1988-11-29,,9.13,,29,11,0,0,0
1988-11-30,,9.06,,30,11,1,0,0
1988-12-01,8.76,9.01,5.3,1,12,0,0,0
1988-12-02,,9.18,,2,12,0,0,0
1988-12-05,,9.13,,5,12,0,0,0
1988-12-06,,8.95,,6,12,0,0,0
1988-12-07,,9.0,,7,12,0,0,0
1988-12-08,,9.02,,8,12,0,0,0
1988-12-09,,9.07,,9,12,0,0,0
1988-12-12,,9.08,,12,12,0,0,0
1988-12-13,,9.15,,13,12,0,0,0
1988-12-14,,9.19,,14,12,0,0,0
1988-12-15,,9.19,,15,12,1,0,0
1988-12-16,,9.17,,16,12,0,0,0
1988-12-19,,9.15,,19,12,0,0,0
1988-12-20,,9.08,,20,12,0,0,0
1988-12-21,,9.07,,21,12,0,0,0
1988-12-22,,9.07,,22,12,0,0,0
1988-12-23,,9.05,,23,12,0,0,0
1988-12-26,,,,26,12,0,0,0
1988-12-27,,9.13,,27,12,0,0,0
1988-12-28,,9.21,,28,12,0,0,0
1988-12-29,,9.18,,29,12,0,0,0
1988-12-30,,9.14,,30,12,0,0,0
1989-01-01,9.12,,5.4,1,1,0,0,0
1989-01-02,,,,2,1,0,0,0
1989-01-03,,9.23,,3,1,0,0,0
1989-01-04,,9.22,,4,1,0,0,0
1989-01-05,,9.27,,5,1,0,0,0
1989-01-06,,9.25,,6,1,0,0,0
1989-01-09,,9.23,,9,1,0,0,0
1989-01-10,,9.24,,10,1,0,0,0
1989-01-11,,9.24,,11,1,0,0,0
1989-01-12,,9.14,,12,1,0,0,0
1989-01-13,,9.06,,13,1,0,0,0
1989-01-16,,,,16,1,0,0,0
1989-01-17,,9.06,,17,1,0,0,0
1989-01-18,,8.99,,18,1,0,0,0
1989-01-19,,9.0,,19,1,0,0,0
1989-01-20,,9.03,,20,1,0,0,0
1989-01-23,,9.0,,23,1,0,0,0
1989-01-24,,8.93,,24,1,0,0,0
1989-01-25,,8.99,,25,1,0,0,0
1989-01-26,,8.99,,26,1,0,0,0
1989-01-27,,8.95,,27,1,0,0,0
1989-01-30,,9.0,,30,1,0,0,0
1989-01-31,,9.01,,31,1,1,0,0
1989-02-01,9.36,8.99,5.2,1,2,0,0,0
1989-02-02,,8.98,,2,2,0,0,0
1989-02-03,,9.01,,3,2,0,0,0
1989-02-06,,9.01,,6,2,0,0,0
1989-02-07,,8.96,,7,2,0,0,0
1989-02-08,,8.95,,8,2,0,0,0
1989-02-09,,9.13,,9,2,0,0,0
1989-02-10,,9.19,,10,2,0,0,0
1989-02-13,,9.2,,13,2,0,0,0
1989-02-14,,9.23,,14,2,0,0,0
1989-02-15,,9.22,,15,2,1,0,0
1989-02-16,,9.21,,16,2,0,0,0
1989-02-17,,9.2,,17,2,0,0,0
1989-02-20,,,,20,2,0,0,0
1989-02-21,,9.22,,21,2,0,0,0
1989-02-22,,9.29,,22,2,0,0,0
1989-02-23,,9.36,,23,2,0,0,0
1989-02-24,,9.38,,24,2,0,0,0
1989-02-27,,9.36,,27,2,0,0,0
1989-02-28,,9.32,,28,2,1,0,0
1989-03-01,9.85,9.36,5.0,1,3,0,0,0
1989-03-02,,9.31,,2,3,0,0,0
1989-03-03,,9.31,,3,3,0,0,0
1989-03-06,,9.26,,6,3,0,0,0
1989-03-07,,9.26,,7,3,0,0,0
1989-03-08,,9.23,,8,3,0,0,0
1989-03-09,,9.24,,9,3,0,0,0
1989-03-10,,9.34,,10,3,0,0,0
1989-03-13,,9.35,,13,3,0,0,0
1989-03-14,,9.32,,14,3,0,0,0
1989-03-15,,9.31,,15,3,1,0,0
1989-03-16,,9.3,,16,3,0,0,0
1989-03-17,,9.49,,17,3,0,0,0
1989-03-20,,9.53,,20,3,0,0,0
1989-03-21,,9.53,,21,3,0,0,0
1989-03-22,,9.45,,22,3,0,0,0
1989-03-23,,9.43,,23,3,0,0,0
1989-03-24,,,,24,3,0,0,0
1989-03-27,,9.44,,27,3,0,0,0
1989-03-28,,9.41,,28,3,0,0,0
1989-03-29,,9.36,,29,3,0,0,0
1989-03-30,,9.34,,30,3,0,0,0
1989-03-31,,9.3,,31,3,1,1,0
1989-04-01,9.84,,5.2,1,4,0,0,0
1989-04-03,,9.21,,3,4,0,0,0
1989-04-04,,9.17,,4,4,0,0,0
1989-04-05,,9.17,,5,4,0,0,0
1989-04-06,,9.2,,6,4,0,0,0
1989-04-07,,9.27,,7,4,0,0,0
1989-04-10,,9.27,,10,4,0,0,0
1989-04-11,,9.27,,11,4,0,0,0
1989-04-12,,9.29,,12,4,0,0,0
1989-04-13,,9.34,,13,4,0,0,0
1989-04-14,,9.18,,14,4,0,0,0
1989-04-17,,9.2,,17,4,0,0,0
1989-04-18,,9.06,,18,4,0,0,0
1989-04-19,,9.08,,19,4,0,0,0
1989-04-20,,9.2,,20,4,0,0,0
1989-04-21,,9.15,,21,4,0,0,0
1989-04-24,,9.15,,24,4,0,0,0
1989-04-25,,9.12,,25,4,0,0,0
1989-04-26,,9.11,,26,4,0,0,0
1989-04-27,,9.05,,27,4,0,0,0
1989-04-28,,9.02,,28,4,0,0,0
1989-05-01,9.81,9.14,5.2,1,5,0,0,0
1989-05-02,,9.08,,2,5,0,0,0
1989-05-03,,9.06,,3,5,0,0,0
1989-05-04,,9.06,,4,5,0,0,0
1989-05-05,,8.99,,5,5,0,0,0
1989-05-08,,9.04,,8,5,0,0,0
1989-05-09,,9.15,,9,5,0,0,0
1989-05-10,,9.16,,10,5,0,0,0
1989-05-11,,9.1,,11,5,0,0,0
1989-05-12,,8.81,,12,5,0,0,0
1989-05-15,,8.82,,15,5,1,0,0
1989-05-16,,8.82,,16,5,0,0,0
1989-05-17,,8.8,,17,5,0,0,0
1989-05-18,,8.78,,18,5,0,0,0
1989-05-19,,8.71,,19,5,0,0,0
1989-05-22,,8.58,,22,5,0,0,0
1989-05-23,,8.6,,23,5,0,0,0
1989-05-24,,8.63,,24,5,0,0,0
1989-05-25,,8.67,,25,5,0,0,0
1989-05-26,,8.66,,26,5,0,0,0
1989-05-29,,,,29,5,0,0,0
1989-05-30,,8.64,,30,5,0,0,0
1989-05-31,,8.6,,31,5,1,0,0
1989-06-01,9.53,8.61,5.3,1,6,0,0,0
1989-06-02,,8.43,,2,6,0,0,0
1989-06-05,,8.36,,5,6,0,0,0
1989-06-06,,8.36,,6,6,0,0,0
1989-06-07,,8.27,,7,6,0,0,0
1989-06-08,,8.27,,8,6,0,0,0
1989-06-09,,8.15,,9,6,0,0,0
1989-06-12,,8.16,,12,6,0,0,0
1989-06-13,,8.25,,13,6,0,0,0
1989-06-14,,8.2,,14,6,0,0,0
1989-06-15,,8.33,,15,6,1,0,0
1989-06-16,,8.35,,16,6,0,0,0
1989-06-19,,8.37,,19,6,0,0,0
1989-06-20,,8.31,,20,6,0,0,0
1989-06-21,,8.37,,21,6,0,0,0
1989-06-22,,8.38,,22,6,0,0,0
1989-06-23,,8.25,,23,6,0,0,0
1989-06-26,,8.18,,26,6,0,0,0
1989-06-27,,8.11,,27,6,0,0,0
1989-06-28,,8.17,,28,6,0,0,0
1989-06-29,,8.12,,29,6,0,0,0
1989-06-30,,8.1,,30,6,1,1,0
1989-07-01,9.24,,5.2,1,7,0,0,0
1989-07-03,,8.09,,3,7,0,0,0
1989-07-04,,,,4,7,0,0,0
1989-07-05,,8.11,,5,7,0,0,0
1989-07-06,,8.08,,6,7,0,0,0
1989-07-07,,8.02,,7,7,0,0,0
1989-07-10,,7.99,,10,7,0,0,0
1989-07-11,,8.0,,11,7,0,0,0
1989-07-12,,8.0,,12,7,0,0,0
1989-07-13,,8.0,,13,7,0,0,0
1989-07-14,,8.04,,14,7,0,0,0
1989-07-17,,8.05,,17,7,0,0,0
1989-07-18,,8.13,,18,7,0,0,0
1989-07-19,,8.09,,19,7,0,0,0
1989-07-20,,8.01,,20,7,0,0,0
1989-07-21,,8.07,,21,7,0,0,0
1989-07-24,,8.05,,24,7,0,0,0
1989-07-25,,8.01,,25,7,0,0,0
1989-07-26,,8.02,,26,7,0,0,0
1989-07-27,,7.92,,27,7,0,0,0
1989-07-28,,7.87,,28,7,0,0,0
1989-07-31,,7.82,,31,7,1,0,0
1989-08-01,8.99,7.74,5.2,1,8,0,0,0
1989-08-02,,7.76,,2,8,0,0,0
1989-08-03,,7.8,,3,8,0,0,0
1989-08-04,,8.0,,4,8,0,0,0
1989-08-07,,8.03,,7,8,0,0,0
1989-08-08,,8.0,,8,8,0,0,0
1989-08-09,,8.05,,9,8,0,0,0
1989-08-10,,8.02,,10,8,0,0,0
1989-08-11,,8.09,,11,8,0,0,0
1989-08-14,,8.24,,14,8,0,0,0
1989-08-15,,8.21,,15,8,1,0,0
1989-08-16,,8.12,,16,8,0,0,0
1989-08-17,,8.18,,17,8,0,0,0
1989-08-18,,8.15,,18,8,0,0,0
1989-08-21,,8.2,,21,8,0,0,0
1989-08-22,,8.29,,22,8,0,0,0
1989-08-23,,8.25,,23,8,0,0,0
1989-08-24,,8.2,,24,8,0,0,0
1989-08-25,,8.21,,25,8,0,0,0
1989-08-28,,8.27,,28,8,0,0,0
1989-08-29,,8.27,,29,8,0,0,0
1989-08-30,,8.25,,30,8,0,0,0
1989-08-31,,8.26,,31,8,1,0,0
1989-09-01,9.02,8.19,5.3,1,9,0,0,0
1989-09-04,,,,4,9,0,0,0
1989-09-05,,8.19,,5,9,0,0,0
1989-09-06,,8.17,,6,9,0,0,0
1989-09-07,,8.17,,7,9,0,0,0
1989-09-08,,8.14,,8,9,0,0,0
1989-09-11,,8.13,,11,9,0,0,0
1989-09-12,,8.13,,12,9,0,0,0
1989-09-13,,8.18,,13,9,0,0,0
1989-09-14,,8.13,,14,9,0,0,0
1989-09-15,,8.09,,15,9,1,0,0
1989-09-18,,8.1,,18,9,0,0,0
1989-09-19,,8.09,,19,9,0,0,0
1989-09-20,,8.15,,20,9,0,0,0
1989-09-21,,8.2,,21,9,0,0,0
1989-09-22,,8.22,,22,9,0,0,0
1989-09-25,,8.32,,25,9,0,0,0
1989-09-26,,8.3,,26,9,0,0,0
1989-09-27,,8.3,,27,9,0,0,0
1989-09-28,,8.3,,28,9,0,0,0
1989-09-29,,8.31,,29,9,0,0,0
1989-10-01,8.84,,5.3,1,10,0,0,0
1989-10-02,,8.28,,2,10,0,0,0
1989-10-03,,8.23,,3,10,0,0,0
1989-10-04,,8.22,,4,10,0,0,0
1989-10-05,,8.15,,5,10,0,0,0
1989-10-06,,8.03,,6,10,0,0,0
1989-10-09,,,,9,10,0,0,0
1989-10-10,,8.03,,10,10,0,0,0
1989-10-11,,8.07,,11,10,0,0,0
1989-10-12,,8.04,,12,10,0,0,0
1989-10-13,,7.87,,13,10,0,0,0
1989-10-16,,7.98,,16,10,0,0,0
1989-10-17,,8.0,,17,10,0,0,0
1989-10-18,,8.01,,18,10,0,0,0
1989-10-19,,7.96,,19,10,0,0,0
1989-10-20,,7.98,,20,10,0,0,0
1989-10-23,,7.92,,23,10,0,0,0
1989-10-24,,7.87,,24,10,0,0,0
1989-10-25,,7.86,,25,10,0,0,0
1989-10-26,,7.88,,26,10,0,0,0
1989-10-27,,7.94,,27,10,0,0,0
1989-10-30,,7.92,,30,10,0,0,0
1989-10-31,,7.92,,31,10,1,0,0
1989-11-01,8.55,7.91,5.4,1,11,0,0,0
1989-11-02,,7.87,,2,11,0,0,0
1989-11-03,,7.96,,3,11,0,0,0
1989-11-06,,8.0,,6,11,0,0,0
1989-11-07,,7.9,,7,11,0,0,0
1989-11-08,,7.87,,8,11,0,0,0
1989-11-09,,7.9,,9,11,0,0,0
1989-11-10,,7.92,,10,11,0,0,0
1989-11-13,,7.89,,13,11,0,0,0
1989-11-14,,7.87,,14,11,0,0,0
1989-11-15,,7.82,,15,11,1,0,0
1989-11-16,,7.82,,16,11,0,0,0
1989-11-17,,7.88,,17,11,0,0,0
1989-11-20,,7.86,,20,11,0,0,0
1989-11-21,,7.85,,21,11,0,0,0
1989-11-22,,7.81,,22,11,0,0,0
1989-11-23,,,,23,11,0,0,0
1989-11-24,,7.8,,24,11,0,0,0
1989-11-27,,7.85,,27,11,0,0,0
1989-11-28,,7.86,,28,11,0,0,0
1989-11-29,,7.88,,29,11,0,0,0
1989-11-30,,7.84,,30,11,1,0,0
1989-12-01,8.45,7.81,5.4,1,12,0,0,0
1989-12-04,,7.82,,4,12,0,0,0
1989-12-05,,7.82,,5,12,0,0,0
1989-12-06,,7.85,,6,12,0,0,0
1989-12-07,,7.88,,7,12,0,0,0
1989-12-08,,7.82,,8,12,0,0,0
1989-12-11,,7.83,,11,12,0,0,0
1989-12-12,,7.84,,12,12,0,0,0
1989-12-13,,7.82,,13,12,0,0,0
1989-12-14,,7.79,,14,12,0,0,0
1989-12-15,,7.8,,15,12,1,0,0
1989-12-18,,7.77,,18,12,0,0,0
1989-12-19,,7.78,,19,12,0,0,0
1989-12-20,,7.77,,20,12,0,0,0
1989-12-21,,7.77,,21,12,0,0,0
1989-12-22,,7.82,,22,12,0,0,0
1989-12-25,,,,25,12,0,0,0
1989-12-26,,7.95,,26,12,0,0,0
1989-12-27,,7.94,,27,12,0,0,0
1989-12-28,,7.91,,28,12,0,0,0
1989-12-29,,7.93,,29,12,0,0,0
1990-01-01,8.23,,5.4,1,1,0,0,0
1990-01-02,,7.94,,2,1,0,0,0
1990-01-03,,7.99,,3,1,0,0,0
1990-01-04,,7.98,,4,1,0,0,0
1990-01-05,,7.99,,5,1,0,0,0
1990-01-08,,8.02,,8,1,0,0,0
1990-01-09,,8.02,,9,1,0,0,0
1990-01-10,,8.03,,10,1,0,0,0
1990-01-11,,8.04,,11,1,0,0,0
1990-01-12,,8.1,,12,1,0,0,0
1990-01-15,,,,15,1,1,0,0
1990-01-16,,8.2,,16,1,0,0,0
1990-01-17,,8.19,,17,1,0,0,0
1990-01-18,,8.32,,18,1,0,0,0
1990-01-19,,8.26,,19,1,0,0,0
1990-01-22,,8.27,,22,1,0,0,0
1990-01-23,,8.26,,23,1,0,0,0
1990-01-24,,8.38,,24,1,0,0,0
1990-01-25,,8.42,,25,1,0,0,0
1990-01-26,,8.49,,26,1,0,0,0
1990-01-29,,8.5,,29,1,0,0,0
1990-01-30,,8.51,,30,1,0,0,0
1990-01-31,,8.43,,31,1,1,0,0
1990-02-01,8.24,8.42,5.3,1,2,0,0,0
1990-02-02,,8.5,,2,2,0,0,0
1990-02-05,,8.53,,5,2,0,0,0
1990-02-06,,8.57,,6,2,0,0,0
1990-02-07,,8.52,,7,2,0,0,0
1990-02-08,,8.49,,8,2,0,0,0
1990-02-09,,8.31,,9,2,0,0,0
1990-02-12,,8.4,,12,2,0,0,0
1990-02-13,,8.35,,13,2,0,0,0
1990-02-14,,8.36,,14,2,0,0,0
1990-02-15,,8.43,,15,2,1,0,0
1990-02-16,,8.42,,16,2,0,0,0
1990-02-19,,,,19,2,0,0,0
1990-02-20,,8.62,,20,2,0,0,0
1990-02-21,,8.62,,21,2,0,0,0
1990-02-22,,8.54,,22,2,0,0,0
1990-02-23,,8.53,,23,2,0,0,0
1990-02-26,,8.46,,26,2,0,0,0
1990-02-27,,8.41,,27,2,0,0,0
1990-02-28,,8.51,,28,2,1,0,0
1990-03-01,8.28,8.59,5.2,1,3,0,0,0
1990-03-02,,8.54,,2,3,0,0,0
1990-03-05,,8.65,,5,3,0,0,0
1990-03-06,,8.59,,6,3,0,0,0
1990-03-07,,8.58,,7,3,0,0,0
1990-03-08,,8.57,,8,3,0,0,0
1990-03-09,,8.65,,9,3,0,0,0
1990-03-12,,8.63,,12,3,0,0,0
1990-03-13,,8.73,,13,3,0,0,0
1990-03-14,,8.65,,14,3,0,0,0
1990-03-15,,8.66,,15,3,1,0,0
1990-03-16,,8.59,,16,3,0,0,0
1990-03-19,,8.59,,19,3,0,0,0
1990-03-20,,8.54,,20,3,0,0,0
1990-03-21,,8.55,,21,3,0,0,0
1990-03-22,,8.53,,22,3,0,0,0
1990-03-23,,8.52,,23,3,0,0,0
1990-03-26,,8.51,,26,3,0,0,0
1990-03-27,,8.52,,27,3,0,0,0
1990-03-28,,8.51,,28,3,0,0,0
1990-03-29,,8.6,,29,3,0,0,0
1990-03-30,,8.65,,30,3,0,0,0
1990-04-01,8.26,,5.4,1,4,0,0,0
1990-04-02,,8.65,,2,4,0,0,0
1990-04-03,,8.63,,3,4,0,0,0
1990-04-04,,8.55,,4,4,0,0,0
1990-04-05,,8.57,,5,4,0,0,0
1990-04-06,,8.56,,6,4,0,0,0
1990-04-09,,8.59,,9,4,0,0,0
1990-04-10,,8.6,,10,4,0,0,0
1990-04-11,,8.63,,11,4,0,0,0
1990-04-12,,8.64,,12,4,0,0,0
1990-04-13,,,,13,4,0,0,0
1990-04-16,,8.68,,16,4,0,0,0
1990-04-17,,8.77,,17,4,0,0,0
1990-04-18,,8.86,,18,4,0,0,0
1990-04-19,,8.87,,19,4,0,0,0
1990-04-20,,8.95,,20,4,0,0,0
1990-04-23,,8.98,,23,4,0,0,0
1990-04-24,,9.0,,24,4,0,0,0
1990-04-25,,9.01,,25,4,0,0,0
1990-04-26,,9.07,,26,4,0,0,0
1990-04-27,,9.06,,27,4,0,0,0
1990-04-30,,9.04,,30,4,1,0,0
1990-05-01,8.18,9.08,5.4,1,5,0,0,0
1990-05-02,,9.09,,2,5,0,0,0
1990-05-03,,9.04,,3,5,0,0,0
1990-05-04,,8.84,,4,5,0,0,0
1990-05-07,,8.87,,7,5,0,0,0
1990-05-08,,8.84,,8,5,0,0,0
1990-05-09,,8.88,,9,5,0,0,0
1990-05-10,,8.82,,10,5,0,0,0
1990-05-11,,8.64,,11,5,0,0,0
1990-05-14,,8.61,,14,5,0,0,0
1990-05-15,,8.65,,15,5,1,0,0
1990-05-16,,8.68,,16,5,0,0,0
1990-05-17,,8.69,,17,5,0,0,0
1990-05-18,,8.75,,18,5,0,0,0
1990-05-21,,8.74,,21,5,0,0,0
1990-05-22,,8.65,,22,5,0,0,0
1990-05-23,,8.61,,23,5,0,0,0
1990-05-24,,8.63,,24,5,0,0,0
1990-05-25,,8.69,,25,5,0,0,0
1990-05-28,,,,28,5,0,0,0
1990-05-29,,8.66,,29,5,0,0,0
1990-05-30,,8.62,,30,5,0,0,0
1990-05-31,,8.6,,31,5,1,0,0
1990-06-01,8.29,8.44,5.2,1,6,0,0,0
1990-06-04,,8.44,,4,6,0,0,0
1990-06-05,,8.47,,5,6,0,0,0
1990-06-06,,8.46,,6,6,0,0,0
1990-06-07,,8.46,,7,6,0,0,0
1990-06-08,,8.46,,8,6,0,0,0
1990-06-11,,8.48,,11,6,0,0,0
1990-06-12,,8.48,,12,6,0,0,0
1990-06-13,,8.4,,13,6,0,0,0
1990-06-14,,8.38,,14,6,0,0,0
1990-06-15,,8.46,,15,6,1,0,0
1990-06-18,,8.5,,18,6,0,0,0
1990-06-19,,8.51,,19,6,0,0,0
1990-06-20,,8.55,,20,6,0,0,0
1990-06-21,,8.52,,21,6,0,0,0
1990-06-22,,8.51,,22,6,0,0,0
1990-06-25,,8.58,,25,6,0,0,0
1990-06-26,,8.56,,26,6,0,0,0
1990-06-27,,8.52,,27,6,0,0,0
1990-06-28,,8.47,,28,6,0,0,0
1990-06-29,,8.43,,29,6,0,0,0
1990-07-01,8.15,,5.5,1,7,0,0,0
1990-07-02,,8.43,,2,7,0,0,0
1990-07-03,,8.4,,3,7,0,0,0
1990-07-04,,,,4,7,0,0,0
1990-07-05,,8.42,,5,7,0,0,0
1990-07-06,,8.51,,6,7,0,0,0
1990-07-09,,8.57,,9,7,0,0,0
1990-07-10,,8.57,,10,7,0,0,0
1990-07-11,,8.57,,11,7,0,0,0
1990-07-12,,8.5,,12,7,0,0,0
1990-07-13,,8.45,,13,7,0,0,0
1990-07-16,,8.44,,16,7,0,0,0
1990-07-17,,8.44,,17,7,0,0,0
1990-07-18,,8.5,,18,7,0,0,0
1990-07-19,,8.51,,19,7,0,0,0
1990-07-20,,8.48,,20,7,0,0,0
1990-07-23,,8.48,,23,7,0,0,0
1990-07-24,,8.53,,24,7,0,0,0
1990-07-25,,8.49,,25,7,0,0,0
1990-07-26,,8.49,,26,7,0,0,0
1990-07-27,,8.42,,27,7,0,0,0
1990-07-30,,8.34,,30,7,0,0,0
1990-07-31,,8.36,,31,7,1,0,0
1990-08-01,8.13,8.29,5.7,1,8,0,0,0
1990-08-02,,8.41,,2,8,0,0,0
1990-08-03,,8.43,,3,8,0,0,0
1990-08-06,,8.71,,6,8,0,0,0
1990-08-07,,8.78,,7,8,0,0,0
1990-08-08,,8.77,,8,8,0,0,0
1990-08-09,,8.66,,9,8,0,0,0
1990-08-10,,8.68,,10,8,0,0,0
1990-08-13,,8.71,,13,8,0,0,0
1990-08-14,,8.66,,14,8,0,0,0
1990-08-15,,8.64,,15,8,1,0,0
1990-08-16,,8.76,,16,8,0,0,0
1990-08-17,,8.8,,17,8,0,0,0
1990-08-20,,8.81,,20,8,0,0,0
1990-08-21,,8.84,,21,8,0,0,0
1990-08-22,,8.91,,22,8,0,0,0
1990-08-23,,9.0,,23,8,0,0,0
1990-08-24,,9.05,,24,8,0,0,0
1990-08-27,,8.9,,27,8,0,0,0
1990-08-28,,8.94,,28,8,0,0,0
1990-08-29,,8.84,,29,8,0,0,0
1990-08-30,,8.86,,30,8,0,0,0
1990-08-31,,8.86,,31,8,1,0,0
1990-09-01,8.2,,5.9,1,9,0,0,0
1990-09-03,,,,3,9,0,0,0
1990-09-04,,8.9,,4,9,0,0,0
1990-09-05,,8.86,,5,9,0,0,0
1990-09-06,,8.84,,6,9,0,0,0
1990-09-07,,8.81,,7,9,0,0,0
1990-09-10,,8.85,,10,9,0,0,0
1990-09-11,,8.83,,11,9,0,0,0
1990-09-12,,8.82,,12,9,0,0,0
1990-09-13,,8.82,,13,9,0,0,0
1990-09-14,,8.87,,14,9,0,0,0
1990-09-17,,8.9,,17,9,0,0,0
1990-09-18,,8.9,,18,9,0,0,0
1990-09-19,,8.88,,19,9,0,0,0
1990-09-20,,8.91,,20,9,0,0,0
1990-09-21,,8.99,,21,9,0,0,0
1990-09-24,,9.04,,24,9,0,0,0
1990-09-25,,9.02,,25,9,0,0,0
1990-09-26,,9.0,,26,9,0,0,0
1990-09-27,,8.91,,27,9,0,0,0
1990-09-28,,8.82,,28,9,0,0,0
1990-10-01,8.11,8.71,5.9,1,10,0,0,0
1990-10-02,,8.69,,2,10,0,0,0
1990-10-03,,8.71,,3,10,0,0,0
1990-10-04,,8.67,,4,10,0,0,0
1990-10-05,,8.65,,5,10,0,0,0
1990-10-08,,,,8,10,0,0,0
1990-10-09,,8.83,,9,10,0,0,0
1990-10-10,,8.89,,10,10,0,0,0
1990-10-11,,8.92,,11,10,0,0,0
1990-10-12,,8.84,,12,10,0,0,0
1990-10-15,,8.8,,15,10,1,0,0
1990-10-16,,8.79,,16,10,0,0,0
1990-10-17,,8.76,,17,10,0,0,0
1990-10-18,,8.71,,18,10,0,0,0
1990-10-19,,8.62,,19,10,0,0,0
1990-10-22,,8.63,,22,10,0,0,0
1990-10-23,,8.65,,23,10,0,0,0
1990-10-24,,8.66,,24,10,0,0,0
1990-10-25,,8.62,,25,10,0,0,0
1990-10-26,,8.63,,26,10,0,0,0
1990-10-29,,8.7,,29,10,0,0,0
1990-10-30,,8.7,,30,10,0,0,0
1990-10-31,,8.65,,31,10,1,0,0
1990-11-01,7.81,8.57,6.2,1,11,0,0,0
1990-11-02,,8.57,,2,11,0,0,0
1990-11-05,,8.5,,5,11,0,0,0
1990-11-06,,8.52,,6,11,0,0,0
1990-11-07,,8.57,,7,11,0,0,0
1990-11-08,,8.58,,8,11,0,0,0
1990-11-09,,8.49,,9,11,0,0,0
1990-11-12,,,,12,11,0,0,0
1990-11-13,,8.37,,13,11,0,0,0
1990-11-14,,8.36,,14,11,0,0,0
1990-11-15,,8.37,,15,11,1,0,0
1990-11-16,,8.3,,16,11,0,0,0
1990-11-19,,8.35,,19,11,0,0,0
1990-11-20,,8.31,,20,11,0,0,0
1990-11-21,,8.27,,21,11,0,0,0
1990-11-22,,,,22,11,0,0,0
1990-11-23,,8.28,,23,11,0,0,0
1990-11-26,,8.27,,26,11,0,0,0
1990-11-27,,8.28,,27,11,0,0,0
1990-11-28,,8.3,,28,11,0,0,0
1990-11-29,,8.32,,29,11,0,0,0
1990-11-30,,8.26,,30,11,1,0,0
1990-12-01,7.31,,6.3,1,12,0,0,0
1990-12-03,,8.22,,3,12,0,0,0
1990-12-04,,8.2,,4,12,0,0,0
1990-12-05,,8.16,,5,12,0,0,0
1990-12-06,,8.18,,6,12,0,0,0
1990-12-07,,8.03,,7,12,0,0,0
1990-12-10,,7.98,,10,12,0,0,0
1990-12-11,,7.94,,11,12,0,0,0
1990-12-12,,7.91,,12,12,0,0,0
1990-12-13,,7.98,,13,12,0,0,0
1990-12-14,,8.05,,14,12,0,0,0
1990-12-17,,8.02,,17,12,0,0,0
1990-12-18,,7.99,,18,12,0,0,0
1990-12-19,,8.0,,19,12,0,0,0
1990-12-20,,8.05,,20,12,0,0,0
1990-12-21,,8.11,,21,12,0,0,0
1990-12-24,,8.2,,24,12,0,0,0
1990-12-25,,,,25,12,0,0,0
1990-12-26,,8.15,,26,12,0,0,0
1990-12-27,,8.11,,27,12,0,0,0
1990-12-28,,8.14,,28,12,0,0,0
1990-12-31,,8.08,,31,12,1,1,0
1991-01-01,6.91,,6.4,1,1,0,0,0
1991-01-02,,7.97,,2,1,0,0,0
1991-01-03,,7.93,,3,1,0,0,0
1991-01-04,,8.02,,4,1,0,0,0
1991-01-07,,8.13,,7,1,0,0,0
1991-01-08,,8.16,,8,1,0,0,0
1991-01-09,,8.25,,9,1,0,0,0
1991-01-10,,8.16,,10,1,0,0,0
1991-01-11,,8.2,,11,1,0,0,0
1991-01-14,,8.23,,14,1,0,0,0
1991-01-15,,8.22,,15,1,1,0,0
1991-01-16,,8.24,,16,1,0,0,0
1991-01-17,,8.05,,17,1,0,0,0
1991-01-18,,8.03,,18,1,0,0,0
1991-01-21,,,,21,1,0,0,0
1991-01-22,,8.07,,22,1,0,0,0
1991-01-23,,8.04,,23,1,0,0,0
1991-01-24,,8.0,,24,1,0,0,0
1991-01-25,,8.06,,25,1,0,0,0
1991-01-28,,8.06,,28,1,0,0,0
1991-01-29,,8.03,,29,1,0,0,0
1991-01-30,,8.05,,30,1,0,0,0
1991-01-31,,8.03,,31,1,1,0,0
1991-02-01,6.25,7.91,6.6,1,2,0,0,0
1991-02-04,,7.88,,4,2,0,0,0
1991-02-05,,7.85,,5,2,0,0,0
1991-02-06,,7.79,,6,2,0,0,0
1991-02-07,,7.82,,7,2,0,0,0
1991-02-08,,7.77,,8,2,0,0,0
1991-02-11,,7.78,,11,2,0,0,0
1991-02-12,,7.78,,12,2,0,0,0
1991-02-13,,7.78,,13,2,0,0,0
1991-02-14,,7.8,,14,2,0,0,0
1991-02-15,,7.78,,15,2,1,0,0
1991-02-18,,,,18,2,0,0,0
1991-02-19,,7.8,,19,2,0,0,0
1991-02-20,,7.84,,20,2,0,0,0
1991-02-21,,7.88,,21,2,0,0,0
1991-02-22,,7.91,,22,2,0,0,0
1991-02-25,,7.91,,25,2,0,0,0
1991-02-26,,7.96,,26,2,0,0,0
1991-02-27,,7.98,,27,2,0,0,0
1991-02-28,,8.02,,28,2,1,0,0
1991-03-01,6.12,8.12,6.8,1,3,0,0,0
1991-03-04,,8.12,,4,3,0,0,0
1991-03-05,,8.08,,5,3,0,0,0
1991-03-06,,8.11,,6,3,0,0,0
1991-03-07,,8.07,,7,3,0,0,0
1991-03-08,,8.13,,8,3,0,0,0
1991-03-11,,8.06,,11,3,0,0,0
1991-03-12,,8.09,,12,3,0,0,0
1991-03-13,,8.02,,13,3,0,0,0
1991-03-14,,8.02,,14,3,0,0,0
1991-03-15,,8.1,,15,3,1,0,0
1991-03-18,,8.15,,18,3,0,0,0
1991-03-19,,8.25,,19,3,0,0,0
1991-03-20,,8.2,,20,3,0,0,0
1991-03-21,,8.16,,21,3,0,0,0
1991-03-22,,8.13,,22,3,0,0,0
1991-03-25,,8.13,,25,3,0,0,0
1991-03-26,,8.13,,26,3,0,0,0
1991-03-27,,8.08,,27,3,0,0,0
1991-03-28,,8.05,,28,3,0,0,0
1991-03-29,,,,29,3,0,0,0
1991-04-01,5.91,8.07,6.7,1,4,0,0,0
1991-04-02,,8.03,,2,4,0,0,0
1991-04-03,,8.05,,3,4,0,0,0
1991-04-04,,8.0,,4,4,0,0,0
1991-04-05,,7.99,,5,4,0,0,0
1991-04-08,,7.98,,8,4,0,0,0
1991-04-09,,8.03,,9,4,0,0,0
1991-04-10,,8.1,,10,4,0,0,0
1991-04-11,,8.09,,11,4,0,0,0
1991-04-12,,7.98,,12,4,0,0,0
1991-04-15,,7.95,,15,4,1,0,0
1991-04-16,,7.97,,16,4,0,0,0
1991-04-17,,7.95,,17,4,0,0,0
1991-04-18,,8.02,,18,4,0,0,0
1991-04-19,,8.1,,19,4,0,0,0
1991-04-22,,8.15,,22,4,0,0,0
1991-04-23,,8.12,,23,4,0,0,0
1991-04-24,,8.06,,24,4,0,0,0
1991-04-25,,8.07,,25,4,0,0,0
1991-04-26,,8.06,,26,4,0,0,0
1991-04-29,,8.07,,29,4,0,0,0
1991-04-30,,8.02,,30,4,1,0,0
1991-05-01,5.78,8.01,6.9,1,5,0,0,0
1991-05-02,,7.97,,2,5,0,0,0
1991-05-03,,8.04,,3,5,0,0,0
1991-05-06,,8.05,,6,5,0,0,0
1991-05-07,,8.06,,7,5,0,0,0
1991-05-08,,8.04,,8,5,0,0,0
1991-05-09,,8.02,,9,5,0,0,0
1991-05-10,,8.12,,10,5,0,0,0
1991-05-13,,8.07,,13,5,0,0,0
1991-05-14,,8.14,,14,5,0,0,0
1991-05-15,,8.13,,15,5,1,0,0
1991-05-16,,8.12,,16,5,0,0,0
1991-05-17,,8.08,,17,5,0,0,0
1991-05-20,,8.1,,20,5,0,0,0
1991-05-21,,8.06,,21,5,0,0,0
1991-05-22,,8.06,,22,5,0,0,0
1991-05-23,,8.1,,23,5,0,0,0
1991-05-24,,8.1,,24,5,0,0,0
1991-05-27,,,,27,5,0,0,0
1991-05-28,,8.07,,28,5,0,0,0
1991-05-29,,8.07,,29,5,0,0,0
1991-05-30,,8.02,,30,5,0,0,0
1991-05-31,,8.06,,31,5,1,0,0
1991-06-01,5.9,,6.9,1,6,0,0,0
1991-06-03,,8.14,,3,6,0,0,0
1991-06-04,,8.14,,4,6,0,0,0
1991-06-05,,8.19,,5,6,0,0,0
1991-06-06,,8.23,,6,6,0,0,0
1991-06-07,,8.29,,7,6,0,0,0
1991-06-10,,8.29,,10,6,0,0,0
1991-06-11,,8.29,,11,6,0,0,0
1991-06-12,,8.36,,12,6,0,0,0
1991-06-13,,8.34,,13,6,0,0,0
1991-06-14,,8.29,,14,6,0,0,0
1991-06-17,,8.3,,17,6,0,0,0
1991-06-18,,8.32,,18,6,0,0,0
1991-06-19,,8.33,,19,6,0,0,0
1991-06-20,,8.3,,20,6,0,0,0
1991-06-21,,8.32,,21,6,0,0,0
1991-06-24,,8.33,,24,6,0,0,0
1991-06-25,,8.33,,25,6,0,0,0
1991-06-26,,8.33,,26,6,0,0,0
1991-06-27,,8.32,,27,6,0,0,0
1991-06-28,,8.24,,28,6,0,0,0
1991-07-01,5.82,8.26,6.8,1,7,0,0,0
1991-07-02,,8.27,,2,7,0,0,0
1991-07-03,,8.26,,3,7,0,0,0
1991-07-04,,,,4,7,0,0,0
1991-07-05,,8.34,,5,7,0,0,0
1991-07-08,,8.34,,8,7,0,0,0
1991-07-09,,8.36,,9,7,0,0,0
1991-07-10,,8.35,,10,7,0,0,0
1991-07-11,,8.3,,11,7,0,0,0
1991-07-12,,8.26,,12,7,0,0,0
1991-07-15,,8.26,,15,7,1,0,0
1991-07-16,,8.27,,16,7,0,0,0
1991-07-17,,8.3,,17,7,0,0,0
1991-07-18,,8.31,,18,7,0,0,0
1991-07-19,,8.28,,19,7,0,0,0
1991-07-22,,8.28,,22,7,0,0,0
1991-07-23,,8.31,,23,7,0,0,0
1991-07-24,,8.24,,24,7,0,0,0
1991-07-25,,8.2,,25,7,0,0,0
1991-07-26,,8.2,,26,7,0,0,0
1991-07-29,,8.2,,29,7,0,0,0
1991-07-30,,8.21,,30,7,0,0,0
1991-07-31,,8.2,,31,7,1,0,0
1991-08-01,5.66,8.2,6.9,1,8,0,0,0
1991-08-02,,8.06,,2,8,0,0,0
1991-08-05,,8.04,,5,8,0,0,0
1991-08-06,,7.97,,6,8,0,0,0
1991-08-07,,7.93,,7,8,0,0,0
1991-08-08,,7.98,,8,8,0,0,0
1991-08-09,,7.98,,9,8,0,0,0
1991-08-12,,7.95,,12,8,0,0,0
1991-08-13,,7.91,,13,8,0,0,0
1991-08-14,,7.82,,14,8,0,0,0
1991-08-15,,7.84,,15,8,1,0,0
1991-08-16,,7.84,,16,8,0,0,0
1991-08-19,,7.83,,19,8,0,0,0
1991-08-20,,7.81,,20,8,0,0,0
1991-08-21,,7.8,,21,8,0,0,0
1991-08-22,,7.78,,22,8,0,0,0
1991-08-23,,7.88,,23,8,0,0,0
1991-08-26,,7.91,,26,8,0,0,0
1991-08-27,,7.89,,27,8,0,0,0
1991-08-28,,7.82,,28,8,0,0,0
1991-08-29,,7.74,,29,8,0,0,0
1991-08-30,,7.82,,30,8,0,0,0
1991-09-01,5.45,,6.9,1,9,0,0,0
1991-09-02,,,,2,9,0,0,0
1991-09-03,,7.81,,3,9,0,0,0
1991-09-04,,7.81,,4,9,0,0,0
1991-09-05,,7.83,,5,9,0,0,0
1991-09-06,,7.76,,6,9,0,0,0
1991-09-09,,7.73,,9,9,0,0,0
1991-09-10,,7.73,,10,9,0,0,0
1991-09-11,,7.74,,11,9,0,0,0
1991-09-12,,7.67,,12,9,0,0,0
1991-09-13,,7.66,,13,9,0,0,0
1991-09-16,,7.63,,16,9,0,0,0
1991-09-17,,7.62,,17,9,0,0,0
1991-09-18,,7.62,,18,9,0,0,0
1991-09-19,,7.61,,19,9,0,0,0
1991-09-20,,7.57,,20,9,0,0,0
1991-09-23,,7.55,,23,9,0,0,0
1991-09-24,,7.56,,24,9,0,0,0
1991-09-25,,7.58,,25,9,0,0,0
1991-09-26,,7.56,,26,9,0,0,0
1991-09-27,,7.49,,27,9,0,0,0
1991-09-30,,7.47,,30,9,1,1,0
1991-10-01,5.21,7.45,7.0,1,10,0,0,0
1991-10-02,,7.47,,2,10,0,0,0
1991-10-03,,7.47,,3,10,0,0,0
1991-10-04,,7.39,,4,10,0,0,0
1991-10-07,,7.4,,7,10,0,0,0
1991-10-08,,7.43,,8,10,0,0,0
1991-10-09,,7.51,,9,10,0,0,0
1991-10-10,,7.58,,10,10,0,0,0
1991-10-11,,7.49,,11,10,0,0,0
1991-10-14,,,,14,10,0,0,0
1991-10-15,,7.46,,15,10,1,0,0
1991-10-16,,7.45,,16,10,0,0,0
1991-10-17,,7.55,,17,10,0,0,0
1991-10-18,,7.53,,18,10,0,0,0
1991-10-21,,7.62,,21,10,0,0,0
1991-10-22,,7.67,,22,10,0,0,0
1991-10-23,,7.69,,23,10,0,0,0
1991-10-24,,7.65,,24,10,0,0,0
1991-10-25,,7.68,,25,10,0,0,0
1991-10-28,,7.65,,28,10,0,0,0
1991-10-29,,7.51,,29,10,0,0,0
1991-10-30,,7.48,,30,10,0,0,0
1991-10-31,,7.47,,31,10,1,0,0
1991-11-01,4.81,7.48,7.0,1,11,0,0,0
1991-11-04,,7.5,,4,11,0,0,0
1991-11-05,,7.56,,5,11,0,0,0
1991-11-06,,7.51,,6,11,0,0,0
1991-11-07,,7.43,,7,11,0,0,0
1991-11-08,,7.41,,8,11,0,0,0
1991-11-11,,,,11,11,0,0,0
1991-11-12,,7.37,,12,11,0,0,0
1991-11-13,,7.41,,13,11,0,0,0
1991-11-14,,7.35,,14,11,0,0,0
1991-11-15,,7.33,,15,11,1,0,0
1991-11-18,,7.33,,18,11,0,0,0
1991-11-19,,7.37,,19,11,0,0,0
1991-11-20,,7.38,,20,11,0,0,0
1991-11-21,,7.39,,21,11,0,0,0
1991-11-22,,7.44,,22,11,0,0,0
1991-11-25,,7.45,,25,11,0,0,0
1991-11-26,,7.42,,26,11,0,0,0
1991-11-27,,7.42,,27,11,0,0,0
1991-11-28,,,,28,11,0,0,0
1991-11-29,,7.38,,29,11,0,0,0
1991-12-01,4.43,,7.3,1,12,0,0,0
1991-12-02,,7.32,,2,12,0,0,0
1991-12-03,,7.28,,3,12,0,0,0
1991-12-04,,7.17,,4,12,0,0,0
1991-12-05,,7.21,,5,12,0,0,0
1991-12-06,,7.26,,6,12,0,0,0
1991-12-09,,7.22,,9,12,0,0,0
1991-12-10,,7.21,,10,12,0,0,0
1991-12-11,,7.22,,11,12,0,0,0
1991-12-12,,7.19,,12,12,0,0,0
1991-12-13,,7.22,,13,12,0,0,0
1991-12-16,,7.21,,16,12,0,0,0
1991-12-17,,7.18,,17,12,0,0,0
1991-12-18,,7.19,,18,12,0,0,0
1991-12-19,,7.11,,19,12,0,0,0
1991-12-20,,6.97,,20,12,0,0,0
1991-12-23,,6.88,,23,12,0,0,0
1991-12-24,,6.88,,24,12,0,0,0
1991-12-25,,,,25,12,0,0,0
1991-12-26,,6.85,,26,12,0,0,0
1991-12-27,,6.82,,27,12,0,0,0
1991-12-30,,6.76,,30,12,0,0,0
1991-12-31,,6.71,,31,12,1,1,0
1992-01-01,4.03,,7.3,1,1,0,0,0
1992-01-02,,6.78,,2,1,0,0,0
1992-01-03,,6.85,,3,1,0,0,0
1992-01-06,,6.82,,6,1,0,0,0
1992-01-07,,6.76,,7,1,0,0,0
1992-01-08,,6.77,,8,1,0,0,0
1992-01-09,,6.79,,9,1,0,0,0
1992-01-10,,6.85,,10,1,0,0,0
1992-01-13,,6.92,,13,1,0,0,0
1992-01-14,,7.03,,14,1,0,0,0
1992-01-15,,7.05,,15,1,1,0,0
1992-01-16,,7.13,,16,1,0,0,0
1992-01-17,,7.09,,17,1,0,0,0
1992-01-20,,,,20,1,0,0,0
1992-01-21,,7.03,,21,1,0,0,0
1992-01-22,,7.09,,22,1,0,0,0
1992-01-23,,7.2,,23,1,0,0,0
1992-01-24,,7.25,,24,1,0,0,0
1992-01-27,,7.24,,27,1,0,0,0
1992-01-28,,7.16,,28,1,0,0,0
1992-01-29,,7.25,,29,1,0,0,0
1992-01-30,,7.31,,30,1,0,0,0
1992-01-31,,7.31,,31,1,1,0,0
1992-02-01,4.06,,7.4,1,2,0,0,0
1992-02-03,,7.36,,3,2,0,0,0
1992-02-04,,7.29,,4,2,0,0,0
1992-02-05,,7.21,,5,2,0,0,0
1992-02-06,,7.2,,6,2,0,0,0
1992-02-07,,7.2,,7,2,0,0,0
1992-02-10,,7.21,,10,2,0,0,0
1992-02-11,,7.23,,11,2,0,0,0
1992-02-12,,7.3,,12,2,0,0,0
1992-02-13,,7.4,,13,2,0,0,0
1992-02-14,,7.41,,14,2,0,0,0
1992-02-17,,,,17,2,0,0,0
1992-02-18,,7.47,,18,2,0,0,0
1992-02-19,,7.42,,19,2,0,0,0
1992-02-20,,7.41,,20,2,0,0,0
1992-02-21,,7.45,,21,2,0,0,0
1992-02-24,,7.47,,24,2,0,0,0
1992-02-25,,7.44,,25,2,0,0,0
1992-02-26,,7.33,,26,2,0,0,0
1992-02-27,,7.35,,27,2,0,0,0
1992-02-28,,7.27,,28,2,0,0,0
1992-03-01,3.98,,7.4,1,3,0,0,0
1992-03-02,,7.38,,2,3,0,0,0
1992-03-03,,7.43,,3,3,0,0,0
1992-03-04,,7.43,,4,3,0,0,0
1992-03-05,,7.51,,5,3,0,0,0
1992-03-06,,7.48,,6,3,0,0,0
1992-03-09,,7.42,,9,3,0,0,0
1992-03-10,,7.43,,10,3,0,0,0
1992-03-11,,7.51,,11,3,0,0,0
1992-03-12,,7.62,,12,3,0,0,0
1992-03-13,,7.71,,13,3,0,0,0
1992-03-16,,7.69,,16,3,0,0,0
1992-03-17,,7.62,,17,3,0,0,0
1992-03-18,,7.62,,18,3,0,0,0
1992-03-19,,7.57,,19,3,0,0,0
1992-03-20,,7.64,,20,3,0,0,0
1992-03-23,,7.62,,23,3,0,0,0
1992-03-24,,7.53,,24,3,0,0,0
1992-03-25,,7.53,,25,3,0,0,0
1992-03-26,,7.57,,26,3,0,0,0
1992-03-27,,7.54,,27,3,0,0,0
1992-03-30,,7.54,,30,3,0,0,0
1992-03-31,,7.54,,31,3,1,1,0
1992-04-01,3.73,7.46,7.4,1,4,0,0,0
1992-04-02,,7.47,,2,4,0,0,0
1992-04-03,,7.42,,3,4,0,0,0
1992-04-06,,7.41,,6,4,0,0,0
1992-04-07,,7.41,,7,4,0,0,0
1992-04-08,,7.44,,8,4,0,0,0
1992-04-09,,7.35,,9,4,0,0,0
1992-04-10,,7.37,,10,4,0,0,0
1992-04-13,,7.33,,13,4,0,0,0
1992-04-14,,7.35,,14,4,0,0,0
1992-04-15,,7.37,,15,4,1,0,0
1992-04-16,,7.45,,16,4,0,0,0
1992-04-17,,,,17,4,0,0,0
1992-04-20,,7.59,,20,4,0,0,0
1992-04-21,,7.58,,21,4,0,0,0
1992-04-22,,7.57,,22,4,0,0,0
1992-04-23,,7.59,,23,4,0,0,0
1992-04-24,,7.55,,24,4,0,0,0
1992-04-27,,7.6,,27,4,0,0,0
1992-04-28,,7.57,,28,4,0,0,0
1992-04-29,,7.6,,29,4,0,0,0
1992-04-30,,7.61,,30,4,1,0,0
1992-05-01,3.82,7.56,7.6,1,5,0,0,0
1992-05-04,,7.58,,4,5,0,0,0
1992-05-05,,7.56,,5,5,0,0,0
1992-05-06,,7.46,,6,5,0,0,0
1992-05-07,,7.49,,7,5,0,0,0
1992-05-08,,7.41,,8,5,0,0,0
1992-05-11,,7.4,,11,5,0,0,0
1992-05-12,,7.36,,12,5,0,0,0
1992-05-13,,7.34,,13,5,0,0,0
1992-05-14,,7.34,,14,5,0,0,0
1992-05-15,,7.28,,15,5,1,0,0
1992-05-18,,7.28,,18,5,0,0,0
1992-05-19,,7.2,,19,5,0,0,0
1992-05-20,,7.25,,20,5,0,0,0
1992-05-21,,7.39,,21,5,0,0,0
1992-05-22,,7.35,,22,5,0,0,0
1992-05-25,,,,25,5,0,0,0
1992-05-26,,7.46,,26,5,0,0,0
1992-05-27,,7.44,,27,5,0,0,0
1992-05-28,,7.36,,28,5,0,0,0
1992-05-29,,7.33,,29,5,0,0,0
1992-06-01,3.76,7.39,7.8,1,6,0,0,0
1992-06-02,,7.35,,2,6,0,0,0
1992-06-03,,7.34,,3,6,0,0,0
1992-06-04,,7.34,,4,6,0,0,0
1992-06-05,,7.31,,5,6,0,0,0
1992-06-08,,7.31,,8,6,0,0,0
1992-06-09,,7.33,,9,6,0,0,0
1992-06-10,,7.35,,10,6,0,0,0
1992-06-11,,7.33,,11,6,0,0,0
1992-06-12,,7.29,,12,6,0,0,0
1992-06-15,,7.28,,15,6,1,0,0
1992-06-16,,7.24,,16,6,0,0,0
1992-06-17,,7.23,,17,6,0,0,0
1992-06-18,,7.19,,18,6,0,0,0
1992-06-19,,7.24,,19,6,0,0,0
1992-06-22,,7.24,,22,6,0,0,0
1992-06-23,,7.25,,23,6,0,0,0
1992-06-24,,7.2,,24,6,0,0,0
1992-06-25,,7.14,,25,6,0,0,0
1992-06-26,,7.15,,26,6,0,0,0
1992-06-29,,7.12,,29,6,0,0,0
1992-06-30,,7.14,,30,6,1,1,0
1992-07-01,3.25,7.1,7.7,1,7,0,0,0
1992-07-02,,6.93,,2,7,0,0,0
1992-07-03,,,,3,7,0,0,0
1992-07-06,,6.9,,6,7,0,0,0
1992-07-07,,6.87,,7,7,0,0,0
1992-07-08,,6.91,,8,7,0,0,0
1992-07-09,,6.91,,9,7,0,0,0
1992-07-10,,6.93,,10,7,0,0,0
1992-07-13,,6.97,,13,7,0,0,0
1992-07-14,,6.97,,14,7,0,0,0
1992-07-15,,6.9,,15,7,1,0,0
1992-07-16,,6.87,,16,7,0,0,0
1992-07-17,,6.9,,17,7,0,0,0
1992-07-20,,6.9,,20,7,0,0,0
1992-07-21,,6.89,,21,7,0,0,0
1992-07-22,,6.85,,22,7,0,0,0
1992-07-23,,6.72,,23,7,0,0,0
1992-07-24,,6.73,,24,7,0,0,0
1992-07-27,,6.69,,27,7,0,0,0
1992-07-28,,6.63,,28,7,0,0,0
1992-07-29,,6.6,,29,7,0,0,0
1992-07-30,,6.69,,30,7,0,0,0
1992-07-31,,6.72,,31,7,1,0,0
1992-08-01,3.3,,7.6,1,8,0,0,0
1992-08-03,,6.72,,3,8,0,0,0
1992-08-04,,6.66,,4,8,0,0,0
1992-08-05,,6.64,,5,8,0,0,0
1992-08-06,,6.65,,6,8,0,0,0
1992-08-07,,6.57,,7,8,0,0,0
1992-08-10,,6.52,,10,8,0,0,0
1992-08-11,,6.5,,11,8,0,0,0
1992-08-12,,6.48,,12,8,0,0,0
1992-08-13,,6.55,,13,8,0,0,0
1992-08-14,,6.53,,14,8,0,0,0
1992-08-17,,6.56,,17,8,0,0,0
1992-08-18,,6.48,,18,8,0,0,0
1992-08-19,,6.47,,19,8,0,0,0
1992-08-20,,6.46,,20,8,0,0,0
1992-08-21,,6.53,,21,8,0,0,0
1992-08-24,,6.68,,24,8,0,0,0
1992-08-25,,6.73,,25,8,0,0,0
1992-08-26,,6.68,,26,8,0,0,0
1992-08-27,,6.64,,27,8,0,0,0
1992-08-28,,6.63,,28,8,0,0,0
1992-08-31,,6.62,,31,8,1,0,0
1992-09-01,3.22,6.56,7.6,1,9,0,0,0
1992-09-02,,6.54,,2,9,0,0,0
1992-09-03,,6.54,,3,9,0,0,0
1992-09-04,,6.4,,4,9,0,0,0
1992-09-07,,,,7,9,0,0,0
1992-09-08,,6.29,,8,9,0,0,0
1992-09-09,,6.31,,9,9,0,0,0
1992-09-10,,6.31,,10,9,0,0,0
1992-09-11,,6.37,,11,9,0,0,0
1992-09-14,,6.32,,14,9,0,0,0
1992-09-15,,6.4,,15,9,1,0,0
1992-09-16,,6.41,,16,9,0,0,0
1992-09-17,,6.4,,17,9,0,0,0
1992-09-18,,6.41,,18,9,0,0,0
1992-09-21,,6.42,,21,9,0,0,0
1992-09-22,,6.5,,22,9,0,0,0
1992-09-23,,6.54,,23,9,0,0,0
1992-09-24,,6.48,,24,9,0,0,0
1992-09-25,,6.41,,25,9,0,0,0
1992-09-28,,6.37,,28,9,0,0,0
1992-09-29,,6.37,,29,9,0,0,0
1992-09-30,,6.37,,30,9,1,1,0
1992-10-01,3.1,6.23,7.3,1,10,0,0,0
1992-10-02,,6.26,,2,10,0,0,0
1992-10-05,,6.24,,5,10,0,0,0
1992-10-06,,6.3,,6,10,0,0,0
1992-10-07,,6.46,,7,10,0,0,0
1992-10-08,,6.41,,8,10,0,0,0
1992-10-09,,6.52,,9,10,0,0,0
1992-10-12,,,,12,10,0,0,0
1992-10-13,,6.51,,13,10,0,0,0
1992-10-14,,6.51,,14,10,0,0,0
1992-10-15,,6.53,,15,10,1,0,0
1992-10-16,,6.6,,16,10,0,0,0
1992-10-19,,6.69,,19,10,0,0,0
1992-10-20,,6.86,,20,10,0,0,0
1992-10-21,,6.8,,21,10,0,0,0
1992-10-22,,6.74,,22,10,0,0,0
1992-10-23,,6.83,,23,10,0,0,0
1992-10-26,,6.83,,26,10,0,0,0
1992-10-27,,6.78,,27,10,0,0,0
1992-10-28,,6.76,,28,10,0,0,0
1992-10-29,,6.71,,29,10,0,0,0
1992-10-30,,6.8,,30,10,0,0,0
1992-11-01,3.09,,7.4,1,11,0,0,0
1992-11-02,,6.88,,2,11,0,0,0
1992-11-03,,6.87,,3,11,0,0,0
1992-11-04,,6.89,,4,11,0,0,0
1992-11-05,,6.87,,5,11,0,0,0
1992-11-06,,6.97,,6,11,0,0,0
1992-11-09,,7.0,,9,11,0,0,0
1992-11-10,,6.91,,10,11,0,0,0
1992-11-11,,,,11,11,0,0,0
1992-11-12,,6.79,,12,11,0,0,0
1992-11-13,,6.82,,13,11,0,0,0
1992-11-16,,6.9,,16,11,0,0,0
1992-11-17,,6.86,,17,11,0,0,0
1992-11-18,,6.78,,18,11,0,0,0
1992-11-19,,6.81,,19,11,0,0,0
1992-11-20,,6.84,,20,11,0,0,0
1992-11-23,,6.86,,23,11,0,0,0
1992-11-24,,6.82,,24,11,0,0,0
1992-11-25,,6.84,,25,11,0,0,0
1992-11-26,,,,26,11,0,0,0
1992-11-27,,6.93,,27,11,0,0,0
1992-11-30,,6.95,,30,11,1,0,0
1992-12-01,2.92,6.94,7.4,1,12,0,0,0
1992-12-02,,6.93,,2,12,0,0,0
1992-12-03,,6.91,,3,12,0,0,0
1992-12-04,,6.84,,4,12,0,0,0
1992-12-07,,6.78,,7,12,0,0,0
1992-12-08,,6.73,,8,12,0,0,0
1992-12-09,,6.76,,9,12,0,0,0
1992-12-10,,6.77,,10,12,0,0,0
1992-12-11,,6.8,,11,12,0,0,0
1992-12-14,,6.83,,14,12,0,0,0
1992-12-15,,6.83,,15,12,1,0,0
1992-12-16,,6.77,,16,12,0,0,0
1992-12-17,,6.77,,17,12,0,0,0
1992-12-18,,6.76,,18,12,0,0,0
1992-12-21,,6.71,,21,12,0,0,0
1992-12-22,,6.65,,22,12,0,0,0
1992-12-23,,6.68,,23,12,0,0,0
1992-12-24,,6.69,,24,12,0,0,0
1992-12-25,,,,25,12,0,0,0
1992-12-28,,6.72,,28,12,0,0,0
1992-12-29,,6.69,,29,12,0,0,0
1992-12-30,,6.68,,30,12,0,0,0
1992-12-31,,6.7,,31,12,1,1,0
1993-01-01,3.02,,7.3,1,1,0,0,0
1993-01-04,,6.6,,4,1,0,0,0
1993-01-05,,6.61,,5,1,0,0,0
1993-01-06,,6.63,,6,1,0,0,0
1993-01-07,,6.76,,7,1,0,0,0
1993-01-08,,6.75,,8,1,0,0,0
1993-01-11,,6.71,,11,1,0,0,0
1993-01-12,,6.72,,12,1,0,0,0
1993-01-13,,6.71,,13,1,0,0,0
1993-01-14,,6.65,,14,1,0,0,0
1993-01-15,,6.6,,15,1,1,0,0
1993-01-18,,,,18,1,0,0,0
1993-01-19,,6.59,,19,1,0,0,0
1993-01-20,,6.61,,20,1,0,0,0
1993-01-21,,6.6,,21,1,0,0,0
1993-01-22,,6.57,,22,1,0,0,0
1993-01-25,,6.48,,25,1,0,0,0
1993-01-26,,6.5,,26,1,0,0,0
1993-01-27,,6.48,,27,1,0,0,0
1993-01-28,,6.44,,28,1,0,0,0
1993-01-29,,6.39,,29,1,0,0,0
1993-02-01,3.03,6.38,7.1,1,2,0,0,0
1993-02-02,,6.46,,2,2,0,0,0
1993-02-03,,6.45,,3,2,0,0,0
1993-02-04,,6.39,,4,2,0,0,0
1993-02-05,,6.32,,5,2,0,0,0
1993-02-08,,6.37,,8,2,0,0,0
1993-02-09,,6.41,,9,2,0,0,0
1993-02-10,,6.4,,10,2,0,0,0
1993-02-11,,6.37,,11,2,0,0,0
1993-02-12,,6.35,,12,2,0,0,0
1993-02-15,,,,15,2,1,0,0
1993-02-16,,6.34,,16,2,0,0,0
1993-02-17,,6.28,,17,2,0,0,0
1993-02-18,,6.17,,18,2,0,0,0
1993-02-19,,6.15,,19,2,0,0,0
1993-02-22,,6.09,,22,2,0,0,0
1993-02-23,,5.92,,23,2,0,0,0
1993-02-24,,6.01,,24,2,0,0,0
1993-02-25,,6.03,,25,2,0,0,0
1993-02-26,,6.03,,26,2,0,0,0
1993-03-01,3.07,5.94,7.0,1,3,0,0,0
1993-03-02,,5.95,,2,3,0,0,0
1993-03-03,,5.88,,3,3,0,0,0
1993-03-04,,5.83,,4,3,0,0,0
1993-03-05,,5.9,,5,3,0,0,0
1993-03-08,,5.85,,8,3,0,0,0
1993-03-09,,5.91,,9,3,0,0,0
1993-03-10,,5.97,,10,3,0,0,0
1993-03-11,,5.96,,11,3,0,0,0
1993-03-12,,6.11,,12,3,0,0,0
1993-03-15,,6.17,,15,3,1,0,0
1993-03-16,,6.06,,16,3,0,0,0
1993-03-17,,6.02,,17,3,0,0,0
1993-03-18,,5.93,,18,3,0,0,0
1993-03-19,,5.95,,19,3,0,0,0
1993-03-22,,5.96,,22,3,0,0,0
1993-03-23,,5.91,,23,3,0,0,0
1993-03-24,,5.95,,24,3,0,0,0
1993-03-25,,5.98,,25,3,0,0,0
1993-03-26,,6.09,,26,3,0,0,0
1993-03-29,,6.06,,29,3,0,0,0
1993-03-30,,6.02,,30,3,0,0,0
1993-03-31,,6.03,,31,3,1,1,0
1993-04-01,2.96,6.06,7.1,1,4,0,0,0
1993-04-02,,6.16,,2,4,0,0,0
1993-04-05,,6.13,,5,4,0,0,0
1993-04-06,,6.08,,6,4,0,0,0
1993-04-07,,6.07,,7,4,0,0,0
1993-04-08,,5.97,,8,4,0,0,0
1993-04-09,,,,9,4,0,0,0
1993-04-12,,5.92,,12,4,0,0,0
1993-04-13,,5.93,,13,4,0,0,0
1993-04-14,,5.9,,14,4,0,0,0
1993-04-15,,5.88,,15,4,1,0,0
1993-04-16,,5.89,,16,4,0,0,0
1993-04-19,,5.87,,19,4,0,0,0
1993-04-20,,5.87,,20,4,0,0,0
1993-04-21,,5.86,,21,4,0,0,0
1993-04-22,,5.85,,22,4,0,0,0
1993-04-23,,5.89,,23,4,0,0,0
1993-04-26,,5.94,,26,4,0,0,0
1993-04-27,,6.02,,27,4,0,0,0
1993-04-28,,6.03,,28,4,0,0,0
1993-04-29,,5.99,,29,4,0,0,0
1993-04-30,,6.05,,30,4,1,0,0
1993-05-01,3.0,,7.1,1,5,0,0,0
1993-05-03,,5.96,,3,5,0,0,0
1993-05-04,,5.92,,4,5,0,0,0
1993-05-05,,5.93,,5,5,0,0,0
1993-05-06,,5.89,,6,5,0,0,0
1993-05-07,,5.92,,7,5,0,0,0
1993-05-10,,5.89,,10,5,0,0,0
1993-05-11,,5.89,,11,5,0,0,0
1993-05-12,,5.96,,12,5,0,0,0
1993-05-13,,6.02,,13,5,0,0,0
1993-05-14,,6.03,,14,5,0,0,0
1993-05-17,,6.07,,17,5,0,0,0
1993-05-18,,6.15,,18,5,0,0,0
1993-05-19,,6.11,,19,5,0,0,0
1993-05-20,,6.09,,20,5,0,0,0
1993-05-21,,6.16,,21,5,0,0,0
1993-05-24,,6.16,,24,5,0,0,0
1993-05-25,,6.17,,25,5,0,0,0
1993-05-26,,6.12,,26,5,0,0,0
1993-05-27,,6.11,,27,5,0,0,0
1993-05-28,,6.16,,28,5,0,0,0
1993-05-31,,,,31,5,1,0,0
1993-06-01,3.04,6.07,7.0,1,6,0,0,0
1993-06-02,,6.06,,2,6,0,0,0
1993-06-03,,6.02,,3,6,0,0,0
1993-06-04,,6.11,,4,6,0,0,0
1993-06-07,,6.08,,7,6,0,0,0
1993-06-08,,6.09,,8,6,0,0,0
1993-06-09,,6.07,,9,6,0,0,0
1993-06-10,,6.07,,10,6,0,0,0
1993-06-11,,5.97,,11,6,0,0,0
1993-06-14,,5.97,,14,6,0,0,0
1993-06-15,,5.96,,15,6,1,0,0
1993-06-16,,5.96,,16,6,0,0,0
1993-06-17,,5.93,,17,6,0,0,0
1993-06-18,,5.97,,18,6,0,0,0
1993-06-21,,5.92,,21,6,0,0,0
1993-06-22,,5.91,,22,6,0,0,0
1993-06-23,,5.91,,23,6,0,0,0
1993-06-24,,5.88,,24,6,0,0,0
1993-06-25,,5.84,,25,6,0,0,0
1993-06-28,,5.8,,28,6,0,0,0
1993-06-29,,5.79,,29,6,0,0,0
1993-06-30,,5.8,,30,6,1,1,0
1993-07-01,3.06,5.8,6.9,1,7,0,0,0
1993-07-02,,5.76,,2,7,0,0,0
1993-07-05,,,,5,7,0,0,0
1993-07-06,,5.8,,6,7,0,0,0
1993-07-07,,5.8,,7,7,0,0,0
1993-07-08,,5.78,,8,7,0,0,0
1993-07-09,,5.76,,9,7,0,0,0
1993-07-12,,5.75,,12,7,0,0,0
1993-07-13,,5.78,,13,7,0,0,0
1993-07-14,,5.72,,14,7,0,0,0
1993-07-15,,5.72,,15,7,1,0,0
1993-07-16,,5.71,,16,7,0,0,0
1993-07-19,,5.71,,19,7,0,0,0
1993-07-20,,5.75,,20,7,0,0,0
1993-07-21,,5.83,,21,7,0,0,0
1993-07-22,,5.9,,22,7,0,0,0
1993-07-23,,5.95,,23,7,0,0,0
1993-07-26,,5.93,,26,7,0,0,0
1993-07-27,,5.92,,27,7,0,0,0
1993-07-28,,5.9,,28,7,0,0,0
1993-07-29,,5.81,,29,7,0,0,0
1993-07-30,,5.83,,30,7,0,0,0
1993-08-01,3.03,,6.8,1,8,0,0,0
1993-08-02,,5.85,,2,8,0,0,0
1993-08-03,,5.83,,3,8,0,0,0
1993-08-04,,5.87,,4,8,0,0,0
1993-08-05,,5.86,,5,8,0,0,0
1993-08-06,,5.86,,6,8,0,0,0
1993-08-09,,5.82,,9,8,0,0,0
1993-08-10,,5.82,,10,8,0,0,0
1993-08-11,,5.75,,11,8,0,0,0
1993-08-12,,5.77,,12,8,0,0,0
1993-08-13,,5.72,,13,8,0,0,0
1993-08-16,,5.68,,16,8,0,0,0
1993-08-17,,5.7,,17,8,0,0,0
1993-08-18,,5.69,,18,8,0,0,0
1993-08-19,,5.64,,19,8,0,0,0
1993-08-20,,5.61,,20,8,0,0,0
1993-08-23,,5.6,,23,8,0,0,0
1993-08-24,,5.54,,24,8,0,0,0
1993-08-25,,5.51,,25,8,0,0,0
1993-08-26,,5.42,,26,8,0,0,0
1993-08-27,,5.48,,27,8,0,0,0
1993-08-30,,5.44,,30,8,0,0,0
1993-08-31,,5.45,,31,8,1,0,0
1993-09-01,3.09,5.46,6.7,1,9,0,0,0
1993-09-02,,5.41,,2,9,0,0,0
1993-09-03,,5.31,,3,9,0,0,0
1993-09-06,,,,6,9,0,0,0
1993-09-07,,5.23,,7,9,0,0,0
1993-09-08,,5.23,,8,9,0,0,0
1993-09-09,,5.35,,9,9,0,0,0
1993-09-10,,5.29,,10,9,0,0,0
1993-09-13,,5.26,,13,9,0,0,0
1993-09-14,,5.37,,14,9,0,0,0
1993-09-15,,5.39,,15,9,1,0,0
1993-09-16,,5.37,,16,9,0,0,0
1993-09-17,,5.38,,17,9,0,0,0
1993-09-20,,5.42,,20,9,0,0,0
1993-09-21,,5.47,,21,9,0,0,0
1993-09-22,,5.45,,22,9,0,0,0
1993-09-23,,5.42,,23,9,0,0,0
1993-09-24,,5.42,,24,9,0,0,0
1993-09-27,,5.3,,27,9,0,0,0
1993-09-28,,5.28,,28,9,0,0,0
1993-09-29,,5.35,,29,9,0,0,0
1993-09-30,,5.4,,30,9,1,1,0
1993-10-01,2.99,5.34,6.8,1,10,0,0,0
1993-10-04,,5.34,,4,10,0,0,0
1993-10-05,,5.35,,5,10,0,0,0
1993-10-06,,5.35,,6,10,0,0,0
1993-10-07,,5.33,,7,10,0,0,0
1993-10-08,,5.26,,8,10,0,0,0
1993-10-11,,,,11,10,0,0,0
1993-10-12,,5.27,,12,10,0,0,0
1993-10-13,,5.27,,13,10,0,0,0
1993-10-14,,5.23,,14,10,0,0,0
1993-10-15,,5.19,,15,10,1,0,0
1993-10-18,,5.27,,18,10,0,0,0
1993-10-19,,5.27,,19,10,0,0,0
1993-10-20,,5.26,,20,10,0,0,0
1993-10-21,,5.35,,21,10,0,0,0
1993-10-22,,5.42,,22,10,0,0,0
1993-10-25,,5.47,,25,10,0,0,0
1993-10-26,,5.43,,26,10,0,0,0
1993-10-27,,5.44,,27,10,0,0,0
1993-10-28,,5.41,,28,10,0,0,0
1993-10-29,,5.43,,29,10,0,0,0
1993-11-01,3.02,5.56,6.6,1,11,0,0,0
1993-11-02,,5.63,,2,11,0,0,0
1993-11-03,,5.67,,3,11,0,0,0
1993-11-04,,5.67,,4,11,0,0,0
1993-11-05,,5.75,,5,11,0,0,0
1993-11-08,,5.7,,8,11,0,0,0
1993-11-09,,5.64,,9,11,0,0,0
1993-11-10,,5.72,,10,11,0,0,0
1993-11-11,,,,11,11,0,0,0
1993-11-12,,5.66,,12,11,0,0,0
1993-11-15,,5.69,,15,11,1,0,0
1993-11-16,,5.66,,16,11,0,0,0
1993-11-17,,5.65,,17,11,0,0,0
1993-11-18,,5.72,,18,11,0,0,0
1993-11-19,,5.84,,19,11,0,0,0
1993-11-22,,5.89,,22,11,0,0,0
1993-11-23,,5.82,,23,11,0,0,0
1993-11-24,,5.84,,24,11,0,0,0
1993-11-25,,,,25,11,0,0,0
1993-11-26,,5.78,,26,11,0,0,0
1993-11-29,,5.76,,29,11,0,0,0
1993-11-30,,5.83,,30,11,1,0,0
1993-12-01,2.96,5.82,6.5,1,12,0,0,0
1993-12-02,,5.81,,2,12,0,0,0
1993-12-03,,5.8,,3,12,0,0,0
1993-12-06,,5.72,,6,12,0,0,0
1993-12-07,,5.71,,7,12,0,0,0
1993-12-08,,5.71,,8,12,0,0,0
1993-12-09,,5.68,,9,12,0,0,0
1993-12-10,,5.73,,10,12,0,0,0
1993-12-13,,5.78,,13,12,0,0,0
1993-12-14,,5.82,,14,12,0,0,0
1993-12-15,,5.83,,15,12,1,0,0
1993-12-16,,5.84,,16,12,0,0,0
1993-12-17,,5.81,,17,12,0,0,0
1993-12-20,,5.83,,20,12,0,0,0
1993-12-21,,5.85,,21,12,0,0,0
1993-12-22,,5.74,,22,12,0,0,0
1993-12-23,,5.72,,23,12,0,0,0
1993-12-24,,,,24,12,0,0,0
1993-12-27,,5.72,,27,12,0,0,0
1993-12-28,,5.72,,28,12,0,0,0
1993-12-29,,5.74,,29,12,0,0,0
1993-12-30,,5.82,,30,12,0,0,0
1993-12-31,,5.83,,31,12,1,1,0
1994-01-01,3.05,,6.6,1,1,0,0,0
1994-01-03,,5.92,,3,1,0,0,0
1994-01-04,,5.88,,4,1,0,0,0
1994-01-05,,5.9,,5,1,0,0,0
1994-01-06,,5.84,,6,1,0,0,0
1994-01-07,,5.7,,7,1,0,0,0
1994-01-10,,5.67,,10,1,0,0,0
1994-01-11,,5.67,,11,1,0,0,0
1994-01-12,,5.6,,12,1,0,0,0
1994-01-13,,5.71,,13,1,0,0,0
1994-01-14,,5.78,,14,1,0,0,0
1994-01-17,,,,17,1,0,0,0
1994-01-18,,5.74,,18,1,0,0,0
1994-01-19,,5.76,,19,1,0,0,0
1994-01-20,,5.71,,20,1,0,0,0
1994-01-21,,5.73,,21,1,0,0,0
1994-01-24,,5.74,,24,1,0,0,0
1994-01-25,,5.78,,25,1,0,0,0
1994-01-26,,5.77,,26,1,0,0,0
1994-01-27,,5.73,,27,1,0,0,0
1994-01-28,,5.68,,28,1,0,0,0
1994-01-31,,5.7,,31,1,1,0,0
1994-02-01,3.25,5.77,6.6,1,2,0,0,0
1994-02-02,,5.77,,2,2,0,0,0
1994-02-03,,5.81,,3,2,0,0,0
1994-02-04,,5.94,,4,2,0,0,0
1994-02-07,,5.96,,7,2,0,0,0
1994-02-08,,6.01,,8,2,0,0,0
1994-02-09,,5.92,,9,2,0,0,0
1994-02-10,,5.91,,10,2,0,0,0
1994-02-11,,5.88,,11,2,0,0,0
1994-02-14,,5.9,,14,2,0,0,0
1994-02-15,,5.88,,15,2,1,0,0
1994-02-16,,5.89,,16,2,0,0,0
1994-02-17,,6.0,,17,2,0,0,0
1994-02-18,,6.09,,18,2,0,0,0
1994-02-21,,,,21,2,0,0,0
1994-02-22,,6.05,,22,2,0,0,0
1994-02-23,,6.13,,23,2,0,0,0
1994-02-24,,6.22,,24,2,0,0,0
1994-02-25,,6.21,,25,2,0,0,0
1994-02-28,,6.15,,28,2,1,0,0
1994-03-01,3.34,6.28,6.5,1,3,0,0,0
1994-03-02,,6.3,,2,3,0,0,0
1994-03-03,,6.35,,3,3,0,0,0
1994-03-04,,6.38,,4,3,0,0,0
1994-03-07,,6.32,,7,3,0,0,0
1994-03-08,,6.38,,8,3,0,0,0
1994-03-09,,6.38,,9,3,0,0,0
1994-03-10,,6.48,,10,3,0,0,0
1994-03-11,,6.46,,11,3,0,0,0
1994-03-14,,6.5,,14,3,0,0,0
1994-03-15,,6.47,,15,3,1,0,0
1994-03-16,,6.4,,16,3,0,0,0
1994-03-17,,6.4,,17,3,0,0,0
1994-03-18,,6.49,,18,3,0,0,0
1994-03-21,,6.55,,21,3,0,0,0
1994-03-22,,6.44,,22,3,0,0,0
1994-03-23,,6.44,,23,3,0,0,0
1994-03-24,,6.58,,24,3,0,0,0
1994-03-25,,6.61,,25,3,0,0,0
1994-03-28,,6.63,,28,3,0,0,0
1994-03-29,,6.71,,29,3,0,0,0
1994-03-30,,6.78,,30,3,0,0,0
1994-03-31,,6.77,,31,3,1,1,0
1994-04-01,3.56,,6.4,1,4,0,0,0
1994-04-04,,7.16,,4,4,0,0,0
1994-04-05,,6.97,,5,4,0,0,0
1994-04-06,,6.93,,6,4,0,0,0
1994-04-07,,6.86,,7,4,0,0,0
1994-04-08,,6.94,,8,4,0,0,0
1994-04-11,,6.92,,11,4,0,0,0
1994-04-12,,6.87,,12,4,0,0,0
1994-04-13,,6.93,,13,4,0,0,0
1994-04-14,,6.97,,14,4,0,0,0
1994-04-15,,6.97,,15,4,1,0,0
1994-04-18,,7.14,,18,4,0,0,0
1994-04-19,,7.1,,19,4,0,0,0
1994-04-20,,7.05,,20,4,0,0,0
1994-04-21,,6.91,,21,4,0,0,0
1994-04-22,,6.93,,22,4,0,0,0
1994-04-25,,6.86,,25,4,0,0,0
1994-04-26,,6.86,,26,4,0,0,0
1994-04-27,,,,27,4,0,0,0
1994-04-28,,7.04,,28,4,0,0,0
1994-04-29,,7.06,,29,4,0,0,0
1994-05-01,4.01,,6.1,1,5,0,0,0
1994-05-02,,7.09,,2,5,0,0,0
1994-05-03,,7.13,,3,5,0,0,0
1994-05-04,,7.14,,4,5,0,0,0
1994-05-05,,7.11,,5,5,0,0,0
1994-05-06,,7.35,,6,5,0,0,0
1994-05-09,,7.49,,9,5,0,0,0
1994-05-10,,7.33,,10,5,0,0,0
1994-05-11,,7.4,,11,5,0,0,0
1994-05-12,,7.36,,12,5,0,0,0
1994-05-13,,7.29,,13,5,0,0,0
1994-05-16,,7.24,,16,5,0,0,0
1994-05-17,,7.03,,17,5,0,0,0
1994-05-18,,7.03,,18,5,0,0,0
1994-05-19,,6.96,,19,5,0,0,0
1994-05-20,,7.02,,20,5,0,0,0
1994-05-23,,7.19,,23,5,0,0,0
1994-05-24,,7.17,,24,5,0,0,0
1994-05-25,,7.14,,25,5,0,0,0
1994-05-26,,7.09,,26,5,0,0,0
1994-05-27,,7.12,,27,5,0,0,0
1994-05-30,,,,30,5,0,0,0
1994-05-31,,7.17,,31,5,1,0,0
1994-06-01,4.25,7.12,6.1,1,6,0,0,0
1994-06-02,,7.07,,2,6,0,0,0
1994-06-03,,6.98,,3,6,0,0,0
1994-06-06,,6.91,,6,6,0,0,0
1994-06-07,,6.95,,7,6,0,0,0
1994-06-08,,6.96,,8,6,0,0,0
1994-06-09,,6.98,,9,6,0,0,0
1994-06-10,,7.03,,10,6,0,0,0
1994-06-13,,7.07,,13,6,0,0,0
1994-06-14,,7.0,,14,6,0,0,0
1994-06-15,,7.1,,15,6,1,0,0
1994-06-16,,7.07,,16,6,0,0,0
1994-06-17,,7.14,,17,6,0,0,0
1994-06-20,,7.16,,20,6,0,0,0
1994-06-21,,7.22,,21,6,0,0,0
1994-06-22,,7.13,,22,6,0,0,0
1994-06-23,,7.1,,23,6,0,0,0
1994-06-24,,7.22,,24,6,0,0,0
1994-06-27,,7.18,,27,6,0,0,0
1994-06-28,,7.26,,28,6,0,0,0
1994-06-29,,7.24,,29,6,0,0,0
1994-06-30,,7.34,,30,6,1,1,0
1994-07-01,4.26,7.34,6.1,1,7,0,0,0
1994-07-04,,,,4,7,0,0,0
1994-07-05,,7.31,,5,7,0,0,0
1994-07-06,,7.32,,6,7,0,0,0
1994-07-07,,7.3,,7,7,0,0,0
1994-07-08,,7.42,,8,7,0,0,0
1994-07-11,,7.47,,11,7,0,0,0
1994-07-12,,7.43,,12,7,0,0,0
1994-07-13,,7.41,,13,7,0,0,0
1994-07-14,,7.25,,14,7,0,0,0
1994-07-15,,7.25,,15,7,1,0,0
1994-07-18,,7.2,,18,7,0,0,0
1994-07-19,,7.15,,19,7,0,0,0
1994-07-20,,7.25,,20,7,0,0,0
1994-07-21,,7.27,,21,7,0,0,0
1994-07-22,,7.29,,22,7,0,0,0
1994-07-25,,7.27,,25,7,0,0,0
1994-07-26,,7.28,,26,7,0,0,0
1994-07-27,,7.34,,27,7,0,0,0
1994-07-28,,7.29,,28,7,0,0,0
1994-07-29,,7.12,,29,7,0,0,0
1994-08-01,4.47,7.13,6.0,1,8,0,0,0
1994-08-02,,7.11,,2,8,0,0,0
1994-08-03,,7.09,,3,8,0,0,0
1994-08-04,,7.12,,4,8,0,0,0
1994-08-05,,7.28,,5,8,0,0,0
1994-08-08,,7.28,,8,8,0,0,0
1994-08-09,,7.33,,9,8,0,0,0
1994-08-10,,7.3,,10,8,0,0,0
1994-08-11,,7.36,,11,8,0,0,0
1994-08-12,,7.27,,12,8,0,0,0
1994-08-15,,7.3,,15,8,1,0,0
1994-08-16,,7.19,,16,8,0,0,0
1994-08-17,,7.15,,17,8,0,0,0
1994-08-18,,7.28,,18,8,0,0,0
1994-08-19,,7.27,,19,8,0,0,0
1994-08-22,,7.31,,22,8,0,0,0
1994-08-23,,7.28,,23,8,0,0,0
1994-08-24,,7.22,,24,8,0,0,0
1994-08-25,,7.29,,25,8,0,0,0
1994-08-26,,7.24,,26,8,0,0,0
1994-08-29,,7.24,,29,8,0,0,0
1994-08-30,,7.2,,30,8,0,0,0
1994-08-31,,7.19,,31,8,1,0,0
1994-09-01,4.73,7.19,5.9,1,9,0,0,0
1994-09-02,,7.21,,2,9,0,0,0
1994-09-05,,,,5,9,0,0,0
1994-09-06,,7.27,,6,9,0,0,0
1994-09-07,,7.29,,7,9,0,0,0
1994-09-08,,7.3,,8,9,0,0,0
1994-09-09,,7.44,,9,9,0,0,0
1994-09-12,,7.46,,12,9,0,0,0
1994-09-13,,7.44,,13,9,0,0,0
1994-09-14,,7.41,,14,9,0,0,0
1994-09-15,,7.35,,15,9,1,0,0
1994-09-16,,7.52,,16,9,0,0,0
1994-09-19,,7.49,,19,9,0,0,0
1994-09-20,,7.53,,20,9,0,0,0
1994-09-21,,7.56,,21,9,0,0,0
1994-09-22,,7.56,,22,9,0,0,0
1994-09-23,,7.57,,23,9,0,0,0
1994-09-26,,7.57,,26,9,0,0,0
1994-09-27,,7.61,,27,9,0,0,0
1994-09-28,,7.57,,28,9,0,0,0
1994-09-29,,7.64,,29,9,0,0,0
1994-09-30,,7.62,,30,9,1,1,0
1994-10-01,4.76,,5.8,1,10,0,0,0
1994-10-03,,7.66,,3,10,0,0,0
1994-10-04,,7.7,,4,10,0,0,0
1994-10-05,,7.77,,5,10,0,0,0
1994-10-06,,7.78,,6,10,0,0,0
1994-10-07,,7.7,,7,10,0,0,0
1994-10-10,,,,10,10,0,0,0
1994-10-11,,7.65,,11,10,0,0,0
1994-10-12,,7.69,,12,10,0,0,0
1994-10-13,,7.64,,13,10,0,0,0
1994-10-14,,7.61,,14,10,0,0,0
1994-10-17,,7.62,,17,10,0,0,0
1994-10-18,,7.64,,18,10,0,0,0
1994-10-19,,7.68,,19,10,0,0,0
1994-10-20,,7.8,,20,10,0,0,0
1994-10-21,,7.81,,21,10,0,0,0
1994-10-24,,7.86,,24,10,0,0,0
1994-10-25,,7.88,,25,10,0,0,0
1994-10-26,,7.88,,26,10,0,0,0
1994-10-27,,7.88,,27,10,0,0,0
1994-10-28,,7.82,,28,10,0,0,0
1994-10-31,,7.81,,31,10,1,0,0
1994-11-01,5.29,7.91,5.6,1,11,0,0,0
1994-11-02,,7.96,,2,11,0,0,0
1994-11-03,,7.96,,3,11,0,0,0
1994-11-04,,8.04,,4,11,0,0,0
1994-11-07,,8.05,,7,11,0,0,0
1994-11-08,,8.01,,8,11,0,0,0
1994-11-09,,7.94,,9,11,0,0,0
1994-11-10,,7.98,,10,11,0,0,0
1994-11-11,,,,11,11,0,0,0
1994-11-14,,7.94,,14,11,0,0,0
1994-11-15,,7.92,,15,11,1,0,0
1994-11-16,,7.97,,16,11,0,0,0
1994-11-17,,8.03,,17,11,0,0,0
1994-11-18,,8.01,,18,11,0,0,0
1994-11-21,,8.03,,21,11,0,0,0
1994-11-22,,8.0,,22,11,0,0,0
1994-11-23,,7.81,,23,11,0,0,0
1994-11-24,,,,24,11,0,0,0
1994-11-25,,7.8,,25,11,0,0,0
1994-11-28,,7.88,,28,11,0,0,0
1994-11-29,,7.95,,29,11,0,0,0
1994-11-30,,7.91,,30,11,1,0,0
1994-12-01,5.45,7.92,5.5,1,12,0,0,0
1994-12-02,,7.81,,2,12,0,0,0
1994-12-05,,7.83,,5,12,0,0,0
1994-12-06,,7.73,,6,12,0,0,0
1994-12-07,,7.81,,7,12,0,0,0
1994-12-08,,7.79,,8,12,0,0,0
1994-12-09,,7.79,,9,12,0,0,0
1994-12-12,,7.85,,12,12,0,0,0
1994-12-13,,7.83,,13,12,0,0,0
1994-12-14,,7.8,,14,12,0,0,0
1994-12-15,,7.79,,15,12,1,0,0
1994-12-16,,7.81,,16,12,0,0,0
1994-12-19,,7.81,,19,12,0,0,0
1994-12-20,,7.81,,20,12,0,0,0
1994-12-21,,7.8,,21,12,0,0,0
1994-12-22,,7.84,,22,12,0,0,0
1994-12-23,,7.85,,23,12,0,0,0
1994-12-26,,,,26,12,0,0,0
1994-12-27,,7.76,,27,12,0,0,0
1994-12-28,,7.8,,28,12,0,0,0
1994-12-29,,7.82,,29,12,0,0,0
1994-12-30,,7.84,,30,12,0,0,0
1995-01-01,5.53,,5.6,1,1,0,0,0
1995-01-02,,,,2,1,0,0,0
1995-01-03,,7.88,,3,1,0,0,0
1995-01-04,,7.82,,4,1,0,0,0
1995-01-05,,7.88,,5,1,0,0,0
1995-01-06,,7.87,,6,1,0,0,0
1995-01-09,,7.89,,9,1,0,0,0
1995-01-10,,7.84,,10,1,0,0,0
1995-01-11,,7.79,,11,1,0,0,0
1995-01-12,,7.8,,12,1,0,0,0
1995-01-13,,7.69,,13,1,0,0,0
1995-01-16,,,,16,1,0,0,0
1995-01-17,,7.7,,17,1,0,0,0
1995-01-18,,7.71,,18,1,0,0,0
1995-01-19,,7.74,,19,1,0,0,0
1995-01-20,,7.82,,20,1,0,0,0
1995-01-23,,7.83,,23,1,0,0,0
1995-01-24,,7.86,,24,1,0,0,0
1995-01-25,,7.8,,25,1,0,0,0
1995-01-26,,7.76,,26,1,0,0,0
1995-01-27,,7.66,,27,1,0,0,0
1995-01-30,,7.65,,30,1,0,0,0
1995-01-31,,7.6,,31,1,1,0,0
1995-02-01,5.92,7.66,5.4,1,2,0,0,0
1995-02-02,,7.68,,2,2,0,0,0
1995-02-03,,7.49,,3,2,0,0,0
1995-02-06,,7.53,,6,2,0,0,0
1995-02-07,,7.52,,7,2,0,0,0
1995-02-08,,7.53,,8,2,0,0,0
1995-02-09,,7.58,,9,2,0,0,0
1995-02-10,,7.62,,10,2,0,0,0
1995-02-13,,7.61,,13,2,0,0,0
1995-02-14,,7.51,,14,2,0,0,0
1995-02-15,,7.45,,15,2,1,0,0
1995-02-16,,7.4,,16,2,0,0,0
1995-02-17,,7.43,,17,2,0,0,0
1995-02-20,,,,20,2,0,0,0
1995-02-21,,7.44,,21,2,0,0,0
1995-02-22,,7.34,,22,2,0,0,0
1995-02-23,,7.34,,23,2,0,0,0
1995-02-24,,7.33,,24,2,0,0,0
1995-02-27,,7.24,,27,2,0,0,0
1995-02-28,,7.22,,28,2,1,0,0
1995-03-01,5.98,7.23,5.4,1,3,0,0,0
1995-03-02,,7.3,,2,3,0,0,0
1995-03-03,,7.36,,3,3,0,0,0
1995-03-06,,7.41,,6,3,0,0,0
1995-03-07,,7.44,,7,3,0,0,0
1995-03-08,,7.36,,8,3,0,0,0
1995-03-09,,7.3,,9,3,0,0,0
1995-03-10,,7.23,,10,3,0,0,0
1995-03-13,,7.19,,13,3,0,0,0
1995-03-14,,7.09,,14,3,0,0,0
1995-03-15,,7.09,,15,3,1,0,0
1995-03-16,,7.05,,16,3,0,0,0
1995-03-17,,7.12,,17,3,0,0,0
1995-03-20,,7.12,,20,3,0,0,0
1995-03-21,,7.16,,21,3,0,0,0
1995-03-22,,7.21,,22,3,0,0,0
1995-03-23,,7.21,,23,3,0,0,0
1995-03-24,,7.09,,24,3,0,0,0
1995-03-27,,7.05,,27,3,0,0,0
1995-03-28,,7.16,,28,3,0,0,0
1995-03-29,,7.16,,29,3,0,0,0
1995-03-30,,7.18,,30,3,0,0,0
1995-03-31,,7.2,,31,3,1,1,0
1995-04-01,6.05,,5.8,1,4,0,0,0
1995-04-03,,7.14,,3,4,0,0,0
1995-04-04,,7.12,,4,4,0,0,0
1995-04-05,,7.12,,5,4,0,0,0
1995-04-06,,7.09,,6,4,0,0,0
1995-04-07,,7.11,,7,4,0,0,0
1995-04-10,,7.12,,10,4,0,0,0
1995-04-11,,7.09,,11,4,0,0,0
1995-04-12,,7.06,,12,4,0,0,0
1995-04-13,,7.03,,13,4,0,0,0
1995-04-14,,,,14,4,0,0,0
1995-04-17,,7.04,,17,4,0,0,0
1995-04-18,,7.04,,18,4,0,0,0
1995-04-19,,7.06,,19,4,0,0,0
1995-04-20,,7.02,,20,4,0,0,0
1995-04-21,,7.01,,21,4,0,0,0
1995-04-24,,7.01,,24,4,0,0,0
1995-04-25,,7.01,,25,4,0,0,0
1995-04-26,,7.01,,26,4,0,0,0
1995-04-27,,7.04,,27,4,0,0,0
1995-04-28,,7.07,,28,4,0,0,0
1995-05-01,6.01,7.09,5.6,1,5,0,0,0
1995-05-02,,7.04,,2,5,0,0,0
1995-05-03,,6.96,,3,5,0,0,0
1995-05-04,,6.85,,4,5,0,0,0
1995-05-05,,6.69,,5,5,0,0,0
1995-05-08,,6.7,,8,5,0,0,0
1995-05-09,,6.61,,9,5,0,0,0
1995-05-10,,6.66,,10,5,0,0,0
1995-05-11,,6.68,,11,5,0,0,0
1995-05-12,,6.67,,12,5,0,0,0
1995-05-15,,6.62,,15,5,1,0,0
1995-05-16,,6.57,,16,5,0,0,0
1995-05-17,,6.53,,17,5,0,0,0
1995-05-18,,6.61,,18,5,0,0,0
1995-05-19,,6.61,,19,5,0,0,0
1995-05-22,,6.63,,22,5,0,0,0
1995-05-23,,6.57,,23,5,0,0,0
1995-05-24,,6.44,,24,5,0,0,0
1995-05-25,,6.39,,25,5,0,0,0
1995-05-26,,6.4,,26,5,0,0,0
1995-05-29,,,,29,5,0,0,0
1995-05-30,,6.3,,30,5,0,0,0
1995-05-31,,6.3,,31,5,1,0,0
1995-06-01,6.0,6.2,5.6,1,6,0,0,0
1995-06-02,,6.1,,2,6,0,0,0
1995-06-05,,6.08,,5,6,0,0,0
1995-06-06,,6.08,,6,6,0,0,0
1995-06-07,,6.2,,7,6,0,0,0
1995-06-08,,6.22,,8,6,0,0,0
1995-06-09,,6.4,,9,6,0,0,0
1995-06-12,,6.37,,12,6,0,0,0
1995-06-13,,6.14,,13,6,0,0,0
1995-06-14,,6.15,,14,6,0,0,0
1995-06-15,,6.18,,15,6,1,0,0
1995-06-16,,6.21,,16,6,0,0,0
1995-06-19,,6.13,,19,6,0,0,0
1995-06-20,,6.16,,20,6,0,0,0
1995-06-21,,6.13,,21,6,0,0,0
1995-06-22,,6.04,,22,6,0,0,0
1995-06-23,,6.06,,23,6,0,0,0
1995-06-26,,6.11,,26,6,0,0,0
1995-06-27,,6.15,,27,6,0,0,0
1995-06-28,,6.1,,28,6,0,0,0
1995-06-29,,6.28,,29,6,0,0,0
1995-06-30,,6.21,,30,6,1,1,0
1995-07-01,5.85,,5.7,1,7,0,0,0
1995-07-03,,6.21,,3,7,0,0,0
1995-07-04,,,,4,7,0,0,0
1995-07-05,,6.19,,5,7,0,0,0
1995-07-06,,6.05,,6,7,0,0,0
1995-07-07,,6.04,,7,7,0,0,0
1995-07-10,,6.04,,10,7,0,0,0
1995-07-11,,6.09,,11,7,0,0,0
1995-07-12,,6.1,,12,7,0,0,0
1995-07-13,,6.09,,13,7,0,0,0
1995-07-14,,6.15,,14,7,0,0,0
1995-07-17,,6.22,,17,7,0,0,0
1995-07-18,,6.25,,18,7,0,0,0
1995-07-19,,6.43,,19,7,0,0,0
1995-07-20,,6.43,,20,7,0,0,0
1995-07-21,,6.53,,21,7,0,0,0
1995-07-24,,6.46,,24,7,0,0,0
1995-07-25,,6.43,,25,7,0,0,0
1995-07-26,,6.48,,26,7,0,0,0
1995-07-27,,6.43,,27,7,0,0,0
1995-07-28,,6.49,,28,7,0,0,0
1995-07-31,,6.45,,31,7,1,0,0
1995-08-01,5.74,6.5,5.7,1,8,0,0,0
1995-08-02,,6.44,,2,8,0,0,0
1995-08-03,,6.53,,3,8,0,0,0
1995-08-04,,6.5,,4,8,0,0,0
1995-08-07,,6.48,,7,8,0,0,0
1995-08-08,,6.47,,8,8,0,0,0
1995-08-09,,6.47,,9,8,0,0,0
1995-08-10,,6.51,,10,8,0,0,0
1995-08-11,,6.59,,11,8,0,0,0
1995-08-14,,6.59,,14,8,0,0,0
1995-08-15,,6.57,,15,8,1,0,0
1995-08-16,,6.54,,16,8,0,0,0
1995-08-17,,6.57,,17,8,0,0,0
1995-08-18,,6.57,,18,8,0,0,0
1995-08-21,,6.54,,21,8,0,0,0
1995-08-22,,6.57,,22,8,0,0,0
1995-08-23,,6.6,,23,8,0,0,0
1995-08-24,,6.5,,24,8,0,0,0
1995-08-25,,6.38,,25,8,0,0,0
1995-08-28,,6.34,,28,8,0,0,0
1995-08-29,,6.36,,29,8,0,0,0
1995-08-30,,6.33,,30,8,0,0,0
1995-08-31,,6.28,,31,8,1,0,0
1995-09-01,5.8,6.22,5.6,1,9,0,0,0
1995-09-04,,,,4,9,0,0,0
1995-09-05,,6.18,,5,9,0,0,0
1995-09-06,,6.17,,6,9,0,0,0
1995-09-07,,6.21,,7,9,0,0,0
1995-09-08,,6.24,,8,9,0,0,0
1995-09-11,,6.24,,11,9,0,0,0
1995-09-12,,6.16,,12,9,0,0,0
1995-09-13,,6.18,,13,9,0,0,0
1995-09-14,,6.08,,14,9,0,0,0
1995-09-15,,6.11,,15,9,1,0,0
1995-09-18,,6.17,,18,9,0,0,0
1995-09-19,,6.14,,19,9,0,0,0
1995-09-20,,6.1,,20,9,0,0,0
1995-09-21,,6.21,,21,9,0,0,0
1995-09-22,,6.25,,22,9,0,0,0
1995-09-25,,6.26,,25,9,0,0,0
1995-09-26,,6.28,,26,9,0,0,0
1995-09-27,,6.3,,27,9,0,0,0
1995-09-28,,6.28,,28,9,0,0,0
1995-09-29,,6.17,,29,9,0,0,0
1995-10-01,5.76,,5.5,1,10,0,0,0
1995-10-02,,6.15,,2,10,0,0,0
1995-10-03,,6.13,,3,10,0,0,0
1995-10-04,,6.12,,4,10,0,0,0
1995-10-05,,6.06,,5,10,0,0,0
1995-10-06,,6.06,,6,10,0,0,0
1995-10-09,,,,9,10,0,0,0
1995-10-10,,6.07,,10,10,0,0,0
1995-10-11,,6.09,,11,10,0,0,0
1995-10-12,,6.07,,12,10,0,0,0
1995-10-13,,5.97,,13,10,0,0,0
1995-10-16,,5.97,,16,10,0,0,0
1995-10-17,,5.97,,17,10,0,0,0
1995-10-18,,5.99,,18,10,0,0,0
1995-10-19,,5.98,,19,10,0,0,0
1995-10-20,,6.04,,20,10,0,0,0
1995-10-23,,6.07,,23,10,0,0,0
1995-10-24,,6.02,,24,10,0,0,0
1995-10-25,,6.0,,25,10,0,0,0
1995-10-26,,6.06,,26,10,0,0,0
1995-10-27,,6.05,,27,10,0,0,0
1995-10-30,,6.04,,30,10,0,0,0
1995-10-31,,6.03,,31,10,1,0,0
1995-11-01,5.8,5.98,5.6,1,11,0,0,0
1995-11-02,,5.92,,2,11,0,0,0
1995-11-03,,5.94,,3,11,0,0,0
1995-11-06,,5.96,,6,11,0,0,0
1995-11-07,,5.99,,7,11,0,0,0
1995-11-08,,5.92,,8,11,0,0,0
1995-11-09,,5.97,,9,11,0,0,0
1995-11-10,,6.0,,10,11,0,0,0
1995-11-13,,5.98,,13,11,0,0,0
1995-11-14,,5.97,,14,11,0,0,0
1995-11-15,,6.0,,15,11,1,0,0
1995-11-16,,5.93,,16,11,0,0,0
1995-11-17,,5.92,,17,11,0,0,0
1995-11-20,,5.93,,20,11,0,0,0
1995-11-21,,5.92,,21,11,0,0,0
1995-11-22,,5.93,,22,11,0,0,0
1995-11-23,,,,23,11,0,0,0
1995-11-24,,5.91,,24,11,0,0,0
1995-11-27,,5.88,,27,11,0,0,0
1995-11-28,,5.88,,28,11,0,0,0
1995-11-29,,5.85,,29,11,0,0,0
1995-11-30,,5.76,,30,11,1,0,0
1995-12-01,5.6,5.71,5.6,1,12,0,0,0
1995-12-04,,5.63,,4,12,0,0,0
1995-12-05,,5.65,,5,12,0,0,0
1995-12-06,,5.67,,6,12,0,0,0
1995-12-07,,5.72,,7,12,0,0,0
1995-12-08,,5.73,,8,12,0,0,0
1995-12-11,,5.71,,11,12,0,0,0
1995-12-12,,5.72,,12,12,0,0,0
1995-12-13,,5.74,,13,12,0,0,0
1995-12-14,,5.74,,14,12,0,0,0
1995-12-15,,5.75,,15,12,1,0,0
1995-12-18,,5.85,,18,12,0,0,0
1995-12-19,,5.81,,19,12,0,0,0
1995-12-20,,5.76,,20,12,0,0,0
1995-12-21,,5.77,,21,12,0,0,0
1995-12-22,,5.71,,22,12,0,0,0
1995-12-25,,,,25,12,0,0,0
1995-12-26,,5.69,,26,12,0,0,0
1995-12-27,,5.66,,27,12,0,0,0
1995-12-28,,5.63,,28,12,0,0,0
1995-12-29,,5.58,,29,12,0,0,0
1996-01-01,5.56,,5.6,1,1,0,0,0
1996-01-02,,5.6,,2,1,0,0,0
1996-01-03,,5.58,,3,1,0,0,0
1996-01-04,,5.65,,4,1,0,0,0
1996-01-05,,5.69,,5,1,0,0,0
1996-01-08,,5.68,,8,1,0,0,0
1996-01-09,,5.7,,9,1,0,0,0
1996-01-10,,5.8,,10,1,0,0,0
1996-01-11,,5.78,,11,1,0,0,0
1996-01-12,,5.75,,12,1,0,0,0
1996-01-15,,,,15,1,1,0,0
1996-01-16,,5.66,,16,1,0,0,0
1996-01-17,,5.58,,17,1,0,0,0
1996-01-18,,5.53,,18,1,0,0,0
1996-01-19,,5.54,,19,1,0,0,0
1996-01-22,,5.61,,22,1,0,0,0
1996-01-23,,5.66,,23,1,0,0,0
1996-01-24,,5.62,,24,1,0,0,0
1996-01-25,,5.7,,25,1,0,0,0
1996-01-26,,5.65,,26,1,0,0,0
1996-01-29,,5.69,,29,1,0,0,0
1996-01-30,,5.63,,30,1,0,0,0
1996-01-31,,5.6,,31,1,1,0,0
1996-02-01,5.22,5.63,5.5,1,2,0,0,0
1996-02-02,,5.66,,2,2,0,0,0
1996-02-05,,5.7,,5,2,0,0,0
1996-02-06,,5.68,,6,2,0,0,0
1996-02-07,,5.66,,7,2,0,0,0
1996-02-08,,5.66,,8,2,0,0,0
1996-02-09,,5.66,,9,2,0,0,0
1996-02-12,,5.61,,12,2,0,0,0
1996-02-13,,5.58,,13,2,0,0,0
1996-02-14,,5.62,,14,2,0,0,0
1996-02-15,,5.7,,15,2,1,0,0
1996-02-16,,5.76,,16,2,0,0,0
1996-02-19,,,,19,2,0,0,0
1996-02-20,,6.01,,20,2,0,0,0
1996-02-21,,5.98,,21,2,0,0,0
1996-02-22,,5.92,,22,2,0,0,0
1996-02-23,,5.97,,23,2,0,0,0
1996-02-26,,6.01,,26,2,0,0,0
1996-02-27,,6.06,,27,2,0,0,0
1996-02-28,,6.11,,28,2,0,0,0
1996-02-29,,6.13,,29,2,1,0,0
1996-03-01,5.31,5.99,5.5,1,3,0,0,0
1996-03-04,,5.92,,4,3,0,0,0
1996-03-05,,5.96,,5,3,0,0,0
1996-03-06,,6.05,,6,3,0,0,0
1996-03-07,,6.07,,7,3,0,0,0
1996-03-08,,6.41,,8,3,0,0,0
1996-03-11,,6.33,,11,3,0,0,0
1996-03-12,,6.36,,12,3,0,0,0
1996-03-13,,6.35,,13,3,0,0,0
1996-03-14,,6.36,,14,3,0,0,0
1996-03-15,,6.46,,15,3,1,0,0
1996-03-18,,6.43,,18,3,0,0,0
1996-03-19,,6.41,,19,3,0,0,0
1996-03-20,,6.34,,20,3,0,0,0
1996-03-21,,6.28,,21,3,0,0,0
1996-03-22,,6.32,,22,3,0,0,0
1996-03-25,,6.26,,25,3,0,0,0
1996-03-26,,6.25,,26,3,0,0,0
1996-03-27,,6.34,,27,3,0,0,0
1996-03-28,,6.41,,28,3,0,0,0
1996-03-29,,6.34,,29,3,0,0,0
1996-04-01,5.22,6.31,5.6,1,4,0,0,0
1996-04-02,,6.25,,2,4,0,0,0
1996-04-03,,6.27,,3,4,0,0,0
1996-04-04,,6.33,,4,4,0,0,0
1996-04-05,,6.57,,5,4,0,0,0
1996-04-08,,6.63,,8,4,0,0,0
1996-04-09,,6.56,,9,4,0,0,0
1996-04-10,,6.63,,10,4,0,0,0
1996-04-11,,6.68,,11,4,0,0,0
1996-04-12,,6.52,,12,4,0,0,0
1996-04-15,,6.47,,15,4,1,0,0
1996-04-16,,6.48,,16,4,0,0,0
1996-04-17,,6.52,,17,4,0,0,0
1996-04-18,,6.58,,18,4,0,0,0
1996-04-19,,6.53,,19,4,0,0,0
1996-04-22,,6.48,,22,4,0,0,0
1996-04-23,,6.52,,23,4,0,0,0
1996-04-24,,6.57,,24,4,0,0,0
1996-04-25,,6.56,,25,4,0,0,0
1996-04-26,,6.54,,26,4,0,0,0
1996-04-29,,6.59,,29,4,0,0,0
1996-04-30,,6.66,,30,4,1,0,0
1996-05-01,5.24,6.68,5.6,1,5,0,0,0
1996-05-02,,6.85,,2,5,0,0,0
1996-05-03,,6.9,,3,5,0,0,0
1996-05-06,,6.86,,6,5,0,0,0
1996-05-07,,6.87,,7,5,0,0,0
1996-05-08,,6.78,,8,5,0,0,0
1996-05-09,,6.84,,9,5,0,0,0
1996-05-10,,6.75,,10,5,0,0,0
1996-05-13,,6.72,,13,5,0,0,0
1996-05-14,,6.66,,14,5,0,0,0
1996-05-15,,6.65,,15,5,1,0,0
1996-05-16,,6.7,,16,5,0,0,0
1996-05-17,,6.65,,17,5,0,0,0
1996-05-20,,6.62,,20,5,0,0,0
1996-05-21,,6.65,,21,5,0,0,0
1996-05-22,,6.63,,22,5,0,0,0
1996-05-23,,6.68,,23,5,0,0,0
1996-05-24,,6.65,,24,5,0,0,0
1996-05-27,,,,27,5,0,0,0
1996-05-28,,6.67,,28,5,0,0,0
1996-05-29,,6.77,,29,5,0,0,0
1996-05-30,,6.78,,30,5,0,0,0
1996-05-31,,6.85,,31,5,1,0,0
1996-06-01,5.27,,5.3,1,6,0,0,0
1996-06-03,,6.87,,3,6,0,0,0
1996-06-04,,6.86,,4,6,0,0,0
1996-06-05,,6.82,,5,6,0,0,0
1996-06-06,,6.76,,6,6,0,0,0
1996-06-07,,6.93,,7,6,0,0,0
1996-06-10,,6.97,,10,6,0,0,0
1996-06-11,,6.99,,11,6,0,0,0
1996-06-12,,7.03,,12,6,0,0,0
1996-06-13,,7.01,,13,6,0,0,0
1996-06-14,,6.95,,14,6,0,0,0
1996-06-17,,6.9,,17,6,0,0,0
1996-06-18,,6.93,,18,6,0,0,0
1996-06-19,,6.96,,19,6,0,0,0
1996-06-20,,6.98,,20,6,0,0,0
1996-06-21,,6.96,,21,6,0,0,0
1996-06-24,,6.94,,24,6,0,0,0
1996-06-25,,6.91,,25,6,0,0,0
1996-06-26,,6.91,,26,6,0,0,0
1996-06-27,,6.83,,27,6,0,0,0
1996-06-28,,6.73,,28,6,0,0,0
1996-07-01,5.4,6.74,5.5,1,7,0,0,0
1996-07-02,,6.8,,2,7,0,0,0
1996-07-03,,6.78,,3,7,0,0,0
1996-07-04,,,,4,7,0,0,0
1996-07-05,,7.06,,5,7,0,0,0
1996-07-08,,7.05,,8,7,0,0,0
1996-07-09,,7.0,,9,7,0,0,0
1996-07-10,,6.95,,10,7,0,0,0
1996-07-11,,6.9,,11,7,0,0,0
1996-07-12,,6.85,,12,7,0,0,0
1996-07-15,,6.89,,15,7,1,0,0
1996-07-16,,6.84,,16,7,0,0,0
1996-07-17,,6.83,,17,7,0,0,0
1996-07-18,,6.72,,18,7,0,0,0
1996-07-19,,6.78,,19,7,0,0,0
1996-07-22,,6.84,,22,7,0,0,0
1996-07-23,,6.8,,23,7,0,0,0
1996-07-24,,6.87,,24,7,0,0,0
1996-07-25,,6.87,,25,7,0,0,0
1996-07-26,,6.85,,26,7,0,0,0
1996-07-29,,6.93,,29,7,0,0,0
1996-07-30,,6.89,,30,7,0,0,0
1996-07-31,,6.8,,31,7,1,0,0
1996-08-01,5.22,6.65,5.1,1,8,0,0,0
1996-08-02,,6.51,,2,8,0,0,0
1996-08-05,,6.53,,5,8,0,0,0
1996-08-06,,6.54,,6,8,0,0,0
1996-08-07,,6.55,,7,8,0,0,0
1996-08-08,,6.56,,8,8,0,0,0
1996-08-09,,6.5,,9,8,0,0,0
1996-08-12,,6.49,,12,8,0,0,0
1996-08-13,,6.57,,13,8,0,0,0
1996-08-14,,6.58,,14,8,0,0,0
1996-08-15,,6.62,,15,8,1,0,0
1996-08-16,,6.56,,16,8,0,0,0
1996-08-19,,6.59,,19,8,0,0,0
1996-08-20,,6.59,,20,8,0,0,0
1996-08-21,,6.61,,21,8,0,0,0
1996-08-22,,6.62,,22,8,0,0,0
1996-08-23,,6.72,,23,8,0,0,0
1996-08-26,,6.8,,26,8,0,0,0
1996-08-27,,6.78,,27,8,0,0,0
1996-08-28,,6.79,,28,8,0,0,0
1996-08-29,,6.86,,29,8,0,0,0
1996-08-30,,6.96,,30,8,0,0,0
1996-09-01,5.3,,5.2,1,9,0,0,0
1996-09-02,,,,2,9,0,0,0
1996-09-03,,6.92,,3,9,0,0,0
1996-09-04,,6.94,,4,9,0,0,0
1996-09-05,,6.98,,5,9,0,0,0
1996-09-06,,6.94,,6,9,0,0,0
1996-09-09,,6.9,,9,9,0,0,0
1996-09-10,,6.94,,10,9,0,0,0
1996-09-11,,6.94,,11,9,0,0,0
1996-09-12,,6.88,,12,9,0,0,0
1996-09-13,,6.74,,13,9,0,0,0
1996-09-16,,6.73,,16,9,0,0,0
1996-09-17,,6.81,,17,9,0,0,0
1996-09-18,,6.83,,18,9,0,0,0
1996-09-19,,6.87,,19,9,0,0,0
1996-09-20,,6.85,,20,9,0,0,0
1996-09-23,,6.83,,23,9,0,0,0
1996-09-24,,6.77,,24,9,0,0,0
1996-09-25,,6.71,,25,9,0,0,0
1996-09-26,,6.66,,26,9,0,0,0
1996-09-27,,6.68,,27,9,0,0,0
1996-09-30,,6.72,,30,9,1,1,0
1996-10-01,5.24,6.65,5.2,1,10,0,0,0
1996-10-02,,6.61,,2,10,0,0,0
1996-10-03,,6.61,,3,10,0,0,0
1996-10-04,,6.48,,4,10,0,0,0
1996-10-07,,6.53,,7,10,0,0,0
1996-10-08,,6.53,,8,10,0,0,0
1996-10-09,,6.55,,9,10,0,0,0
1996-10-10,,6.61,,10,10,0,0,0
1996-10-11,,6.55,,11,10,0,0,0
1996-10-14,,,,14,10,0,0,0
1996-10-15,,6.56,,15,10,1,0,0
1996-10-16,,6.57,,16,10,0,0,0
1996-10-17,,6.51,,17,10,0,0,0
1996-10-18,,6.5,,18,10,0,0,0
1996-10-21,,6.52,,21,10,0,0,0
1996-10-22,,6.56,,22,10,0,0,0
1996-10-23,,6.56,,23,10,0,0,0
1996-10-24,,6.57,,24,10,0,0,0
1996-10-25,,6.54,,25,10,0,0,0
1996-10-28,,6.56,,28,10,0,0,0
1996-10-29,,6.4,,29,10,0,0,0
1996-10-30,,6.4,,30,10,0,0,0
1996-10-31,,6.37,,31,10,1,0,0
1996-11-01,5.31,6.38,5.4,1,11,0,0,0
1996-11-04,,6.36,,4,11,0,0,0
1996-11-05,,6.28,,5,11,0,0,0
1996-11-06,,6.3,,6,11,0,0,0
1996-11-07,,6.26,,7,11,0,0,0
1996-11-08,,6.29,,8,11,0,0,0
1996-11-11,,,,11,11,0,0,0
1996-11-12,,6.19,,12,11,0,0,0
1996-11-13,,6.2,,13,11,0,0,0
1996-11-14,,6.15,,14,11,0,0,0
1996-11-15,,6.19,,15,11,1,0,0
1996-11-18,,6.2,,18,11,0,0,0
1996-11-19,,6.17,,19,11,0,0,0
1996-11-20,,6.14,,20,11,0,0,0
1996-11-21,,6.15,,21,11,0,0,0
1996-11-22,,6.15,,22,11,0,0,0
1996-11-25,,6.13,,25,11,0,0,0
1996-11-26,,6.13,,26,11,0,0,0
1996-11-27,,6.14,,27,11,0,0,0
1996-11-28,,,,28,11,0,0,0
1996-11-29,,6.06,,29,11,0,0,0
1996-12-01,5.29,,5.4,1,12,0,0,0
1996-12-02,,6.08,,2,12,0,0,0
1996-12-03,,6.06,,3,12,0,0,0
1996-12-04,,6.11,,4,12,0,0,0
1996-12-05,,6.22,,5,12,0,0,0
1996-12-06,,6.26,,6,12,0,0,0
1996-12-09,,6.21,,9,12,0,0,0
1996-12-10,,6.23,,10,12,0,0,0
1996-12-11,,6.38,,11,12,0,0,0
1996-12-12,,6.4,,12,12,0,0,0
1996-12-13,,6.33,,13,12,0,0,0
1996-12-16,,6.39,,16,12,0,0,0
1996-12-17,,6.42,,17,12,0,0,0
1996-12-18,,6.46,,18,12,0,0,0
1996-12-19,,6.36,,19,12,0,0,0
1996-12-20,,6.35,,20,12,0,0,0
1996-12-23,,6.34,,23,12,0,0,0
1996-12-24,,6.36,,24,12,0,0,0
1996-12-25,,,,25,12,0,0,0
1996-12-26,,6.35,,26,12,0,0,0
1996-12-27,,6.3,,27,12,0,0,0
1996-12-30,,6.31,,30,12,0,0,0
1996-12-31,,6.43,,31,12,1,1,0
1997-01-01,5.25,,5.3,1,1,0,0,0
1997-01-02,,6.54,,2,1,0,0,0
1997-01-03,,6.52,,3,1,0,0,0
1997-01-06,,6.54,,6,1,0,0,0
1997-01-07,,6.57,,7,1,0,0,0
1997-01-08,,6.6,,8,1,0,0,0
1997-01-09,,6.52,,9,1,0,0,0
1997-01-10,,6.63,,10,1,0,0,0
1997-01-13,,6.63,,13,1,0,0,0
1997-01-14,,6.53,,14,1,0,0,0
1997-01-15,,6.53,,15,1,1,0,0
1997-01-16,,6.57,,16,1,0,0,0
1997-01-17,,6.56,,17,1,0,0,0
1997-01-20,,,,20,1,0,0,0
1997-01-21,,6.52,,21,1,0,0,0
1997-01-22,,6.56,,22,1,0,0,0
1997-01-23,,6.6,,23,1,0,0,0
1997-01-24,,6.64,,24,1,0,0,0
1997-01-27,,6.69,,27,1,0,0,0
1997-01-28,,6.64,,28,1,0,0,0
1997-01-29,,6.63,,29,1,0,0,0
1997-01-30,,6.61,,30,1,0,0,0
1997-01-31,,6.53,,31,1,1,0,0
1997-02-01,5.19,,5.2,1,2,0,0,0
1997-02-03,,6.47,,3,2,0,0,0
1997-02-04,,6.45,,4,2,0,0,0
1997-02-05,,6.47,,5,2,0,0,0
1997-02-06,,6.49,,6,2,0,0,0
1997-02-07,,6.43,,7,2,0,0,0
1997-02-10,,6.43,,10,2,0,0,0
1997-02-11,,6.43,,11,2,0,0,0
1997-02-12,,6.39,,12,2,0,0,0
1997-02-13,,6.32,,13,2,0,0,0
1997-02-14,,6.28,,14,2,0,0,0
1997-02-17,,,,17,2,0,0,0
1997-02-18,,6.28,,18,2,0,0,0
1997-02-19,,6.3,,19,2,0,0,0
1997-02-20,,6.38,,20,2,0,0,0
1997-02-21,,6.36,,21,2,0,0,0
1997-02-24,,6.39,,24,2,0,0,0
1997-02-25,,6.4,,25,2,0,0,0
1997-02-26,,6.56,,26,2,0,0,0
1997-02-27,,6.58,,27,2,0,0,0
1997-02-28,,6.56,,28,2,1,0,0
1997-03-01,5.39,,5.2,1,3,0,0,0
1997-03-03,,6.58,,3,3,0,0,0
1997-03-04,,6.6,,4,3,0,0,0
1997-03-05,,6.6,,5,3,0,0,0
1997-03-06,,6.62,,6,3,0,0,0
1997-03-07,,6.57,,7,3,0,0,0
1997-03-10,,6.56,,10,3,0,0,0
1997-03-11,,6.57,,11,3,0,0,0
1997-03-12,,6.6,,12,3,0,0,0
1997-03-13,,6.72,,13,3,0,0,0
1997-03-14,,6.71,,14,3,0,0,0
1997-03-17,,6.72,,17,3,0,0,0
1997-03-18,,6.72,,18,3,0,0,0
1997-03-19,,6.74,,19,3,0,0,0
1997-03-20,,6.75,,20,3,0,0,0
1997-03-21,,6.74,,21,3,0,0,0
1997-03-24,,6.72,,24,3,0,0,0
1997-03-25,,6.75,,25,3,0,0,0
1997-03-26,,6.8,,26,3,0,0,0
1997-03-27,,6.9,,27,3,0,0,0
1997-03-28,,,,28,3,0,0,0
1997-03-31,,6.92,,31,3,1,1,0
1997-04-01,5.51,6.9,5.1,1,4,0,0,0
1997-04-02,,6.88,,2,4,0,0,0
1997-04-03,,6.86,,3,4,0,0,0
1997-04-04,,6.92,,4,4,0,0,0
1997-04-07,,6.87,,7,4,0,0,0
1997-04-08,,6.91,,8,4,0,0,0
1997-04-09,,6.91,,9,4,0,0,0
1997-04-10,,6.91,,10,4,0,0,0
1997-04-11,,6.98,,11,4,0,0,0
1997-04-14,,6.98,,14,4,0,0,0
1997-04-15,,6.88,,15,4,1,0,0
1997-04-16,,6.9,,16,4,0,0,0
1997-04-17,,6.86,,17,4,0,0,0
1997-04-18,,6.84,,18,4,0,0,0
1997-04-21,,6.87,,21,4,0,0,0
1997-04-22,,6.84,,22,4,0,0,0
1997-04-23,,6.89,,23,4,0,0,0
1997-04-24,,6.93,,24,4,0,0,0
1997-04-25,,6.94,,25,4,0,0,0
1997-04-28,,6.92,,28,4,0,0,0
1997-04-29,,6.77,,29,4,0,0,0
1997-04-30,,6.72,,30,4,1,0,0
1997-05-01,5.5,6.69,4.9,1,5,0,0,0
1997-05-02,,6.68,,2,5,0,0,0
1997-05-05,,6.67,,5,5,0,0,0
1997-05-06,,6.67,,6,5,0,0,0
1997-05-07,,6.76,,7,5,0,0,0
1997-05-08,,6.72,,8,5,0,0,0
1997-05-09,,6.67,,9,5,0,0,0
1997-05-12,,6.65,,12,5,0,0,0
1997-05-13,,6.71,,13,5,0,0,0
1997-05-14,,6.68,,14,5,0,0,0
1997-05-15,,6.67,,15,5,1,0,0
1997-05-16,,6.7,,16,5,0,0,0
1997-05-19,,6.71,,19,5,0,0,0
1997-05-20,,6.7,,20,5,0,0,0
1997-05-21,,6.74,,21,5,0,0,0
1997-05-22,,6.76,,22,5,0,0,0
1997-05-23,,6.74,,23,5,0,0,0
1997-05-26,,,,26,5,0,0,0
1997-05-27,,6.79,,27,5,0,0,0
1997-05-28,,6.8,,28,5,0,0,0
1997-05-29,,6.75,,29,5,0,0,0
1997-05-30,,6.67,,30,5,0,0,0
1997-06-01,5.56,,5.0,1,6,0,0,0
1997-06-02,,6.66,,2,6,0,0,0
1997-06-03,,6.63,,3,6,0,0,0
1997-06-04,,6.62,,4,6,0,0,0
1997-06-05,,6.62,,5,6,0,0,0
1997-06-06,,6.51,,6,6,0,0,0
1997-06-09,,6.55,,9,6,0,0,0
1997-06-10,,6.57,,10,6,0,0,0
1997-06-11,,6.56,,11,6,0,0,0
1997-06-12,,6.48,,12,6,0,0,0
1997-06-13,,6.43,,13,6,0,0,0
1997-06-16,,6.4,,16,6,0,0,0
1997-06-17,,6.43,,17,6,0,0,0
1997-06-18,,6.4,,18,6,0,0,0
1997-06-19,,6.4,,19,6,0,0,0
1997-06-20,,6.37,,20,6,0,0,0
1997-06-23,,6.4,,23,6,0,0,0
1997-06-24,,6.42,,24,6,0,0,0
1997-06-25,,6.45,,25,6,0,0,0
1997-06-26,,6.5,,26,6,0,0,0
1997-06-27,,6.46,,27,6,0,0,0
1997-06-30,,6.51,,30,6,1,1,0
1997-07-01,5.52,6.45,4.9,1,7,0,0,0
1997-07-02,,6.42,,2,7,0,0,0
1997-07-03,,6.31,,3,7,0,0,0
1997-07-04,,,,4,7,0,0,0
1997-07-07,,6.27,,7,7,0,0,0
1997-07-08,,6.27,,8,7,0,0,0
1997-07-09,,6.25,,9,7,0,0,0
1997-07-10,,6.26,,10,7,0,0,0
1997-07-11,,6.23,,11,7,0,0,0
1997-07-14,,6.26,,14,7,0,0,0
1997-07-15,,6.26,,15,7,1,0,0
1997-07-16,,6.2,,16,7,0,0,0
1997-07-17,,6.19,,17,7,0,0,0
1997-07-18,,6.24,,18,7,0,0,0
1997-07-21,,6.27,,21,7,0,0,0
1997-07-22,,6.15,,22,7,0,0,0
1997-07-23,,6.14,,23,7,0,0,0
1997-07-24,,6.16,,24,7,0,0,0
1997-07-25,,6.18,,25,7,0,0,0
1997-07-28,,6.16,,28,7,0,0,0
1997-07-29,,6.11,,29,7,0,0,0
1997-07-30,,6.05,,30,7,0,0,0
1997-07-31,,6.02,,31,7,1,0,0
1997-08-01,5.54,6.2,4.8,1,8,0,0,0
1997-08-04,,6.23,,4,8,0,0,0
1997-08-05,,6.23,,5,8,0,0,0
1997-08-06,,6.21,,6,8,0,0,0
1997-08-07,,6.24,,7,8,0,0,0
1997-08-08,,6.38,,8,8,0,0,0
1997-08-11,,6.36,,11,8,0,0,0
1997-08-12,,6.39,,12,8,0,0,0
1997-08-13,,6.36,,13,8,0,0,0
1997-08-14,,6.27,,14,8,0,0,0
1997-08-15,,6.27,,15,8,1,0,0
1997-08-18,,6.21,,18,8,0,0,0
1997-08-19,,6.21,,19,8,0,0,0
1997-08-20,,6.24,,20,8,0,0,0
1997-08-21,,6.3,,21,8,0,0,0
1997-08-22,,6.38,,22,8,0,0,0
1997-08-25,,6.39,,25,8,0,0,0
1997-08-26,,6.38,,26,8,0,0,0
1997-08-27,,6.38,,27,8,0,0,0
1997-08-28,,6.3,,28,8,0,0,0
1997-08-29,,6.34,,29,8,0,0,0
1997-09-01,5.54,,4.9,1,9,0,0,0
1997-09-02,,6.31,,2,9,0,0,0
1997-09-03,,6.33,,3,9,0,0,0
1997-09-04,,6.33,,4,9,0,0,0
1997-09-05,,6.37,,5,9,0,0,0
1997-09-08,,6.33,,8,9,0,0,0
1997-09-09,,6.34,,9,9,0,0,0
1997-09-10,,6.37,,10,9,0,0,0
1997-09-11,,6.39,,11,9,0,0,0
1997-09-12,,6.29,,12,9,0,0,0
1997-09-15,,6.28,,15,9,1,0,0
1997-09-16,,6.11,,16,9,0,0,0
1997-09-17,,6.1,,17,9,0,0,0
1997-09-18,,6.11,,18,9,0,0,0
1997-09-19,,6.09,,19,9,0,0,0
1997-09-22,,6.06,,22,9,0,0,0
1997-09-23,,6.1,,23,9,0,0,0
1997-09-24,,6.04,,24,9,0,0,0
1997-09-25,,6.13,,25,9,0,0,0
1997-09-26,,6.08,,26,9,0,0,0
1997-09-29,,6.1,,29,9,0,0,0
1997-09-30,,6.12,,30,9,1,1,0
1997-10-01,5.5,6.04,4.7,1,10,0,0,0
1997-10-02,,6.01,,2,10,0,0,0
1997-10-03,,6.01,,3,10,0,0,0
1997-10-06,,5.96,,6,10,0,0,0
1997-10-07,,5.94,,7,10,0,0,0
1997-10-08,,6.08,,8,10,0,0,0
1997-10-09,,6.09,,9,10,0,0,0
1997-10-10,,6.15,,10,10,0,0,0
1997-10-13,,,,13,10,0,0,0
1997-10-14,,6.07,,14,10,0,0,0
1997-10-15,,6.1,,15,10,1,0,0
1997-10-16,,6.09,,16,10,0,0,0
1997-10-17,,6.17,,17,10,0,0,0
1997-10-20,,6.15,,20,10,0,0,0
1997-10-21,,6.14,,21,10,0,0,0
1997-10-22,,6.12,,22,10,0,0,0
1997-10-23,,6.04,,23,10,0,0,0
1997-10-24,,6.01,,24,10,0,0,0
1997-10-27,,5.91,,27,10,0,0,0
1997-10-28,,5.98,,28,10,0,0,0
1997-10-29,,5.91,,29,10,0,0,0
1997-10-30,,5.84,,30,10,0,0,0
1997-10-31,,5.84,,31,10,1,0,0
1997-11-01,5.52,,4.6,1,11,0,0,0
1997-11-03,,5.91,,3,11,0,0,0
1997-11-04,,5.95,,4,11,0,0,0
1997-11-05,,5.95,,5,11,0,0,0
1997-11-06,,5.9,,6,11,0,0,0
1997-11-07,,5.9,,7,11,0,0,0
1997-11-10,,5.91,,10,11,0,0,0
1997-11-11,,,,11,11,0,0,0
1997-11-12,,5.89,,12,11,0,0,0
1997-11-13,,5.87,,13,11,0,0,0
1997-11-14,,5.86,,14,11,0,0,0
1997-11-17,,5.85,,17,11,0,0,0
1997-11-18,,5.85,,18,11,0,0,0
1997-11-19,,5.82,,19,11,0,0,0
1997-11-20,,5.84,,20,11,0,0,0
1997-11-21,,5.82,,21,11,0,0,0
1997-11-24,,5.86,,24,11,0,0,0
1997-11-25,,5.85,,25,11,0,0,0
1997-11-26,,5.86,,26,11,0,0,0
1997-11-27,,,,27,11,0,0,0
1997-11-28,,5.86,,28,11,0,0,0
1997-12-01,5.5,5.86,4.7,1,12,0,0,0
1997-12-02,,5.86,,2,12,0,0,0
1997-12-03,,5.83,,3,12,0,0,0
1997-12-04,,5.84,,4,12,0,0,0
1997-12-05,,5.92,,5,12,0,0,0
1997-12-08,,5.96,,8,12,0,0,0
1997-12-09,,5.95,,9,12,0,0,0
1997-12-10,,5.9,,10,12,0,0,0
1997-12-11,,5.82,,11,12,0,0,0
1997-12-12,,5.74,,12,12,0,0,0
1997-12-15,,5.78,,15,12,1,0,0
1997-12-16,,5.77,,16,12,0,0,0
1997-12-17,,5.81,,17,12,0,0,0
1997-12-18,,5.76,,18,12,0,0,0
1997-12-19,,5.72,,19,12,0,0,0
1997-12-22,,5.72,,22,12,0,0,0
1997-12-23,,5.73,,23,12,0,0,0
1997-12-24,,5.76,,24,12,0,0,0
1997-12-25,,,,25,12,0,0,0
1997-12-26,,5.75,,26,12,0,0,0
1997-12-29,,5.76,,29,12,0,0,0
1997-12-30,,5.8,,30,12,0,0,0
1997-12-31,,5.75,,31,12,1,1,0
1998-01-01,5.56,,4.6,1,1,0,0,0
1998-01-02,,5.67,,2,1,0,0,0
1998-01-05,,5.52,,5,1,0,0,0
1998-01-06,,5.49,,6,1,0,0,0
1998-01-07,,5.55,,7,1,0,0,0
1998-01-08,,5.49,,8,1,0,0,0
1998-01-09,,5.4,,9,1,0,0,0
1998-01-12,,5.39,,12,1,0,0,0
1998-01-13,,5.41,,13,1,0,0,0
1998-01-14,,5.45,,14,1,0,0,0
1998-01-15,,5.48,,15,1,1,0,0
1998-01-16,,5.54,,16,1,0,0,0
1998-01-19,,,,19,1,0,0,0
1998-01-20,,5.57,,20,1,0,0,0
1998-01-21,,5.54,,21,1,0,0,0
1998-01-22,,5.56,,22,1,0,0,0
1998-01-23,,5.7,,23,1,0,0,0
1998-01-26,,5.63,,26,1,0,0,0
1998-01-27,,5.7,,27,1,0,0,0
1998-01-28,,5.69,,28,1,0,0,0
1998-01-29,,5.58,,29,1,0,0,0
1998-01-30,,5.53,,30,1,0,0,0
1998-02-01,5.51,,4.6,1,2,0,0,0
1998-02-02,,5.57,,2,2,0,0,0
1998-02-03,,5.56,,3,2,0,0,0
1998-02-04,,5.57,,4,2,0,0,0
1998-02-05,,5.62,,5,2,0,0,0
1998-02-06,,5.62,,6,2,0,0,0
1998-02-09,,5.65,,9,2,0,0,0
1998-02-10,,5.64,,10,2,0,0,0
1998-02-11,,5.53,,11,2,0,0,0
1998-02-12,,5.52,,12,2,0,0,0
1998-02-13,,5.49,,13,2,0,0,0
1998-02-16,,,,16,2,0,0,0
1998-02-17,,5.44,,17,2,0,0,0
1998-02-18,,5.49,,18,2,0,0,0
1998-02-19,,5.51,,19,2,0,0,0
1998-02-20,,5.54,,20,2,0,0,0
1998-02-23,,5.58,,23,2,0,0,0
1998-02-24,,5.69,,24,2,0,0,0
1998-02-25,,5.63,,25,2,0,0,0
1998-02-26,,5.65,,26,2,0,0,0
1998-02-27,,5.62,,27,2,0,0,0
1998-03-01,5.49,,4.7,1,3,0,0,0
1998-03-02,,5.72,,2,3,0,0,0
1998-03-03,,5.77,,3,3,0,0,0
1998-03-04,,5.76,,4,3,0,0,0
1998-03-05,,5.78,,5,3,0,0,0
1998-03-06,,5.73,,6,3,0,0,0
1998-03-09,,5.67,,9,3,0,0,0
1998-03-10,,5.67,,10,3,0,0,0
1998-03-11,,5.63,,11,3,0,0,0
1998-03-12,,5.56,,12,3,0,0,0
1998-03-13,,5.58,,13,3,0,0,0
1998-03-16,,5.54,,16,3,0,0,0
1998-03-17,,5.56,,17,3,0,0,0
1998-03-18,,5.58,,18,3,0,0,0
1998-03-19,,5.58,,19,3,0,0,0
1998-03-20,,5.57,,20,3,0,0,0
1998-03-23,,5.57,,23,3,0,0,0
1998-03-24,,5.58,,24,3,0,0,0
1998-03-25,,5.64,,25,3,0,0,0
1998-03-26,,5.68,,26,3,0,0,0
1998-03-27,,5.68,,27,3,0,0,0
1998-03-30,,5.72,,30,3,0,0,0
1998-03-31,,5.67,,31,3,1,1,0
1998-04-01,5.45,5.62,4.3,1,4,0,0,0
1998-04-02,,5.56,,2,4,0,0,0
1998-04-03,,5.47,,3,4,0,0,0
1998-04-06,,5.51,,6,4,0,0,0
1998-04-07,,5.53,,7,4,0,0,0
1998-04-08,,5.58,,8,4,0,0,0
1998-04-09,,5.59,,9,4,0,0,0
1998-04-10,,,,10,4,0,0,0
1998-04-13,,5.66,,13,4,0,0,0
1998-04-14,,5.63,,14,4,0,0,0
1998-04-15,,5.6,,15,4,1,0,0
1998-04-16,,5.59,,16,4,0,0,0
1998-04-17,,5.59,,17,4,0,0,0
1998-04-20,,5.65,,20,4,0,0,0
1998-04-21,,5.68,,21,4,0,0,0
1998-04-22,,5.68,,22,4,0,0,0
1998-04-23,,5.69,,23,4,0,0,0
1998-04-24,,5.67,,24,4,0,0,0
1998-04-27,,5.8,,27,4,0,0,0
1998-04-28,,5.8,,28,4,0,0,0
1998-04-29,,5.81,,29,4,0,0,0
1998-04-30,,5.68,,30,4,1,0,0
1998-05-01,5.49,5.67,4.4,1,5,0,0,0
1998-05-04,,5.67,,4,5,0,0,0
1998-05-05,,5.7,,5,5,0,0,0
1998-05-06,,5.67,,6,5,0,0,0
1998-05-07,,5.67,,7,5,0,0,0
1998-05-08,,5.71,,8,5,0,0,0
1998-05-11,,5.79,,11,5,0,0,0
1998-05-12,,5.7,,12,5,0,0,0
1998-05-13,,5.64,,13,5,0,0,0
1998-05-14,,5.67,,14,5,0,0,0
1998-05-15,,5.68,,15,5,1,0,0
1998-05-18,,5.64,,18,5,0,0,0
1998-05-19,,5.65,,19,5,0,0,0
1998-05-20,,5.61,,20,5,0,0,0
1998-05-21,,5.65,,21,5,0,0,0
1998-05-22,,5.64,,22,5,0,0,0
1998-05-25,,,,25,5,0,0,0
1998-05-26,,5.59,,26,5,0,0,0
1998-05-27,,5.56,,27,5,0,0,0
1998-05-28,,5.58,,28,5,0,0,0
1998-05-29,,5.56,,29,5,0,0,0
1998-06-01,5.56,5.53,4.5,1,6,0,0,0
1998-06-02,,5.56,,2,6,0,0,0
1998-06-03,,5.57,,3,6,0,0,0
1998-06-04,,5.59,,4,6,0,0,0
1998-06-05,,5.58,,5,6,0,0,0
1998-06-08,,5.58,,8,6,0,0,0
1998-06-09,,5.59,,9,6,0,0,0
1998-06-10,,5.51,,10,6,0,0,0
1998-06-11,,5.44,,11,6,0,0,0
1998-06-12,,5.43,,12,6,0,0,0
1998-06-15,,5.38,,15,6,1,0,0
1998-06-16,,5.45,,16,6,0,0,0
1998-06-17,,5.54,,17,6,0,0,0
1998-06-18,,5.5,,18,6,0,0,0
1998-06-19,,5.47,,19,6,0,0,0
1998-06-22,,5.46,,22,6,0,0,0
1998-06-23,,5.45,,23,6,0,0,0
1998-06-24,,5.46,,24,6,0,0,0
1998-06-25,,5.46,,25,6,0,0,0
1998-06-26,,5.46,,26,6,0,0,0
1998-06-29,,5.47,,29,6,0,0,0
1998-06-30,,5.44,,30,6,1,1,0
1998-07-01,5.54,5.44,4.5,1,7,0,0,0
1998-07-02,,5.42,,2,7,0,0,0
1998-07-03,,,,3,7,0,0,0
1998-07-06,,5.39,,6,7,0,0,0
1998-07-07,,5.42,,7,7,0,0,0
1998-07-08,,5.43,,8,7,0,0,0
1998-07-09,,5.41,,9,7,0,0,0
1998-07-10,,5.42,,10,7,0,0,0
1998-07-13,,5.46,,13,7,0,0,0
1998-07-14,,5.49,,14,7,0,0,0
1998-07-15,,5.48,,15,7,1,0,0
1998-07-16,,5.5,,16,7,0,0,0
1998-07-17,,5.51,,17,7,0,0,0
1998-07-20,,5.48,,20,7,0,0,0
1998-07-21,,5.45,,21,7,0,0,0
1998-07-22,,5.46,,22,7,0,0,0
1998-07-23,,5.45,,23,7,0,0,0
1998-07-24,,5.45,,24,7,0,0,0
1998-07-27,,5.47,,27,7,0,0,0
1998-07-28,,5.5,,28,7,0,0,0
1998-07-29,,5.52,,29,7,0,0,0
1998-07-30,,5.5,,30,7,0,0,0
1998-07-31,,5.5,,31,7,1,0,0
1998-08-01,5.55,,4.5,1,8,0,0,0
1998-08-03,,5.46,,3,8,0,0,0
1998-08-04,,5.43,,4,8,0,0,0
1998-08-05,,5.43,,5,8,0,0,0
1998-08-06,,5.44,,6,8,0,0,0
1998-08-07,,5.4,,7,8,0,0,0
1998-08-10,,5.41,,10,8,0,0,0
1998-08-11,,5.37,,11,8,0,0,0
1998-08-12,,5.4,,12,8,0,0,0
1998-08-13,,5.44,,13,8,0,0,0
1998-08-14,,5.4,,14,8,0,0,0
1998-08-17,,5.4,,17,8,0,0,0
1998-08-18,,5.41,,18,8,0,0,0
1998-08-19,,5.42,,19,8,0,0,0
1998-08-20,,5.38,,20,8,0,0,0
1998-08-21,,5.32,,21,8,0,0,0
1998-08-24,,5.3,,24,8,0,0,0
1998-08-25,,5.25,,25,8,0,0,0
1998-08-26,,5.26,,26,8,0,0,0
1998-08-27,,5.12,,27,8,0,0,0
1998-08-28,,5.09,,28,8,0,0,0
1998-08-31,,5.05,,31,8,1,0,0
1998-09-01,5.51,5.05,4.6,1,9,0,0,0
1998-09-02,,5.1,,2,9,0,0,0
1998-09-03,,5.03,,3,9,0,0,0
1998-09-04,,5.02,,4,9,0,0,0
1998-09-07,,,,7,9,0,0,0
1998-09-08,,5.04,,8,9,0,0,0
1998-09-09,,4.95,,9,9,0,0,0
1998-09-10,,4.76,,10,9,0,0,0
1998-09-11,,4.85,,11,9,0,0,0
1998-09-14,,4.87,,14,9,0,0,0
1998-09-15,,4.9,,15,9,1,0,0
1998-09-16,,4.88,,16,9,0,0,0
1998-09-17,,4.8,,17,9,0,0,0
1998-09-18,,4.7,,18,9,0,0,0
1998-09-21,,4.69,,21,9,0,0,0
1998-09-22,,4.73,,22,9,0,0,0
1998-09-23,,4.69,,23,9,0,0,0
1998-09-24,,4.64,,24,9,0,0,0
1998-09-25,,4.6,,25,9,0,0,0
1998-09-28,,4.61,,28,9,0,0,0
1998-09-29,,4.59,,29,9,0,0,0
1998-09-30,,4.44,,30,9,1,1,0
1998-10-01,5.07,4.33,4.5,1,10,0,0,0
1998-10-02,,4.31,,2,10,0,0,0
1998-10-05,,4.16,,5,10,0,0,0
1998-10-06,,4.24,,6,10,0,0,0
1998-10-07,,4.34,,7,10,0,0,0
1998-10-08,,4.56,,8,10,0,0,0
1998-10-09,,4.77,,9,10,0,0,0
1998-10-12,,,,12,10,0,0,0
1998-10-13,,4.73,,13,10,0,0,0
1998-10-14,,4.58,,14,10,0,0,0
1998-10-15,,4.58,,15,10,1,0,0
1998-10-16,,4.44,,16,10,0,0,0
1998-10-19,,4.47,,19,10,0,0,0
1998-10-20,,4.57,,20,10,0,0,0
1998-10-21,,4.59,,21,10,0,0,0
1998-10-22,,4.62,,22,10,0,0,0
1998-10-23,,4.7,,23,10,0,0,0
1998-10-26,,4.73,,26,10,0,0,0
1998-10-27,,4.63,,27,10,0,0,0
1998-10-28,,4.6,,28,10,0,0,0
1998-10-29,,4.54,,29,10,0,0,0
1998-10-30,,4.64,,30,10,0,0,0
1998-11-01,4.83,,4.4,1,11,0,0,0
1998-11-02,,4.77,,2,11,0,0,0
1998-11-03,,4.78,,3,11,0,0,0
1998-11-04,,4.83,,4,11,0,0,0
1998-11-05,,4.82,,5,11,0,0,0
1998-11-06,,4.93,,6,11,0,0,0
1998-11-09,,4.88,,9,11,0,0,0
1998-11-10,,4.81,,10,11,0,0,0
1998-11-11,,,,11,11,0,0,0
1998-11-12,,4.77,,12,11,0,0,0
1998-11-13,,4.82,,13,11,0,0,0
1998-11-16,,4.85,,16,11,0,0,0
1998-11-17,,4.87,,17,11,0,0,0
1998-11-18,,4.85,,18,11,0,0,0
1998-11-19,,4.85,,19,11,0,0,0
1998-11-20,,4.82,,20,11,0,0,0
1998-11-23,,4.84,,23,11,0,0,0
1998-11-24,,4.85,,24,11,0,0,0
1998-11-25,,4.83,,25,11,0,0,0
1998-11-26,,,,26,11,0,0,0
1998-11-27,,4.81,,27,11,0,0,0
1998-11-30,,4.74,,30,11,1,0,0
1998-12-01,4.68,4.67,4.4,1,12,0,0,0
1998-12-02,,4.59,,2,12,0,0,0
1998-12-03,,4.58,,3,12,0,0,0
1998-12-04,,4.62,,4,12,0,0,0
1998-12-07,,4.69,,7,12,0,0,0
1998-12-08,,4.6,,8,12,0,0,0
1998-12-09,,4.56,,9,12,0,0,0
1998-12-10,,4.53,,10,12,0,0,0
1998-12-11,,4.61,,11,12,0,0,0
1998-12-14,,4.58,,14,12,0,0,0
1998-12-15,,4.62,,15,12,1,0,0
1998-12-16,,4.58,,16,12,0,0,0
1998-12-17,,4.58,,17,12,0,0,0
1998-12-18,,4.58,,18,12,0,0,0
1998-12-21,,4.64,,21,12,0,0,0
1998-12-22,,4.7,,22,12,0,0,0
1998-12-23,,4.81,,23,12,0,0,0
1998-12-24,,4.86,,24,12,0,0,0
1998-12-25,,,,25,12,0,0,0
1998-12-28,,4.78,,28,12,0,0,0
1998-12-29,,4.71,,29,12,0,0,0
1998-12-30,,4.65,,30,12,0,0,0
1998-12-31,,4.65,,31,12,1,1,0
1999-01-01,4.63,,4.3,1,1,0,0,0
1999-01-04,,4.69,,4,1,0,0,0
1999-01-05,,4.74,,5,1,0,0,0
1999-01-06,,4.73,,6,1,0,0,0
1999-01-07,,4.77,,7,1,0,0,0
1999-01-08,,4.86,,8,1,0,0,0
1999-01-11,,4.9,,11,1,0,0,0
1999-01-12,,4.82,,12,1,0,0,0
1999-01-13,,4.74,,13,1,0,0,0
1999-01-14,,4.63,,14,1,0,0,0
1999-01-15,,4.66,,15,1,1,0,0
1999-01-18,,,,18,1,0,0,0
1999-01-19,,4.71,,19,1,0,0,0
1999-01-20,,4.76,,20,1,0,0,0
1999-01-21,,4.7,,21,1,0,0,0
1999-01-22,,4.64,,22,1,0,0,0
1999-01-25,,4.67,,25,1,0,0,0
1999-01-26,,4.69,,26,1,0,0,0
1999-01-27,,4.68,,27,1,0,0,0
1999-01-28,,4.67,,28,1,0,0,0
1999-01-29,,4.66,,29,1,0,0,0
1999-02-01,4.76,4.75,4.4,1,2,0,0,0
1999-02-02,,4.79,,2,2,0,0,0
1999-02-03,,4.83,,3,2,0,0,0
1999-02-04,,4.89,,4,2,0,0,0
1999-02-05,,4.94,,5,2,0,0,0
1999-02-08,,4.94,,8,2,0,0,0
1999-02-09,,4.91,,9,2,0,0,0
1999-02-10,,4.9,,10,2,0,0,0
1999-02-11,,4.93,,11,2,0,0,0
1999-02-12,,5.06,,12,2,0,0,0
1999-02-15,,,,15,2,1,0,0
1999-02-16,,5.03,,16,2,0,0,0
1999-02-17,,4.98,,17,2,0,0,0
1999-02-18,,5.04,,18,2,0,0,0
1999-02-19,,5.07,,19,2,0,0,0
1999-02-22,,5.03,,22,2,0,0,0
1999-02-23,,5.1,,23,2,0,0,0
1999-02-24,,5.18,,24,2,0,0,0
1999-02-25,,5.32,,25,2,0,0,0
1999-02-26,,5.29,,26,2,0,0,0
1999-03-01,4.81,5.4,4.2,1,3,0,0,0
1999-03-02,,5.35,,2,3,0,0,0
1999-03-03,,5.39,,3,3,0,0,0
1999-03-04,,5.41,,4,3,0,0,0
1999-03-05,,5.34,,5,3,0,0,0
1999-03-08,,5.29,,8,3,0,0,0
1999-03-09,,5.18,,9,3,0,0,0
1999-03-10,,5.2,,10,3,0,0,0
1999-03-11,,5.21,,11,3,0,0,0
1999-03-12,,5.16,,12,3,0,0,0
1999-03-15,,5.15,,15,3,1,0,0
1999-03-16,,5.11,,16,3,0,0,0
1999-03-17,,5.14,,17,3,0,0,0
1999-03-18,,5.11,,18,3,0,0,0
1999-03-19,,5.17,,19,3,0,0,0
1999-03-22,,5.21,,22,3,0,0,0
1999-03-23,,5.2,,23,3,0,0,0
1999-03-24,,5.17,,24,3,0,0,0
1999-03-25,,5.21,,25,3,0,0,0
1999-03-26,,5.21,,26,3,0,0,0
1999-03-29,,5.28,,29,3,0,0,0
1999-03-30,,5.21,,30,3,0,0,0
1999-03-31,,5.25,,31,3,1,1,0
1999-04-01,4.74,5.27,4.3,1,4,0,0,0
1999-04-02,,5.2,,2,4,0,0,0
1999-04-05,,5.2,,5,4,0,0,0
1999-04-06,,5.13,,6,4,0,0,0
1999-04-07,,5.14,,7,4,0,0,0
1999-04-08,,5.03,,8,4,0,0,0
1999-04-09,,5.05,,9,4,0,0,0
1999-04-12,,5.06,,12,4,0,0,0
1999-04-13,,5.12,,13,4,0,0,0
1999-04-14,,5.13,,14,4,0,0,0
1999-04-15,,5.18,,15,4,1,0,0
1999-04-16,,5.23,,16,4,0,0,0
1999-04-19,,5.18,,19,4,0,0,0
1999-04-20,,5.16,,20,4,0,0,0
1999-04-21,,5.17,,21,4,0,0,0
1999-04-22,,5.25,,22,4,0,0,0
1999-04-23,,5.26,,23,4,0,0,0
1999-04-26,,5.23,,26,4,0,0,0
1999-04-27,,5.22,,27,4,0,0,0
1999-04-28,,5.27,,28,4,0,0,0
1999-04-29,,5.22,,29,4,0,0,0
1999-04-30,,5.36,,30,4,1,0,0
1999-05-01,4.74,,4.2,1,5,0,0,0
1999-05-03,,5.38,,3,5,0,0,0
1999-05-04,,5.42,,4,5,0,0,0
1999-05-05,,5.4,,5,5,0,0,0
1999-05-06,,5.52,,6,5,0,0,0
1999-05-07,,5.54,,7,5,0,0,0
1999-05-10,,5.54,,10,5,0,0,0
1999-05-11,,5.59,,11,5,0,0,0
1999-05-12,,5.51,,12,5,0,0,0
1999-05-13,,5.41,,13,5,0,0,0
1999-05-14,,5.62,,14,5,0,0,0
1999-05-17,,5.66,,17,5,0,0,0
1999-05-18,,5.68,,18,5,0,0,0
1999-05-19,,5.6,,19,5,0,0,0
1999-05-20,,5.6,,20,5,0,0,0
1999-05-21,,5.52,,21,5,0,0,0
1999-05-24,,5.5,,24,5,0,0,0
1999-05-25,,5.49,,25,5,0,0,0
1999-05-26,,5.55,,26,5,0,0,0
1999-05-27,,5.62,,27,5,0,0,0
1999-05-28,,5.64,,28,5,0,0,0
1999-05-31,,,,31,5,1,0,0
1999-06-01,4.76,5.78,4.3,1,6,0,0,0
1999-06-02,,5.8,,2,6,0,0,0
1999-06-03,,5.8,,3,6,0,0,0
1999-06-04,,5.82,,4,6,0,0,0
1999-06-07,,5.81,,7,6,0,0,0
1999-06-08,,5.83,,8,6,0,0,0
1999-06-09,,5.87,,9,6,0,0,0
1999-06-10,,5.92,,10,6,0,0,0
1999-06-11,,6.02,,11,6,0,0,0
1999-06-14,,5.98,,14,6,0,0,0
1999-06-15,,5.98,,15,6,1,0,0
1999-06-16,,5.94,,16,6,0,0,0
1999-06-17,,5.79,,17,6,0,0,0
1999-06-18,,5.84,,18,6,0,0,0
1999-06-21,,5.9,,21,6,0,0,0
1999-06-22,,5.94,,22,6,0,0,0
1999-06-23,,6.0,,23,6,0,0,0
1999-06-24,,6.05,,24,6,0,0,0
1999-06-25,,6.02,,25,6,0,0,0
1999-06-28,,5.96,,28,6,0,0,0
1999-06-29,,5.93,,29,6,0,0,0
1999-06-30,,5.81,,30,6,1,1,0
1999-07-01,4.99,5.85,4.3,1,7,0,0,0
1999-07-02,,5.82,,2,7,0,0,0
1999-07-05,,,,5,7,0,0,0
1999-07-06,,5.88,,6,7,0,0,0
1999-07-07,,5.92,,7,7,0,0,0
1999-07-08,,5.85,,8,7,0,0,0
1999-07-09,,5.84,,9,7,0,0,0
1999-07-12,,5.74,,12,7,0,0,0
1999-07-13,,5.71,,13,7,0,0,0
1999-07-14,,5.74,,14,7,0,0,0
1999-07-15,,5.72,,15,7,1,0,0
1999-07-16,,5.68,,16,7,0,0,0
1999-07-19,,5.66,,19,7,0,0,0
1999-07-20,,5.65,,20,7,0,0,0
1999-07-21,,5.66,,21,7,0,0,0
1999-07-22,,5.78,,22,7,0,0,0
1999-07-23,,5.84,,23,7,0,0,0
1999-07-26,,5.86,,26,7,0,0,0
1999-07-27,,5.82,,27,7,0,0,0
1999-07-28,,5.81,,28,7,0,0,0
1999-07-29,,5.88,,29,7,0,0,0
1999-07-30,,5.92,,30,7,0,0,0
1999-08-01,5.07,,4.2,1,8,0,0,0
1999-08-02,,5.92,,2,8,0,0,0
1999-08-03,,5.95,,3,8,0,0,0
1999-08-04,,5.96,,4,8,0,0,0
1999-08-05,,5.88,,5,8,0,0,0
1999-08-06,,6.02,,6,8,0,0,0
1999-08-09,,6.13,,9,8,0,0,0
1999-08-10,,6.16,,10,8,0,0,0
1999-08-11,,6.05,,11,8,0,0,0
1999-08-12,,6.08,,12,8,0,0,0
1999-08-13,,5.98,,13,8,0,0,0
1999-08-16,,5.98,,16,8,0,0,0
1999-08-17,,5.89,,17,8,0,0,0
1999-08-18,,5.88,,18,8,0,0,0
1999-08-19,,5.9,,19,8,0,0,0
1999-08-20,,5.88,,20,8,0,0,0
1999-08-23,,5.89,,23,8,0,0,0
1999-08-24,,5.85,,24,8,0,0,0
1999-08-25,,5.73,,25,8,0,0,0
1999-08-26,,5.75,,26,8,0,0,0
1999-08-27,,5.85,,27,8,0,0,0
1999-08-30,,5.95,,30,8,0,0,0
1999-08-31,,5.98,,31,8,1,0,0
1999-09-01,5.22,5.99,4.2,1,9,0,0,0
1999-09-02,,6.03,,2,9,0,0,0
1999-09-03,,5.89,,3,9,0,0,0
1999-09-06,,,,6,9,0,0,0
1999-09-07,,5.95,,7,9,0,0,0
1999-09-08,,5.93,,8,9,0,0,0
1999-09-09,,5.97,,9,9,0,0,0
1999-09-10,,5.89,,10,9,0,0,0
1999-09-13,,5.92,,13,9,0,0,0
1999-09-14,,5.96,,14,9,0,0,0
1999-09-15,,5.94,,15,9,1,0,0
1999-09-16,,5.9,,16,9,0,0,0
1999-09-17,,5.87,,17,9,0,0,0
1999-09-20,,5.91,,20,9,0,0,0
1999-09-21,,5.94,,21,9,0,0,0
1999-09-22,,5.92,,22,9,0,0,0
1999-09-23,,5.87,,23,9,0,0,0
1999-09-24,,5.75,,24,9,0,0,0
1999-09-27,,5.83,,27,9,0,0,0
1999-09-28,,5.89,,28,9,0,0,0
1999-09-29,,5.97,,29,9,0,0,0
1999-09-30,,5.9,,30,9,1,1,0
1999-10-01,5.2,6.0,4.1,1,10,0,0,0
1999-10-04,,5.95,,4,10,0,0,0
1999-10-05,,6.02,,5,10,0,0,0
1999-10-06,,6.04,,6,10,0,0,0
1999-10-07,,6.05,,7,10,0,0,0
1999-10-08,,6.04,,8,10,0,0,0
1999-10-11,,,,11,10,0,0,0
1999-10-12,,6.07,,12,10,0,0,0
1999-10-13,,6.12,,13,10,0,0,0
1999-10-14,,6.17,,14,10,0,0,0
1999-10-15,,6.09,,15,10,1,0,0
1999-10-18,,6.12,,18,10,0,0,0
1999-10-19,,6.18,,19,10,0,0,0
1999-10-20,,6.19,,20,10,0,0,0
1999-10-21,,6.2,,21,10,0,0,0
1999-10-22,,6.21,,22,10,0,0,0
1999-10-25,,6.22,,25,10,0,0,0
1999-10-26,,6.24,,26,10,0,0,0
1999-10-27,,6.19,,27,10,0,0,0
1999-10-28,,6.12,,28,10,0,0,0
1999-10-29,,6.02,,29,10,0,0,0
1999-11-01,5.42,6.06,4.1,1,11,0,0,0
1999-11-02,,6.04,,2,11,0,0,0
1999-11-03,,6.01,,3,11,0,0,0
1999-11-04,,5.95,,4,11,0,0,0
1999-11-05,,5.92,,5,11,0,0,0
1999-11-08,,5.95,,8,11,0,0,0
1999-11-09,,5.97,,9,11,0,0,0
1999-11-10,,6.0,,10,11,0,0,0
1999-11-11,,,,11,11,0,0,0
1999-11-12,,5.93,,12,11,0,0,0
1999-11-15,,5.94,,15,11,1,0,0
1999-11-16,,5.97,,16,11,0,0,0
1999-11-17,,6.04,,17,11,0,0,0
1999-11-18,,6.06,,18,11,0,0,0
1999-11-19,,6.07,,19,11,0,0,0
1999-11-22,,6.09,,22,11,0,0,0
1999-11-23,,6.08,,23,11,0,0,0
1999-11-24,,6.09,,24,11,0,0,0
1999-11-25,,,,25,11,0,0,0
1999-11-26,,6.12,,26,11,0,0,0
1999-11-29,,6.21,,29,11,0,0,0
1999-11-30,,6.18,,30,11,1,0,0
1999-12-01,5.3,6.21,4.0,1,12,0,0,0
1999-12-02,,6.24,,2,12,0,0,0
1999-12-03,,6.17,,3,12,0,0,0
1999-12-06,,6.16,,6,12,0,0,0
1999-12-07,,6.11,,7,12,0,0,0
1999-12-08,,6.15,,8,12,0,0,0
1999-12-09,,6.14,,9,12,0,0,0
1999-12-10,,6.08,,10,12,0,0,0
1999-12-13,,6.11,,13,12,0,0,0
1999-12-14,,6.22,,14,12,0,0,0
1999-12-15,,6.25,,15,12,1,0,0
1999-12-16,,6.31,,16,12,0,0,0
1999-12-17,,6.3,,17,12,0,0,0
1999-12-20,,6.36,,20,12,0,0,0
1999-12-21,,6.38,,21,12,0,0,0
1999-12-22,,6.39,,22,12,0,0,0
1999-12-23,,6.41,,23,12,0,0,0
1999-12-24,,,,24,12,0,0,0
1999-12-27,,6.4,,27,12,0,0,0
1999-12-28,,6.43,,28,12,0,0,0
1999-12-29,,6.4,,29,12,0,0,0
1999-12-30,,6.39,,30,12,0,0,0
1999-12-31,,6.45,,31,12,1,1,0
2000-01-01,5.45,,4.0,1,1,0,0,0
2000-01-03,,6.58,,3,1,0,0,0
2000-01-04,,6.49,,4,1,0,0,0
2000-01-05,,6.62,,5,1,0,0,0
2000-01-06,,6.57,,6,1,0,0,0
2000-01-07,,6.52,,7,1,0,0,0
2000-01-10,,6.57,,10,1,0,0,0
2000-01-11,,6.67,,11,1,0,0,0
2000-01-12,,6.72,,12,1,0,0,0
2000-01-13,,6.63,,13,1,0,0,0
2000-01-14,,6.69,,14,1,0,0,0
2000-01-17,,,,17,1,0,0,0
2000-01-18,,6.75,,18,1,0,0,0
2000-01-19,,6.73,,19,1,0,0,0
2000-01-20,,6.79,,20,1,0,0,0
2000-01-21,,6.79,,21,1,0,0,0
2000-01-24,,6.69,,24,1,0,0,0
2000-01-25,,6.7,,25,1,0,0,0
2000-01-26,,6.69,,26,1,0,0,0
2000-01-27,,6.68,,27,1,0,0,0
2000-01-28,,6.66,,28,1,0,0,0
2000-01-31,,6.68,,31,1,1,0,0
2000-02-01,5.73,6.62,4.1,1,2,0,0,0
2000-02-02,,6.6,,2,2,0,0,0
2000-02-03,,6.49,,3,2,0,0,0
2000-02-04,,6.53,,4,2,0,0,0
2000-02-07,,6.64,,7,2,0,0,0
2000-02-08,,6.59,,8,2,0,0,0
2000-02-09,,6.56,,9,2,0,0,0
2000-02-10,,6.67,,10,2,0,0,0
2000-02-11,,6.63,,11,2,0,0,0
2000-02-14,,6.56,,14,2,0,0,0
2000-02-15,,6.56,,15,2,1,0,0
2000-02-16,,6.56,,16,2,0,0,0
2000-02-17,,6.58,,17,2,0,0,0
2000-02-18,,6.49,,18,2,0,0,0
2000-02-21,,,,21,2,0,0,0
2000-02-22,,6.36,,22,2,0,0,0
2000-02-23,,6.44,,23,2,0,0,0
2000-02-24,,6.36,,24,2,0,0,0
2000-02-25,,6.36,,25,2,0,0,0
2000-02-28,,6.37,,28,2,0,0,0
2000-02-29,,6.42,,29,2,1,0,0
2000-03-01,5.85,6.39,4.0,1,3,0,0,0
2000-03-02,,6.4,,2,3,0,0,0
2000-03-03,,6.39,,3,3,0,0,0
2000-03-06,,6.42,,6,3,0,0,0
2000-03-07,,6.39,,7,3,0,0,0
2000-03-08,,6.38,,8,3,0,0,0
2000-03-09,,6.35,,9,3,0,0,0
2000-03-10,,6.39,,10,3,0,0,0
2000-03-13,,6.36,,13,3,0,0,0
2000-03-14,,6.31,,14,3,0,0,0
2000-03-15,,6.29,,15,3,1,0,0
2000-03-16,,6.26,,16,3,0,0,0
2000-03-17,,6.2,,17,3,0,0,0
2000-03-20,,6.18,,20,3,0,0,0
2000-03-21,,6.13,,21,3,0,0,0
2000-03-22,,6.13,,22,3,0,0,0
2000-03-23,,6.08,,23,3,0,0,0
2000-03-24,,6.2,,24,3,0,0,0
2000-03-27,,6.21,,27,3,0,0,0
2000-03-28,,6.17,,28,3,0,0,0
2000-03-29,,6.18,,29,3,0,0,0
2000-03-30,,6.06,,30,3,0,0,0
2000-03-31,,6.03,,31,3,1,1,0
2000-04-01,6.02,,3.8,1,4,0,0,0
2000-04-03,,6.0,,3,4,0,0,0
2000-04-04,,5.9,,4,4,0,0,0
2000-04-05,,5.9,,5,4,0,0,0
2000-04-06,,5.93,,6,4,0,0,0
2000-04-07,,5.86,,7,4,0,0,0
2000-04-10,,5.8,,10,4,0,0,0
2000-04-11,,5.89,,11,4,0,0,0
2000-04-12,,5.97,,12,4,0,0,0
2000-04-13,,5.94,,13,4,0,0,0
2000-04-14,,5.85,,14,4,0,0,0
2000-04-17,,6.01,,17,4,0,0,0
2000-04-18,,6.05,,18,4,0,0,0
2000-04-19,,5.99,,19,4,0,0,0
2000-04-20,,5.99,,20,4,0,0,0
2000-04-21,,,,21,4,0,0,0
2000-04-24,,6.0,,24,4,0,0,0
2000-04-25,,6.14,,25,4,0,0,0
2000-04-26,,6.14,,26,4,0,0,0
2000-04-27,,6.23,,27,4,0,0,0
2000-04-28,,6.23,,28,4,0,0,0
2000-05-01,6.27,6.29,4.0,1,5,0,0,0
2000-05-02,,6.32,,2,5,0,0,0
2000-05-03,,6.4,,3,5,0,0,0
2000-05-04,,6.46,,4,5,0,0,0
2000-05-05,,6.51,,5,5,0,0,0
2000-05-08,,6.57,,8,5,0,0,0
2000-05-09,,6.53,,9,5,0,0,0
2000-05-10,,6.47,,10,5,0,0,0
2000-05-11,,6.43,,11,5,0,0,0
2000-05-12,,6.51,,12,5,0,0,0
2000-05-15,,6.47,,15,5,1,0,0
2000-05-16,,6.43,,16,5,0,0,0
2000-05-17,,6.48,,17,5,0,0,0
2000-05-18,,6.56,,18,5,0,0,0
2000-05-19,,6.51,,19,5,0,0,0
2000-05-22,,6.44,,22,5,0,0,0
2000-05-23,,6.45,,23,5,0,0,0
2000-05-24,,6.47,,24,5,0,0,0
2000-05-25,,6.39,,25,5,0,0,0
2000-05-26,,6.33,,26,5,0,0,0
2000-05-29,,,,29,5,0,0,0
2000-05-30,,6.38,,30,5,0,0,0
2000-05-31,,6.29,,31,5,1,0,0
2000-06-01,6.53,6.2,4.0,1,6,0,0,0
2000-06-02,,6.15,,2,6,0,0,0
2000-06-05,,6.12,,5,6,0,0,0
2000-06-06,,6.14,,6,6,0,0,0
2000-06-07,,6.13,,7,6,0,0,0
2000-06-08,,6.13,,8,6,0,0,0
2000-06-09,,6.13,,9,6,0,0,0
2000-06-12,,6.09,,12,6,0,0,0
2000-06-13,,6.11,,13,6,0,0,0
2000-06-14,,6.06,,14,6,0,0,0
2000-06-15,,6.05,,15,6,1,0,0
2000-06-16,,5.99,,16,6,0,0,0
2000-06-19,,6.0,,19,6,0,0,0
2000-06-20,,6.03,,20,6,0,0,0
2000-06-21,,6.11,,21,6,0,0,0
2000-06-22,,6.12,,22,6,0,0,0
2000-06-23,,6.19,,23,6,0,0,0
2000-06-26,,6.11,,26,6,0,0,0
2000-06-27,,6.1,,27,6,0,0,0
2000-06-28,,6.11,,28,6,0,0,0
2000-06-29,,6.04,,29,6,0,0,0
2000-06-30,,6.03,,30,6,1,1,0
2000-07-01,6.54,,4.0,1,7,0,0,0
2000-07-03,,6.0,,3,7,0,0,0
2000-07-04,,,,4,7,0,0,0
2000-07-05,,5.99,,5,7,0,0,0
2000-07-06,,6.05,,6,7,0,0,0
2000-07-07,,6.01,,7,7,0,0,0
2000-07-10,,6.04,,10,7,0,0,0
2000-07-11,,6.06,,11,7,0,0,0
2000-07-12,,6.09,,12,7,0,0,0
2000-07-13,,6.01,,13,7,0,0,0
2000-07-14,,6.1,,14,7,0,0,0
2000-07-17,,6.17,,17,7,0,0,0
2000-07-18,,6.16,,18,7,0,0,0
2000-07-19,,6.16,,19,7,0,0,0
2000-07-20,,6.01,,20,7,0,0,0
2000-07-21,,6.01,,21,7,0,0,0
2000-07-24,,6.04,,24,7,0,0,0
2000-07-25,,6.04,,25,7,0,0,0
2000-07-26,,6.04,,26,7,0,0,0
2000-07-27,,6.02,,27,7,0,0,0
2000-07-28,,6.04,,28,7,0,0,0
2000-07-31,,6.04,,31,7,1,0,0
2000-08-01,6.5,6.0,4.1,1,8,0,0,0
2000-08-02,,5.98,,2,8,0,0,0
2000-08-03,,5.95,,3,8,0,0,0
2000-08-04,,5.91,,4,8,0,0,0
2000-08-07,,5.97,,7,8,0,0,0
2000-08-08,,5.93,,8,8,0,0,0
2000-08-09,,5.81,,9,8,0,0,0
2000-08-10,,5.76,,10,8,0,0,0
2000-08-11,,5.79,,11,8,0,0,0
2000-08-14,,5.78,,14,8,0,0,0
2000-08-15,,5.81,,15,8,1,0,0
2000-08-16,,5.83,,16,8,0,0,0
2000-08-17,,5.81,,17,8,0,0,0
2000-08-18,,5.78,,18,8,0,0,0
2000-08-21,,5.79,,21,8,0,0,0
2000-08-22,,5.78,,22,8,0,0,0
2000-08-23,,5.73,,23,8,0,0,0
2000-08-24,,5.73,,24,8,0,0,0
2000-08-25,,5.73,,25,8,0,0,0
2000-08-28,,5.78,,28,8,0,0,0
2000-08-29,,5.81,,29,8,0,0,0
2000-08-30,,5.81,,30,8,0,0,0
2000-08-31,,5.73,,31,8,1,0,0
2000-09-01,6.52,5.68,3.9,1,9,0,0,0
2000-09-04,,,,4,9,0,0,0
2000-09-05,,5.69,,5,9,0,0,0
2000-09-06,,5.72,,6,9,0,0,0
2000-09-07,,5.76,,7,9,0,0,0
2000-09-08,,5.73,,8,9,0,0,0
2000-09-11,,5.77,,11,9,0,0,0
2000-09-12,,5.78,,12,9,0,0,0
2000-09-13,,5.74,,13,9,0,0,0
2000-09-14,,5.79,,14,9,0,0,0
2000-09-15,,5.84,,15,9,1,0,0
2000-09-18,,5.88,,18,9,0,0,0
2000-09-19,,5.86,,19,9,0,0,0
2000-09-20,,5.91,,20,9,0,0,0
2000-09-21,,5.88,,21,9,0,0,0
2000-09-22,,5.85,,22,9,0,0,0
2000-09-25,,5.84,,25,9,0,0,0
2000-09-26,,5.81,,26,9,0,0,0
2000-09-27,,5.83,,27,9,0,0,0
2000-09-28,,5.82,,28,9,0,0,0
2000-09-29,,5.8,,29,9,0,0,0
2000-10-01,6.51,,3.9,1,10,0,0,0
2000-10-02,,5.83,,2,10,0,0,0
2000-10-03,,5.87,,3,10,0,0,0
2000-10-04,,5.9,,4,10,0,0,0
2000-10-05,,5.87,,5,10,0,0,0
2000-10-06,,5.82,,6,10,0,0,0
2000-10-09,,,,9,10,0,0,0
2000-10-10,,5.8,,10,10,0,0,0
2000-10-11,,5.77,,11,10,0,0,0
2000-10-12,,5.73,,12,10,0,0,0
2000-10-13,,5.73,,13,10,0,0,0
2000-10-16,,5.74,,16,10,0,0,0
2000-10-17,,5.68,,17,10,0,0,0
2000-10-18,,5.66,,18,10,0,0,0
2000-10-19,,5.66,,19,10,0,0,0
2000-10-20,,5.64,,20,10,0,0,0
2000-10-23,,5.59,,23,10,0,0,0
2000-10-24,,5.63,,24,10,0,0,0
2000-10-25,,5.67,,25,10,0,0,0
2000-10-26,,5.69,,26,10,0,0,0
2000-10-27,,5.72,,27,10,0,0,0
2000-10-30,,5.74,,30,10,0,0,0
2000-10-31,,5.77,,31,10,1,0,0
2000-11-01,6.51,5.74,3.9,1,11,0,0,0
2000-11-02,,5.74,,2,11,0,0,0
2000-11-03,,5.83,,3,11,0,0,0
2000-11-06,,5.87,,6,11,0,0,0
2000-11-07,,5.87,,7,11,0,0,0
2000-11-08,,5.87,,8,11,0,0,0
2000-11-09,,5.82,,9,11,0,0,0
2000-11-10,,5.82,,10,11,0,0,0
2000-11-13,,5.77,,13,11,0,0,0
2000-11-14,,5.76,,14,11,0,0,0
2000-11-15,,5.72,,15,11,1,0,0
2000-11-16,,5.68,,16,11,0,0,0
2000-11-17,,5.71,,17,11,0,0,0
2000-11-20,,5.68,,20,11,0,0,0
2000-11-21,,5.67,,21,11,0,0,0
2000-11-22,,5.62,,22,11,0,0,0
2000-11-23,,,,23,11,0,0,0
2000-11-24,,5.63,,24,11,0,0,0
2000-11-27,,5.64,,27,11,0,0,0
2000-11-28,,5.59,,28,11,0,0,0
2000-11-29,,5.55,,29,11,0,0,0
2000-11-30,,5.48,,30,11,1,0,0
2000-12-01,6.4,5.52,3.9,1,12,0,0,0
2000-12-04,,5.53,,4,12,0,0,0
2000-12-05,,5.43,,5,12,0,0,0
2000-12-06,,5.32,,6,12,0,0,0
2000-12-07,,5.32,,7,12,0,0,0
2000-12-08,,5.35,,8,12,0,0,0
2000-12-11,,5.37,,11,12,0,0,0
2000-12-12,,5.36,,12,12,0,0,0
2000-12-13,,5.29,,13,12,0,0,0
2000-12-14,,5.23,,14,12,0,0,0
2000-12-15,,5.2,,15,12,1,0,0
2000-12-18,,5.17,,18,12,0,0,0
2000-12-19,,5.19,,19,12,0,0,0
2000-12-20,,5.08,,20,12,0,0,0
2000-12-21,,5.03,,21,12,0,0,0
2000-12-22,,5.02,,22,12,0,0,0
2000-12-25,,,,25,12,0,0,0
2000-12-26,,5.04,,26,12,0,0,0
2000-12-27,,5.11,,27,12,0,0,0
2000-12-28,,5.13,,28,12,0,0,0
2000-12-29,,5.12,,29,12,0,0,0
2001-01-01,5.98,,4.2,1,1,0,0,0
2001-01-02,,4.92,,2,1,0,0,0
2001-01-03,,5.14,,3,1,0,0,0
2001-01-04,,5.03,,4,1,0,0,0
2001-01-05,,4.93,,5,1,0,0,0
2001-01-08,,4.94,,8,1,0,0,0
2001-01-09,,4.98,,9,1,0,0,0
2001-01-10,,5.1,,10,1,0,0,0
2001-01-11,,5.14,,11,1,0,0,0
2001-01-12,,5.25,,12,1,0,0,0
2001-01-15,,,,15,1,1,0,0
2001-01-16,,5.24,,16,1,0,0,0
2001-01-17,,5.19,,17,1,0,0,0
2001-01-18,,5.12,,18,1,0,0,0
2001-01-19,,5.19,,19,1,0,0,0
2001-01-22,,5.25,,22,1,0,0,0
2001-01-23,,5.3,,23,1,0,0,0
2001-01-24,,5.33,,24,1,0,0,0
2001-01-25,,5.29,,25,1,0,0,0
2001-01-26,,5.29,,26,1,0,0,0
2001-01-29,,5.32,,29,1,0,0,0
2001-01-30,,5.24,,30,1,0,0,0
2001-01-31,,5.19,,31,1,1,0,0
2001-02-01,5.49,5.1,4.2,1,2,0,0,0
2001-02-02,,5.17,,2,2,0,0,0
2001-02-05,,5.18,,5,2,0,0,0
2001-02-06,,5.22,,6,2,0,0,0
2001-02-07,,5.1,,7,2,0,0,0
2001-02-08,,5.1,,8,2,0,0,0
2001-02-09,,5.03,,9,2,0,0,0
2001-02-12,,5.05,,12,2,0,0,0
2001-02-13,,5.07,,13,2,0,0,0
2001-02-14,,5.13,,14,2,0,0,0
2001-02-15,,5.19,,15,2,1,0,0
2001-02-16,,5.11,,16,2,0,0,0
2001-02-19,,,,19,2,0,0,0
2001-02-20,,5.11,,20,2,0,0,0
2001-02-21,,5.14,,21,2,0,0,0
2001-02-22,,5.15,,22,2,0,0,0
2001-02-23,,5.1,,23,2,0,0,0
2001-02-26,,5.05,,26,2,0,0,0
2001-02-27,,4.96,,27,2,0,0,0
2001-02-28,,4.92,,28,2,1,0,0
2001-03-01,5.31,4.87,4.3,1,3,0,0,0
2001-03-02,,4.95,,2,3,0,0,0
2001-03-05,,4.98,,5,3,0,0,0
2001-03-06,,4.99,,6,3,0,0,0
2001-03-07,,4.92,,7,3,0,0,0
2001-03-08,,4.89,,8,3,0,0,0
2001-03-09,,4.95,,9,3,0,0,0
2001-03-12,,4.92,,12,3,0,0,0
2001-03-13,,4.95,,13,3,0,0,0
2001-03-14,,4.84,,14,3,0,0,0
2001-03-15,,4.81,,15,3,1,0,0
2001-03-16,,4.78,,16,3,0,0,0
2001-03-19,,4.82,,19,3,0,0,0
2001-03-20,,4.78,,20,3,0,0,0
2001-03-21,,4.77,,21,3,0,0,0
2001-03-22,,4.73,,22,3,0,0,0
2001-03-23,,4.8,,23,3,0,0,0
2001-03-26,,4.85,,26,3,0,0,0
2001-03-27,,5.0,,27,3,0,0,0
2001-03-28,,4.97,,28,3,0,0,0
2001-03-29,,4.98,,29,3,0,0,0
2001-03-30,,4.93,,30,3,0,0,0
2001-04-01,4.8,,4.4,1,4,0,0,0
2001-04-02,,4.98,,2,4,0,0,0
2001-04-03,,4.94,,3,4,0,0,0
2001-04-04,,4.94,,4,4,0,0,0
2001-04-05,,4.98,,5,4,0,0,0
2001-04-06,,4.89,,6,4,0,0,0
2001-04-09,,4.93,,9,4,0,0,0
2001-04-10,,5.09,,10,4,0,0,0
2001-04-11,,5.12,,11,4,0,0,0
2001-04-12,,5.17,,12,4,0,0,0
2001-04-13,,,,13,4,0,0,0
2001-04-16,,5.28,,16,4,0,0,0
2001-04-17,,5.21,,17,4,0,0,0
2001-04-18,,5.14,,18,4,0,0,0
2001-04-19,,5.27,,19,4,0,0,0
2001-04-20,,5.29,,20,4,0,0,0
2001-04-23,,5.2,,23,4,0,0,0
2001-04-24,,5.22,,24,4,0,0,0
2001-04-25,,5.28,,25,4,0,0,0
2001-04-26,,5.2,,26,4,0,0,0
2001-04-27,,5.34,,27,4,0,0,0
2001-04-30,,5.35,,30,4,1,0,0
2001-05-01,4.21,5.3,4.3,1,5,0,0,0
2001-05-02,,5.31,,2,5,0,0,0
2001-05-03,,5.22,,3,5,0,0,0
2001-05-04,,5.21,,4,5,0,0,0
2001-05-07,,5.21,,7,5,0,0,0
2001-05-08,,5.24,,8,5,0,0,0
2001-05-09,,5.2,,9,5,0,0,0
2001-05-10,,5.31,,10,5,0,0,0
2001-05-11,,5.51,,11,5,0,0,0
2001-05-14,,5.46,,14,5,0,0,0
2001-05-15,,5.5,,15,5,1,0,0
2001-05-16,,5.48,,16,5,0,0,0
2001-05-17,,5.46,,17,5,0,0,0
2001-05-18,,5.41,,18,5,0,0,0
2001-05-21,,5.41,,21,5,0,0,0
2001-05-22,,5.42,,22,5,0,0,0
2001-05-23,,5.41,,23,5,0,0,0
2001-05-24,,5.52,,24,5,0,0,0
2001-05-25,,5.52,,25,5,0,0,0
2001-05-28,,,,28,5,0,0,0
2001-05-29,,5.54,,29,5,0,0,0
2001-05-30,,5.54,,30,5,0,0,0
2001-05-31,,5.43,,31,5,1,0,0
2001-06-01,3.97,5.39,4.5,1,6,0,0,0
2001-06-04,,5.35,,4,6,0,0,0
2001-06-05,,5.29,,5,6,0,0,0
2001-06-06,,5.27,,6,6,0,0,0
2001-06-07,,5.33,,7,6,0,0,0
2001-06-08,,5.38,,8,6,0,0,0
2001-06-11,,5.32,,11,6,0,0,0
2001-06-12,,5.27,,12,6,0,0,0
2001-06-13,,5.28,,13,6,0,0,0
2001-06-14,,5.26,,14,6,0,0,0
2001-06-15,,5.27,,15,6,1,0,0
2001-06-18,,5.27,,18,6,0,0,0
2001-06-19,,5.26,,19,6,0,0,0
2001-06-20,,5.24,,20,6,0,0,0
2001-06-21,,5.22,,21,6,0,0,0
2001-06-22,,5.14,,22,6,0,0,0
2001-06-25,,5.16,,25,6,0,0,0
2001-06-26,,5.24,,26,6,0,0,0
2001-06-27,,5.26,,27,6,0,0,0
2001-06-28,,5.35,,28,6,0,0,0
2001-06-29,,5.42,,29,6,0,0,0
2001-07-01,3.77,,4.6,1,7,0,0,0
2001-07-02,,5.37,,2,7,0,0,0
2001-07-03,,5.41,,3,7,0,0,0
2001-07-04,,,,4,7,0,0,0
2001-07-05,,5.44,,5,7,0,0,0
2001-07-06,,5.41,,6,7,0,0,0
2001-07-09,,5.37,,9,7,0,0,0
2001-07-10,,5.32,,10,7,0,0,0
2001-07-11,,5.31,,11,7,0,0,0
2001-07-12,,5.27,,12,7,0,0,0
2001-07-13,,5.27,,13,7,0,0,0
2001-07-16,,5.21,,16,7,0,0,0
2001-07-17,,5.22,,17,7,0,0,0
2001-07-18,,5.12,,18,7,0,0,0
2001-07-19,,5.13,,19,7,0,0,0
2001-07-20,,5.15,,20,7,0,0,0
2001-07-23,,5.13,,23,7,0,0,0
2001-07-24,,5.13,,24,7,0,0,0
2001-07-25,,5.2,,25,7,0,0,0
2001-07-26,,5.19,,26,7,0,0,0
2001-07-27,,5.13,,27,7,0,0,0
2001-07-30,,5.11,,30,7,0,0,0
2001-07-31,,5.07,,31,7,1,0,0
2001-08-01,3.65,5.11,4.9,1,8,0,0,0
2001-08-02,,5.17,,2,8,0,0,0
2001-08-03,,5.2,,3,8,0,0,0
2001-08-06,,5.19,,6,8,0,0,0
2001-08-07,,5.2,,7,8,0,0,0
2001-08-08,,4.99,,8,8,0,0,0
2001-08-09,,5.04,,9,8,0,0,0
2001-08-10,,4.99,,10,8,0,0,0
2001-08-13,,4.97,,13,8,0,0,0
2001-08-14,,4.97,,14,8,0,0,0
2001-08-15,,5.0,,15,8,1,0,0
2001-08-16,,4.95,,16,8,0,0,0
2001-08-17,,4.84,,17,8,0,0,0
2001-08-20,,4.91,,20,8,0,0,0
2001-08-21,,4.87,,21,8,0,0,0
2001-08-22,,4.91,,22,8,0,0,0
2001-08-23,,4.89,,23,8,0,0,0
2001-08-24,,4.93,,24,8,0,0,0
2001-08-27,,4.94,,27,8,0,0,0
2001-08-28,,4.85,,28,8,0,0,0
2001-08-29,,4.78,,29,8,0,0,0
2001-08-30,,4.79,,30,8,0,0,0
2001-08-31,,4.85,,31,8,1,0,0
2001-09-01,3.07,,5.0,1,9,0,0,0
2001-09-03,,,,3,9,0,0,0
2001-09-04,,4.99,,4,9,0,0,0
2001-09-05,,4.97,,5,9,0,0,0
2001-09-06,,4.86,,6,9,0,0,0
2001-09-07,,4.8,,7,9,0,0,0
2001-09-10,,4.84,,10,9,0,0,0
2001-09-11,,,,11,9,0,0,0
2001-09-12,,,,12,9,0,0,0
2001-09-13,,4.64,,13,9,0,0,0
2001-09-14,,4.57,,14,9,0,0,0
2001-09-17,,4.63,,17,9,0,0,0
2001-09-18,,4.72,,18,9,0,0,0
2001-09-19,,4.69,,19,9,0,0,0
2001-09-20,,4.75,,20,9,0,0,0
2001-09-21,,4.7,,21,9,0,0,0
2001-09-24,,4.73,,24,9,0,0,0
2001-09-25,,4.72,,25,9,0,0,0
2001-09-26,,4.65,,26,9,0,0,0
2001-09-27,,4.58,,27,9,0,0,0
2001-09-28,,4.6,,28,9,0,0,0
2001-10-01,2.49,4.55,5.3,1,10,0,0,0
2001-10-02,,4.53,,2,10,0,0,0
2001-10-03,,4.5,,3,10,0,0,0
2001-10-04,,4.53,,4,10,0,0,0
2001-10-05,,4.52,,5,10,0,0,0
2001-10-08,,,,8,10,0,0,0
2001-10-09,,4.62,,9,10,0,0,0
2001-10-10,,4.61,,10,10,0,0,0
2001-10-11,,4.69,,11,10,0,0,0
2001-10-12,,4.68,,12,10,0,0,0
2001-10-15,,4.62,,15,10,1,0,0
2001-10-16,,4.59,,16,10,0,0,0
2001-10-17,,4.59,,17,10,0,0,0
2001-10-18,,4.58,,18,10,0,0,0
2001-10-19,,4.63,,19,10,0,0,0
2001-10-22,,4.63,,22,10,0,0,0
2001-10-23,,4.66,,23,10,0,0,0
2001-10-24,,4.61,,24,10,0,0,0
2001-10-25,,4.56,,25,10,0,0,0
2001-10-26,,4.53,,26,10,0,0,0
2001-10-29,,4.5,,29,10,0,0,0
2001-10-30,,4.44,,30,10,0,0,0
2001-10-31,,4.3,,31,10,1,0,0
2001-11-01,2.09,4.24,5.5,1,11,0,0,0
2001-11-02,,4.37,,2,11,0,0,0
2001-11-05,,4.31,,5,11,0,0,0
2001-11-06,,4.3,,6,11,0,0,0
2001-11-07,,4.22,,7,11,0,0,0
2001-11-08,,4.32,,8,11,0,0,0
2001-11-09,,4.34,,9,11,0,0,0
2001-11-12,,,,12,11,0,0,0
2001-11-13,,4.41,,13,11,0,0,0
2001-11-14,,4.54,,14,11,0,0,0
2001-11-15,,4.79,,15,11,1,0,0
2001-11-16,,4.91,,16,11,0,0,0
2001-11-19,,4.8,,19,11,0,0,0
2001-11-20,,4.88,,20,11,0,0,0
2001-11-21,,4.98,,21,11,0,0,0
2001-11-22,,,,22,11,0,0,0
2001-11-23,,5.04,,23,11,0,0,0
2001-11-26,,5.05,,26,11,0,0,0
2001-11-27,,4.98,,27,11,0,0,0
2001-11-28,,4.98,,28,11,0,0,0
2001-11-29,,4.79,,29,11,0,0,0
2001-11-30,,4.78,,30,11,1,0,0
2001-12-01,1.82,,5.7,1,12,0,0,0
2001-12-03,,4.75,,3,12,0,0,0
2001-12-04,,4.7,,4,12,0,0,0
2001-12-05,,4.92,,5,12,0,0,0
2001-12-06,,5.04,,6,12,0,0,0
2001-12-07,,5.2,,7,12,0,0,0
2001-12-10,,5.17,,10,12,0,0,0
2001-12-11,,5.13,,11,12,0,0,0
2001-12-12,,5.02,,12,12,0,0,0
2001-12-13,,5.13,,13,12,0,0,0
2001-12-14,,5.24,,14,12,0,0,0
2001-12-17,,5.26,,17,12,0,0,0
2001-12-18,,5.16,,18,12,0,0,0
2001-12-19,,5.08,,19,12,0,0,0
2001-12-20,,5.08,,20,12,0,0,0
2001-12-21,,5.12,,21,12,0,0,0
2001-12-24,,5.18,,24,12,0,0,0
2001-12-25,,,,25,12,0,0,0
2001-12-26,,5.22,,26,12,0,0,0
2001-12-27,,5.13,,27,12,0,0,0
2001-12-28,,5.15,,28,12,0,0,0
2001-12-31,,5.07,,31,12,1,1,0
2002-01-01,1.73,,5.7,1,1,0,0,0
2002-01-02,,5.2,,2,1,0,0,0
2002-01-03,,5.16,,3,1,0,0,0
2002-01-04,,5.18,,4,1,0,0,0
2002-01-07,,5.09,,7,1,0,0,0
2002-01-08,,5.1,,8,1,0,0,0
2002-01-09,,5.1,,9,1,0,0,0
2002-01-10,,5.0,,10,1,0,0,0
2002-01-11,,4.92,,11,1,0,0,0
2002-01-14,,4.91,,14,1,0,0,0
2002-01-15,,4.88,,15,1,1,0,0
2002-01-16,,4.88,,16,1,0,0,0
2002-01-17,,4.98,,17,1,0,0,0
2002-01-18,,4.94,,18,1,0,0,0
2002-01-21,,,,21,1,0,0,0
2002-01-22,,4.96,,22,1,0,0,0
2002-01-23,,5.05,,23,1,0,0,0
2002-01-24,,5.07,,24,1,0,0,0
2002-01-25,,5.1,,25,1,0,0,0
2002-01-28,,5.12,,28,1,0,0,0
2002-01-29,,5.02,,29,1,0,0,0
2002-01-30,,5.02,,30,1,0,0,0
2002-01-31,,5.07,,31,1,1,0,0
2002-02-01,1.74,5.02,5.7,1,2,0,0,0
2002-02-04,,4.94,,4,2,0,0,0
2002-02-05,,4.92,,5,2,0,0,0
2002-02-06,,4.92,,6,2,0,0,0
2002-02-07,,4.93,,7,2,0,0,0
2002-02-08,,4.9,,8,2,0,0,0
2002-02-11,,4.91,,11,2,0,0,0
2002-02-12,,4.97,,12,2,0,0,0
2002-02-13,,5.01,,13,2,0,0,0
2002-02-14,,4.95,,14,2,0,0,0
2002-02-15,,4.86,,15,2,1,0,0
2002-02-18,,,,18,2,0,0,0
2002-02-19,,4.88,,19,2,0,0,0
2002-02-20,,4.88,,20,2,0,0,0
2002-02-21,,4.88,,21,2,0,0,0
2002-02-22,,4.84,,22,2,0,0,0
2002-02-25,,4.86,,25,2,0,0,0
2002-02-26,,4.93,,26,2,0,0,0
2002-02-27,,4.84,,27,2,0,0,0
2002-02-28,,4.88,,28,2,1,0,0
2002-03-01,1.73,4.98,5.7,1,3,0,0,0
2002-03-04,,5.02,,4,3,0,0,0
2002-03-05,,5.02,,5,3,0,0,0
2002-03-06,,5.06,,6,3,0,0,0
2002-03-07,,5.22,,7,3,0,0,0
2002-03-08,,5.33,,8,3,0,0,0
2002-03-11,,5.33,,11,3,0,0,0
2002-03-12,,5.32,,12,3,0,0,0
2002-03-13,,5.28,,13,3,0,0,0
2002-03-14,,5.4,,14,3,0,0,0
2002-03-15,,5.35,,15,3,1,0,0
2002-03-18,,5.32,,18,3,0,0,0
2002-03-19,,5.33,,19,3,0,0,0
2002-03-20,,5.4,,20,3,0,0,0
2002-03-21,,5.39,,21,3,0,0,0
2002-03-22,,5.4,,22,3,0,0,0
2002-03-25,,5.41,,25,3,0,0,0
2002-03-26,,5.35,,26,3,0,0,0
2002-03-27,,5.35,,27,3,0,0,0
2002-03-28,,5.42,,28,3,0,0,0
2002-03-29,,,,29,3,0,0,0
2002-04-01,1.75,5.44,5.9,1,4,0,0,0
2002-04-02,,5.36,,2,4,0,0,0
2002-04-03,,5.3,,3,4,0,0,0
2002-04-04,,5.28,,4,4,0,0,0
2002-04-05,,5.22,,5,4,0,0,0
2002-04-08,,5.25,,8,4,0,0,0
2002-04-09,,5.22,,9,4,0,0,0
2002-04-10,,5.24,,10,4,0,0,0
2002-04-11,,5.22,,11,4,0,0,0
2002-04-12,,5.18,,12,4,0,0,0
2002-04-15,,5.15,,15,4,1,0,0
2002-04-16,,5.2,,16,4,0,0,0
2002-04-17,,5.24,,17,4,0,0,0
2002-04-18,,5.23,,18,4,0,0,0
2002-04-19,,5.21,,19,4,0,0,0
2002-04-22,,5.19,,22,4,0,0,0
2002-04-23,,5.18,,23,4,0,0,0
2002-04-24,,5.11,,24,4,0,0,0
2002-04-25,,5.1,,25,4,0,0,0
2002-04-26,,5.08,,26,4,0,0,0
2002-04-29,,5.13,,29,4,0,0,0
2002-04-30,,5.11,,30,4,1,0,0
2002-05-01,1.75,5.08,5.8,1,5,0,0,0
2002-05-02,,5.13,,2,5,0,0,0
2002-05-03,,5.08,,3,5,0,0,0
2002-05-06,,5.1,,6,5,0,0,0
2002-05-07,,5.09,,7,5,0,0,0
2002-05-08,,5.24,,8,5,0,0,0
2002-05-09,,5.2,,9,5,0,0,0
2002-05-10,,5.15,,10,5,0,0,0
2002-05-13,,5.23,,13,5,0,0,0
2002-05-14,,5.32,,14,5,0,0,0
2002-05-15,,5.28,,15,5,1,0,0
2002-05-16,,5.2,,16,5,0,0,0
2002-05-17,,5.27,,17,5,0,0,0
2002-05-20,,5.21,,20,5,0,0,0
2002-05-21,,5.18,,21,5,0,0,0
2002-05-22,,5.13,,22,5,0,0,0
2002-05-23,,5.16,,23,5,0,0,0
2002-05-24,,5.16,,24,5,0,0,0
2002-05-27,,,,27,5,0,0,0
2002-05-28,,5.16,,28,5,0,0,0
2002-05-29,,5.11,,29,5,0,0,0
2002-05-30,,5.06,,30,5,0,0,0
2002-05-31,,5.08,,31,5,1,0,0
2002-06-01,1.75,,5.8,1,6,0,0,0
2002-06-03,,5.06,,3,6,0,0,0
2002-06-04,,5.04,,4,6,0,0,0
2002-06-05,,5.08,,5,6,0,0,0
2002-06-06,,5.04,,6,6,0,0,0
2002-06-07,,5.1,,7,6,0,0,0
2002-06-10,,5.07,,10,6,0,0,0
2002-06-11,,5.02,,11,6,0,0,0
2002-06-12,,4.98,,12,6,0,0,0
2002-06-13,,4.94,,13,6,0,0,0
2002-06-14,,4.83,,14,6,0,0,0
2002-06-17,,4.89,,17,6,0,0,0
2002-06-18,,4.88,,18,6,0,0,0
2002-06-19,,4.76,,19,6,0,0,0
2002-06-20,,4.85,,20,6,0,0,0
2002-06-21,,4.79,,21,6,0,0,0
2002-06-24,,4.87,,24,6,0,0,0
2002-06-25,,4.88,,25,6,0,0,0
2002-06-26,,4.75,,26,6,0,0,0
2002-06-27,,4.84,,27,6,0,0,0
2002-06-28,,4.86,,28,6,0,0,0
2002-07-01,1.73,4.85,5.8,1,7,0,0,0
2002-07-02,,4.77,,2,7,0,0,0
2002-07-03,,4.78,,3,7,0,0,0
2002-07-04,,,,4,7,0,0,0
2002-07-05,,4.9,,5,7,0,0,0
2002-07-08,,4.84,,8,7,0,0,0
2002-07-09,,4.78,,9,7,0,0,0
2002-07-10,,4.66,,10,7,0,0,0
2002-07-11,,4.66,,11,7,0,0,0
2002-07-12,,4.63,,12,7,0,0,0
2002-07-15,,4.66,,15,7,1,0,0
2002-07-16,,4.75,,16,7,0,0,0
2002-07-17,,4.71,,17,7,0,0,0
2002-07-18,,4.66,,18,7,0,0,0
2002-07-19,,4.61,,19,7,0,0,0
2002-07-22,,4.51,,22,7,0,0,0
2002-07-23,,4.47,,23,7,0,0,0
2002-07-24,,4.49,,24,7,0,0,0
2002-07-25,,4.43,,25,7,0,0,0
2002-07-26,,4.43,,26,7,0,0,0
2002-07-29,,4.62,,29,7,0,0,0
2002-07-30,,4.65,,30,7,0,0,0
2002-07-31,,4.51,,31,7,1,0,0
2002-08-01,1.74,4.47,5.7,1,8,0,0,0
2002-08-02,,4.33,,2,8,0,0,0
2002-08-05,,4.29,,5,8,0,0,0
2002-08-06,,4.42,,6,8,0,0,0
2002-08-07,,4.35,,7,8,0,0,0
2002-08-08,,4.4,,8,8,0,0,0
2002-08-09,,4.27,,9,8,0,0,0
2002-08-12,,4.22,,12,8,0,0,0
2002-08-13,,4.12,,13,8,0,0,0
2002-08-14,,4.06,,14,8,0,0,0
2002-08-15,,4.17,,15,8,1,0,0
2002-08-16,,4.32,,16,8,0,0,0
2002-08-19,,4.29,,19,8,0,0,0
2002-08-20,,4.17,,20,8,0,0,0
2002-08-21,,4.2,,21,8,0,0,0
2002-08-22,,4.3,,22,8,0,0,0
2002-08-23,,4.25,,23,8,0,0,0
2002-08-26,,4.22,,26,8,0,0,0
2002-08-27,,4.29,,27,8,0,0,0
2002-08-28,,4.22,,28,8,0,0,0
2002-08-29,,4.16,,29,8,0,0,0
2002-08-30,,4.14,,30,8,0,0,0
2002-09-01,1.75,,5.7,1,9,0,0,0
2002-09-02,,,,2,9,0,0,0
2002-09-03,,3.98,,3,9,0,0,0
2002-09-04,,3.96,,4,9,0,0,0
2002-09-05,,3.91,,5,9,0,0,0
2002-09-06,,4.05,,6,9,0,0,0
2002-09-09,,4.05,,9,9,0,0,0
2002-09-10,,4.0,,10,9,0,0,0
2002-09-11,,4.07,,11,9,0,0,0
2002-09-12,,3.98,,12,9,0,0,0
2002-09-13,,3.92,,13,9,0,0,0
2002-09-16,,3.9,,16,9,0,0,0
2002-09-17,,3.87,,17,9,0,0,0
2002-09-18,,3.86,,18,9,0,0,0
2002-09-19,,3.79,,19,9,0,0,0
2002-09-20,,3.79,,20,9,0,0,0
2002-09-23,,3.7,,23,9,0,0,0
2002-09-24,,3.69,,24,9,0,0,0
2002-09-25,,3.77,,25,9,0,0,0
2002-09-26,,3.79,,26,9,0,0,0
2002-09-27,,3.69,,27,9,0,0,0
2002-09-30,,3.63,,30,9,1,1,0
2002-10-01,1.75,3.72,5.7,1,10,0,0,0
2002-10-02,,3.71,,2,10,0,0,0
2002-10-03,,3.7,,3,10,0,0,0
2002-10-04,,3.69,,4,10,0,0,0
2002-10-07,,3.64,,7,10,0,0,0
2002-10-08,,3.65,,8,10,0,0,0
2002-10-09,,3.61,,9,10,0,0,0
2002-10-10,,3.68,,10,10,0,0,0
2002-10-11,,3.83,,11,10,0,0,0
2002-10-14,,,,14,10,0,0,0
2002-10-15,,4.07,,15,10,1,0,0
2002-10-16,,4.06,,16,10,0,0,0
2002-10-17,,4.16,,17,10,0,0,0
2002-10-18,,4.14,,18,10,0,0,0
2002-10-21,,4.24,,21,10,0,0,0
2002-10-22,,4.27,,22,10,0,0,0
2002-10-23,,4.26,,23,10,0,0,0
2002-10-24,,4.16,,24,10,0,0,0
2002-10-25,,4.12,,25,10,0,0,0
2002-10-28,,4.1,,28,10,0,0,0
2002-10-29,,3.97,,29,10,0,0,0
2002-10-30,,3.99,,30,10,0,0,0
2002-10-31,,3.93,,31,10,1,0,0
2002-11-01,1.34,4.01,5.9,1,11,0,0,0
2002-11-04,,4.07,,4,11,0,0,0
2002-11-05,,4.1,,5,11,0,0,0
2002-11-06,,4.09,,6,11,0,0,0
2002-11-07,,3.88,,7,11,0,0,0
2002-11-08,,3.85,,8,11,0,0,0
2002-11-11,,,,11,11,0,0,0
2002-11-12,,3.84,,12,11,0,0,0
2002-11-13,,3.84,,13,11,0,0,0
2002-11-14,,4.03,,14,11,0,0,0
2002-11-15,,4.05,,15,11,1,0,0
2002-11-18,,4.02,,18,11,0,0,0
2002-11-19,,3.99,,19,11,0,0,0
2002-11-20,,4.08,,20,11,0,0,0
2002-11-21,,4.14,,21,11,0,0,0
2002-11-22,,4.18,,22,11,0,0,0
2002-11-25,,4.19,,25,11,0,0,0
2002-11-26,,4.08,,26,11,0,0,0
2002-11-27,,4.26,,27,11,0,0,0
2002-11-28,,,,28,11,0,0,0
2002-11-29,,4.22,,29,11,0,0,0
2002-12-01,1.24,,6.0,1,12,0,0,0
2002-12-02,,4.22,,2,12,0,0,0
2002-12-03,,4.24,,3,12,0,0,0
2002-12-04,,4.18,,4,12,0,0,0
2002-12-05,,4.13,,5,12,0,0,0
2002-12-06,,4.09,,6,12,0,0,0
2002-12-09,,4.06,,9,12,0,0,0
2002-12-10,,4.06,,10,12,0,0,0
2002-12-11,,4.01,,11,12,0,0,0
2002-12-12,,4.01,,12,12,0,0,0
2002-12-13,,4.07,,13,12,0,0,0
2002-12-16,,4.15,,16,12,0,0,0
2002-12-17,,4.13,,17,12,0,0,0
2002-12-18,,4.06,,18,12,0,0,0
2002-12-19,,3.96,,19,12,0,0,0
2002-12-20,,3.97,,20,12,0,0,0
2002-12-23,,3.98,,23,12,0,0,0
2002-12-24,,3.95,,24,12,0,0,0
2002-12-25,,,,25,12,0,0,0
2002-12-26,,3.93,,26,12,0,0,0
2002-12-27,,3.83,,27,12,0,0,0
2002-12-30,,3.82,,30,12,0,0,0
2002-12-31,,3.83,,31,12,1,1,0
2003-01-01,1.24,,5.8,1,1,0,0,0
2003-01-02,,4.07,,2,1,0,0,0
2003-01-03,,4.05,,3,1,0,0,0
2003-01-06,,4.09,,6,1,0,0,0
2003-01-07,,4.04,,7,1,0,0,0
2003-01-08,,4.0,,8,1,0,0,0
2003-01-09,,4.19,,9,1,0,0,0
2003-01-10,,4.16,,10,1,0,0,0
2003-01-13,,4.15,,13,1,0,0,0
2003-01-14,,4.1,,14,1,0,0,0
2003-01-15,,4.1,,15,1,1,0,0
2003-01-16,,4.1,,16,1,0,0,0
2003-01-17,,4.05,,17,1,0,0,0
2003-01-20,,,,20,1,0,0,0
2003-01-21,,4.01,,21,1,0,0,0
2003-01-22,,3.95,,22,1,0,0,0
2003-01-23,,3.98,,23,1,0,0,0
2003-01-24,,3.94,,24,1,0,0,0
2003-01-27,,3.98,,27,1,0,0,0
2003-01-28,,4.0,,28,1,0,0,0
2003-01-29,,4.06,,29,1,0,0,0
2003-01-30,,4.0,,30,1,0,0,0
2003-01-31,,4.0,,31,1,1,0,0
2003-02-01,1.26,,5.9,1,2,0,0,0
2003-02-03,,4.01,,3,2,0,0,0
2003-02-04,,3.96,,4,2,0,0,0
2003-02-05,,4.02,,5,2,0,0,0
2003-02-06,,3.97,,6,2,0,0,0
2003-02-07,,3.96,,7,2,0,0,0
2003-02-10,,3.99,,10,2,0,0,0
2003-02-11,,3.98,,11,2,0,0,0
2003-02-12,,3.93,,12,2,0,0,0
2003-02-13,,3.89,,13,2,0,0,0
2003-02-14,,3.95,,14,2,0,0,0
2003-02-17,,,,17,2,0,0,0
2003-02-18,,3.94,,18,2,0,0,0
2003-02-19,,3.88,,19,2,0,0,0
2003-02-20,,3.85,,20,2,0,0,0
2003-02-21,,3.9,,21,2,0,0,0
2003-02-24,,3.86,,24,2,0,0,0
2003-02-25,,3.81,,25,2,0,0,0
2003-02-26,,3.78,,26,2,0,0,0
2003-02-27,,3.76,,27,2,0,0,0
2003-02-28,,3.71,,28,2,1,0,0
2003-03-01,1.25,,5.9,1,3,0,0,0
2003-03-03,,3.68,,3,3,0,0,0
2003-03-04,,3.65,,4,3,0,0,0
2003-03-05,,3.63,,5,3,0,0,0
2003-03-06,,3.67,,6,3,0,0,0
2003-03-07,,3.63,,7,3,0,0,0
2003-03-10,,3.59,,10,3,0,0,0
2003-03-11,,3.6,,11,3,0,0,0
2003-03-12,,3.6,,12,3,0,0,0
2003-03-13,,3.74,,13,3,0,0,0
2003-03-14,,3.72,,14,3,0,0,0
2003-03-17,,3.82,,17,3,0,0,0
2003-03-18,,3.91,,18,3,0,0,0
2003-03-19,,3.98,,19,3,0,0,0
2003-03-20,,4.01,,20,3,0,0,0
2003-03-21,,4.11,,21,3,0,0,0
2003-03-24,,3.98,,24,3,0,0,0
2003-03-25,,3.97,,25,3,0,0,0
2003-03-26,,3.96,,26,3,0,0,0
2003-03-27,,3.95,,27,3,0,0,0
2003-03-28,,3.92,,28,3,0,0,0
2003-03-31,,3.83,,31,3,1,1,0
2003-04-01,1.26,3.84,6.0,1,4,0,0,0
2003-04-02,,3.94,,2,4,0,0,0
2003-04-03,,3.93,,3,4,0,0,0
2003-04-04,,3.96,,4,4,0,0,0
2003-04-07,,4.03,,7,4,0,0,0
2003-04-08,,3.95,,8,4,0,0,0
2003-04-09,,3.93,,9,4,0,0,0
2003-04-10,,3.95,,10,4,0,0,0
2003-04-11,,4.0,,11,4,0,0,0
2003-04-14,,4.04,,14,4,0,0,0
2003-04-15,,3.98,,15,4,1,0,0
2003-04-16,,3.96,,16,4,0,0,0
2003-04-17,,3.98,,17,4,0,0,0
2003-04-18,,,,18,4,0,0,0
2003-04-21,,4.0,,21,4,0,0,0
2003-04-22,,4.01,,22,4,0,0,0
2003-04-23,,4.02,,23,4,0,0,0
2003-04-24,,3.93,,24,4,0,0,0
2003-04-25,,3.91,,25,4,0,0,0
2003-04-28,,3.92,,28,4,0,0,0
2003-04-29,,3.96,,29,4,0,0,0
2003-04-30,,3.89,,30,4,1,0,0
2003-05-01,1.26,3.88,6.1,1,5,0,0,0
2003-05-02,,3.94,,2,5,0,0,0
2003-05-05,,3.92,,5,5,0,0,0
2003-05-06,,3.84,,6,5,0,0,0
2003-05-07,,3.72,,7,5,0,0,0
2003-05-08,,3.7,,8,5,0,0,0
2003-05-09,,3.69,,9,5,0,0,0
2003-05-12,,3.64,,12,5,0,0,0
2003-05-13,,3.63,,13,5,0,0,0
2003-05-14,,3.53,,14,5,0,0,0
2003-05-15,,3.53,,15,5,1,0,0
2003-05-16,,3.46,,16,5,0,0,0
2003-05-19,,3.46,,19,5,0,0,0
2003-05-20,,3.38,,20,5,0,0,0
2003-05-21,,3.39,,21,5,0,0,0
2003-05-22,,3.34,,22,5,0,0,0
2003-05-23,,3.34,,23,5,0,0,0
2003-05-26,,,,26,5,0,0,0
2003-05-27,,3.41,,27,5,0,0,0
2003-05-28,,3.44,,28,5,0,0,0
2003-05-29,,3.34,,29,5,0,0,0
2003-05-30,,3.37,,30,5,0,0,0
2003-06-01,1.22,,6.3,1,6,0,0,0
2003-06-02,,3.43,,2,6,0,0,0
2003-06-03,,3.34,,3,6,0,0,0
2003-06-04,,3.3,,4,6,0,0,0
2003-06-05,,3.34,,5,6,0,0,0
2003-06-06,,3.37,,6,6,0,0,0
2003-06-09,,3.29,,9,6,0,0,0
2003-06-10,,3.2,,10,6,0,0,0
2003-06-11,,3.21,,11,6,0,0,0
2003-06-12,,3.18,,12,6,0,0,0
2003-06-13,,3.13,,13,6,0,0,0
2003-06-16,,3.18,,16,6,0,0,0
2003-06-17,,3.27,,17,6,0,0,0
2003-06-18,,3.37,,18,6,0,0,0
2003-06-19,,3.35,,19,6,0,0,0
2003-06-20,,3.4,,20,6,0,0,0
2003-06-23,,3.32,,23,6,0,0,0
2003-06-24,,3.29,,24,6,0,0,0
2003-06-25,,3.38,,25,6,0,0,0
2003-06-26,,3.55,,26,6,0,0,0
2003-06-27,,3.58,,27,6,0,0,0
2003-06-30,,3.54,,30,6,1,1,0
2003-07-01,1.01,3.56,6.2,1,7,0,0,0
2003-07-02,,3.56,,2,7,0,0,0
2003-07-03,,3.67,,3,7,0,0,0
2003-07-04,,,,4,7,0,0,0
2003-07-07,,3.74,,7,7,0,0,0
2003-07-08,,3.75,,8,7,0,0,0
2003-07-09,,3.73,,9,7,0,0,0
2003-07-10,,3.7,,10,7,0,0,0
2003-07-11,,3.66,,11,7,0,0,0
2003-07-14,,3.74,,14,7,0,0,0
2003-07-15,,3.94,,15,7,1,0,0
2003-07-16,,3.97,,16,7,0,0,0
2003-07-17,,3.98,,17,7,0,0,0
2003-07-18,,4.0,,18,7,0,0,0
2003-07-21,,4.19,,21,7,0,0,0
2003-07-22,,4.17,,22,7,0,0,0
2003-07-23,,4.12,,23,7,0,0,0
2003-07-24,,4.2,,24,7,0,0,0
2003-07-25,,4.22,,25,7,0,0,0
2003-07-28,,4.31,,28,7,0,0,0
2003-07-29,,4.42,,29,7,0,0,0
2003-07-30,,4.34,,30,7,0,0,0
2003-07-31,,4.49,,31,7,1,0,0
2003-08-01,1.03,4.44,6.1,1,8,0,0,0
2003-08-04,,4.35,,4,8,0,0,0
2003-08-05,,4.47,,5,8,0,0,0
2003-08-06,,4.32,,6,8,0,0,0
2003-08-07,,4.3,,7,8,0,0,0
2003-08-08,,4.27,,8,8,0,0,0
2003-08-11,,4.38,,11,8,0,0,0
2003-08-12,,4.37,,12,8,0,0,0
2003-08-13,,4.58,,13,8,0,0,0
2003-08-14,,4.55,,14,8,0,0,0
2003-08-15,,4.55,,15,8,1,0,0
2003-08-18,,4.49,,18,8,0,0,0
2003-08-19,,4.38,,19,8,0,0,0
2003-08-20,,4.45,,20,8,0,0,0
2003-08-21,,4.53,,21,8,0,0,0
2003-08-22,,4.48,,22,8,0,0,0
2003-08-25,,4.53,,25,8,0,0,0
2003-08-26,,4.5,,26,8,0,0,0
2003-08-27,,4.54,,27,8,0,0,0
2003-08-28,,4.42,,28,8,0,0,0
2003-08-29,,4.45,,29,8,0,0,0
2003-09-01,1.01,,6.1,1,9,0,0,0
2003-09-02,,4.61,,2,9,0,0,0
2003-09-03,,4.6,,3,9,0,0,0
2003-09-04,,4.52,,4,9,0,0,0
2003-09-05,,4.35,,5,9,0,0,0
2003-09-08,,4.41,,8,9,0,0,0
2003-09-09,,4.37,,9,9,0,0,0
2003-09-10,,4.28,,10,9,0,0,0
2003-09-11,,4.35,,11,9,0,0,0
2003-09-12,,4.27,,12,9,0,0,0
2003-09-15,,4.28,,15,9,1,0,0
2003-09-16,,4.29,,16,9,0,0,0
2003-09-17,,4.2,,17,9,0,0,0
2003-09-18,,4.19,,18,9,0,0,0
2003-09-19,,4.17,,19,9,0,0,0
2003-09-22,,4.26,,22,9,0,0,0
2003-09-23,,4.24,,23,9,0,0,0
2003-09-24,,4.16,,24,9,0,0,0
2003-09-25,,4.12,,25,9,0,0,0
2003-09-26,,4.04,,26,9,0,0,0
2003-09-29,,4.09,,29,9,0,0,0
2003-09-30,,3.96,,30,9,1,1,0
2003-10-01,1.01,3.96,6.0,1,10,0,0,0
2003-10-02,,4.03,,2,10,0,0,0
2003-10-03,,4.21,,3,10,0,0,0
2003-10-06,,4.17,,6,10,0,0,0
2003-10-07,,4.27,,7,10,0,0,0
2003-10-08,,4.27,,8,10,0,0,0
2003-10-09,,4.32,,9,10,0,0,0
2003-10-10,,4.29,,10,10,0,0,0
2003-10-13,,,,13,10,0,0,0
2003-10-14,,4.37,,14,10,0,0,0
2003-10-15,,4.43,,15,10,1,0,0
2003-10-16,,4.47,,16,10,0,0,0
2003-10-17,,4.41,,17,10,0,0,0
2003-10-20,,4.41,,20,10,0,0,0
2003-10-21,,4.38,,21,10,0,0,0
2003-10-22,,4.29,,22,10,0,0,0
2003-10-23,,4.34,,23,10,0,0,0
2003-10-24,,4.24,,24,10,0,0,0
2003-10-27,,4.3,,27,10,0,0,0
2003-10-28,,4.23,,28,10,0,0,0
2003-10-29,,4.31,,29,10,0,0,0
2003-10-30,,4.36,,30,10,0,0,0
2003-10-31,,4.33,,31,10,1,0,0
2003-11-01,1.0,,5.8,1,11,0,0,0
2003-11-03,,4.4,,3,11,0,0,0
2003-11-04,,4.33,,4,11,0,0,0
2003-11-05,,4.38,,5,11,0,0,0
2003-11-06,,4.45,,6,11,0,0,0
2003-11-07,,4.48,,7,11,0,0,0
2003-11-10,,4.49,,10,11,0,0,0
2003-11-11,,,,11,11,0,0,0
2003-11-12,,4.44,,12,11,0,0,0
2003-11-13,,4.3,,13,11,0,0,0
2003-11-14,,4.22,,14,11,0,0,0
2003-11-17,,4.18,,17,11,0,0,0
2003-11-18,,4.17,,18,11,0,0,0
2003-11-19,,4.24,,19,11,0,0,0
2003-11-20,,4.16,,20,11,0,0,0
2003-11-21,,4.15,,21,11,0,0,0
2003-11-24,,4.23,,24,11,0,0,0
2003-11-25,,4.19,,25,11,0,0,0
2003-11-26,,4.25,,26,11,0,0,0
2003-11-27,,,,27,11,0,0,0
2003-11-28,,4.34,,28,11,0,0,0
2003-12-01,0.98,4.4,5.7,1,12,0,0,0
2003-12-02,,4.38,,2,12,0,0,0
2003-12-03,,4.41,,3,12,0,0,0
2003-12-04,,4.38,,4,12,0,0,0
2003-12-05,,4.23,,5,12,0,0,0
2003-12-08,,4.29,,8,12,0,0,0
2003-12-09,,4.32,,9,12,0,0,0
2003-12-10,,4.3,,10,12,0,0,0
2003-12-11,,4.27,,11,12,0,0,0
2003-12-12,,4.26,,12,12,0,0,0
2003-12-15,,4.28,,15,12,1,0,0
2003-12-16,,4.24,,16,12,0,0,0
2003-12-17,,4.19,,17,12,0,0,0
2003-12-18,,4.16,,18,12,0,0,0
2003-12-19,,4.15,,19,12,0,0,0
2003-12-22,,4.18,,22,12,0,0,0
2003-12-23,,4.28,,23,12,0,0,0
2003-12-24,,4.2,,24,12,0,0,0
2003-12-25,,,,25,12,0,0,0
2003-12-26,,4.17,,26,12,0,0,0
2003-12-29,,4.24,,29,12,0,0,0
2003-12-30,,4.29,,30,12,0,0,0
2003-12-31,,4.27,,31,12,1,1,0
2004-01-01,1.0,,5.7,1,1,0,0,0
2004-01-02,,4.38,,2,1,0,0,0
2004-01-05,,4.41,,5,1,0,0,0
2004-01-06,,4.29,,6,1,0,0,0
2004-01-07,,4.27,,7,1,0,0,0
2004-01-08,,4.27,,8,1,0,0,0
2004-01-09,,4.11,,9,1,0,0,0
2004-01-12,,4.11,,12,1,0,0,0
2004-01-13,,4.05,,13,1,0,0,0
2004-01-14,,4.01,,14,1,0,0,0
2004-01-15,,3.99,,15,1,1,0,0
2004-01-16,,4.04,,16,1,0,0,0
2004-01-19,,,,19,1,0,0,0
2004-01-20,,4.08,,20,1,0,0,0
2004-01-21,,4.05,,21,1,0,0,0
2004-01-22,,3.99,,22,1,0,0,0
2004-01-23,,4.09,,23,1,0,0,0
2004-01-26,,4.16,,26,1,0,0,0
2004-01-27,,4.11,,27,1,0,0,0
2004-01-28,,4.22,,28,1,0,0,0
2004-01-29,,4.22,,29,1,0,0,0
2004-01-30,,4.16,,30,1,0,0,0
2004-02-01,1.01,,5.6,1,2,0,0,0
2004-02-02,,4.18,,2,2,0,0,0
2004-02-03,,4.13,,3,2,0,0,0
2004-02-04,,4.15,,4,2,0,0,0
2004-02-05,,4.2,,5,2,0,0,0
2004-02-06,,4.12,,6,2,0,0,0
2004-02-09,,4.09,,9,2,0,0,0
2004-02-10,,4.13,,10,2,0,0,0
2004-02-11,,4.05,,11,2,0,0,0
2004-02-12,,4.1,,12,2,0,0,0
2004-02-13,,4.05,,13,2,0,0,0
2004-02-16,,,,16,2,0,0,0
2004-02-17,,4.05,,17,2,0,0,0
2004-02-18,,4.05,,18,2,0,0,0
2004-02-19,,4.05,,19,2,0,0,0
2004-02-20,,4.1,,20,2,0,0,0
2004-02-23,,4.05,,23,2,0,0,0
2004-02-24,,4.04,,24,2,0,0,0
2004-02-25,,4.02,,25,2,0,0,0
2004-02-26,,4.05,,26,2,0,0,0
2004-02-27,,3.99,,27,2,0,0,0
2004-03-01,1.0,4.0,5.8,1,3,0,0,0
2004-03-02,,4.05,,2,3,0,0,0
2004-03-03,,4.07,,3,3,0,0,0
2004-03-04,,4.04,,4,3,0,0,0
2004-03-05,,3.85,,5,3,0,0,0
2004-03-08,,3.78,,8,3,0,0,0
2004-03-09,,3.73,,9,3,0,0,0
2004-03-10,,3.74,,10,3,0,0,0
2004-03-11,,3.74,,11,3,0,0,0
2004-03-12,,3.78,,12,3,0,0,0
2004-03-15,,3.78,,15,3,1,0,0
2004-03-16,,3.7,,16,3,0,0,0
2004-03-17,,3.71,,17,3,0,0,0
2004-03-18,,3.76,,18,3,0,0,0
2004-03-19,,3.8,,19,3,0,0,0
2004-03-22,,3.74,,22,3,0,0,0
2004-03-23,,3.73,,23,3,0,0,0
2004-03-24,,3.73,,24,3,0,0,0
2004-03-25,,3.75,,25,3,0,0,0
2004-03-26,,3.85,,26,3,0,0,0
2004-03-29,,3.91,,29,3,0,0,0
2004-03-30,,3.91,,30,3,0,0,0
2004-03-31,,3.86,,31,3,1,1,0
2004-04-01,1.0,3.91,5.6,1,4,0,0,0
2004-04-02,,4.15,,2,4,0,0,0
2004-04-05,,4.24,,5,4,0,0,0
2004-04-06,,4.19,,6,4,0,0,0
2004-04-07,,4.19,,7,4,0,0,0
2004-04-08,,4.21,,8,4,0,0,0
2004-04-09,,,,9,4,0,0,0
2004-04-12,,4.25,,12,4,0,0,0
2004-04-13,,4.35,,13,4,0,0,0
2004-04-14,,4.4,,14,4,0,0,0
2004-04-15,,4.42,,15,4,1,0,0
2004-04-16,,4.37,,16,4,0,0,0
2004-04-19,,4.39,,19,4,0,0,0
2004-04-20,,4.43,,20,4,0,0,0
2004-04-21,,4.45,,21,4,0,0,0
2004-04-22,,4.4,,22,4,0,0,0
2004-04-23,,4.48,,23,4,0,0,0
2004-04-26,,4.46,,26,4,0,0,0
2004-04-27,,4.43,,27,4,0,0,0
2004-04-28,,4.5,,28,4,0,0,0
2004-04-29,,4.55,,29,4,0,0,0
2004-04-30,,4.53,,30,4,1,0,0
2004-05-01,1.0,,5.6,1,5,0,0,0
2004-05-03,,4.53,,3,5,0,0,0
2004-05-04,,4.56,,4,5,0,0,0
2004-05-05,,4.61,,5,5,0,0,0
2004-05-06,,4.63,,6,5,0,0,0
2004-05-07,,4.79,,7,5,0,0,0
2004-05-10,,4.81,,10,5,0,0,0
2004-05-11,,4.79,,11,5,0,0,0
2004-05-12,,4.83,,12,5,0,0,0
2004-05-13,,4.85,,13,5,0,0,0
2004-05-14,,4.79,,14,5,0,0,0
2004-05-17,,4.7,,17,5,0,0,0
2004-05-18,,4.74,,18,5,0,0,0
2004-05-19,,4.79,,19,5,0,0,0
2004-05-20,,4.72,,20,5,0,0,0
2004-05-21,,4.76,,21,5,0,0,0
2004-05-24,,4.75,,24,5,0,0,0
2004-05-25,,4.73,,25,5,0,0,0
2004-05-26,,4.67,,26,5,0,0,0
2004-05-27,,4.6,,27,5,0,0,0
2004-05-28,,4.66,,28,5,0,0,0
2004-05-31,,,,31,5,1,0,0
2004-06-01,1.03,4.71,5.6,1,6,0,0,0
2004-06-02,,4.74,,2,6,0,0,0
2004-06-03,,4.71,,3,6,0,0,0
2004-06-04,,4.78,,4,6,0,0,0
2004-06-07,,4.78,,7,6,0,0,0
2004-06-08,,4.78,,8,6,0,0,0
2004-06-09,,4.82,,9,6,0,0,0
2004-06-10,,4.81,,10,6,0,0,0
2004-06-11,,,,11,6,0,0,0
2004-06-14,,4.89,,14,6,0,0,0
2004-06-15,,4.69,,15,6,1,0,0
2004-06-16,,4.74,,16,6,0,0,0
2004-06-17,,4.71,,17,6,0,0,0
2004-06-18,,4.72,,18,6,0,0,0
2004-06-21,,4.7,,21,6,0,0,0
2004-06-22,,4.72,,22,6,0,0,0
2004-06-23,,4.71,,23,6,0,0,0
2004-06-24,,4.66,,24,6,0,0,0
2004-06-25,,4.66,,25,6,0,0,0
2004-06-28,,4.76,,28,6,0,0,0
2004-06-29,,4.7,,29,6,0,0,0
2004-06-30,,4.62,,30,6,1,1,0
2004-07-01,1.26,4.57,5.5,1,7,0,0,0
2004-07-02,,4.48,,2,7,0,0,0
2004-07-05,,,,5,7,0,0,0
2004-07-06,,4.49,,6,7,0,0,0
2004-07-07,,4.5,,7,7,0,0,0
2004-07-08,,4.49,,8,7,0,0,0
2004-07-09,,4.49,,9,7,0,0,0
2004-07-12,,4.46,,12,7,0,0,0
2004-07-13,,4.5,,13,7,0,0,0
2004-07-14,,4.5,,14,7,0,0,0
2004-07-15,,4.5,,15,7,1,0,0
2004-07-16,,4.38,,16,7,0,0,0
2004-07-19,,4.38,,19,7,0,0,0
2004-07-20,,4.47,,20,7,0,0,0
2004-07-21,,4.5,,21,7,0,0,0
2004-07-22,,4.48,,22,7,0,0,0
2004-07-23,,4.45,,23,7,0,0,0
2004-07-26,,4.49,,26,7,0,0,0
2004-07-27,,4.62,,27,7,0,0,0
2004-07-28,,4.61,,28,7,0,0,0
2004-07-29,,4.6,,29,7,0,0,0
2004-07-30,,4.5,,30,7,0,0,0
2004-08-01,1.43,,5.4,1,8,0,0,0
2004-08-02,,4.48,,2,8,0,0,0
2004-08-03,,4.45,,3,8,0,0,0
2004-08-04,,4.45,,4,8,0,0,0
2004-08-05,,4.43,,5,8,0,0,0
2004-08-06,,4.24,,6,8,0,0,0
2004-08-09,,4.28,,9,8,0,0,0
2004-08-10,,4.32,,10,8,0,0,0
2004-08-11,,4.3,,11,8,0,0,0
2004-08-12,,4.27,,12,8,0,0,0
2004-08-13,,4.22,,13,8,0,0,0
2004-08-16,,4.26,,16,8,0,0,0
2004-08-17,,4.21,,17,8,0,0,0
2004-08-18,,4.23,,18,8,0,0,0
2004-08-19,,4.22,,19,8,0,0,0
2004-08-20,,4.24,,20,8,0,0,0
2004-08-23,,4.28,,23,8,0,0,0
2004-08-24,,4.28,,24,8,0,0,0
2004-08-25,,4.26,,25,8,0,0,0
2004-08-26,,4.22,,26,8,0,0,0
2004-08-27,,4.23,,27,8,0,0,0
2004-08-30,,4.19,,30,8,0,0,0
2004-08-31,,4.13,,31,8,1,0,0
2004-09-01,1.61,4.13,5.4,1,9,0,0,0
2004-09-02,,4.2,,2,9,0,0,0
2004-09-03,,4.3,,3,9,0,0,0
2004-09-06,,,,6,9,0,0,0
2004-09-07,,4.26,,7,9,0,0,0
2004-09-08,,4.18,,8,9,0,0,0
2004-09-09,,4.22,,9,9,0,0,0
2004-09-10,,4.19,,10,9,0,0,0
2004-09-13,,4.16,,13,9,0,0,0
2004-09-14,,4.15,,14,9,0,0,0
2004-09-15,,4.18,,15,9,1,0,0
2004-09-16,,4.08,,16,9,0,0,0
2004-09-17,,4.14,,17,9,0,0,0
2004-09-20,,4.07,,20,9,0,0,0
2004-09-21,,4.05,,21,9,0,0,0
2004-09-22,,4.0,,22,9,0,0,0
2004-09-23,,4.02,,23,9,0,0,0
2004-09-24,,4.04,,24,9,0,0,0
2004-09-27,,4.01,,27,9,0,0,0
2004-09-28,,4.02,,28,9,0,0,0
2004-09-29,,4.1,,29,9,0,0,0
2004-09-30,,4.14,,30,9,1,1,0
2004-10-01,1.76,4.21,5.5,1,10,0,0,0
2004-10-04,,4.19,,4,10,0,0,0
2004-10-05,,4.18,,5,10,0,0,0
2004-10-06,,4.23,,6,10,0,0,0
2004-10-07,,4.26,,7,10,0,0,0
2004-10-08,,4.15,,8,10,0,0,0
2004-10-11,,,,11,10,0,0,0
2004-10-12,,4.12,,12,10,0,0,0
2004-10-13,,4.09,,13,10,0,0,0
2004-10-14,,4.03,,14,10,0,0,0
2004-10-15,,4.07,,15,10,1,0,0
2004-10-18,,4.07,,18,10,0,0,0
2004-10-19,,4.07,,19,10,0,0,0
2004-10-20,,4.01,,20,10,0,0,0
2004-10-21,,4.01,,21,10,0,0,0
2004-10-22,,4.0,,22,10,0,0,0
2004-10-25,,3.99,,25,10,0,0,0
2004-10-26,,4.01,,26,10,0,0,0
2004-10-27,,4.11,,27,10,0,0,0
2004-10-28,,4.09,,28,10,0,0,0
2004-10-29,,4.05,,29,10,0,0,0
2004-11-01,1.93,4.11,5.4,1,11,0,0,0
2004-11-02,,4.1,,2,11,0,0,0
2004-11-03,,4.09,,3,11,0,0,0
2004-11-04,,4.1,,4,11,0,0,0
2004-11-05,,4.21,,5,11,0,0,0
2004-11-08,,4.22,,8,11,0,0,0
2004-11-09,,4.22,,9,11,0,0,0
2004-11-10,,4.25,,10,11,0,0,0
2004-11-11,,,,11,11,0,0,0
2004-11-12,,4.2,,12,11,0,0,0
2004-11-15,,4.2,,15,11,1,0,0
2004-11-16,,4.21,,16,11,0,0,0
2004-11-17,,4.14,,17,11,0,0,0
2004-11-18,,4.12,,18,11,0,0,0
2004-11-19,,4.2,,19,11,0,0,0
2004-11-22,,4.18,,22,11,0,0,0
2004-11-23,,4.19,,23,11,0,0,0
2004-11-24,,4.2,,24,11,0,0,0
2004-11-25,,,,25,11,0,0,0
2004-11-26,,4.24,,26,11,0,0,0
2004-11-29,,4.34,,29,11,0,0,0
2004-11-30,,4.36,,30,11,1,0,0
2004-12-01,2.16,4.38,5.4,1,12,0,0,0
2004-12-02,,4.4,,2,12,0,0,0
2004-12-03,,4.27,,3,12,0,0,0
2004-12-06,,4.24,,6,12,0,0,0
2004-12-07,,4.23,,7,12,0,0,0
2004-12-08,,4.14,,8,12,0,0,0
2004-12-09,,4.19,,9,12,0,0,0
2004-12-10,,4.16,,10,12,0,0,0
2004-12-13,,4.16,,13,12,0,0,0
2004-12-14,,4.14,,14,12,0,0,0
2004-12-15,,4.09,,15,12,1,0,0
2004-12-16,,4.19,,16,12,0,0,0
2004-12-17,,4.21,,17,12,0,0,0
2004-12-20,,4.21,,20,12,0,0,0
2004-12-21,,4.18,,21,12,0,0,0
2004-12-22,,4.21,,22,12,0,0,0
2004-12-23,,4.23,,23,12,0,0,0
2004-12-24,,,,24,12,0,0,0
2004-12-27,,4.3,,27,12,0,0,0
2004-12-28,,4.31,,28,12,0,0,0
2004-12-29,,4.33,,29,12,0,0,0
2004-12-30,,4.27,,30,12,0,0,0
2004-12-31,,4.24,,31,12,1,1,0
2005-01-01,2.28,,5.3,1,1,0,0,0
2005-01-03,,4.23,,3,1,0,0,0
2005-01-04,,4.29,,4,1,0,0,0
2005-01-05,,4.29,,5,1,0,0,0
2005-01-06,,4.29,,6,1,0,0,0
2005-01-07,,4.29,,7,1,0,0,0
2005-01-10,,4.29,,10,1,0,0,0
2005-01-11,,4.26,,11,1,0,0,0
2005-01-12,,4.25,,12,1,0,0,0
2005-01-13,,4.2,,13,1,0,0,0
2005-01-14,,4.23,,14,1,0,0,0
2005-01-17,,,,17,1,0,0,0
2005-01-18,,4.21,,18,1,0,0,0
2005-01-19,,4.2,,19,1,0,0,0
2005-01-20,,4.17,,20,1,0,0,0
2005-01-21,,4.16,,21,1,0,0,0
2005-01-24,,4.14,,24,1,0,0,0
2005-01-25,,4.2,,25,1,0,0,0
2005-01-26,,4.21,,26,1,0,0,0
2005-01-27,,4.22,,27,1,0,0,0
2005-01-28,,4.16,,28,1,0,0,0
2005-01-31,,4.14,,31,1,1,0,0
2005-02-01,2.5,4.15,5.4,1,2,0,0,0
2005-02-02,,4.15,,2,2,0,0,0
2005-02-03,,4.18,,3,2,0,0,0
2005-02-04,,4.09,,4,2,0,0,0
2005-02-07,,4.07,,7,2,0,0,0
2005-02-08,,4.05,,8,2,0,0,0
2005-02-09,,4.0,,9,2,0,0,0
2005-02-10,,4.07,,10,2,0,0,0
2005-02-11,,4.1,,11,2,0,0,0
2005-02-14,,4.08,,14,2,0,0,0
2005-02-15,,4.1,,15,2,1,0,0
2005-02-16,,4.16,,16,2,0,0,0
2005-02-17,,4.19,,17,2,0,0,0
2005-02-18,,4.27,,18,2,0,0,0
2005-02-21,,,,21,2,0,0,0
2005-02-22,,4.29,,22,2,0,0,0
2005-02-23,,4.27,,23,2,0,0,0
2005-02-24,,4.29,,24,2,0,0,0
2005-02-25,,4.27,,25,2,0,0,0
2005-02-28,,4.36,,28,2,1,0,0
2005-03-01,2.63,4.38,5.2,1,3,0,0,0
2005-03-02,,4.38,,2,3,0,0,0
2005-03-03,,4.39,,3,3,0,0,0
2005-03-04,,4.32,,4,3,0,0,0
2005-03-07,,4.31,,7,3,0,0,0
2005-03-08,,4.38,,8,3,0,0,0
2005-03-09,,4.52,,9,3,0,0,0
2005-03-10,,4.48,,10,3,0,0,0
2005-03-11,,4.56,,11,3,0,0,0
2005-03-14,,4.52,,14,3,0,0,0
2005-03-15,,4.54,,15,3,1,0,0
2005-03-16,,4.52,,16,3,0,0,0
2005-03-17,,4.47,,17,3,0,0,0
2005-03-18,,4.51,,18,3,0,0,0
2005-03-21,,4.53,,21,3,0,0,0
2005-03-22,,4.63,,22,3,0,0,0
2005-03-23,,4.61,,23,3,0,0,0
2005-03-24,,4.6,,24,3,0,0,0
2005-03-25,,,,25,3,0,0,0
2005-03-28,,4.64,,28,3,0,0,0
2005-03-29,,4.6,,29,3,0,0,0
2005-03-30,,4.56,,30,3,0,0,0
2005-03-31,,4.5,,31,3,1,1,0
2005-04-01,2.79,4.46,5.2,1,4,0,0,0
2005-04-04,,4.47,,4,4,0,0,0
2005-04-05,,4.48,,5,4,0,0,0
2005-04-06,,4.44,,6,4,0,0,0
2005-04-07,,4.49,,7,4,0,0,0
2005-04-08,,4.5,,8,4,0,0,0
2005-04-11,,4.45,,11,4,0,0,0
2005-04-12,,4.38,,12,4,0,0,0
2005-04-13,,4.38,,13,4,0,0,0
2005-04-14,,4.37,,14,4,0,0,0
2005-04-15,,4.27,,15,4,1,0,0
2005-04-18,,4.27,,18,4,0,0,0
2005-04-19,,4.21,,19,4,0,0,0
2005-04-20,,4.22,,20,4,0,0,0
2005-04-21,,4.32,,21,4,0,0,0
2005-04-22,,4.26,,22,4,0,0,0
2005-04-25,,4.26,,25,4,0,0,0
2005-04-26,,4.28,,26,4,0,0,0
2005-04-27,,4.25,,27,4,0,0,0
2005-04-28,,4.19,,28,4,0,0,0
2005-04-29,,4.21,,29,4,0,0,0
2005-05-01,3.0,,5.1,1,5,0,0,0
2005-05-02,,4.21,,2,5,0,0,0
2005-05-03,,4.21,,3,5,0,0,0
2005-05-04,,4.2,,4,5,0,0,0
2005-05-05,,4.19,,5,5,0,0,0
2005-05-06,,4.28,,6,5,0,0,0
2005-05-09,,4.29,,9,5,0,0,0
2005-05-10,,4.23,,10,5,0,0,0
2005-05-11,,4.21,,11,5,0,0,0
2005-05-12,,4.18,,12,5,0,0,0
2005-05-13,,4.12,,13,5,0,0,0
2005-05-16,,4.13,,16,5,0,0,0
2005-05-17,,4.12,,17,5,0,0,0
2005-05-18,,4.07,,18,5,0,0,0
2005-05-19,,4.11,,19,5,0,0,0
2005-05-20,,4.13,,20,5,0,0,0
2005-05-23,,4.07,,23,5,0,0,0
2005-05-24,,4.04,,24,5,0,0,0
2005-05-25,,4.08,,25,5,0,0,0
2005-05-26,,4.08,,26,5,0,0,0
2005-05-27,,4.08,,27,5,0,0,0
2005-05-30,,,,30,5,0,0,0
2005-05-31,,4.0,,31,5,1,0,0
2005-06-01,3.04,3.91,5.0,1,6,0,0,0
2005-06-02,,3.89,,2,6,0,0,0
2005-06-03,,3.98,,3,6,0,0,0
2005-06-06,,3.96,,6,6,0,0,0
2005-06-07,,3.92,,7,6,0,0,0
2005-06-08,,3.95,,8,6,0,0,0
2005-06-09,,3.98,,9,6,0,0,0
2005-06-10,,4.05,,10,6,0,0,0
2005-06-13,,4.09,,13,6,0,0,0
2005-06-14,,4.13,,14,6,0,0,0
2005-06-15,,4.12,,15,6,1,0,0
2005-06-16,,4.09,,16,6,0,0,0
2005-06-17,,4.09,,17,6,0,0,0
2005-06-20,,4.11,,20,6,0,0,0
2005-06-21,,4.06,,21,6,0,0,0
2005-06-22,,3.95,,22,6,0,0,0
2005-06-23,,3.96,,23,6,0,0,0
2005-06-24,,3.92,,24,6,0,0,0
2005-06-27,,3.9,,27,6,0,0,0
2005-06-28,,3.97,,28,6,0,0,0
2005-06-29,,3.99,,29,6,0,0,0
2005-06-30,,3.94,,30,6,1,1,0
2005-07-01,3.26,4.06,5.0,1,7,0,0,0
2005-07-04,,,,4,7,0,0,0
2005-07-05,,4.11,,5,7,0,0,0
2005-07-06,,4.08,,6,7,0,0,0
2005-07-07,,4.05,,7,7,0,0,0
2005-07-08,,4.11,,8,7,0,0,0
2005-07-11,,4.11,,11,7,0,0,0
2005-07-12,,4.15,,12,7,0,0,0
2005-07-13,,4.17,,13,7,0,0,0
2005-07-14,,4.19,,14,7,0,0,0
2005-07-15,,4.18,,15,7,1,0,0
2005-07-18,,4.22,,18,7,0,0,0
2005-07-19,,4.2,,19,7,0,0,0
2005-07-20,,4.17,,20,7,0,0,0
2005-07-21,,4.28,,21,7,0,0,0
2005-07-22,,4.23,,22,7,0,0,0
2005-07-25,,4.25,,25,7,0,0,0
2005-07-26,,4.24,,26,7,0,0,0
2005-07-27,,4.27,,27,7,0,0,0
2005-07-28,,4.2,,28,7,0,0,0
2005-07-29,,4.28,,29,7,0,0,0
2005-08-01,3.5,4.32,4.9,1,8,0,0,0
2005-08-02,,4.34,,2,8,0,0,0
2005-08-03,,4.3,,3,8,0,0,0
2005-08-04,,4.32,,4,8,0,0,0
2005-08-05,,4.4,,5,8,0,0,0
2005-08-08,,4.42,,8,8,0,0,0
2005-08-09,,4.41,,9,8,0,0,0
2005-08-10,,4.4,,10,8,0,0,0
2005-08-11,,4.32,,11,8,0,0,0
2005-08-12,,4.24,,12,8,0,0,0
2005-08-15,,4.27,,15,8,1,0,0
2005-08-16,,4.23,,16,8,0,0,0
2005-08-17,,4.28,,17,8,0,0,0
2005-08-18,,4.21,,18,8,0,0,0
2005-08-19,,4.21,,19,8,0,0,0
2005-08-22,,4.22,,22,8,0,0,0
2005-08-23,,4.2,,23,8,0,0,0
2005-08-24,,4.19,,24,8,0,0,0
2005-08-25,,4.18,,25,8,0,0,0
2005-08-26,,4.2,,26,8,0,0,0
2005-08-29,,4.2,,29,8,0,0,0
2005-08-30,,4.16,,30,8,0,0,0
2005-08-31,,4.02,,31,8,1,0,0
2005-09-01,3.62,4.02,5.0,1,9,0,0,0
2005-09-02,,4.03,,2,9,0,0,0
2005-09-05,,,,5,9,0,0,0
2005-09-06,,4.09,,6,9,0,0,0
2005-09-07,,4.15,,7,9,0,0,0
2005-09-08,,4.15,,8,9,0,0,0
2005-09-09,,4.14,,9,9,0,0,0
2005-09-12,,4.18,,12,9,0,0,0
2005-09-13,,4.14,,13,9,0,0,0
2005-09-14,,4.17,,14,9,0,0,0
2005-09-15,,4.22,,15,9,1,0,0
2005-09-16,,4.26,,16,9,0,0,0
2005-09-19,,4.25,,19,9,0,0,0
2005-09-20,,4.26,,20,9,0,0,0
2005-09-21,,4.19,,21,9,0,0,0
2005-09-22,,4.19,,22,9,0,0,0
2005-09-23,,4.25,,23,9,0,0,0
2005-09-26,,4.3,,26,9,0,0,0
2005-09-27,,4.3,,27,9,0,0,0
2005-09-28,,4.26,,28,9,0,0,0
2005-09-29,,4.29,,29,9,0,0,0
2005-09-30,,4.34,,30,9,1,1,0
2005-10-01,3.78,,5.0,1,10,0,0,0
2005-10-03,,4.39,,3,10,0,0,0
2005-10-04,,4.38,,4,10,0,0,0
2005-10-05,,4.36,,5,10,0,0,0
2005-10-06,,4.37,,6,10,0,0,0
2005-10-07,,4.35,,7,10,0,0,0
2005-10-10,,,,10,10,0,0,0
2005-10-11,,4.39,,11,10,0,0,0
2005-10-12,,4.45,,12,10,0,0,0
2005-10-13,,4.48,,13,10,0,0,0
2005-10-14,,4.48,,14,10,0,0,0
2005-10-17,,4.5,,17,10,0,0,0
2005-10-18,,4.49,,18,10,0,0,0
2005-10-19,,4.47,,19,10,0,0,0
2005-10-20,,4.46,,20,10,0,0,0
2005-10-21,,4.39,,21,10,0,0,0
2005-10-24,,4.45,,24,10,0,0,0
2005-10-25,,4.54,,25,10,0,0,0
2005-10-26,,4.6,,26,10,0,0,0
2005-10-27,,4.57,,27,10,0,0,0
2005-10-28,,4.58,,28,10,0,0,0
2005-10-31,,4.57,,31,10,1,0,0
2005-11-01,4.0,4.58,5.0,1,11,0,0,0
2005-11-02,,4.61,,2,11,0,0,0
2005-11-03,,4.65,,3,11,0,0,0
2005-11-04,,4.66,,4,11,0,0,0
2005-11-07,,4.65,,7,11,0,0,0
2005-11-08,,4.57,,8,11,0,0,0
2005-11-09,,4.64,,9,11,0,0,0
2005-11-10,,4.55,,10,11,0,0,0
2005-11-11,,,,11,11,0,0,0
2005-11-14,,4.61,,14,11,0,0,0
2005-11-15,,4.56,,15,11,1,0,0
2005-11-16,,4.49,,16,11,0,0,0
2005-11-17,,4.46,,17,11,0,0,0
2005-11-18,,4.5,,18,11,0,0,0
2005-11-21,,4.46,,21,11,0,0,0
2005-11-22,,4.43,,22,11,0,0,0
2005-11-23,,4.47,,23,11,0,0,0
2005-11-24,,,,24,11,0,0,0
2005-11-25,,4.43,,25,11,0,0,0
2005-11-28,,4.41,,28,11,0,0,0
2005-11-29,,4.48,,29,11,0,0,0
2005-11-30,,4.49,,30,11,1,0,0
2005-12-01,4.16,4.52,4.9,1,12,0,0,0
2005-12-02,,4.52,,2,12,0,0,0
2005-12-05,,4.57,,5,12,0,0,0
2005-12-06,,4.49,,6,12,0,0,0
2005-12-07,,4.52,,7,12,0,0,0
2005-12-08,,4.47,,8,12,0,0,0
2005-12-09,,4.54,,9,12,0,0,0
2005-12-12,,4.56,,12,12,0,0,0
2005-12-13,,4.54,,13,12,0,0,0
2005-12-14,,4.45,,14,12,0,0,0
2005-12-15,,4.47,,15,12,1,0,0
2005-12-16,,4.45,,16,12,0,0,0
2005-12-19,,4.45,,19,12,0,0,0
2005-12-20,,4.47,,20,12,0,0,0
2005-12-21,,4.49,,21,12,0,0,0
2005-12-22,,4.44,,22,12,0,0,0
2005-12-23,,4.38,,23,12,0,0,0
2005-12-26,,,,26,12,0,0,0
2005-12-27,,4.34,,27,12,0,0,0
2005-12-28,,4.38,,28,12,0,0,0
2005-12-29,,4.37,,29,12,0,0,0
2005-12-30,,4.39,,30,12,0,0,0
2006-01-01,4.29,,4.7,1,1,0,0,0
2006-01-02,,,,2,1,0,0,0
2006-01-03,,4.37,,3,1,0,0,0
2006-01-04,,4.36,,4,1,0,0,0
2006-01-05,,4.36,,5,1,0,0,0
2006-01-06,,4.38,,6,1,0,0,0
2006-01-09,,4.38,,9,1,0,0,0
2006-01-10,,4.43,,10,1,0,0,0
2006-01-11,,4.46,,11,1,0,0,0
2006-01-12,,4.42,,12,1,0,0,0
2006-01-13,,4.36,,13,1,0,0,0
2006-01-16,,,,16,1,0,0,0
2006-01-17,,4.34,,17,1,0,0,0
2006-01-18,,4.34,,18,1,0,0,0
2006-01-19,,4.38,,19,1,0,0,0
2006-01-20,,4.37,,20,1,0,0,0
2006-01-23,,4.36,,23,1,0,0,0
2006-01-24,,4.4,,24,1,0,0,0
2006-01-25,,4.49,,25,1,0,0,0
2006-01-26,,4.53,,26,1,0,0,0
2006-01-27,,4.52,,27,1,0,0,0
2006-01-30,,4.54,,30,1,0,0,0
2006-01-31,,4.53,,31,1,1,0,0
2006-02-01,4.49,4.57,4.8,1,2,0,0,0
2006-02-02,,4.57,,2,2,0,0,0
2006-02-03,,4.54,,3,2,0,0,0
2006-02-06,,4.55,,6,2,0,0,0
2006-02-07,,4.57,,7,2,0,0,0
2006-02-08,,4.56,,8,2,0,0,0
2006-02-09,,4.54,,9,2,0,0,0
2006-02-10,,4.59,,10,2,0,0,0
2006-02-13,,4.58,,13,2,0,0,0
2006-02-14,,4.62,,14,2,0,0,0
2006-02-15,,4.61,,15,2,1,0,0
2006-02-16,,4.59,,16,2,0,0,0
2006-02-17,,4.54,,17,2,0,0,0
2006-02-20,,,,20,2,0,0,0
2006-02-21,,4.57,,21,2,0,0,0
2006-02-22,,4.53,,22,2,0,0,0
2006-02-23,,4.56,,23,2,0,0,0
2006-02-24,,4.58,,24,2,0,0,0
2006-02-27,,4.59,,27,2,0,0,0
2006-02-28,,4.55,,28,2,1,0,0
2006-03-01,4.59,4.59,4.7,1,3,0,0,0
2006-03-02,,4.64,,2,3,0,0,0
2006-03-03,,4.68,,3,3,0,0,0
2006-03-06,,4.74,,6,3,0,0,0
2006-03-07,,4.74,,7,3,0,0,0
2006-03-08,,4.73,,8,3,0,0,0
2006-03-09,,4.74,,9,3,0,0,0
2006-03-10,,4.76,,10,3,0,0,0
2006-03-13,,4.77,,13,3,0,0,0
2006-03-14,,4.71,,14,3,0,0,0
2006-03-15,,4.73,,15,3,1,0,0
2006-03-16,,4.65,,16,3,0,0,0
2006-03-17,,4.68,,17,3,0,0,0
2006-03-20,,4.66,,20,3,0,0,0
2006-03-21,,4.71,,21,3,0,0,0
2006-03-22,,4.7,,22,3,0,0,0
2006-03-23,,4.73,,23,3,0,0,0
2006-03-24,,4.67,,24,3,0,0,0
2006-03-27,,4.7,,27,3,0,0,0
2006-03-28,,4.79,,28,3,0,0,0
2006-03-29,,4.81,,29,3,0,0,0
2006-03-30,,4.86,,30,3,0,0,0
2006-03-31,,4.86,,31,3,1,1,0
2006-04-01,4.79,,4.7,1,4,0,0,0
2006-04-03,,4.88,,3,4,0,0,0
2006-04-04,,4.87,,4,4,0,0,0
2006-04-05,,4.84,,5,4,0,0,0
2006-04-06,,4.9,,6,4,0,0,0
2006-04-07,,4.97,,7,4,0,0,0
2006-04-10,,4.97,,10,4,0,0,0
2006-04-11,,4.93,,11,4,0,0,0
2006-04-12,,4.98,,12,4,0,0,0
2006-04-13,,5.05,,13,4,0,0,0
2006-04-14,,,,14,4,0,0,0
2006-04-17,,5.01,,17,4,0,0,0
2006-04-18,,4.99,,18,4,0,0,0
2006-04-19,,5.04,,19,4,0,0,0
2006-04-20,,5.04,,20,4,0,0,0
2006-04-21,,5.01,,21,4,0,0,0
2006-04-24,,4.99,,24,4,0,0,0
2006-04-25,,5.07,,25,4,0,0,0
2006-04-26,,5.12,,26,4,0,0,0
2006-04-27,,5.09,,27,4,0,0,0
2006-04-28,,5.07,,28,4,0,0,0
2006-05-01,4.94,5.14,4.6,1,5,0,0,0
2006-05-02,,5.12,,2,5,0,0,0
2006-05-03,,5.15,,3,5,0,0,0
2006-05-04,,5.16,,4,5,0,0,0
2006-05-05,,5.12,,5,5,0,0,0
2006-05-08,,5.12,,8,5,0,0,0
2006-05-09,,5.13,,9,5,0,0,0
2006-05-10,,5.13,,10,5,0,0,0
2006-05-11,,5.14,,11,5,0,0,0
2006-05-12,,5.19,,12,5,0,0,0
2006-05-15,,5.15,,15,5,1,0,0
2006-05-16,,5.1,,16,5,0,0,0
2006-05-17,,5.16,,17,5,0,0,0
2006-05-18,,5.08,,18,5,0,0,0
2006-05-19,,5.05,,19,5,0,0,0
2006-05-22,,5.04,,22,5,0,0,0
2006-05-23,,5.07,,23,5,0,0,0
2006-05-24,,5.03,,24,5,0,0,0
2006-05-25,,5.07,,25,5,0,0,0
2006-05-26,,5.06,,26,5,0,0,0
2006-05-29,,,,29,5,0,0,0
2006-05-30,,5.09,,30,5,0,0,0
2006-05-31,,5.12,,31,5,1,0,0
2006-06-01,4.99,5.11,4.6,1,6,0,0,0
2006-06-02,,5.0,,2,6,0,0,0
2006-06-05,,5.02,,5,6,0,0,0
2006-06-06,,5.01,,6,6,0,0,0
2006-06-07,,5.02,,7,6,0,0,0
2006-06-08,,5.0,,8,6,0,0,0
2006-06-09,,4.98,,9,6,0,0,0
2006-06-12,,4.99,,12,6,0,0,0
2006-06-13,,4.97,,13,6,0,0,0
2006-06-14,,5.05,,14,6,0,0,0
2006-06-15,,5.1,,15,6,1,0,0
2006-06-16,,5.13,,16,6,0,0,0
2006-06-19,,5.14,,19,6,0,0,0
2006-06-20,,5.15,,20,6,0,0,0
2006-06-21,,5.16,,21,6,0,0,0
2006-06-22,,5.2,,22,6,0,0,0
2006-06-23,,5.23,,23,6,0,0,0
2006-06-26,,5.25,,26,6,0,0,0
2006-06-27,,5.21,,27,6,0,0,0
2006-06-28,,5.25,,28,6,0,0,0
2006-06-29,,5.22,,29,6,0,0,0
2006-06-30,,5.15,,30,6,1,1,0
2006-07-01,5.24,,4.7,1,7,0,0,0
2006-07-03,,5.15,,3,7,0,0,0
2006-07-04,,,,4,7,0,0,0
2006-07-05,,5.23,,5,7,0,0,0
2006-07-06,,5.19,,6,7,0,0,0
2006-07-07,,5.14,,7,7,0,0,0
2006-07-10,,5.13,,10,7,0,0,0
2006-07-11,,5.1,,11,7,0,0,0
2006-07-12,,5.1,,12,7,0,0,0
2006-07-13,,5.08,,13,7,0,0,0
2006-07-14,,5.07,,14,7,0,0,0
2006-07-17,,5.07,,17,7,0,0,0
2006-07-18,,5.13,,18,7,0,0,0
2006-07-19,,5.06,,19,7,0,0,0
2006-07-20,,5.03,,20,7,0,0,0
2006-07-21,,5.05,,21,7,0,0,0
2006-07-24,,5.05,,24,7,0,0,0
2006-07-25,,5.07,,25,7,0,0,0
2006-07-26,,5.04,,26,7,0,0,0
2006-07-27,,5.07,,27,7,0,0,0
2006-07-28,,5.0,,28,7,0,0,0
2006-07-31,,4.99,,31,7,1,0,0
2006-08-01,5.25,4.99,4.7,1,8,0,0,0
2006-08-02,,4.96,,2,8,0,0,0
2006-08-03,,4.96,,3,8,0,0,0
2006-08-04,,4.91,,4,8,0,0,0
2006-08-07,,4.93,,7,8,0,0,0
2006-08-08,,4.93,,8,8,0,0,0
2006-08-09,,4.92,,9,8,0,0,0
2006-08-10,,4.93,,10,8,0,0,0
2006-08-11,,4.97,,11,8,0,0,0
2006-08-14,,5.0,,14,8,0,0,0
2006-08-15,,4.93,,15,8,1,0,0
2006-08-16,,4.87,,16,8,0,0,0
2006-08-17,,4.87,,17,8,0,0,0
2006-08-18,,4.84,,18,8,0,0,0
2006-08-21,,4.82,,21,8,0,0,0
2006-08-22,,4.82,,22,8,0,0,0
2006-08-23,,4.82,,23,8,0,0,0
2006-08-24,,4.81,,24,8,0,0,0
2006-08-25,,4.79,,25,8,0,0,0
2006-08-28,,4.8,,28,8,0,0,0
2006-08-29,,4.79,,29,8,0,0,0
2006-08-30,,4.76,,30,8,0,0,0
2006-08-31,,4.74,,31,8,1,0,0
2006-09-01,5.25,4.73,4.5,1,9,0,0,0
2006-09-04,,,,4,9,0,0,0
2006-09-05,,4.78,,5,9,0,0,0
2006-09-06,,4.8,,6,9,0,0,0
2006-09-07,,4.8,,7,9,0,0,0
2006-09-08,,4.78,,8,9,0,0,0
2006-09-11,,4.8,,11,9,0,0,0
2006-09-12,,4.78,,12,9,0,0,0
2006-09-13,,4.77,,13,9,0,0,0
2006-09-14,,4.79,,14,9,0,0,0
2006-09-15,,4.8,,15,9,1,0,0
2006-09-18,,4.81,,18,9,0,0,0
2006-09-19,,4.74,,19,9,0,0,0
2006-09-20,,4.73,,20,9,0,0,0
2006-09-21,,4.65,,21,9,0,0,0
2006-09-22,,4.6,,22,9,0,0,0
2006-09-25,,4.56,,25,9,0,0,0
2006-09-26,,4.59,,26,9,0,0,0
2006-09-27,,4.6,,27,9,0,0,0
2006-09-28,,4.63,,28,9,0,0,0
2006-09-29,,4.64,,29,9,0,0,0
2006-10-01,5.25,,4.4,1,10,0,0,0
2006-10-02,,4.62,,2,10,0,0,0
2006-10-03,,4.62,,3,10,0,0,0
2006-10-04,,4.57,,4,10,0,0,0
2006-10-05,,4.61,,5,10,0,0,0
2006-10-06,,4.7,,6,10,0,0,0
2006-10-09,,,,9,10,0,0,0
2006-10-10,,4.75,,10,10,0,0,0
2006-10-11,,4.78,,11,10,0,0,0
2006-10-12,,4.79,,12,10,0,0,0
2006-10-13,,4.81,,13,10,0,0,0
2006-10-16,,4.79,,16,10,0,0,0
2006-10-17,,4.78,,17,10,0,0,0
2006-10-18,,4.77,,18,10,0,0,0
2006-10-19,,4.79,,19,10,0,0,0
2006-10-20,,4.79,,20,10,0,0,0
2006-10-23,,4.83,,23,10,0,0,0
2006-10-24,,4.83,,24,10,0,0,0
2006-10-25,,4.78,,25,10,0,0,0
2006-10-26,,4.73,,26,10,0,0,0
2006-10-27,,4.68,,27,10,0,0,0
2006-10-30,,4.68,,30,10,0,0,0
2006-10-31,,4.61,,31,10,1,0,0
2006-11-01,5.25,4.57,4.5,1,11,0,0,0
2006-11-02,,4.6,,2,11,0,0,0
2006-11-03,,4.72,,3,11,0,0,0
2006-11-06,,4.71,,6,11,0,0,0
2006-11-07,,4.66,,7,11,0,0,0
2006-11-08,,4.64,,8,11,0,0,0
2006-11-09,,4.62,,9,11,0,0,0
2006-11-10,,4.59,,10,11,0,0,0
2006-11-13,,4.61,,13,11,0,0,0
2006-11-14,,4.57,,14,11,0,0,0
2006-11-15,,4.61,,15,11,1,0,0
2006-11-16,,4.66,,16,11,0,0,0
2006-11-17,,4.61,,17,11,0,0,0
2006-11-20,,4.6,,20,11,0,0,0
2006-11-21,,4.58,,21,11,0,0,0
2006-11-22,,4.57,,22,11,0,0,0
2006-11-23,,,,23,11,0,0,0
2006-11-24,,4.55,,24,11,0,0,0
2006-11-27,,4.54,,27,11,0,0,0
2006-11-28,,4.51,,28,11,0,0,0
2006-11-29,,4.52,,29,11,0,0,0
2006-11-30,,4.46,,30,11,1,0,0
2006-12-01,5.24,4.43,4.4,1,12,0,0,0
2006-12-04,,4.43,,4,12,0,0,0
2006-12-05,,4.45,,5,12,0,0,0
2006-12-06,,4.48,,6,12,0,0,0
2006-12-07,,4.49,,7,12,0,0,0
2006-12-08,,4.56,,8,12,0,0,0
2006-12-11,,4.52,,11,12,0,0,0
2006-12-12,,4.49,,12,12,0,0,0
2006-12-13,,4.58,,13,12,0,0,0
2006-12-14,,4.6,,14,12,0,0,0
2006-12-15,,4.6,,15,12,1,0,0
2006-12-18,,4.6,,18,12,0,0,0
2006-12-19,,4.6,,19,12,0,0,0
2006-12-20,,4.6,,20,12,0,0,0
2006-12-21,,4.55,,21,12,0,0,0
2006-12-22,,4.63,,22,12,0,0,0
2006-12-25,,,,25,12,0,0,0
2006-12-26,,4.61,,26,12,0,0,0
2006-12-27,,4.66,,27,12,0,0,0
2006-12-28,,4.7,,28,12,0,0,0
2006-12-29,,4.71,,29,12,0,0,0
2007-01-01,5.25,,4.6,1,1,0,0,0
2007-01-02,,4.68,,2,1,0,0,0
2007-01-03,,4.67,,3,1,0,0,0
2007-01-04,,4.62,,4,1,0,0,0
2007-01-05,,4.65,,5,1,0,0,0
2007-01-08,,4.66,,8,1,0,0,0
2007-01-09,,4.66,,9,1,0,0,0
2007-01-10,,4.69,,10,1,0,0,0
2007-01-11,,4.74,,11,1,0,0,0
2007-01-12,,4.77,,12,1,0,0,0
2007-01-15,,,,15,1,1,0,0
2007-01-16,,4.75,,16,1,0,0,0
2007-01-17,,4.79,,17,1,0,0,0
2007-01-18,,4.75,,18,1,0,0,0
2007-01-19,,4.78,,19,1,0,0,0
2007-01-22,,4.76,,22,1,0,0,0
2007-01-23,,4.81,,23,1,0,0,0
2007-01-24,,4.81,,24,1,0,0,0
2007-01-25,,4.87,,25,1,0,0,0
2007-01-26,,4.88,,26,1,0,0,0
2007-01-29,,4.9,,29,1,0,0,0
2007-01-30,,4.88,,30,1,0,0,0
2007-01-31,,4.83,,31,1,1,0,0
2007-02-01,5.26,4.84,4.5,1,2,0,0,0
2007-02-02,,4.83,,2,2,0,0,0
2007-02-05,,4.81,,5,2,0,0,0
2007-02-06,,4.77,,6,2,0,0,0
2007-02-07,,4.74,,7,2,0,0,0
2007-02-08,,4.73,,8,2,0,0,0
2007-02-09,,4.79,,9,2,0,0,0
2007-02-12,,4.8,,12,2,0,0,0
2007-02-13,,4.82,,13,2,0,0,0
2007-02-14,,4.74,,14,2,0,0,0
2007-02-15,,4.7,,15,2,1,0,0
2007-02-16,,4.69,,16,2,0,0,0
2007-02-19,,,,19,2,0,0,0
2007-02-20,,4.68,,20,2,0,0,0
2007-02-21,,4.69,,21,2,0,0,0
2007-02-22,,4.73,,22,2,0,0,0
2007-02-23,,4.68,,23,2,0,0,0
2007-02-26,,4.63,,26,2,0,0,0
2007-02-27,,4.5,,27,2,0,0,0
2007-02-28,,4.56,,28,2,1,0,0
2007-03-01,5.26,4.56,4.4,1,3,0,0,0
2007-03-02,,4.52,,2,3,0,0,0
2007-03-05,,4.51,,5,3,0,0,0
2007-03-06,,4.53,,6,3,0,0,0
2007-03-07,,4.5,,7,3,0,0,0
2007-03-08,,4.51,,8,3,0,0,0
2007-03-09,,4.59,,9,3,0,0,0
2007-03-12,,4.56,,12,3,0,0,0
2007-03-13,,4.5,,13,3,0,0,0
2007-03-14,,4.53,,14,3,0,0,0
2007-03-15,,4.54,,15,3,1,0,0
2007-03-16,,4.55,,16,3,0,0,0
2007-03-19,,4.58,,19,3,0,0,0
2007-03-20,,4.56,,20,3,0,0,0
2007-03-21,,4.53,,21,3,0,0,0
2007-03-22,,4.6,,22,3,0,0,0
2007-03-23,,4.62,,23,3,0,0,0
2007-03-26,,4.6,,26,3,0,0,0
2007-03-27,,4.62,,27,3,0,0,0
2007-03-28,,4.62,,28,3,0,0,0
2007-03-29,,4.64,,29,3,0,0,0
2007-03-30,,4.65,,30,3,0,0,0
2007-04-01,5.25,,4.5,1,4,0,0,0
2007-04-02,,4.65,,2,4,0,0,0
2007-04-03,,4.67,,3,4,0,0,0
2007-04-04,,4.66,,4,4,0,0,0
2007-04-05,,4.68,,5,4,0,0,0
2007-04-06,,4.76,,6,4,0,0,0
2007-04-09,,4.75,,9,4,0,0,0
2007-04-10,,4.73,,10,4,0,0,0
2007-04-11,,4.74,,11,4,0,0,0
2007-04-12,,4.74,,12,4,0,0,0
2007-04-13,,4.76,,13,4,0,0,0
2007-04-16,,4.74,,16,4,0,0,0
2007-04-17,,4.69,,17,4,0,0,0
2007-04-18,,4.66,,18,4,0,0,0
2007-04-19,,4.68,,19,4,0,0,0
2007-04-20,,4.68,,20,4,0,0,0
2007-04-23,,4.66,,23,4,0,0,0
2007-04-24,,4.63,,24,4,0,0,0
2007-04-25,,4.66,,25,4,0,0,0
2007-04-26,,4.69,,26,4,0,0,0
2007-04-27,,4.71,,27,4,0,0,0
2007-04-30,,4.63,,30,4,1,0,0
2007-05-01,5.25,4.64,4.4,1,5,0,0,0
2007-05-02,,4.65,,2,5,0,0,0
2007-05-03,,4.68,,3,5,0,0,0
2007-05-04,,4.65,,4,5,0,0,0
2007-05-07,,4.64,,7,5,0,0,0
2007-05-08,,4.63,,8,5,0,0,0
2007-05-09,,4.67,,9,5,0,0,0
2007-05-10,,4.65,,10,5,0,0,0
2007-05-11,,4.67,,11,5,0,0,0
2007-05-14,,4.69,,14,5,0,0,0
2007-05-15,,4.71,,15,5,1,0,0
2007-05-16,,4.71,,16,5,0,0,0
2007-05-17,,4.76,,17,5,0,0,0
2007-05-18,,4.81,,18,5,0,0,0
2007-05-21,,4.79,,21,5,0,0,0
2007-05-22,,4.83,,22,5,0,0,0
2007-05-23,,4.86,,23,5,0,0,0
2007-05-24,,4.86,,24,5,0,0,0
2007-05-25,,4.86,,25,5,0,0,0
2007-05-28,,,,28,5,0,0,0
2007-05-29,,4.88,,29,5,0,0,0
2007-05-30,,4.88,,30,5,0,0,0
2007-05-31,,4.9,,31,5,1,0,0
2007-06-01,5.25,4.95,4.6,1,6,0,0,0
2007-06-04,,4.93,,4,6,0,0,0
2007-06-05,,4.98,,5,6,0,0,0
2007-06-06,,4.97,,6,6,0,0,0
2007-06-07,,5.11,,7,6,0,0,0
2007-06-08,,5.12,,8,6,0,0,0
2007-06-11,,5.14,,11,6,0,0,0
2007-06-12,,5.26,,12,6,0,0,0
2007-06-13,,5.2,,13,6,0,0,0
2007-06-14,,5.23,,14,6,0,0,0
2007-06-15,,5.16,,15,6,1,0,0
2007-06-18,,5.15,,18,6,0,0,0
2007-06-19,,5.09,,19,6,0,0,0
2007-06-20,,5.14,,20,6,0,0,0
2007-06-21,,5.16,,21,6,0,0,0
2007-06-22,,5.14,,22,6,0,0,0
2007-06-25,,5.09,,25,6,0,0,0
2007-06-26,,5.1,,26,6,0,0,0
2007-06-27,,5.09,,27,6,0,0,0
2007-06-28,,5.12,,28,6,0,0,0
2007-06-29,,5.03,,29,6,0,0,0
2007-07-01,5.26,,4.7,1,7,0,0,0
2007-07-02,,5.0,,2,7,0,0,0
2007-07-03,,5.05,,3,7,0,0,0
2007-07-04,,,,4,7,0,0,0
2007-07-05,,5.16,,5,7,0,0,0
2007-07-06,,5.19,,6,7,0,0,0
2007-07-09,,5.16,,9,7,0,0,0
2007-07-10,,5.03,,10,7,0,0,0
2007-07-11,,5.09,,11,7,0,0,0
2007-07-12,,5.13,,12,7,0,0,0
2007-07-13,,5.11,,13,7,0,0,0
2007-07-16,,5.05,,16,7,0,0,0
2007-07-17,,5.08,,17,7,0,0,0
2007-07-18,,5.02,,18,7,0,0,0
2007-07-19,,5.04,,19,7,0,0,0
2007-07-20,,4.96,,20,7,0,0,0
2007-07-23,,4.97,,23,7,0,0,0
2007-07-24,,4.94,,24,7,0,0,0
2007-07-25,,4.92,,25,7,0,0,0
2007-07-26,,4.79,,26,7,0,0,0
2007-07-27,,4.8,,27,7,0,0,0
2007-07-30,,4.82,,30,7,0,0,0
2007-07-31,,4.78,,31,7,1,0,0
2007-08-01,5.02,4.76,4.6,1,8,0,0,0
2007-08-02,,4.77,,2,8,0,0,0
2007-08-03,,4.71,,3,8,0,0,0
2007-08-06,,4.72,,6,8,0,0,0
2007-08-07,,4.77,,7,8,0,0,0
2007-08-08,,4.84,,8,8,0,0,0
2007-08-09,,4.79,,9,8,0,0,0
2007-08-10,,4.81,,10,8,0,0,0
2007-08-13,,4.78,,13,8,0,0,0
2007-08-14,,4.73,,14,8,0,0,0
2007-08-15,,4.69,,15,8,1,0,0
2007-08-16,,4.6,,16,8,0,0,0
2007-08-17,,4.68,,17,8,0,0,0
2007-08-20,,4.64,,20,8,0,0,0
2007-08-21,,4.6,,21,8,0,0,0
2007-08-22,,4.63,,22,8,0,0,0
2007-08-23,,4.62,,23,8,0,0,0
2007-08-24,,4.63,,24,8,0,0,0
2007-08-27,,4.6,,27,8,0,0,0
2007-08-28,,4.53,,28,8,0,0,0
2007-08-29,,4.57,,29,8,0,0,0
2007-08-30,,4.51,,30,8,0,0,0
2007-08-31,,4.54,,31,8,1,0,0
2007-09-01,4.94,,4.7,1,9,0,0,0
2007-09-03,,,,3,9,0,0,0
2007-09-04,,4.56,,4,9,0,0,0
2007-09-05,,4.48,,5,9,0,0,0
2007-09-06,,4.51,,6,9,0,0,0
2007-09-07,,4.38,,7,9,0,0,0
2007-09-10,,4.34,,10,9,0,0,0
2007-09-11,,4.37,,11,9,0,0,0
2007-09-12,,4.41,,12,9,0,0,0
2007-09-13,,4.49,,13,9,0,0,0
2007-09-14,,4.47,,14,9,0,0,0
2007-09-17,,4.48,,17,9,0,0,0
2007-09-18,,4.5,,18,9,0,0,0
2007-09-19,,4.53,,19,9,0,0,0
2007-09-20,,4.69,,20,9,0,0,0
2007-09-21,,4.64,,21,9,0,0,0
2007-09-24,,4.63,,24,9,0,0,0
2007-09-25,,4.63,,25,9,0,0,0
2007-09-26,,4.63,,26,9,0,0,0
2007-09-27,,4.58,,27,9,0,0,0
2007-09-28,,4.59,,28,9,0,0,0
2007-10-01,4.76,4.56,4.7,1,10,0,0,0
2007-10-02,,4.54,,2,10,0,0,0
2007-10-03,,4.55,,3,10,0,0,0
2007-10-04,,4.54,,4,10,0,0,0
2007-10-05,,4.65,,5,10,0,0,0
2007-10-08,,,,8,10,0,0,0
2007-10-09,,4.67,,9,10,0,0,0
2007-10-10,,4.65,,10,10,0,0,0
2007-10-11,,4.66,,11,10,0,0,0
2007-10-12,,4.7,,12,10,0,0,0
2007-10-15,,4.69,,15,10,1,0,0
2007-10-16,,4.66,,16,10,0,0,0
2007-10-17,,4.57,,17,10,0,0,0
2007-10-18,,4.52,,18,10,0,0,0
2007-10-19,,4.41,,19,10,0,0,0
2007-10-22,,4.42,,22,10,0,0,0
2007-10-23,,4.41,,23,10,0,0,0
2007-10-24,,4.36,,24,10,0,0,0
2007-10-25,,4.37,,25,10,0,0,0
2007-10-26,,4.41,,26,10,0,0,0
2007-10-29,,4.39,,29,10,0,0,0
2007-10-30,,4.4,,30,10,0,0,0
2007-10-31,,4.48,,31,10,1,0,0
2007-11-01,4.49,4.36,4.7,1,11,0,0,0
2007-11-02,,4.31,,2,11,0,0,0
2007-11-05,,4.35,,5,11,0,0,0
2007-11-06,,4.38,,6,11,0,0,0
2007-11-07,,4.34,,7,11,0,0,0
2007-11-08,,4.28,,8,11,0,0,0
2007-11-09,,4.23,,9,11,0,0,0
2007-11-12,,,,12,11,0,0,0
2007-11-13,,4.26,,13,11,0,0,0
2007-11-14,,4.28,,14,11,0,0,0
2007-11-15,,4.17,,15,11,1,0,0
2007-11-16,,4.15,,16,11,0,0,0
2007-11-19,,4.07,,19,11,0,0,0
2007-11-20,,4.06,,20,11,0,0,0
2007-11-21,,4.0,,21,11,0,0,0
2007-11-22,,,,22,11,0,0,0
2007-11-23,,4.01,,23,11,0,0,0
2007-11-26,,3.83,,26,11,0,0,0
2007-11-27,,3.95,,27,11,0,0,0
2007-11-28,,4.03,,28,11,0,0,0
2007-11-29,,3.94,,29,11,0,0,0
2007-11-30,,3.97,,30,11,1,0,0
2007-12-01,4.24,,5.0,1,12,0,0,0
2007-12-03,,3.89,,3,12,0,0,0
2007-12-04,,3.89,,4,12,0,0,0
2007-12-05,,3.92,,5,12,0,0,0
2007-12-06,,4.02,,6,12,0,0,0
2007-12-07,,4.12,,7,12,0,0,0
2007-12-10,,4.15,,10,12,0,0,0
2007-12-11,,3.98,,11,12,0,0,0
2007-12-12,,4.05,,12,12,0,0,0
2007-12-13,,4.18,,13,12,0,0,0
2007-12-14,,4.24,,14,12,0,0,0
2007-12-17,,4.2,,17,12,0,0,0
2007-12-18,,4.14,,18,12,0,0,0
2007-12-19,,4.06,,19,12,0,0,0
2007-12-20,,4.04,,20,12,0,0,0
2007-12-21,,4.18,,21,12,0,0,0
2007-12-24,,4.23,,24,12,0,0,0
2007-12-25,,,,25,12,0,0,0
2007-12-26,,4.3,,26,12,0,0,0
2007-12-27,,4.21,,27,12,0,0,0
2007-12-28,,4.11,,28,12,0,0,0
2007-12-31,,4.04,,31,12,1,1,0
2008-01-01,3.94,,5.0,1,1,0,0,0
2008-01-02,,3.91,,2,1,0,0,0
2008-01-03,,3.91,,3,1,0,0,0
2008-01-04,,3.88,,4,1,0,0,0
2008-01-07,,3.86,,7,1,0,0,0
2008-01-08,,3.86,,8,1,0,0,0
2008-01-09,,3.82,,9,1,0,0,0
2008-01-10,,3.91,,10,1,0,0,0
2008-01-11,,3.82,,11,1,0,0,0
2008-01-14,,3.81,,14,1,0,0,0
2008-01-15,,3.72,,15,1,1,0,0
2008-01-16,,3.74,,16,1,0,0,0
2008-01-17,,3.66,,17,1,0,0,0
2008-01-18,,3.66,,18,1,0,0,0
2008-01-21,,,,21,1,0,0,0
2008-01-22,,3.52,,22,1,0,0,0
2008-01-23,,3.51,,23,1,0,0,0
2008-01-24,,3.68,,24,1,0,0,0
2008-01-25,,3.61,,25,1,0,0,0
2008-01-28,,3.61,,28,1,0,0,0
2008-01-29,,3.69,,29,1,0,0,0
2008-01-30,,3.78,,30,1,0,0,0
2008-01-31,,3.67,,31,1,1,0,0
2008-02-01,2.98,3.62,4.9,1,2,0,0,0
2008-02-04,,3.68,,4,2,0,0,0
2008-02-05,,3.61,,5,2,0,0,0
2008-02-06,,3.61,,6,2,0,0,0
2008-02-07,,3.74,,7,2,0,0,0
2008-02-08,,3.64,,8,2,0,0,0
2008-02-11,,3.62,,11,2,0,0,0
2008-02-12,,3.66,,12,2,0,0,0
2008-02-13,,3.7,,13,2,0,0,0
2008-02-14,,3.85,,14,2,0,0,0
2008-02-15,,3.76,,15,2,1,0,0
2008-02-18,,,,18,2,0,0,0
2008-02-19,,3.89,,19,2,0,0,0
2008-02-20,,3.93,,20,2,0,0,0
2008-02-21,,3.77,,21,2,0,0,0
2008-02-22,,3.79,,22,2,0,0,0
2008-02-25,,3.91,,25,2,0,0,0
2008-02-26,,3.88,,26,2,0,0,0
2008-02-27,,3.85,,27,2,0,0,0
2008-02-28,,3.71,,28,2,0,0,0
2008-02-29,,3.53,,29,2,1,0,0
2008-03-01,2.61,,5.1,1,3,0,0,0
2008-03-03,,3.54,,3,3,0,0,0
2008-03-04,,3.63,,4,3,0,0,0
2008-03-05,,3.7,,5,3,0,0,0
2008-03-06,,3.62,,6,3,0,0,0
2008-03-07,,3.56,,7,3,0,0,0
2008-03-10,,3.46,,10,3,0,0,0
2008-03-11,,3.6,,11,3,0,0,0
2008-03-12,,3.49,,12,3,0,0,0
2008-03-13,,3.56,,13,3,0,0,0
2008-03-14,,3.44,,14,3,0,0,0
2008-03-17,,3.34,,17,3,0,0,0
2008-03-18,,3.48,,18,3,0,0,0
2008-03-19,,3.38,,19,3,0,0,0
2008-03-20,,3.34,,20,3,0,0,0
2008-03-21,,,,21,3,0,0,0
2008-03-24,,3.56,,24,3,0,0,0
2008-03-25,,3.51,,25,3,0,0,0
2008-03-26,,3.51,,26,3,0,0,0
2008-03-27,,3.56,,27,3,0,0,0
2008-03-28,,3.47,,28,3,0,0,0
2008-03-31,,3.45,,31,3,1,1,0
2008-04-01,2.28,3.57,5.0,1,4,0,0,0
2008-04-02,,3.6,,2,4,0,0,0
2008-04-03,,3.61,,3,4,0,0,0
2008-04-04,,3.5,,4,4,0,0,0
2008-04-07,,3.57,,7,4,0,0,0
2008-04-08,,3.58,,8,4,0,0,0
2008-04-09,,3.49,,9,4,0,0,0
2008-04-10,,3.55,,10,4,0,0,0
2008-04-11,,3.49,,11,4,0,0,0
2008-04-14,,3.53,,14,4,0,0,0
2008-04-15,,3.6,,15,4,1,0,0
2008-04-16,,3.72,,16,4,0,0,0
2008-04-17,,3.75,,17,4,0,0,0
2008-04-18,,3.77,,18,4,0,0,0
2008-04-21,,3.75,,21,4,0,0,0
2008-04-22,,3.74,,22,4,0,0,0
2008-04-23,,3.77,,23,4,0,0,0
2008-04-24,,3.87,,24,4,0,0,0
2008-04-25,,3.91,,25,4,0,0,0
2008-04-28,,3.86,,28,4,0,0,0
2008-04-29,,3.85,,29,4,0,0,0
2008-04-30,,3.77,,30,4,1,0,0
2008-05-01,1.98,3.78,5.4,1,5,0,0,0
2008-05-02,,3.89,,2,5,0,0,0
2008-05-05,,3.88,,5,5,0,0,0
2008-05-06,,3.93,,6,5,0,0,0
2008-05-07,,3.87,,7,5,0,0,0
2008-05-08,,3.79,,8,5,0,0,0
2008-05-09,,3.77,,9,5,0,0,0
2008-05-12,,3.78,,12,5,0,0,0
2008-05-13,,3.9,,13,5,0,0,0
2008-05-14,,3.92,,14,5,0,0,0
2008-05-15,,3.83,,15,5,1,0,0
2008-05-16,,3.85,,16,5,0,0,0
2008-05-19,,3.83,,19,5,0,0,0
2008-05-20,,3.78,,20,5,0,0,0
2008-05-21,,3.81,,21,5,0,0,0
2008-05-22,,3.92,,22,5,0,0,0
2008-05-23,,3.85,,23,5,0,0,0
2008-05-26,,,,26,5,0,0,0
2008-05-27,,3.93,,27,5,0,0,0
2008-05-28,,4.03,,28,5,0,0,0
2008-05-29,,4.08,,29,5,0,0,0
2008-05-30,,4.06,,30,5,0,0,0
2008-06-01,2.0,,5.6,1,6,0,0,0
2008-06-02,,3.98,,2,6,0,0,0
2008-06-03,,3.92,,3,6,0,0,0
2008-06-04,,3.98,,4,6,0,0,0
2008-06-05,,4.06,,5,6,0,0,0
2008-06-06,,3.94,,6,6,0,0,0
2008-06-09,,4.02,,9,6,0,0,0
2008-06-10,,4.11,,10,6,0,0,0
2008-06-11,,4.1,,11,6,0,0,0
2008-06-12,,4.23,,12,6,0,0,0
2008-06-13,,4.27,,13,6,0,0,0
2008-06-16,,4.25,,16,6,0,0,0
2008-06-17,,4.23,,17,6,0,0,0
2008-06-18,,4.16,,18,6,0,0,0
2008-06-19,,4.22,,19,6,0,0,0
2008-06-20,,4.16,,20,6,0,0,0
2008-06-23,,4.19,,23,6,0,0,0
2008-06-24,,4.1,,24,6,0,0,0
2008-06-25,,4.12,,25,6,0,0,0
2008-06-26,,4.07,,26,6,0,0,0
2008-06-27,,3.99,,27,6,0,0,0
2008-06-30,,3.99,,30,6,1,1,0
2008-07-01,2.01,4.01,5.8,1,7,0,0,0
2008-07-02,,3.99,,2,7,0,0,0
2008-07-03,,3.99,,3,7,0,0,0
2008-07-04,,,,4,7,0,0,0
2008-07-07,,3.95,,7,7,0,0,0
2008-07-08,,3.91,,8,7,0,0,0
2008-07-09,,3.85,,9,7,0,0,0
2008-07-10,,3.83,,10,7,0,0,0
2008-07-11,,3.96,,11,7,0,0,0
2008-07-14,,3.9,,14,7,0,0,0
2008-07-15,,3.87,,15,7,1,0,0
2008-07-16,,3.97,,16,7,0,0,0
2008-07-17,,4.07,,17,7,0,0,0
2008-07-18,,4.11,,18,7,0,0,0
2008-07-21,,4.09,,21,7,0,0,0
2008-07-22,,4.14,,22,7,0,0,0
2008-07-23,,4.16,,23,7,0,0,0
2008-07-24,,4.03,,24,7,0,0,0
2008-07-25,,4.13,,25,7,0,0,0
2008-07-28,,4.06,,28,7,0,0,0
2008-07-29,,4.09,,29,7,0,0,0
2008-07-30,,4.07,,30,7,0,0,0
2008-07-31,,3.99,,31,7,1,0,0
2008-08-01,2.0,3.97,6.1,1,8,0,0,0
2008-08-04,,3.98,,4,8,0,0,0
2008-08-05,,4.04,,5,8,0,0,0
2008-08-06,,4.06,,6,8,0,0,0
2008-08-07,,3.92,,7,8,0,0,0
2008-08-08,,3.94,,8,8,0,0,0
2008-08-11,,3.99,,11,8,0,0,0
2008-08-12,,3.91,,12,8,0,0,0
2008-08-13,,3.94,,13,8,0,0,0
2008-08-14,,3.89,,14,8,0,0,0
2008-08-15,,3.84,,15,8,1,0,0
2008-08-18,,3.82,,18,8,0,0,0
2008-08-19,,3.83,,19,8,0,0,0
2008-08-20,,3.79,,20,8,0,0,0
2008-08-21,,3.84,,21,8,0,0,0
2008-08-22,,3.87,,22,8,0,0,0
2008-08-25,,3.79,,25,8,0,0,0
2008-08-26,,3.79,,26,8,0,0,0
2008-08-27,,3.77,,27,8,0,0,0
2008-08-28,,3.79,,28,8,0,0,0
2008-08-29,,3.83,,29,8,0,0,0
2008-09-01,1.81,,6.1,1,9,0,0,0
2008-09-02,,3.74,,2,9,0,0,0
2008-09-03,,3.71,,3,9,0,0,0
2008-09-04,,3.64,,4,9,0,0,0
2008-09-05,,3.66,,5,9,0,0,0
2008-09-08,,3.66,,8,9,0,0,0
2008-09-09,,3.62,,9,9,0,0,0
2008-09-10,,3.65,,10,9,0,0,0
2008-09-11,,3.64,,11,9,0,0,0
2008-09-12,,3.74,,12,9,0,0,0
2008-09-15,,3.47,,15,9,1,0,0
2008-09-16,,3.48,,16,9,0,0,0
2008-09-17,,3.41,,17,9,0,0,0
2008-09-18,,3.54,,18,9,0,0,0
2008-09-19,,3.78,,19,9,0,0,0
2008-09-22,,3.83,,22,9,0,0,0
2008-09-23,,3.85,,23,9,0,0,0
2008-09-24,,3.8,,24,9,0,0,0
2008-09-25,,3.88,,25,9,0,0,0
2008-09-26,,3.85,,26,9,0,0,0
2008-09-29,,3.61,,29,9,0,0,0
2008-09-30,,3.85,,30,9,1,1,0
2008-10-01,0.97,3.77,6.5,1,10,0,0,0
2008-10-02,,3.66,,2,10,0,0,0
2008-10-03,,3.63,,3,10,0,0,0
2008-10-06,,3.48,,6,10,0,0,0
2008-10-07,,3.5,,7,10,0,0,0
2008-10-08,,3.72,,8,10,0,0,0
2008-10-09,,3.84,,9,10,0,0,0
2008-10-10,,3.89,,10,10,0,0,0
2008-10-13,,,,13,10,0,0,0
2008-10-14,,4.08,,14,10,0,0,0
2008-10-15,,4.04,,15,10,1,0,0
2008-10-16,,3.99,,16,10,0,0,0
2008-10-17,,3.98,,17,10,0,0,0
2008-10-20,,3.91,,20,10,0,0,0
2008-10-21,,3.76,,21,10,0,0,0
2008-10-22,,3.65,,22,10,0,0,0
2008-10-23,,3.63,,23,10,0,0,0
2008-10-24,,3.76,,24,10,0,0,0
2008-10-27,,3.79,,27,10,0,0,0
2008-10-28,,3.89,,28,10,0,0,0
2008-10-29,,3.93,,29,10,0,0,0
2008-10-30,,4.0,,30,10,0,0,0
2008-10-31,,4.01,,31,10,1,0,0
2008-11-01,0.39,,6.8,1,11,0,0,0
2008-11-03,,3.96,,3,11,0,0,0
2008-11-04,,3.81,,4,11,0,0,0
2008-11-05,,3.73,,5,11,0,0,0
2008-11-06,,3.75,,6,11,0,0,0
2008-11-07,,3.83,,7,11,0,0,0
2008-11-10,,3.82,,10,11,0,0,0
2008-11-11,,,,11,11,0,0,0
2008-11-12,,3.75,,12,11,0,0,0
2008-11-13,,3.84,,13,11,0,0,0
2008-11-14,,3.72,,14,11,0,0,0
2008-11-17,,3.68,,17,11,0,0,0
2008-11-18,,3.53,,18,11,0,0,0
2008-11-19,,3.38,,19,11,0,0,0
2008-11-20,,3.1,,20,11,0,0,0
2008-11-21,,3.2,,21,11,0,0,0
2008-11-24,,3.35,,24,11,0,0,0
2008-11-25,,3.11,,25,11,0,0,0
2008-11-26,,2.99,,26,11,0,0,0
2008-11-27,,,,27,11,0,0,0
2008-11-28,,2.93,,28,11,0,0,0
2008-12-01,0.16,2.72,7.3,1,12,0,0,0
2008-12-02,,2.68,,2,12,0,0,0
2008-12-03,,2.67,,3,12,0,0,0
2008-12-04,,2.55,,4,12,0,0,0
2008-12-05,,2.67,,5,12,0,0,0
2008-12-08,,2.77,,8,12,0,0,0
2008-12-09,,2.67,,9,12,0,0,0
2008-12-10,,2.69,,10,12,0,0,0
2008-12-11,,2.64,,11,12,0,0,0
2008-12-12,,2.6,,12,12,0,0,0
2008-12-15,,2.53,,15,12,1,0,0
2008-12-16,,2.37,,16,12,0,0,0
2008-12-17,,2.2,,17,12,0,0,0
2008-12-18,,2.08,,18,12,0,0,0
2008-12-19,,2.13,,19,12,0,0,0
2008-12-22,,2.16,,22,12,0,0,0
2008-12-23,,2.18,,23,12,0,0,0
2008-12-24,,2.2,,24,12,0,0,0
2008-12-25,,,,25,12,0,0,0
2008-12-26,,2.16,,26,12,0,0,0
2008-12-29,,2.13,,29,12,0,0,0
2008-12-30,,2.11,,30,12,0,0,0
2008-12-31,,2.25,,31,12,1,1,0
2009-01-01,0.15,,7.8,1,1,0,0,0
2009-01-02,,2.46,,2,1,0,0,0
2009-01-05,,2.49,,5,1,0,0,0
2009-01-06,,2.51,,6,1,0,0,0
2009-01-07,,2.52,,7,1,0,0,0
2009-01-08,,2.47,,8,1,0,0,0
2009-01-09,,2.43,,9,1,0,0,0
2009-01-12,,2.34,,12,1,0,0,0
2009-01-13,,2.33,,13,1,0,0,0
2009-01-14,,2.24,,14,1,0,0,0
2009-01-15,,2.23,,15,1,1,0,0
2009-01-16,,2.36,,16,1,0,0,0
2009-01-19,,,,19,1,0,0,0
2009-01-20,,2.4,,20,1,0,0,0
2009-01-21,,2.56,,21,1,0,0,0
2009-01-22,,2.62,,22,1,0,0,0
2009-01-23,,2.65,,23,1,0,0,0
2009-01-26,,2.7,,26,1,0,0,0
2009-01-27,,2.59,,27,1,0,0,0
2009-01-28,,2.71,,28,1,0,0,0
2009-01-29,,2.87,,29,1,0,0,0
2009-01-30,,2.87,,30,1,0,0,0
2009-02-01,0.22,,8.3,1,2,0,0,0
2009-02-02,,2.76,,2,2,0,0,0
2009-02-03,,2.89,,3,2,0,0,0
2009-02-04,,2.95,,4,2,0,0,0
2009-02-05,,2.95,,5,2,0,0,0
2009-02-06,,3.05,,6,2,0,0,0
2009-02-09,,3.07,,9,2,0,0,0
2009-02-10,,2.9,,10,2,0,0,0
2009-02-11,,2.78,,11,2,0,0,0
2009-02-12,,2.75,,12,2,0,0,0
2009-02-13,,2.89,,13,2,0,0,0
2009-02-16,,,,16,2,0,0,0
2009-02-17,,2.64,,17,2,0,0,0
2009-02-18,,2.74,,18,2,0,0,0
2009-02-19,,2.85,,19,2,0,0,0
2009-02-20,,2.78,,20,2,0,0,0
2009-02-23,,2.78,,23,2,0,0,0
2009-02-24,,2.8,,24,2,0,0,0
2009-02-25,,2.95,,25,2,0,0,0
2009-02-26,,2.98,,26,2,0,0,0
2009-02-27,,3.02,,27,2,0,0,0
2009-03-01,0.18,,8.7,1,3,0,0,0
2009-03-02,,2.91,,2,3,0,0,0
2009-03-03,,2.93,,3,3,0,0,0
2009-03-04,,3.01,,4,3,0,0,0
2009-03-05,,2.83,,5,3,0,0,0
2009-03-06,,2.83,,6,3,0,0,0
2009-03-09,,2.89,,9,3,0,0,0
2009-03-10,,2.99,,10,3,0,0,0
2009-03-11,,2.95,,11,3,0,0,0
2009-03-12,,2.89,,12,3,0,0,0
2009-03-13,,2.89,,13,3,0,0,0
2009-03-16,,2.97,,16,3,0,0,0
2009-03-17,,3.02,,17,3,0,0,0
2009-03-18,,2.51,,18,3,0,0,0
2009-03-19,,2.61,,19,3,0,0,0
2009-03-20,,2.65,,20,3,0,0,0
2009-03-23,,2.68,,23,3,0,0,0
2009-03-24,,2.68,,24,3,0,0,0
2009-03-25,,2.81,,25,3,0,0,0
2009-03-26,,2.76,,26,3,0,0,0
2009-03-27,,2.78,,27,3,0,0,0
2009-03-30,,2.73,,30,3,0,0,0
2009-03-31,,2.71,,31,3,1,1,0
2009-04-01,0.15,2.68,9.0,1,4,0,0,0
2009-04-02,,2.77,,2,4,0,0,0
2009-04-03,,2.91,,3,4,0,0,0
2009-04-06,,2.95,,6,4,0,0,0
2009-04-07,,2.93,,7,4,0,0,0
2009-04-08,,2.86,,8,4,0,0,0
2009-04-09,,2.96,,9,4,0,0,0
2009-04-10,,,,10,4,0,0,0
2009-04-13,,2.88,,13,4,0,0,0
2009-04-14,,2.8,,14,4,0,0,0
2009-04-15,,2.82,,15,4,1,0,0
2009-04-16,,2.86,,16,4,0,0,0
2009-04-17,,2.98,,17,4,0,0,0
2009-04-20,,2.88,,20,4,0,0,0
2009-04-21,,2.94,,21,4,0,0,0
2009-04-22,,2.98,,22,4,0,0,0
2009-04-23,,2.96,,23,4,0,0,0
2009-04-24,,3.03,,24,4,0,0,0
2009-04-27,,2.95,,27,4,0,0,0
2009-04-28,,3.05,,28,4,0,0,0
2009-04-29,,3.12,,29,4,0,0,0
2009-04-30,,3.16,,30,4,1,0,0
2009-05-01,0.18,3.21,9.4,1,5,0,0,0
2009-05-04,,3.19,,4,5,0,0,0
2009-05-05,,3.2,,5,5,0,0,0
2009-05-06,,3.18,,6,5,0,0,0
2009-05-07,,3.29,,7,5,0,0,0
2009-05-08,,3.29,,8,5,0,0,0
2009-05-11,,3.17,,11,5,0,0,0
2009-05-12,,3.17,,12,5,0,0,0
2009-05-13,,3.11,,13,5,0,0,0
2009-05-14,,3.1,,14,5,0,0,0
2009-05-15,,3.14,,15,5,1,0,0
2009-05-18,,3.22,,18,5,0,0,0
2009-05-19,,3.25,,19,5,0,0,0
2009-05-20,,3.19,,20,5,0,0,0
2009-05-21,,3.35,,21,5,0,0,0
2009-05-22,,3.45,,22,5,0,0,0
2009-05-25,,,,25,5,0,0,0
2009-05-26,,3.5,,26,5,0,0,0
2009-05-27,,3.71,,27,5,0,0,0
2009-05-28,,3.67,,28,5,0,0,0
2009-05-29,,3.47,,29,5,0,0,0
2009-06-01,0.21,3.71,9.5,1,6,0,0,0
2009-06-02,,3.65,,2,6,0,0,0
2009-06-03,,3.56,,3,6,0,0,0
2009-06-04,,3.72,,4,6,0,0,0
2009-06-05,,3.84,,5,6,0,0,0
2009-06-08,,3.91,,8,6,0,0,0
2009-06-09,,3.86,,9,6,0,0,0
2009-06-10,,3.98,,10,6,0,0,0
2009-06-11,,3.88,,11,6,0,0,0
2009-06-12,,3.81,,12,6,0,0,0
2009-06-15,,3.76,,15,6,1,0,0
2009-06-16,,3.67,,16,6,0,0,0
2009-06-17,,3.68,,17,6,0,0,0
2009-06-18,,3.86,,18,6,0,0,0
2009-06-19,,3.79,,19,6,0,0,0
2009-06-22,,3.72,,22,6,0,0,0
2009-06-23,,3.65,,23,6,0,0,0
2009-06-24,,3.72,,24,6,0,0,0
2009-06-25,,3.55,,25,6,0,0,0
2009-06-26,,3.52,,26,6,0,0,0
2009-06-29,,3.51,,29,6,0,0,0
2009-06-30,,3.53,,30,6,1,1,0
2009-07-01,0.16,3.55,9.5,1,7,0,0,0
2009-07-02,,3.51,,2,7,0,0,0
2009-07-03,,,,3,7,0,0,0
2009-07-06,,3.52,,6,7,0,0,0
2009-07-07,,3.47,,7,7,0,0,0
2009-07-08,,3.33,,8,7,0,0,0
2009-07-09,,3.44,,9,7,0,0,0
2009-07-10,,3.32,,10,7,0,0,0
2009-07-13,,3.38,,13,7,0,0,0
2009-07-14,,3.5,,14,7,0,0,0
2009-07-15,,3.63,,15,7,1,0,0
2009-07-16,,3.59,,16,7,0,0,0
2009-07-17,,3.67,,17,7,0,0,0
2009-07-20,,3.61,,20,7,0,0,0
2009-07-21,,3.5,,21,7,0,0,0
2009-07-22,,3.58,,22,7,0,0,0
2009-07-23,,3.72,,23,7,0,0,0
2009-07-24,,3.7,,24,7,0,0,0
2009-07-27,,3.75,,27,7,0,0,0
2009-07-28,,3.72,,28,7,0,0,0
2009-07-29,,3.69,,29,7,0,0,0
2009-07-30,,3.67,,30,7,0,0,0
2009-07-31,,3.52,,31,7,1,0,0
2009-08-01,0.16,,9.6,1,8,0,0,0
2009-08-03,,3.66,,3,8,0,0,0
2009-08-04,,3.7,,4,8,0,0,0
2009-08-05,,3.8,,5,8,0,0,0
2009-08-06,,3.79,,6,8,0,0,0
2009-08-07,,3.89,,7,8,0,0,0
2009-08-10,,3.8,,10,8,0,0,0
2009-08-11,,3.71,,11,8,0,0,0
2009-08-12,,3.72,,12,8,0,0,0
2009-08-13,,3.59,,13,8,0,0,0
2009-08-14,,3.55,,14,8,0,0,0
2009-08-17,,3.48,,17,8,0,0,0
2009-08-18,,3.51,,18,8,0,0,0
2009-08-19,,3.45,,19,8,0,0,0
2009-08-20,,3.42,,20,8,0,0,0
2009-08-21,,3.56,,21,8,0,0,0
2009-08-24,,3.48,,24,8,0,0,0
2009-08-25,,3.45,,25,8,0,0,0
2009-08-26,,3.44,,26,8,0,0,0
2009-08-27,,3.47,,27,8,0,0,0
2009-08-28,,3.46,,28,8,0,0,0
2009-08-31,,3.4,,31,8,1,0,0
2009-09-01,0.15,3.38,9.8,1,9,0,0,0
2009-09-02,,3.29,,2,9,0,0,0
2009-09-03,,3.33,,3,9,0,0,0
2009-09-04,,3.45,,4,9,0,0,0
2009-09-07,,,,7,9,0,0,0
2009-09-08,,3.47,,8,9,0,0,0
2009-09-09,,3.48,,9,9,0,0,0
2009-09-10,,3.36,,10,9,0,0,0
2009-09-11,,3.34,,11,9,0,0,0
2009-09-14,,3.42,,14,9,0,0,0
2009-09-15,,3.47,,15,9,1,0,0
2009-09-16,,3.48,,16,9,0,0,0
2009-09-17,,3.42,,17,9,0,0,0
2009-09-18,,3.49,,18,9,0,0,0
2009-09-21,,3.49,,21,9,0,0,0
2009-09-22,,3.46,,22,9,0,0,0
2009-09-23,,3.44,,23,9,0,0,0
2009-09-24,,3.4,,24,9,0,0,0
2009-09-25,,3.34,,25,9,0,0,0
2009-09-28,,3.31,,28,9,0,0,0
2009-09-29,,3.31,,29,9,0,0,0
2009-09-30,,3.31,,30,9,1,1,0
2009-10-01,0.12,3.21,10.0,1,10,0,0,0
2009-10-02,,3.24,,2,10,0,0,0
2009-10-05,,3.24,,5,10,0,0,0
2009-10-06,,3.27,,6,10,0,0,0
2009-10-07,,3.21,,7,10,0,0,0
2009-10-08,,3.27,,8,10,0,0,0
2009-10-09,,3.4,,9,10,0,0,0
2009-10-12,,,,12,10,0,0,0
2009-10-13,,3.34,,13,10,0,0,0
2009-10-14,,3.45,,14,10,0,0,0
2009-10-15,,3.49,,15,10,1,0,0
2009-10-16,,3.43,,16,10,0,0,0
2009-10-19,,3.41,,19,10,0,0,0
2009-10-20,,3.35,,20,10,0,0,0
2009-10-21,,3.42,,21,10,0,0,0
2009-10-22,,3.44,,22,10,0,0,0
2009-10-23,,3.51,,23,10,0,0,0
2009-10-26,,3.59,,26,10,0,0,0
2009-10-27,,3.49,,27,10,0,0,0
2009-10-28,,3.44,,28,10,0,0,0
2009-10-29,,3.53,,29,10,0,0,0
2009-10-30,,3.41,,30,10,0,0,0
2009-11-01,0.12,,9.9,1,11,0,0,0
2009-11-02,,3.45,,2,11,0,0,0
2009-11-03,,3.5,,3,11,0,0,0
2009-11-04,,3.57,,4,11,0,0,0
2009-11-05,,3.57,,5,11,0,0,0
2009-11-06,,3.54,,6,11,0,0,0
2009-11-09,,3.52,,9,11,0,0,0
2009-11-10,,3.5,,10,11,0,0,0
2009-11-11,,,,11,11,0,0,0
2009-11-12,,3.45,,12,11,0,0,0
2009-11-13,,3.43,,13,11,0,0,0
2009-11-16,,3.33,,16,11,0,0,0
2009-11-17,,3.33,,17,11,0,0,0
2009-11-18,,3.36,,18,11,0,0,0
2009-11-19,,3.35,,19,11,0,0,0
2009-11-20,,3.36,,20,11,0,0,0
2009-11-23,,3.37,,23,11,0,0,0
2009-11-24,,3.32,,24,11,0,0,0
2009-11-25,,3.28,,25,11,0,0,0
2009-11-26,,,,26,11,0,0,0
2009-11-27,,3.21,,27,11,0,0,0
2009-11-30,,3.21,,30,11,1,0,0
2009-12-01,0.12,3.28,9.9,1,12,0,0,0
2009-12-02,,3.32,,2,12,0,0,0
2009-12-03,,3.39,,3,12,0,0,0
2009-12-04,,3.48,,4,12,0,0,0
2009-12-07,,3.44,,7,12,0,0,0
2009-12-08,,3.4,,8,12,0,0,0
2009-12-09,,3.45,,9,12,0,0,0
2009-12-10,,3.49,,10,12,0,0,0
2009-12-11,,3.55,,11,12,0,0,0
2009-12-14,,3.56,,14,12,0,0,0
2009-12-15,,3.6,,15,12,1,0,0
2009-12-16,,3.61,,16,12,0,0,0
2009-12-17,,3.5,,17,12,0,0,0
2009-12-18,,3.55,,18,12,0,0,0
2009-12-21,,3.69,,21,12,0,0,0
2009-12-22,,3.76,,22,12,0,0,0
2009-12-23,,3.77,,23,12,0,0,0
2009-12-24,,3.82,,24,12,0,0,0
2009-12-25,,,,25,12,0,0,0
2009-12-28,,3.85,,28,12,0,0,0
2009-12-29,,3.82,,29,12,0,0,0
2009-12-30,,3.8,,30,12,0,0,0
2009-12-31,,3.85,,31,12,1,1,0
2010-01-01,0.11,,9.8,1,1,0,0,0
2010-01-04,,3.85,,4,1,0,0,0
2010-01-05,,3.77,,5,1,0,0,0
2010-01-06,,3.85,,6,1,0,0,0
2010-01-07,,3.85,,7,1,0,0,0
2010-01-08,,3.83,,8,1,0,0,0
2010-01-11,,3.85,,11,1,0,0,0
2010-01-12,,3.74,,12,1,0,0,0
2010-01-13,,3.8,,13,1,0,0,0
2010-01-14,,3.76,,14,1,0,0,0
2010-01-15,,3.7,,15,1,1,0,0
2010-01-18,,,,18,1,0,0,0
2010-01-19,,3.73,,19,1,0,0,0
2010-01-20,,3.68,,20,1,0,0,0
2010-01-21,,3.62,,21,1,0,0,0
2010-01-22,,3.62,,22,1,0,0,0
2010-01-25,,3.66,,25,1,0,0,0
2010-01-26,,3.65,,26,1,0,0,0
2010-01-27,,3.66,,27,1,0,0,0
2010-01-28,,3.68,,28,1,0,0,0
2010-01-29,,3.63,,29,1,0,0,0
2010-02-01,0.13,3.68,9.8,1,2,0,0,0
2010-02-02,,3.67,,2,2,0,0,0
2010-02-03,,3.73,,3,2,0,0,0
2010-02-04,,3.62,,4,2,0,0,0
2010-02-05,,3.59,,5,2,0,0,0
2010-02-08,,3.62,,8,2,0,0,0
2010-02-09,,3.67,,9,2,0,0,0
2010-02-10,,3.72,,10,2,0,0,0
2010-02-11,,3.73,,11,2,0,0,0
2010-02-12,,3.69,,12,2,0,0,0
2010-02-15,,,,15,2,1,0,0
2010-02-16,,3.66,,16,2,0,0,0
2010-02-17,,3.74,,17,2,0,0,0
2010-02-18,,3.79,,18,2,0,0,0
2010-02-19,,3.78,,19,2,0,0,0
2010-02-22,,3.8,,22,2,0,0,0
2010-02-23,,3.69,,23,2,0,0,0
2010-02-24,,3.7,,24,2,0,0,0
2010-02-25,,3.64,,25,2,0,0,0
2010-02-26,,3.61,,26,2,0,0,0
2010-03-01,0.16,3.61,9.9,1,3,0,0,0
2010-03-02,,3.62,,2,3,0,0,0
2010-03-03,,3.63,,3,3,0,0,0
2010-03-04,,3.61,,4,3,0,0,0
2010-03-05,,3.69,,5,3,0,0,0
2010-03-08,,3.72,,8,3,0,0,0
2010-03-09,,3.71,,9,3,0,0,0
2010-03-10,,3.73,,10,3,0,0,0
2010-03-11,,3.73,,11,3,0,0,0
2010-03-12,,3.71,,12,3,0,0,0
2010-03-15,,3.71,,15,3,1,0,0
2010-03-16,,3.66,,16,3,0,0,0
2010-03-17,,3.65,,17,3,0,0,0
2010-03-18,,3.68,,18,3,0,0,0
2010-03-19,,3.7,,19,3,0,0,0
2010-03-22,,3.67,,22,3,0,0,0
2010-03-23,,3.69,,23,3,0,0,0
2010-03-24,,3.84,,24,3,0,0,0
2010-03-25,,3.91,,25,3,0,0,0
2010-03-26,,3.86,,26,3,0,0,0
2010-03-29,,3.88,,29,3,0,0,0
2010-03-30,,3.88,,30,3,0,0,0
2010-03-31,,3.84,,31,3,1,1,0
2010-04-01,0.2,3.89,9.9,1,4,0,0,0
2010-04-02,,3.96,,2,4,0,0,0
2010-04-05,,4.01,,5,4,0,0,0
2010-04-06,,3.98,,6,4,0,0,0
2010-04-07,,3.89,,7,4,0,0,0
2010-04-08,,3.91,,8,4,0,0,0
2010-04-09,,3.9,,9,4,0,0,0
2010-04-12,,3.87,,12,4,0,0,0
2010-04-13,,3.84,,13,4,0,0,0
2010-04-14,,3.88,,14,4,0,0,0
2010-04-15,,3.86,,15,4,1,0,0
2010-04-16,,3.79,,16,4,0,0,0
2010-04-19,,3.83,,19,4,0,0,0
2010-04-20,,3.82,,20,4,0,0,0
2010-04-21,,3.77,,21,4,0,0,0
2010-04-22,,3.8,,22,4,0,0,0
2010-04-23,,3.84,,23,4,0,0,0
2010-04-26,,3.83,,26,4,0,0,0
2010-04-27,,3.71,,27,4,0,0,0
2010-04-28,,3.8,,28,4,0,0,0
2010-04-29,,3.76,,29,4,0,0,0
2010-04-30,,3.69,,30,4,1,0,0
2010-05-01,0.2,,9.6,1,5,0,0,0
2010-05-03,,3.72,,3,5,0,0,0
2010-05-04,,3.63,,4,5,0,0,0
2010-05-05,,3.58,,5,5,0,0,0
2010-05-06,,3.41,,6,5,0,0,0
2010-05-07,,3.45,,7,5,0,0,0
2010-05-10,,3.57,,10,5,0,0,0
2010-05-11,,3.56,,11,5,0,0,0
2010-05-12,,3.56,,12,5,0,0,0
2010-05-13,,3.55,,13,5,0,0,0
2010-05-14,,3.44,,14,5,0,0,0
2010-05-17,,3.47,,17,5,0,0,0
2010-05-18,,3.38,,18,5,0,0,0
2010-05-19,,3.36,,19,5,0,0,0
2010-05-20,,3.25,,20,5,0,0,0
2010-05-21,,3.2,,21,5,0,0,0
2010-05-24,,3.23,,24,5,0,0,0
2010-05-25,,3.18,,25,5,0,0,0
2010-05-26,,3.21,,26,5,0,0,0
2010-05-27,,3.34,,27,5,0,0,0
2010-05-28,,3.31,,28,5,0,0,0
2010-05-31,,,,31,5,1,0,0
2010-06-01,0.18,3.29,9.4,1,6,0,0,0
2010-06-02,,3.35,,2,6,0,0,0
2010-06-03,,3.39,,3,6,0,0,0
2010-06-04,,3.2,,4,6,0,0,0
2010-06-07,,3.17,,7,6,0,0,0
2010-06-08,,3.18,,8,6,0,0,0
2010-06-09,,3.2,,9,6,0,0,0
2010-06-10,,3.33,,10,6,0,0,0
2010-06-11,,3.24,,11,6,0,0,0
2010-06-14,,3.28,,14,6,0,0,0
2010-06-15,,3.32,,15,6,1,0,0
2010-06-16,,3.27,,16,6,0,0,0
2010-06-17,,3.21,,17,6,0,0,0
2010-06-18,,3.24,,18,6,0,0,0
2010-06-21,,3.26,,21,6,0,0,0
2010-06-22,,3.18,,22,6,0,0,0
2010-06-23,,3.13,,23,6,0,0,0
2010-06-24,,3.14,,24,6,0,0,0
2010-06-25,,3.12,,25,6,0,0,0
2010-06-28,,3.05,,28,6,0,0,0
2010-06-29,,2.97,,29,6,0,0,0
2010-06-30,,2.97,,30,6,1,1,0
2010-07-01,0.18,2.96,9.4,1,7,0,0,0
2010-07-02,,3.0,,2,7,0,0,0
2010-07-05,,,,5,7,0,0,0
2010-07-06,,2.95,,6,7,0,0,0
2010-07-07,,3.0,,7,7,0,0,0
2010-07-08,,3.04,,8,7,0,0,0
2010-07-09,,3.07,,9,7,0,0,0
2010-07-12,,3.08,,12,7,0,0,0
2010-07-13,,3.15,,13,7,0,0,0
2010-07-14,,3.07,,14,7,0,0,0
2010-07-15,,3.0,,15,7,1,0,0
2010-07-16,,2.96,,16,7,0,0,0
2010-07-19,,2.99,,19,7,0,0,0
2010-07-20,,2.98,,20,7,0,0,0
2010-07-21,,2.9,,21,7,0,0,0
2010-07-22,,2.96,,22,7,0,0,0
2010-07-23,,3.02,,23,7,0,0,0
2010-07-26,,3.03,,26,7,0,0,0
2010-07-27,,3.08,,27,7,0,0,0
2010-07-28,,3.03,,28,7,0,0,0
2010-07-29,,3.03,,29,7,0,0,0
2010-07-30,,2.94,,30,7,0,0,0
2010-08-01,0.19,,9.5,1,8,0,0,0
2010-08-02,,2.99,,2,8,0,0,0
2010-08-03,,2.94,,3,8,0,0,0
2010-08-04,,2.98,,4,8,0,0,0
2010-08-05,,2.94,,5,8,0,0,0
2010-08-06,,2.86,,6,8,0,0,0
2010-08-09,,2.86,,9,8,0,0,0
2010-08-10,,2.79,,10,8,0,0,0
2010-08-11,,2.72,,11,8,0,0,0
2010-08-12,,2.74,,12,8,0,0,0
2010-08-13,,2.68,,13,8,0,0,0
2010-08-16,,2.58,,16,8,0,0,0
2010-08-17,,2.64,,17,8,0,0,0
2010-08-18,,2.64,,18,8,0,0,0
2010-08-19,,2.58,,19,8,0,0,0
2010-08-20,,2.62,,20,8,0,0,0
2010-08-23,,2.6,,23,8,0,0,0
2010-08-24,,2.5,,24,8,0,0,0
2010-08-25,,2.54,,25,8,0,0,0
2010-08-26,,2.5,,26,8,0,0,0
2010-08-27,,2.66,,27,8,0,0,0
2010-08-30,,2.54,,30,8,0,0,0
2010-08-31,,2.47,,31,8,1,0,0
2010-09-01,0.19,2.58,9.5,1,9,0,0,0
2010-09-02,,2.63,,2,9,0,0,0
2010-09-03,,2.72,,3,9,0,0,0
2010-09-06,,,,6,9,0,0,0
2010-09-07,,2.61,,7,9,0,0,0
2010-09-08,,2.66,,8,9,0,0,0
2010-09-09,,2.77,,9,9,0,0,0
2010-09-10,,2.81,,10,9,0,0,0
2010-09-13,,2.74,,13,9,0,0,0
2010-09-14,,2.68,,14,9,0,0,0
2010-09-15,,2.74,,15,9,1,0,0
2010-09-16,,2.77,,16,9,0,0,0
2010-09-17,,2.75,,17,9,0,0,0
2010-09-20,,2.72,,20,9,0,0,0
2010-09-21,,2.61,,21,9,0,0,0
2010-09-22,,2.56,,22,9,0,0,0
2010-09-23,,2.56,,23,9,0,0,0
2010-09-24,,2.62,,24,9,0,0,0
2010-09-27,,2.54,,27,9,0,0,0
2010-09-28,,2.48,,28,9,0,0,0
2010-09-29,,2.52,,29,9,0,0,0
2010-09-30,,2.53,,30,9,1,1,0
2010-10-01,0.19,2.54,9.4,1,10,0,0,0
2010-10-04,,2.5,,4,10,0,0,0
2010-10-05,,2.5,,5,10,0,0,0
2010-10-06,,2.41,,6,10,0,0,0
2010-10-07,,2.41,,7,10,0,0,0
2010-10-08,,2.41,,8,10,0,0,0
2010-10-11,,,,11,10,0,0,0
2010-10-12,,2.44,,12,10,0,0,0
2010-10-13,,2.46,,13,10,0,0,0
2010-10-14,,2.52,,14,10,0,0,0
2010-10-15,,2.59,,15,10,1,0,0
2010-10-18,,2.52,,18,10,0,0,0
2010-10-19,,2.5,,19,10,0,0,0
2010-10-20,,2.51,,20,10,0,0,0
2010-10-21,,2.57,,21,10,0,0,0
2010-10-22,,2.59,,22,10,0,0,0
2010-10-25,,2.59,,25,10,0,0,0
2010-10-26,,2.67,,26,10,0,0,0
2010-10-27,,2.75,,27,10,0,0,0
2010-10-28,,2.69,,28,10,0,0,0
2010-10-29,,2.63,,29,10,0,0,0
2010-11-01,0.19,2.66,9.8,1,11,0,0,0
2010-11-02,,2.63,,2,11,0,0,0
2010-11-03,,2.67,,3,11,0,0,0
2010-11-04,,2.53,,4,11,0,0,0
2010-11-05,,2.58,,5,11,0,0,0
2010-11-08,,2.6,,8,11,0,0,0
2010-11-09,,2.72,,9,11,0,0,0
2010-11-10,,2.65,,10,11,0,0,0
2010-11-11,,,,11,11,0,0,0
2010-11-12,,2.76,,12,11,0,0,0
2010-11-15,,2.92,,15,11,1,0,0
2010-11-16,,2.85,,16,11,0,0,0
2010-11-17,,2.89,,17,11,0,0,0
2010-11-18,,2.9,,18,11,0,0,0
2010-11-19,,2.88,,19,11,0,0,0
2010-11-22,,2.8,,22,11,0,0,0
2010-11-23,,2.77,,23,11,0,0,0
2010-11-24,,2.93,,24,11,0,0,0
2010-11-25,,,,25,11,0,0,0
2010-11-26,,2.87,,26,11,0,0,0
2010-11-29,,2.84,,29,11,0,0,0
2010-11-30,,2.81,,30,11,1,0,0
2010-12-01,0.18,2.97,9.3,1,12,0,0,0
2010-12-02,,3.01,,2,12,0,0,0
2010-12-03,,3.03,,3,12,0,0,0
2010-12-06,,2.95,,6,12,0,0,0
2010-12-07,,3.15,,7,12,0,0,0
2010-12-08,,3.26,,8,12,0,0,0
2010-12-09,,3.23,,9,12,0,0,0
2010-12-10,,3.32,,10,12,0,0,0
2010-12-13,,3.29,,13,12,0,0,0
2010-12-14,,3.49,,14,12,0,0,0
2010-12-15,,3.53,,15,12,1,0,0
2010-12-16,,3.47,,16,12,0,0,0
2010-12-17,,3.33,,17,12,0,0,0
2010-12-20,,3.36,,20,12,0,0,0
2010-12-21,,3.35,,21,12,0,0,0
2010-12-22,,3.36,,22,12,0,0,0
2010-12-23,,3.41,,23,12,0,0,0
2010-12-24,,,,24,12,0,0,0
2010-12-27,,3.36,,27,12,0,0,0
2010-12-28,,3.5,,28,12,0,0,0
2010-12-29,,3.35,,29,12,0,0,0
2010-12-30,,3.38,,30,12,0,0,0
2010-12-31,,3.3,,31,12,1,1,0
2011-01-01,0.17,,9.1,1,1,0,0,0
2011-01-03,,3.36,,3,1,0,0,0
2011-01-04,,3.36,,4,1,0,0,0
2011-01-05,,3.5,,5,1,0,0,0
2011-01-06,,3.44,,6,1,0,0,0
2011-01-07,,3.34,,7,1,0,0,0
2011-01-10,,3.32,,10,1,0,0,0
2011-01-11,,3.37,,11,1,0,0,0
2011-01-12,,3.4,,12,1,0,0,0
2011-01-13,,3.34,,13,1,0,0,0
2011-01-14,,3.35,,14,1,0,0,0
2011-01-17,,,,17,1,0,0,0
2011-01-18,,3.39,,18,1,0,0,0
2011-01-19,,3.37,,19,1,0,0,0
2011-01-20,,3.47,,20,1,0,0,0
2011-01-21,,3.44,,21,1,0,0,0
2011-01-24,,3.43,,24,1,0,0,0
2011-01-25,,3.35,,25,1,0,0,0
2011-01-26,,3.45,,26,1,0,0,0
2011-01-27,,3.42,,27,1,0,0,0
2011-01-28,,3.36,,28,1,0,0,0
2011-01-31,,3.42,,31,1,1,0,0
2011-02-01,0.16,3.48,9.0,1,2,0,0,0
2011-02-02,,3.52,,2,2,0,0,0
2011-02-03,,3.58,,3,2,0,0,0
2011-02-04,,3.68,,4,2,0,0,0
2011-02-07,,3.68,,7,2,0,0,0
2011-02-08,,3.75,,8,2,0,0,0
2011-02-09,,3.65,,9,2,0,0,0
2011-02-10,,3.7,,10,2,0,0,0
2011-02-11,,3.64,,11,2,0,0,0
2011-02-14,,3.62,,14,2,0,0,0
2011-02-15,,3.61,,15,2,1,0,0
2011-02-16,,3.62,,16,2,0,0,0
2011-02-17,,3.58,,17,2,0,0,0
2011-02-18,,3.59,,18,2,0,0,0
2011-02-21,,,,21,2,0,0,0
2011-02-22,,3.46,,22,2,0,0,0
2011-02-23,,3.49,,23,2,0,0,0
2011-02-24,,3.46,,24,2,0,0,0
2011-02-25,,3.42,,25,2,0,0,0
2011-02-28,,3.42,,28,2,1,0,0
2011-03-01,0.14,3.41,9.0,1,3,0,0,0
2011-03-02,,3.46,,2,3,0,0,0
2011-03-03,,3.58,,3,3,0,0,0
2011-03-04,,3.49,,4,3,0,0,0
2011-03-07,,3.51,,7,3,0,0,0
2011-03-08,,3.56,,8,3,0,0,0
2011-03-09,,3.48,,9,3,0,0,0
2011-03-10,,3.37,,10,3,0,0,0
2011-03-11,,3.4,,11,3,0,0,0
2011-03-14,,3.36,,14,3,0,0,0
2011-03-15,,3.33,,15,3,1,0,0
2011-03-16,,3.22,,16,3,0,0,0
2011-03-17,,3.25,,17,3,0,0,0
2011-03-18,,3.28,,18,3,0,0,0
2011-03-21,,3.34,,21,3,0,0,0
2011-03-22,,3.34,,22,3,0,0,0
2011-03-23,,3.36,,23,3,0,0,0
2011-03-24,,3.42,,24,3,0,0,0
2011-03-25,,3.46,,25,3,0,0,0
2011-03-28,,3.47,,28,3,0,0,0
2011-03-29,,3.5,,29,3,0,0,0
2011-03-30,,3.47,,30,3,0,0,0
2011-03-31,,3.47,,31,3,1,1,0
2011-04-01,0.1,3.46,9.1,1,4,0,0,0
2011-04-04,,3.45,,4,4,0,0,0
2011-04-05,,3.5,,5,4,0,0,0
2011-04-06,,3.56,,6,4,0,0,0
2011-04-07,,3.58,,7,4,0,0,0
2011-04-08,,3.59,,8,4,0,0,0
2011-04-11,,3.59,,11,4,0,0,0
2011-04-12,,3.52,,12,4,0,0,0
2011-04-13,,3.49,,13,4,0,0,0
2011-04-14,,3.51,,14,4,0,0,0
2011-04-15,,3.43,,15,4,1,0,0
2011-04-18,,3.4,,18,4,0,0,0
2011-04-19,,3.39,,19,4,0,0,0
2011-04-20,,3.43,,20,4,0,0,0
2011-04-21,,3.42,,21,4,0,0,0
2011-04-22,,,,22,4,0,0,0
2011-04-25,,3.39,,25,4,0,0,0
2011-04-26,,3.34,,26,4,0,0,0
2011-04-27,,3.39,,27,4,0,0,0
2011-04-28,,3.34,,28,4,0,0,0
2011-04-29,,3.32,,29,4,0,0,0
2011-05-01,0.09,,9.0,1,5,0,0,0
2011-05-02,,3.31,,2,5,0,0,0
2011-05-03,,3.28,,3,5,0,0,0
2011-05-04,,3.25,,4,5,0,0,0
2011-05-05,,3.18,,5,5,0,0,0
2011-05-06,,3.19,,6,5,0,0,0
2011-05-09,,3.17,,9,5,0,0,0
2011-05-10,,3.23,,10,5,0,0,0
2011-05-11,,3.19,,11,5,0,0,0
2011-05-12,,3.22,,12,5,0,0,0
2011-05-13,,3.18,,13,5,0,0,0
2011-05-16,,3.15,,16,5,0,0,0
2011-05-17,,3.12,,17,5,0,0,0
2011-05-18,,3.18,,18,5,0,0,0
2011-05-19,,3.17,,19,5,0,0,0
2011-05-20,,3.15,,20,5,0,0,0
2011-05-23,,3.13,,23,5,0,0,0
2011-05-24,,3.12,,24,5,0,0,0
2011-05-25,,3.13,,25,5,0,0,0
2011-05-26,,3.07,,26,5,0,0,0
2011-05-27,,3.07,,27,5,0,0,0
2011-05-30,,,,30,5,0,0,0
2011-05-31,,3.05,,31,5,1,0,0
2011-06-01,0.09,2.96,9.1,1,6,0,0,0
2011-06-02,,3.04,,2,6,0,0,0
2011-06-03,,2.99,,3,6,0,0,0
2011-06-06,,3.01,,6,6,0,0,0
2011-06-07,,3.01,,7,6,0,0,0
2011-06-08,,2.98,,8,6,0,0,0
2011-06-09,,3.01,,9,6,0,0,0
2011-06-10,,2.99,,10,6,0,0,0
2011-06-13,,3.0,,13,6,0,0,0
2011-06-14,,3.11,,14,6,0,0,0
2011-06-15,,2.98,,15,6,1,0,0
2011-06-16,,2.93,,16,6,0,0,0
2011-06-17,,2.94,,17,6,0,0,0
2011-06-20,,2.97,,20,6,0,0,0
2011-06-21,,2.99,,21,6,0,0,0
2011-06-22,,3.01,,22,6,0,0,0
2011-06-23,,2.93,,23,6,0,0,0
2011-06-24,,2.88,,24,6,0,0,0
2011-06-27,,2.95,,27,6,0,0,0
2011-06-28,,3.05,,28,6,0,0,0
2011-06-29,,3.14,,29,6,0,0,0
2011-06-30,,3.18,,30,6,1,1,0
2011-07-01,0.07,3.22,9.0,1,7,0,0,0
2011-07-04,,,,4,7,0,0,0
2011-07-05,,3.16,,5,7,0,0,0
2011-07-06,,3.12,,6,7,0,0,0
2011-07-07,,3.17,,7,7,0,0,0
2011-07-08,,3.03,,8,7,0,0,0
2011-07-11,,2.94,,11,7,0,0,0
2011-07-12,,2.92,,12,7,0,0,0
2011-07-13,,2.92,,13,7,0,0,0
2011-07-14,,2.98,,14,7,0,0,0
2011-07-15,,2.94,,15,7,1,0,0
2011-07-18,,2.94,,18,7,0,0,0
2011-07-19,,2.91,,19,7,0,0,0
2011-07-20,,2.96,,20,7,0,0,0
2011-07-21,,3.03,,21,7,0,0,0
2011-07-22,,2.99,,22,7,0,0,0
2011-07-25,,3.03,,25,7,0,0,0
2011-07-26,,2.99,,26,7,0,0,0
2011-07-27,,3.01,,27,7,0,0,0
2011-07-28,,2.98,,28,7,0,0,0
2011-07-29,,2.82,,29,7,0,0,0
2011-08-01,0.1,2.77,9.0,1,8,0,0,0
2011-08-02,,2.66,,2,8,0,0,0
2011-08-03,,2.64,,3,8,0,0,0
2011-08-04,,2.47,,4,8,0,0,0
2011-08-05,,2.58,,5,8,0,0,0
2011-08-08,,2.4,,8,8,0,0,0
2011-08-09,,2.2,,9,8,0,0,0
2011-08-10,,2.17,,10,8,0,0,0
2011-08-11,,2.34,,11,8,0,0,0
2011-08-12,,2.24,,12,8,0,0,0
2011-08-15,,2.29,,15,8,1,0,0
2011-08-16,,2.23,,16,8,0,0,0
2011-08-17,,2.17,,17,8,0,0,0
2011-08-18,,2.08,,18,8,0,0,0
2011-08-19,,2.07,,19,8,0,0,0
2011-08-22,,2.1,,22,8,0,0,0
2011-08-23,,2.15,,23,8,0,0,0
2011-08-24,,2.29,,24,8,0,0,0
2011-08-25,,2.23,,25,8,0,0,0
2011-08-26,,2.19,,26,8,0,0,0
2011-08-29,,2.28,,29,8,0,0,0
2011-08-30,,2.19,,30,8,0,0,0
2011-08-31,,2.23,,31,8,1,0,0
2011-09-01,0.08,2.15,9.0,1,9,0,0,0
2011-09-02,,2.02,,2,9,0,0,0
2011-09-05,,,,5,9,0,0,0
2011-09-06,,1.98,,6,9,0,0,0
2011-09-07,,2.05,,7,9,0,0,0
2011-09-08,,2.0,,8,9,0,0,0
2011-09-09,,1.93,,9,9,0,0,0
2011-09-12,,1.94,,12,9,0,0,0
2011-09-13,,2.0,,13,9,0,0,0
2011-09-14,,2.03,,14,9,0,0,0
2011-09-15,,2.09,,15,9,1,0,0
2011-09-16,,2.08,,16,9,0,0,0
2011-09-19,,1.97,,19,9,0,0,0
2011-09-20,,1.95,,20,9,0,0,0
2011-09-21,,1.88,,21,9,0,0,0
2011-09-22,,1.72,,22,9,0,0,0
2011-09-23,,1.84,,23,9,0,0,0
2011-09-26,,1.91,,26,9,0,0,0
2011-09-27,,2.0,,27,9,0,0,0
2011-09-28,,2.03,,28,9,0,0,0
2011-09-29,,1.99,,29,9,0,0,0
2011-09-30,,1.92,,30,9,1,1,0
2011-10-01,0.07,,8.8,1,10,0,0,0
2011-10-03,,1.8,,3,10,0,0,0
2011-10-04,,1.81,,4,10,0,0,0
2011-10-05,,1.92,,5,10,0,0,0
2011-10-06,,2.01,,6,10,0,0,0
2011-10-07,,2.1,,7,10,0,0,0
2011-10-10,,,,10,10,0,0,0
2011-10-11,,2.18,,11,10,0,0,0
2011-10-12,,2.24,,12,10,0,0,0
2011-10-13,,2.19,,13,10,0,0,0
2011-10-14,,2.26,,14,10,0,0,0
2011-10-17,,2.18,,17,10,0,0,0
2011-10-18,,2.19,,18,10,0,0,0
2011-10-19,,2.18,,19,10,0,0,0
2011-10-20,,2.2,,20,10,0,0,0
2011-10-21,,2.23,,21,10,0,0,0
2011-10-24,,2.25,,24,10,0,0,0
2011-10-25,,2.14,,25,10,0,0,0
2011-10-26,,2.23,,26,10,0,0,0
2011-10-27,,2.42,,27,10,0,0,0
2011-10-28,,2.34,,28,10,0,0,0
2011-10-31,,2.17,,31,10,1,0,0
2011-11-01,0.08,2.01,8.6,1,11,0,0,0
2011-11-02,,2.03,,2,11,0,0,0
2011-11-03,,2.09,,3,11,0,0,0
2011-11-04,,2.06,,4,11,0,0,0
2011-11-07,,2.04,,7,11,0,0,0
2011-11-08,,2.1,,8,11,0,0,0
2011-11-09,,2.0,,9,11,0,0,0
2011-11-10,,2.04,,10,11,0,0,0
2011-11-11,,,,11,11,0,0,0
2011-11-14,,2.04,,14,11,0,0,0
2011-11-15,,2.06,,15,11,1,0,0
2011-11-16,,2.01,,16,11,0,0,0
2011-11-17,,1.96,,17,11,0,0,0
2011-11-18,,2.01,,18,11,0,0,0
2011-11-21,,1.97,,21,11,0,0,0
2011-11-22,,1.94,,22,11,0,0,0
2011-11-23,,1.89,,23,11,0,0,0
2011-11-24,,,,24,11,0,0,0
2011-11-25,,1.97,,25,11,0,0,0
2011-11-28,,1.97,,28,11,0,0,0
2011-11-29,,2.0,,29,11,0,0,0
2011-11-30,,2.08,,30,11,1,0,0
2011-12-01,0.07,2.11,8.5,1,12,0,0,0
2011-12-02,,2.05,,2,12,0,0,0
2011-12-05,,2.04,,5,12,0,0,0
2011-12-06,,2.08,,6,12,0,0,0
2011-12-07,,2.02,,7,12,0,0,0
2011-12-08,,1.99,,8,12,0,0,0
2011-12-09,,2.07,,9,12,0,0,0
2011-12-12,,2.03,,12,12,0,0,0
2011-12-13,,1.96,,13,12,0,0,0
2011-12-14,,1.92,,14,12,0,0,0
2011-12-15,,1.92,,15,12,1,0,0
2011-12-16,,1.86,,16,12,0,0,0
2011-12-19,,1.82,,19,12,0,0,0
2011-12-20,,1.94,,20,12,0,0,0
2011-12-21,,1.98,,21,12,0,0,0
2011-12-22,,1.97,,22,12,0,0,0
2011-12-23,,2.03,,23,12,0,0,0
2011-12-26,,,,26,12,0,0,0
2011-12-27,,2.02,,27,12,0,0,0
2011-12-28,,1.93,,28,12,0,0,0
2011-12-29,,1.91,,29,12,0,0,0
2011-12-30,,1.89,,30,12,0,0,0
2012-01-01,0.08,,8.3,1,1,0,0,0
2012-01-02,,,,2,1,0,0,0
2012-01-03,,1.97,,3,1,0,0,0
2012-01-04,,2.0,,4,1,0,0,0
2012-01-05,,2.02,,5,1,0,0,0
2012-01-06,,1.98,,6,1,0,0,0
2012-01-09,,1.98,,9,1,0,0,0
2012-01-10,,2.0,,10,1,0,0,0
2012-01-11,,1.93,,11,1,0,0,0
2012-01-12,,1.94,,12,1,0,0,0
2012-01-13,,1.89,,13,1,0,0,0
2012-01-16,,,,16,1,0,0,0
2012-01-17,,1.87,,17,1,0,0,0
2012-01-18,,1.92,,18,1,0,0,0
2012-01-19,,2.01,,19,1,0,0,0
2012-01-20,,2.05,,20,1,0,0,0
2012-01-23,,2.09,,23,1,0,0,0
2012-01-24,,2.08,,24,1,0,0,0
2012-01-25,,2.01,,25,1,0,0,0
2012-01-26,,1.96,,26,1,0,0,0
2012-01-27,,1.93,,27,1,0,0,0
2012-01-30,,1.87,,30,1,0,0,0
2012-01-31,,1.83,,31,1,1,0,0
2012-02-01,0.1,1.87,8.3,1,2,0,0,0
2012-02-02,,1.86,,2,2,0,0,0
2012-02-03,,1.97,,3,2,0,0,0
2012-02-06,,1.93,,6,2,0,0,0
2012-02-07,,2.0,,7,2,0,0,0
2012-02-08,,2.01,,8,2,0,0,0
2012-02-09,,2.04,,9,2,0,0,0
2012-02-10,,1.96,,10,2,0,0,0
2012-02-13,,1.99,,13,2,0,0,0
2012-02-14,,1.92,,14,2,0,0,0
2012-02-15,,1.93,,15,2,1,0,0
2012-02-16,,1.99,,16,2,0,0,0
2012-02-17,,2.01,,17,2,0,0,0
2012-02-20,,,,20,2,0,0,0
2012-02-21,,2.05,,21,2,0,0,0
2012-02-22,,2.01,,22,2,0,0,0
2012-02-23,,1.99,,23,2,0,0,0
2012-02-24,,1.98,,24,2,0,0,0
2012-02-27,,1.92,,27,2,0,0,0
2012-02-28,,1.94,,28,2,0,0,0
2012-02-29,,1.98,,29,2,1,0,0
2012-03-01,0.13,2.03,8.2,1,3,0,0,0
2012-03-02,,1.99,,2,3,0,0,0
2012-03-05,,2.0,,5,3,0,0,0
2012-03-06,,1.96,,6,3,0,0,0
2012-03-07,,1.98,,7,3,0,0,0
2012-03-08,,2.03,,8,3,0,0,0
2012-03-09,,2.04,,9,3,0,0,0
2012-03-12,,2.04,,12,3,0,0,0
2012-03-13,,2.14,,13,3,0,0,0
2012-03-14,,2.29,,14,3,0,0,0
2012-03-15,,2.29,,15,3,1,0,0
2012-03-16,,2.31,,16,3,0,0,0
2012-03-19,,2.39,,19,3,0,0,0
2012-03-20,,2.38,,20,3,0,0,0
2012-03-21,,2.31,,21,3,0,0,0
2012-03-22,,2.29,,22,3,0,0,0
2012-03-23,,2.25,,23,3,0,0,0
2012-03-26,,2.26,,26,3,0,0,0
2012-03-27,,2.2,,27,3,0,0,0
2012-03-28,,2.21,,28,3,0,0,0
2012-03-29,,2.18,,29,3,0,0,0
2012-03-30,,2.23,,30,3,0,0,0
2012-04-01,0.14,,8.2,1,4,0,0,0
2012-04-02,,2.22,,2,4,0,0,0
2012-04-03,,2.3,,3,4,0,0,0
2012-04-04,,2.25,,4,4,0,0,0
2012-04-05,,2.19,,5,4,0,0,0
2012-04-06,,2.07,,6,4,0,0,0
2012-04-09,,2.06,,9,4,0,0,0
2012-04-10,,2.01,,10,4,0,0,0
2012-04-11,,2.05,,11,4,0,0,0
2012-04-12,,2.08,,12,4,0,0,0
2012-04-13,,2.02,,13,4,0,0,0
2012-04-16,,2.0,,16,4,0,0,0
2012-04-17,,2.03,,17,4,0,0,0
2012-04-18,,2.0,,18,4,0,0,0
2012-04-19,,1.98,,19,4,0,0,0
2012-04-20,,1.99,,20,4,0,0,0
2012-04-23,,1.96,,23,4,0,0,0
2012-04-24,,2.0,,24,4,0,0,0
2012-04-25,,2.01,,25,4,0,0,0
2012-04-26,,1.98,,26,4,0,0,0
2012-04-27,,1.96,,27,4,0,0,0
2012-04-30,,1.95,,30,4,1,0,0
2012-05-01,0.16,1.98,8.2,1,5,0,0,0
2012-05-02,,1.96,,2,5,0,0,0
2012-05-03,,1.96,,3,5,0,0,0
2012-05-04,,1.91,,4,5,0,0,0
2012-05-07,,1.92,,7,5,0,0,0
2012-05-08,,1.88,,8,5,0,0,0
2012-05-09,,1.87,,9,5,0,0,0
2012-05-10,,1.89,,10,5,0,0,0
2012-05-11,,1.84,,11,5,0,0,0
2012-05-14,,1.78,,14,5,0,0,0
2012-05-15,,1.76,,15,5,1,0,0
2012-05-16,,1.76,,16,5,0,0,0
2012-05-17,,1.7,,17,5,0,0,0
2012-05-18,,1.71,,18,5,0,0,0
2012-05-21,,1.75,,21,5,0,0,0
2012-05-22,,1.79,,22,5,0,0,0
2012-05-23,,1.73,,23,5,0,0,0
2012-05-24,,1.77,,24,5,0,0,0
2012-05-25,,1.75,,25,5,0,0,0
2012-05-28,,,,28,5,0,0,0
2012-05-29,,1.74,,29,5,0,0,0
2012-05-30,,1.63,,30,5,0,0,0
2012-05-31,,1.59,,31,5,1,0,0
2012-06-01,0.16,1.47,8.2,1,6,0,0,0
2012-06-04,,1.53,,4,6,0,0,0
2012-06-05,,1.57,,5,6,0,0,0
2012-06-06,,1.66,,6,6,0,0,0
2012-06-07,,1.66,,7,6,0,0,0
2012-06-08,,1.65,,8,6,0,0,0
2012-06-11,,1.6,,11,6,0,0,0
2012-06-12,,1.67,,12,6,0,0,0
2012-06-13,,1.61,,13,6,0,0,0
2012-06-14,,1.64,,14,6,0,0,0
2012-06-15,,1.6,,15,6,1,0,0
2012-06-18,,1.59,,18,6,0,0,0
2012-06-19,,1.64,,19,6,0,0,0
2012-06-20,,1.65,,20,6,0,0,0
2012-06-21,,1.63,,21,6,0,0,0
2012-06-22,,1.69,,22,6,0,0,0
2012-06-25,,1.63,,25,6,0,0,0
2012-06-26,,1.66,,26,6,0,0,0
2012-06-27,,1.65,,27,6,0,0,0
2012-06-28,,1.6,,28,6,0,0,0
2012-06-29,,1.67,,29,6,0,0,0
2012-07-01,0.16,,8.2,1,7,0,0,0
2012-07-02,,1.61,,2,7,0,0,0
2012-07-03,,1.65,,3,7,0,0,0
2012-07-04,,,,4,7,0,0,0
2012-07-05,,1.62,,5,7,0,0,0
2012-07-06,,1.57,,6,7,0,0,0
2012-07-09,,1.53,,9,7,0,0,0
2012-07-10,,1.53,,10,7,0,0,0
2012-07-11,,1.54,,11,7,0,0,0
2012-07-12,,1.5,,12,7,0,0,0
2012-07-13,,1.52,,13,7,0,0,0
2012-07-16,,1.5,,16,7,0,0,0
2012-07-17,,1.53,,17,7,0,0,0
2012-07-18,,1.52,,18,7,0,0,0
2012-07-19,,1.54,,19,7,0,0,0
2012-07-20,,1.49,,20,7,0,0,0
2012-07-23,,1.47,,23,7,0,0,0
2012-07-24,,1.44,,24,7,0,0,0
2012-07-25,,1.43,,25,7,0,0,0
2012-07-26,,1.45,,26,7,0,0,0
2012-07-27,,1.58,,27,7,0,0,0
2012-07-30,,1.53,,30,7,0,0,0
2012-07-31,,1.51,,31,7,1,0,0
2012-08-01,0.13,1.56,8.1,1,8,0,0,0
2012-08-02,,1.51,,2,8,0,0,0
2012-08-03,,1.6,,3,8,0,0,0
2012-08-06,,1.59,,6,8,0,0,0
2012-08-07,,1.66,,7,8,0,0,0
2012-08-08,,1.68,,8,8,0,0,0
2012-08-09,,1.69,,9,8,0,0,0
2012-08-10,,1.65,,10,8,0,0,0
2012-08-13,,1.65,,13,8,0,0,0
2012-08-14,,1.73,,14,8,0,0,0
2012-08-15,,1.8,,15,8,1,0,0
2012-08-16,,1.83,,16,8,0,0,0
2012-08-17,,1.81,,17,8,0,0,0
2012-08-20,,1.82,,20,8,0,0,0
2012-08-21,,1.8,,21,8,0,0,0
2012-08-22,,1.71,,22,8,0,0,0
2012-08-23,,1.68,,23,8,0,0,0
2012-08-24,,1.68,,24,8,0,0,0
2012-08-27,,1.65,,27,8,0,0,0
2012-08-28,,1.64,,28,8,0,0,0
2012-08-29,,1.66,,29,8,0,0,0
2012-08-30,,1.63,,30,8,0,0,0
2012-08-31,,1.57,,31,8,1,0,0
2012-09-01,0.14,,7.8,1,9,0,0,0
2012-09-03,,,,3,9,0,0,0
2012-09-04,,1.59,,4,9,0,0,0
2012-09-05,,1.6,,5,9,0,0,0
2012-09-06,,1.68,,6,9,0,0,0
2012-09-07,,1.67,,7,9,0,0,0
2012-09-10,,1.68,,10,9,0,0,0
2012-09-11,,1.7,,11,9,0,0,0
2012-09-12,,1.77,,12,9,0,0,0
2012-09-13,,1.75,,13,9,0,0,0
2012-09-14,,1.88,,14,9,0,0,0
2012-09-17,,1.85,,17,9,0,0,0
2012-09-18,,1.82,,18,9,0,0,0
2012-09-19,,1.79,,19,9,0,0,0
2012-09-20,,1.8,,20,9,0,0,0
2012-09-21,,1.77,,21,9,0,0,0
2012-09-24,,1.74,,24,9,0,0,0
2012-09-25,,1.7,,25,9,0,0,0
2012-09-26,,1.64,,26,9,0,0,0
2012-09-27,,1.66,,27,9,0,0,0
2012-09-28,,1.65,,28,9,0,0,0
2012-10-01,0.16,1.64,7.8,1,10,0,0,0
2012-10-02,,1.64,,2,10,0,0,0
2012-10-03,,1.64,,3,10,0,0,0
2012-10-04,,1.7,,4,10,0,0,0
2012-10-05,,1.75,,5,10,0,0,0
2012-10-08,,,,8,10,0,0,0
2012-10-09,,1.74,,9,10,0,0,0
2012-10-10,,1.72,,10,10,0,0,0
2012-10-11,,1.7,,11,10,0,0,0
2012-10-12,,1.69,,12,10,0,0,0
2012-10-15,,1.7,,15,10,1,0,0
2012-10-16,,1.75,,16,10,0,0,0
2012-10-17,,1.83,,17,10,0,0,0
2012-10-18,,1.86,,18,10,0,0,0
2012-10-19,,1.79,,19,10,0,0,0
2012-10-22,,1.83,,22,10,0,0,0
2012-10-23,,1.79,,23,10,0,0,0
2012-10-24,,1.8,,24,10,0,0,0
2012-10-25,,1.86,,25,10,0,0,0
2012-10-26,,1.78,,26,10,0,0,0
2012-10-29,,1.74,,29,10,0,0,0
2012-10-30,,,,30,10,0,0,0
2012-10-31,,1.72,,31,10,1,0,0
2012-11-01,0.16,1.75,7.7,1,11,0,0,0
2012-11-02,,1.75,,2,11,0,0,0
2012-11-05,,1.72,,5,11,0,0,0
2012-11-06,,1.78,,6,11,0,0,0
2012-11-07,,1.68,,7,11,0,0,0
2012-11-08,,1.62,,8,11,0,0,0
2012-11-09,,1.61,,9,11,0,0,0
2012-11-12,,,,12,11,0,0,0
2012-11-13,,1.59,,13,11,0,0,0
2012-11-14,,1.59,,14,11,0,0,0
2012-11-15,,1.58,,15,11,1,0,0
2012-11-16,,1.58,,16,11,0,0,0
2012-11-19,,1.61,,19,11,0,0,0
2012-11-20,,1.66,,20,11,0,0,0
2012-11-21,,1.69,,21,11,0,0,0
2012-11-22,,,,22,11,0,0,0
2012-11-23,,1.7,,23,11,0,0,0
2012-11-26,,1.66,,26,11,0,0,0
2012-11-27,,1.64,,27,11,0,0,0
2012-11-28,,1.63,,28,11,0,0,0
2012-11-29,,1.62,,29,11,0,0,0
2012-11-30,,1.62,,30,11,1,0,0
2012-12-01,0.16,,7.9,1,12,0,0,0
2012-12-03,,1.63,,3,12,0,0,0
2012-12-04,,1.62,,4,12,0,0,0
2012-12-05,,1.6,,5,12,0,0,0
2012-12-06,,1.59,,6,12,0,0,0
2012-12-07,,1.64,,7,12,0,0,0
2012-12-10,,1.63,,10,12,0,0,0
2012-12-11,,1.66,,11,12,0,0,0
2012-12-12,,1.72,,12,12,0,0,0
2012-12-13,,1.74,,13,12,0,0,0
2012-12-14,,1.72,,14,12,0,0,0
2012-12-17,,1.78,,17,12,0,0,0
2012-12-18,,1.84,,18,12,0,0,0
2012-12-19,,1.82,,19,12,0,0,0
2012-12-20,,1.81,,20,12,0,0,0
2012-12-21,,1.77,,21,12,0,0,0
2012-12-24,,1.79,,24,12,0,0,0
2012-12-25,,,,25,12,0,0,0
2012-12-26,,1.77,,26,12,0,0,0
2012-12-27,,1.74,,27,12,0,0,0
2012-12-28,,1.73,,28,12,0,0,0
2012-12-31,,1.78,,31,12,1,1,0
2013-01-01,0.14,,8.0,1,1,0,0,0
2013-01-02,,1.86,,2,1,0,0,0
2013-01-03,,1.92,,3,1,0,0,0
2013-01-04,,1.93,,4,1,0,0,0
2013-01-07,,1.92,,7,1,0,0,0
2013-01-08,,1.89,,8,1,0,0,0
2013-01-09,,1.88,,9,1,0,0,0
2013-01-10,,1.91,,10,1,0,0,0
2013-01-11,,1.89,,11,1,0,0,0
2013-01-14,,1.89,,14,1,0,0,0
2013-01-15,,1.86,,15,1,1,0,0
2013-01-16,,1.84,,16,1,0,0,0
2013-01-17,,1.89,,17,1,0,0,0
2013-01-18,,1.87,,18,1,0,0,0
2013-01-21,,,,21,1,0,0,0
2013-01-22,,1.86,,22,1,0,0,0
2013-01-23,,1.86,,23,1,0,0,0
2013-01-24,,1.88,,24,1,0,0,0
2013-01-25,,1.98,,25,1,0,0,0
2013-01-28,,2.0,,28,1,0,0,0
2013-01-29,,2.03,,29,1,0,0,0
2013-01-30,,2.03,,30,1,0,0,0
2013-01-31,,2.02,,31,1,1,0,0
2013-02-01,0.15,2.04,7.7,1,2,0,0,0
2013-02-04,,2.0,,4,2,0,0,0
2013-02-05,,2.04,,5,2,0,0,0
2013-02-06,,2.0,,6,2,0,0,0
2013-02-07,,1.99,,7,2,0,0,0
2013-02-08,,1.99,,8,2,0,0,0
2013-02-11,,1.99,,11,2,0,0,0
2013-02-12,,2.02,,12,2,0,0,0
2013-02-13,,2.05,,13,2,0,0,0
2013-02-14,,2.0,,14,2,0,0,0
2013-02-15,,2.01,,15,2,1,0,0
2013-02-18,,,,18,2,0,0,0
2013-02-19,,2.03,,19,2,0,0,0
2013-02-20,,2.02,,20,2,0,0,0
2013-02-21,,1.99,,21,2,0,0,0
2013-02-22,,1.97,,22,2,0,0,0
2013-02-25,,1.88,,25,2,0,0,0
2013-02-26,,1.88,,26,2,0,0,0
2013-02-27,,1.91,,27,2,0,0,0
2013-02-28,,1.89,,28,2,1,0,0
2013-03-01,0.14,1.86,7.5,1,3,0,0,0
2013-03-04,,1.88,,4,3,0,0,0
2013-03-05,,1.9,,5,3,0,0,0
2013-03-06,,1.95,,6,3,0,0,0
2013-03-07,,2.0,,7,3,0,0,0
2013-03-08,,2.06,,8,3,0,0,0
2013-03-11,,2.07,,11,3,0,0,0
2013-03-12,,2.03,,12,3,0,0,0
2013-03-13,,2.04,,13,3,0,0,0
2013-03-14,,2.04,,14,3,0,0,0
2013-03-15,,2.01,,15,3,1,0,0
2013-03-18,,1.96,,18,3,0,0,0
2013-03-19,,1.92,,19,3,0,0,0
2013-03-20,,1.96,,20,3,0,0,0
2013-03-21,,1.95,,21,3,0,0,0
2013-03-22,,1.93,,22,3,0,0,0
2013-03-25,,1.93,,25,3,0,0,0
2013-03-26,,1.92,,26,3,0,0,0
2013-03-27,,1.87,,27,3,0,0,0
2013-03-28,,1.87,,28,3,0,0,0
2013-03-29,,,,29,3,0,0,0
2013-04-01,0.15,1.86,7.6,1,4,0,0,0
2013-04-02,,1.88,,2,4,0,0,0
2013-04-03,,1.83,,3,4,0,0,0
2013-04-04,,1.78,,4,4,0,0,0
2013-04-05,,1.72,,5,4,0,0,0
2013-04-08,,1.76,,8,4,0,0,0
2013-04-09,,1.78,,9,4,0,0,0
2013-04-10,,1.84,,10,4,0,0,0
2013-04-11,,1.82,,11,4,0,0,0
2013-04-12,,1.75,,12,4,0,0,0
2013-04-15,,1.72,,15,4,1,0,0
2013-04-16,,1.75,,16,4,0,0,0
2013-04-17,,1.73,,17,4,0,0,0
2013-04-18,,1.72,,18,4,0,0,0
2013-04-19,,1.73,,19,4,0,0,0
2013-04-22,,1.72,,22,4,0,0,0
2013-04-23,,1.74,,23,4,0,0,0
2013-04-24,,1.73,,24,4,0,0,0
2013-04-25,,1.74,,25,4,0,0,0
2013-04-26,,1.7,,26,4,0,0,0
2013-04-29,,1.7,,29,4,0,0,0
2013-04-30,,1.7,,30,4,1,0,0
2013-05-01,0.11,1.66,7.5,1,5,0,0,0
2013-05-02,,1.66,,2,5,0,0,0
2013-05-03,,1.78,,3,5,0,0,0
2013-05-06,,1.8,,6,5,0,0,0
2013-05-07,,1.82,,7,5,0,0,0
2013-05-08,,1.81,,8,5,0,0,0
2013-05-09,,1.81,,9,5,0,0,0
2013-05-10,,1.9,,10,5,0,0,0
2013-05-13,,1.92,,13,5,0,0,0
2013-05-14,,1.96,,14,5,0,0,0
2013-05-15,,1.94,,15,5,1,0,0
2013-05-16,,1.87,,16,5,0,0,0
2013-05-17,,1.95,,17,5,0,0,0
2013-05-20,,1.97,,20,5,0,0,0
2013-05-21,,1.94,,21,5,0,0,0
2013-05-22,,2.03,,22,5,0,0,0
2013-05-23,,2.02,,23,5,0,0,0
2013-05-24,,2.01,,24,5,0,0,0
2013-05-27,,,,27,5,0,0,0
2013-05-28,,2.15,,28,5,0,0,0
2013-05-29,,2.13,,29,5,0,0,0
2013-05-30,,2.13,,30,5,0,0,0
2013-05-31,,2.16,,31,5,1,0,0
2013-06-01,0.09,,7.5,1,6,0,0,0
2013-06-03,,2.13,,3,6,0,0,0
2013-06-04,,2.14,,4,6,0,0,0
2013-06-05,,2.1,,5,6,0,0,0
2013-06-06,,2.08,,6,6,0,0,0
2013-06-07,,2.17,,7,6,0,0,0
2013-06-10,,2.22,,10,6,0,0,0
2013-06-11,,2.2,,11,6,0,0,0
2013-06-12,,2.25,,12,6,0,0,0
2013-06-13,,2.19,,13,6,0,0,0
2013-06-14,,2.14,,14,6,0,0,0
2013-06-17,,2.19,,17,6,0,0,0
2013-06-18,,2.2,,18,6,0,0,0
2013-06-19,,2.33,,19,6,0,0,0
2013-06-20,,2.41,,20,6,0,0,0
2013-06-21,,2.52,,21,6,0,0,0
2013-06-24,,2.57,,24,6,0,0,0
2013-06-25,,2.6,,25,6,0,0,0
2013-06-26,,2.55,,26,6,0,0,0
2013-06-27,,2.49,,27,6,0,0,0
2013-06-28,,2.52,,28,6,0,0,0
2013-07-01,0.09,2.5,7.3,1,7,0,0,0
2013-07-02,,2.48,,2,7,0,0,0
2013-07-03,,2.52,,3,7,0,0,0
2013-07-04,,,,4,7,0,0,0
2013-07-05,,2.73,,5,7,0,0,0
2013-07-08,,2.65,,8,7,0,0,0
2013-07-09,,2.65,,9,7,0,0,0
2013-07-10,,2.7,,10,7,0,0,0
2013-07-11,,2.6,,11,7,0,0,0
2013-07-12,,2.61,,12,7,0,0,0
2013-07-15,,2.57,,15,7,1,0,0
2013-07-16,,2.55,,16,7,0,0,0
2013-07-17,,2.52,,17,7,0,0,0
2013-07-18,,2.56,,18,7,0,0,0
2013-07-19,,2.5,,19,7,0,0,0
2013-07-22,,2.5,,22,7,0,0,0
2013-07-23,,2.53,,23,7,0,0,0
2013-07-24,,2.61,,24,7,0,0,0
2013-07-25,,2.61,,25,7,0,0,0
2013-07-26,,2.58,,26,7,0,0,0
2013-07-29,,2.61,,29,7,0,0,0
2013-07-30,,2.63,,30,7,0,0,0
2013-07-31,,2.6,,31,7,1,0,0
2013-08-01,0.08,2.74,7.2,1,8,0,0,0
2013-08-02,,2.63,,2,8,0,0,0
2013-08-05,,2.67,,5,8,0,0,0
2013-08-06,,2.67,,6,8,0,0,0
2013-08-07,,2.61,,7,8,0,0,0
2013-08-08,,2.58,,8,8,0,0,0
2013-08-09,,2.57,,9,8,0,0,0
2013-08-12,,2.61,,12,8,0,0,0
2013-08-13,,2.71,,13,8,0,0,0
2013-08-14,,2.71,,14,8,0,0,0
2013-08-15,,2.77,,15,8,1,0,0
2013-08-16,,2.84,,16,8,0,0,0
2013-08-19,,2.88,,19,8,0,0,0
2013-08-20,,2.82,,20,8,0,0,0
2013-08-21,,2.87,,21,8,0,0,0
2013-08-22,,2.9,,22,8,0,0,0
2013-08-23,,2.82,,23,8,0,0,0
2013-08-26,,2.79,,26,8,0,0,0
2013-08-27,,2.72,,27,8,0,0,0
2013-08-28,,2.78,,28,8,0,0,0
2013-08-29,,2.75,,29,8,0,0,0
2013-08-30,,2.78,,30,8,0,0,0
2013-09-01,0.08,,7.2,1,9,0,0,0
2013-09-02,,,,2,9,0,0,0
2013-09-03,,2.86,,3,9,0,0,0
2013-09-04,,2.9,,4,9,0,0,0
2013-09-05,,2.98,,5,9,0,0,0
2013-09-06,,2.94,,6,9,0,0,0
2013-09-09,,2.9,,9,9,0,0,0
2013-09-10,,2.96,,10,9,0,0,0
2013-09-11,,2.93,,11,9,0,0,0
2013-09-12,,2.92,,12,9,0,0,0
2013-09-13,,2.9,,13,9,0,0,0
2013-09-16,,2.88,,16,9,0,0,0
2013-09-17,,2.86,,17,9,0,0,0
2013-09-18,,2.69,,18,9,0,0,0
2013-09-19,,2.76,,19,9,0,0,0
2013-09-20,,2.75,,20,9,0,0,0
2013-09-23,,2.72,,23,9,0,0,0
2013-09-24,,2.67,,24,9,0,0,0
2013-09-25,,2.63,,25,9,0,0,0
2013-09-26,,2.66,,26,9,0,0,0
2013-09-27,,2.64,,27,9,0,0,0
2013-09-30,,2.64,,30,9,1,1,0
2013-10-01,0.09,2.66,7.2,1,10,0,0,0
2013-10-02,,2.63,,2,10,0,0,0
2013-10-03,,2.62,,3,10,0,0,0
2013-10-04,,2.66,,4,10,0,0,0
2013-10-07,,2.65,,7,10,0,0,0
2013-10-08,,2.66,,8,10,0,0,0
2013-10-09,,2.68,,9,10,0,0,0
2013-10-10,,2.71,,10,10,0,0,0
2013-10-11,,2.7,,11,10,0,0,0
2013-10-14,,,,14,10,0,0,0
2013-10-15,,2.75,,15,10,1,0,0
2013-10-16,,2.69,,16,10,0,0,0
2013-10-17,,2.61,,17,10,0,0,0
2013-10-18,,2.6,,18,10,0,0,0
2013-10-21,,2.63,,21,10,0,0,0
2013-10-22,,2.54,,22,10,0,0,0
2013-10-23,,2.51,,23,10,0,0,0
2013-10-24,,2.53,,24,10,0,0,0
2013-10-25,,2.53,,25,10,0,0,0
2013-10-28,,2.54,,28,10,0,0,0
2013-10-29,,2.53,,29,10,0,0,0
2013-10-30,,2.55,,30,10,0,0,0
2013-10-31,,2.57,,31,10,1,0,0
2013-11-01,0.08,2.65,6.9,1,11,0,0,0
2013-11-04,,2.63,,4,11,0,0,0
2013-11-05,,2.69,,5,11,0,0,0
2013-11-06,,2.67,,6,11,0,0,0
2013-11-07,,2.63,,7,11,0,0,0
2013-11-08,,2.77,,8,11,0,0,0
2013-11-11,,,,11,11,0,0,0
2013-11-12,,2.8,,12,11,0,0,0
2013-11-13,,2.75,,13,11,0,0,0
2013-11-14,,2.69,,14,11,0,0,0
2013-11-15,,2.71,,15,11,1,0,0
2013-11-18,,2.67,,18,11,0,0,0
2013-11-19,,2.71,,19,11,0,0,0
2013-11-20,,2.8,,20,11,0,0,0
2013-11-21,,2.79,,21,11,0,0,0
2013-11-22,,2.75,,22,11,0,0,0
2013-11-25,,2.74,,25,11,0,0,0
2013-11-26,,2.71,,26,11,0,0,0
2013-11-27,,2.74,,27,11,0,0,0
2013-11-28,,,,28,11,0,0,0
2013-11-29,,2.75,,29,11,0,0,0
2013-12-01,0.09,,6.7,1,12,0,0,0
2013-12-02,,2.81,,2,12,0,0,0
2013-12-03,,2.79,,3,12,0,0,0
2013-12-04,,2.84,,4,12,0,0,0
2013-12-05,,2.88,,5,12,0,0,0
2013-12-06,,2.88,,6,12,0,0,0
2013-12-09,,2.86,,9,12,0,0,0
2013-12-10,,2.81,,10,12,0,0,0
2013-12-11,,2.86,,11,12,0,0,0
2013-12-12,,2.89,,12,12,0,0,0
2013-12-13,,2.88,,13,12,0,0,0
2013-12-16,,2.89,,16,12,0,0,0
2013-12-17,,2.85,,17,12,0,0,0
2013-12-18,,2.89,,18,12,0,0,0
2013-12-19,,2.94,,19,12,0,0,0
2013-12-20,,2.89,,20,12,0,0,0
2013-12-23,,2.94,,23,12,0,0,0
2013-12-24,,2.99,,24,12,0,0,0
2013-12-25,,,,25,12,0,0,0
2013-12-26,,3.0,,26,12,0,0,0
2013-12-27,,3.02,,27,12,0,0,0
2013-12-30,,2.99,,30,12,0,0,0
2013-12-31,,3.04,,31,12,1,1,0
2014-01-01,0.07,,6.6,1,1,0,0,0
2014-01-02,,3.0,,2,1,0,0,0
2014-01-03,,3.01,,3,1,0,0,0
2014-01-06,,2.98,,6,1,0,0,0
2014-01-07,,2.96,,7,1,0,0,0
2014-01-08,,3.01,,8,1,0,0,0
2014-01-09,,2.97,,9,1,0,0,0
2014-01-10,,2.88,,10,1,0,0,0
2014-01-13,,2.84,,13,1,0,0,0
2014-01-14,,2.88,,14,1,0,0,0
2014-01-15,,2.9,,15,1,1,0,0
2014-01-16,,2.86,,16,1,0,0,0
2014-01-17,,2.84,,17,1,0,0,0
2014-01-20,,,,20,1,0,0,0
2014-01-21,,2.85,,21,1,0,0,0
2014-01-22,,2.87,,22,1,0,0,0
2014-01-23,,2.79,,23,1,0,0,0
2014-01-24,,2.75,,24,1,0,0,0
2014-01-27,,2.78,,27,1,0,0,0
2014-01-28,,2.77,,28,1,0,0,0
2014-01-29,,2.69,,29,1,0,0,0
2014-01-30,,2.72,,30,1,0,0,0
2014-01-31,,2.67,,31,1,1,0,0
2014-02-01,0.07,,6.7,1,2,0,0,0
2014-02-03,,2.61,,3,2,0,0,0
2014-02-04,,2.64,,4,2,0,0,0
2014-02-05,,2.7,,5,2,0,0,0
2014-02-06,,2.73,,6,2,0,0,0
2014-02-07,,2.71,,7,2,0,0,0
2014-02-10,,2.7,,10,2,0,0,0
2014-02-11,,2.75,,11,2,0,0,0
2014-02-12,,2.8,,12,2,0,0,0
2014-02-13,,2.73,,13,2,0,0,0
2014-02-14,,2.75,,14,2,0,0,0
2014-02-17,,,,17,2,0,0,0
2014-02-18,,2.71,,18,2,0,0,0
2014-02-19,,2.73,,19,2,0,0,0
2014-02-20,,2.76,,20,2,0,0,0
2014-02-21,,2.73,,21,2,0,0,0
2014-02-24,,2.75,,24,2,0,0,0
2014-02-25,,2.7,,25,2,0,0,0
2014-02-26,,2.67,,26,2,0,0,0
2014-02-27,,2.65,,27,2,0,0,0
2014-02-28,,2.66,,28,2,1,0,0
2014-03-01,0.08,,6.7,1,3,0,0,0
2014-03-03,,2.6,,3,3,0,0,0
2014-03-04,,2.7,,4,3,0,0,0
2014-03-05,,2.7,,5,3,0,0,0
2014-03-06,,2.74,,6,3,0,0,0
2014-03-07,,2.8,,7,3,0,0,0
2014-03-10,,2.79,,10,3,0,0,0
2014-03-11,,2.77,,11,3,0,0,0
2014-03-12,,2.73,,12,3,0,0,0
2014-03-13,,2.66,,13,3,0,0,0
2014-03-14,,2.65,,14,3,0,0,0
2014-03-17,,2.7,,17,3,0,0,0
2014-03-18,,2.68,,18,3,0,0,0
2014-03-19,,2.78,,19,3,0,0,0
2014-03-20,,2.79,,20,3,0,0,0
2014-03-21,,2.75,,21,3,0,0,0
2014-03-24,,2.74,,24,3,0,0,0
2014-03-25,,2.75,,25,3,0,0,0
2014-03-26,,2.71,,26,3,0,0,0
2014-03-27,,2.69,,27,3,0,0,0
2014-03-28,,2.73,,28,3,0,0,0
2014-03-31,,2.73,,31,3,1,1,0
2014-04-01,0.09,2.77,6.2,1,4,0,0,0
2014-04-02,,2.82,,2,4,0,0,0
2014-04-03,,2.8,,3,4,0,0,0
2014-04-04,,2.74,,4,4,0,0,0
2014-04-07,,2.71,,7,4,0,0,0
2014-04-08,,2.69,,8,4,0,0,0
2014-04-09,,2.71,,9,4,0,0,0
2014-04-10,,2.65,,10,4,0,0,0
2014-04-11,,2.63,,11,4,0,0,0
2014-04-14,,2.65,,14,4,0,0,0
2014-04-15,,2.64,,15,4,1,0,0
2014-04-16,,2.65,,16,4,0,0,0
2014-04-17,,2.73,,17,4,0,0,0
2014-04-18,,,,18,4,0,0,0
2014-04-21,,2.73,,21,4,0,0,0
2014-04-22,,2.73,,22,4,0,0,0
2014-04-23,,2.7,,23,4,0,0,0
2014-04-24,,2.7,,24,4,0,0,0
2014-04-25,,2.68,,25,4,0,0,0
2014-04-28,,2.7,,28,4,0,0,0
2014-04-29,,2.71,,29,4,0,0,0
2014-04-30,,2.67,,30,4,1,0,0
2014-05-01,0.09,2.63,6.3,1,5,0,0,0
2014-05-02,,2.6,,2,5,0,0,0
2014-05-05,,2.63,,5,5,0,0,0
2014-05-06,,2.61,,6,5,0,0,0
2014-05-07,,2.62,,7,5,0,0,0
2014-05-08,,2.61,,8,5,0,0,0
2014-05-09,,2.62,,9,5,0,0,0
2014-05-12,,2.66,,12,5,0,0,0
2014-05-13,,2.61,,13,5,0,0,0
2014-05-14,,2.54,,14,5,0,0,0
2014-05-15,,2.5,,15,5,1,0,0
2014-05-16,,2.52,,16,5,0,0,0
2014-05-19,,2.54,,19,5,0,0,0
2014-05-20,,2.52,,20,5,0,0,0
2014-05-21,,2.54,,21,5,0,0,0
2014-05-22,,2.56,,22,5,0,0,0
2014-05-23,,2.54,,23,5,0,0,0
2014-05-26,,,,26,5,0,0,0
2014-05-27,,2.52,,27,5,0,0,0
2014-05-28,,2.44,,28,5,0,0,0
2014-05-29,,2.45,,29,5,0,0,0
2014-05-30,,2.48,,30,5,0,0,0
2014-06-01,0.1,,6.1,1,6,0,0,0
2014-06-02,,2.54,,2,6,0,0,0
2014-06-03,,2.6,,3,6,0,0,0
2014-06-04,,2.61,,4,6,0,0,0
2014-06-05,,2.59,,5,6,0,0,0
2014-06-06,,2.6,,6,6,0,0,0
2014-06-09,,2.62,,9,6,0,0,0
2014-06-10,,2.64,,10,6,0,0,0
2014-06-11,,2.65,,11,6,0,0,0
2014-06-12,,2.58,,12,6,0,0,0
2014-06-13,,2.6,,13,6,0,0,0
2014-06-16,,2.61,,16,6,0,0,0
2014-06-17,,2.66,,17,6,0,0,0
2014-06-18,,2.61,,18,6,0,0,0
2014-06-19,,2.64,,19,6,0,0,0
2014-06-20,,2.63,,20,6,0,0,0
2014-06-23,,2.63,,23,6,0,0,0
2014-06-24,,2.59,,24,6,0,0,0
2014-06-25,,2.57,,25,6,0,0,0
2014-06-26,,2.53,,26,6,0,0,0
2014-06-27,,2.54,,27,6,0,0,0
2014-06-30,,2.53,,30,6,1,1,0
2014-07-01,0.09,2.58,6.2,1,7,0,0,0
2014-07-02,,2.64,,2,7,0,0,0
2014-07-03,,2.65,,3,7,0,0,0
2014-07-04,,,,4,7,0,0,0
2014-07-07,,2.63,,7,7,0,0,0
2014-07-08,,2.58,,8,7,0,0,0
2014-07-09,,2.57,,9,7,0,0,0
2014-07-10,,2.55,,10,7,0,0,0
2014-07-11,,2.53,,11,7,0,0,0
2014-07-14,,2.55,,14,7,0,0,0
2014-07-15,,2.56,,15,7,1,0,0
2014-07-16,,2.55,,16,7,0,0,0
2014-07-17,,2.47,,17,7,0,0,0
2014-07-18,,2.5,,18,7,0,0,0
2014-07-21,,2.49,,21,7,0,0,0
2014-07-22,,2.48,,22,7,0,0,0
2014-07-23,,2.48,,23,7,0,0,0
2014-07-24,,2.52,,24,7,0,0,0
2014-07-25,,2.48,,25,7,0,0,0
2014-07-28,,2.5,,28,7,0,0,0
2014-07-29,,2.47,,29,7,0,0,0
2014-07-30,,2.57,,30,7,0,0,0
2014-07-31,,2.58,,31,7,1,0,0
2014-08-01,0.09,2.52,6.1,1,8,0,0,0
2014-08-04,,2.51,,4,8,0,0,0
2014-08-05,,2.49,,5,8,0,0,0
2014-08-06,,2.49,,6,8,0,0,0
2014-08-07,,2.43,,7,8,0,0,0
2014-08-08,,2.44,,8,8,0,0,0
2014-08-11,,2.44,,11,8,0,0,0
2014-08-12,,2.46,,12,8,0,0,0
2014-08-13,,2.43,,13,8,0,0,0
2014-08-14,,2.4,,14,8,0,0,0
2014-08-15,,2.34,,15,8,1,0,0
2014-08-18,,2.39,,18,8,0,0,0
2014-08-19,,2.4,,19,8,0,0,0
2014-08-20,,2.43,,20,8,0,0,0
2014-08-21,,2.41,,21,8,0,0,0
2014-08-22,,2.4,,22,8,0,0,0
2014-08-25,,2.39,,25,8,0,0,0
2014-08-26,,2.39,,26,8,0,0,0
2014-08-27,,2.37,,27,8,0,0,0
2014-08-28,,2.34,,28,8,0,0,0
2014-08-29,,2.35,,29,8,0,0,0
2014-09-01,0.09,,5.9,1,9,0,0,0
2014-09-02,,2.42,,2,9,0,0,0
2014-09-03,,2.41,,3,9,0,0,0
2014-09-04,,2.45,,4,9,0,0,0
2014-09-05,,2.46,,5,9,0,0,0
2014-09-08,,2.48,,8,9,0,0,0
2014-09-09,,2.5,,9,9,0,0,0
2014-09-10,,2.54,,10,9,0,0,0
2014-09-11,,2.54,,11,9,0,0,0
2014-09-12,,2.62,,12,9,0,0,0
2014-09-15,,2.6,,15,9,1,0,0
2014-09-16,,2.6,,16,9,0,0,0
2014-09-17,,2.62,,17,9,0,0,0
2014-09-18,,2.63,,18,9,0,0,0
2014-09-19,,2.59,,19,9,0,0,0
2014-09-22,,2.57,,22,9,0,0,0
2014-09-23,,2.54,,23,9,0,0,0
2014-09-24,,2.57,,24,9,0,0,0
2014-09-25,,2.52,,25,9,0,0,0
2014-09-26,,2.54,,26,9,0,0,0
2014-09-29,,2.5,,29,9,0,0,0
2014-09-30,,2.52,,30,9,1,1,0
2014-10-01,0.09,2.42,5.7,1,10,0,0,0
2014-10-02,,2.44,,2,10,0,0,0
2014-10-03,,2.45,,3,10,0,0,0
2014-10-06,,2.43,,6,10,0,0,0
2014-10-07,,2.36,,7,10,0,0,0
2014-10-08,,2.35,,8,10,0,0,0
2014-10-09,,2.34,,9,10,0,0,0
2014-10-10,,2.31,,10,10,0,0,0
2014-10-13,,,,13,10,0,0,0
2014-10-14,,2.21,,14,10,0,0,0
2014-10-15,,2.15,,15,10,1,0,0
2014-10-16,,2.17,,16,10,0,0,0
2014-10-17,,2.22,,17,10,0,0,0
2014-10-20,,2.2,,20,10,0,0,0
2014-10-21,,2.23,,21,10,0,0,0
2014-10-22,,2.25,,22,10,0,0,0
2014-10-23,,2.29,,23,10,0,0,0
2014-10-24,,2.29,,24,10,0,0,0
2014-10-27,,2.27,,27,10,0,0,0
2014-10-28,,2.3,,28,10,0,0,0
2014-10-29,,2.34,,29,10,0,0,0
2014-10-30,,2.32,,30,10,0,0,0
2014-10-31,,2.35,,31,10,1,0,0
2014-11-01,0.09,,5.8,1,11,0,0,0
2014-11-03,,2.36,,3,11,0,0,0
2014-11-04,,2.35,,4,11,0,0,0
2014-11-05,,2.36,,5,11,0,0,0
2014-11-06,,2.39,,6,11,0,0,0
2014-11-07,,2.32,,7,11,0,0,0
2014-11-10,,2.38,,10,11,0,0,0
2014-11-11,,,,11,11,0,0,0
2014-11-12,,2.37,,12,11,0,0,0
2014-11-13,,2.35,,13,11,0,0,0
2014-11-14,,2.32,,14,11,0,0,0
2014-11-17,,2.34,,17,11,0,0,0
2014-11-18,,2.32,,18,11,0,0,0
2014-11-19,,2.36,,19,11,0,0,0
2014-11-20,,2.34,,20,11,0,0,0
2014-11-21,,2.31,,21,11,0,0,0
2014-11-24,,2.3,,24,11,0,0,0
2014-11-25,,2.27,,25,11,0,0,0
2014-11-26,,2.24,,26,11,0,0,0
2014-11-27,,,,27,11,0,0,0
2014-11-28,,2.18,,28,11,0,0,0
2014-12-01,0.12,2.22,5.6,1,12,0,0,0
2014-12-02,,2.28,,2,12,0,0,0
2014-12-03,,2.29,,3,12,0,0,0
2014-12-04,,2.25,,4,12,0,0,0
2014-12-05,,2.31,,5,12,0,0,0
2014-12-08,,2.26,,8,12,0,0,0
2014-12-09,,2.22,,9,12,0,0,0
2014-12-10,,2.18,,10,12,0,0,0
2014-12-11,,2.19,,11,12,0,0,0
2014-12-12,,2.1,,12,12,0,0,0
2014-12-15,,2.12,,15,12,1,0,0
2014-12-16,,2.07,,16,12,0,0,0
2014-12-17,,2.14,,17,12,0,0,0
2014-12-18,,2.22,,18,12,0,0,0
2014-12-19,,2.17,,19,12,0,0,0
2014-12-22,,2.17,,22,12,0,0,0
2014-12-23,,2.26,,23,12,0,0,0
2014-12-24,,2.27,,24,12,0,0,0
2014-12-25,,,,25,12,0,0,0
2014-12-26,,2.25,,26,12,0,0,0
2014-12-29,,2.22,,29,12,0,0,0
2014-12-30,,2.2,,30,12,0,0,0
2014-12-31,,2.17,,31,12,1,1,0
2015-01-01,0.11,,5.7,1,1,0,0,0
2015-01-02,,2.12,,2,1,0,0,0
2015-01-05,,2.04,,5,1,0,0,0
2015-01-06,,1.97,,6,1,0,0,0
2015-01-07,,1.96,,7,1,0,0,0
2015-01-08,,2.03,,8,1,0,0,0
2015-01-09,,1.98,,9,1,0,0,0
2015-01-12,,1.92,,12,1,0,0,0
2015-01-13,,1.91,,13,1,0,0,0
2015-01-14,,1.86,,14,1,0,0,0
2015-01-15,,1.77,,15,1,1,0,0
2015-01-16,,1.83,,16,1,0,0,0
2015-01-19,,,,19,1,0,0,0
2015-01-20,,1.82,,20,1,0,0,0
2015-01-21,,1.87,,21,1,0,0,0
2015-01-22,,1.9,,22,1,0,0,0
2015-01-23,,1.81,,23,1,0,0,0
2015-01-26,,1.83,,26,1,0,0,0
2015-01-27,,1.83,,27,1,0,0,0
2015-01-28,,1.73,,28,1,0,0,0
2015-01-29,,1.77,,29,1,0,0,0
2015-01-30,,1.68,,30,1,0,0,0
2015-02-01,0.11,,5.5,1,2,0,0,0
2015-02-02,,1.68,,2,2,0,0,0
2015-02-03,,1.79,,3,2,0,0,0
2015-02-04,,1.81,,4,2,0,0,0
2015-02-05,,1.83,,5,2,0,0,0
2015-02-06,,1.95,,6,2,0,0,0
2015-02-09,,1.96,,9,2,0,0,0
2015-02-10,,2.01,,10,2,0,0,0
2015-02-11,,2.0,,11,2,0,0,0
2015-02-12,,1.99,,12,2,0,0,0
2015-02-13,,2.02,,13,2,0,0,0
2015-02-16,,,,16,2,0,0,0
2015-02-17,,2.14,,17,2,0,0,0
2015-02-18,,2.07,,18,2,0,0,0
2015-02-19,,2.11,,19,2,0,0,0
2015-02-20,,2.13,,20,2,0,0,0
2015-02-23,,2.06,,23,2,0,0,0
2015-02-24,,1.99,,24,2,0,0,0
2015-02-25,,1.96,,25,2,0,0,0
2015-02-26,,2.03,,26,2,0,0,0
2015-02-27,,2.0,,27,2,0,0,0
2015-03-01,0.11,,5.4,1,3,0,0,0
2015-03-02,,2.08,,2,3,0,0,0
2015-03-03,,2.12,,3,3,0,0,0
2015-03-04,,2.12,,4,3,0,0,0
2015-03-05,,2.11,,5,3,0,0,0
2015-03-06,,2.24,,6,3,0,0,0
2015-03-09,,2.2,,9,3,0,0,0
2015-03-10,,2.14,,10,3,0,0,0
2015-03-11,,2.11,,11,3,0,0,0
2015-03-12,,2.1,,12,3,0,0,0
2015-03-13,,2.13,,13,3,0,0,0
2015-03-16,,2.1,,16,3,0,0,0
2015-03-17,,2.06,,17,3,0,0,0
2015-03-18,,1.93,,18,3,0,0,0
2015-03-19,,1.98,,19,3,0,0,0
2015-03-20,,1.93,,20,3,0,0,0
2015-03-23,,1.92,,23,3,0,0,0
2015-03-24,,1.88,,24,3,0,0,0
2015-03-25,,1.93,,25,3,0,0,0
2015-03-26,,2.01,,26,3,0,0,0
2015-03-27,,1.95,,27,3,0,0,0
2015-03-30,,1.96,,30,3,0,0,0
2015-03-31,,1.94,,31,3,1,1,0
2015-04-01,0.12,1.87,5.4,1,4,0,0,0
2015-04-02,,1.92,,2,4,0,0,0
2015-04-03,,1.85,,3,4,0,0,0
2015-04-06,,1.92,,6,4,0,0,0
2015-04-07,,1.89,,7,4,0,0,0
2015-04-08,,1.92,,8,4,0,0,0
2015-04-09,,1.97,,9,4,0,0,0
2015-04-10,,1.96,,10,4,0,0,0
2015-04-13,,1.94,,13,4,0,0,0
2015-04-14,,1.9,,14,4,0,0,0
2015-04-15,,1.91,,15,4,1,0,0
2015-04-16,,1.9,,16,4,0,0,0
2015-04-17,,1.87,,17,4,0,0,0
2015-04-20,,1.9,,20,4,0,0,0
2015-04-21,,1.92,,21,4,0,0,0
2015-04-22,,1.99,,22,4,0,0,0
2015-04-23,,1.96,,23,4,0,0,0
2015-04-24,,1.93,,24,4,0,0,0
2015-04-27,,1.94,,27,4,0,0,0
2015-04-28,,2.0,,28,4,0,0,0
2015-04-29,,2.06,,29,4,0,0,0
2015-04-30,,2.05,,30,4,1,0,0
2015-05-01,0.12,2.12,5.6,1,5,0,0,0
2015-05-04,,2.16,,4,5,0,0,0
2015-05-05,,2.19,,5,5,0,0,0
2015-05-06,,2.25,,6,5,0,0,0
2015-05-07,,2.18,,7,5,0,0,0
2015-05-08,,2.16,,8,5,0,0,0
2015-05-11,,2.28,,11,5,0,0,0
2015-05-12,,2.28,,12,5,0,0,0
2015-05-13,,2.27,,13,5,0,0,0
2015-05-14,,2.23,,14,5,0,0,0
2015-05-15,,2.14,,15,5,1,0,0
2015-05-18,,2.23,,18,5,0,0,0
2015-05-19,,2.27,,19,5,0,0,0
2015-05-20,,2.26,,20,5,0,0,0
2015-05-21,,2.19,,21,5,0,0,0
2015-05-22,,2.21,,22,5,0,0,0
2015-05-25,,,,25,5,0,0,0
2015-05-26,,2.14,,26,5,0,0,0
2015-05-27,,2.14,,27,5,0,0,0
2015-05-28,,2.13,,28,5,0,0,0
2015-05-29,,2.12,,29,5,0,0,0
2015-06-01,0.13,2.19,5.3,1,6,0,0,0
2015-06-02,,2.27,,2,6,0,0,0
2015-06-03,,2.38,,3,6,0,0,0
2015-06-04,,2.31,,4,6,0,0,0
2015-06-05,,2.41,,5,6,0,0,0
2015-06-08,,2.39,,8,6,0,0,0
2015-06-09,,2.42,,9,6,0,0,0
2015-06-10,,2.5,,10,6,0,0,0
2015-06-11,,2.39,,11,6,0,0,0
2015-06-12,,2.39,,12,6,0,0,0
2015-06-15,,2.36,,15,6,1,0,0
2015-06-16,,2.32,,16,6,0,0,0
2015-06-17,,2.32,,17,6,0,0,0
2015-06-18,,2.35,,18,6,0,0,0
2015-06-19,,2.26,,19,6,0,0,0
2015-06-22,,2.37,,22,6,0,0,0
2015-06-23,,2.42,,23,6,0,0,0
2015-06-24,,2.38,,24,6,0,0,0
2015-06-25,,2.4,,25,6,0,0,0
2015-06-26,,2.49,,26,6,0,0,0
2015-06-29,,2.33,,29,6,0,0,0
2015-06-30,,2.35,,30,6,1,1,0
2015-07-01,0.13,2.43,5.2,1,7,0,0,0
2015-07-02,,2.4,,2,7,0,0,0
2015-07-03,,,,3,7,0,0,0
2015-07-06,,2.3,,6,7,0,0,0
2015-07-07,,2.27,,7,7,0,0,0
2015-07-08,,2.22,,8,7,0,0,0
2015-07-09,,2.32,,9,7,0,0,0
2015-07-10,,2.42,,10,7,0,0,0
2015-07-13,,2.44,,13,7,0,0,0
2015-07-14,,2.41,,14,7,0,0,0
2015-07-15,,2.36,,15,7,1,0,0
2015-07-16,,2.36,,16,7,0,0,0
2015-07-17,,2.34,,17,7,0,0,0
2015-07-20,,2.38,,20,7,0,0,0
2015-07-21,,2.35,,21,7,0,0,0
2015-07-22,,2.33,,22,7,0,0,0
2015-07-23,,2.28,,23,7,0,0,0
2015-07-24,,2.27,,24,7,0,0,0
2015-07-27,,2.23,,27,7,0,0,0
2015-07-28,,2.26,,28,7,0,0,0
2015-07-29,,2.29,,29,7,0,0,0
2015-07-30,,2.28,,30,7,0,0,0
2015-07-31,,2.2,,31,7,1,0,0
2015-08-01,0.14,,5.1,1,8,0,0,0
2015-08-03,,2.16,,3,8,0,0,0
2015-08-04,,2.23,,4,8,0,0,0
2015-08-05,,2.28,,5,8,0,0,0
2015-08-06,,2.23,,6,8,0,0,0
2015-08-07,,2.18,,7,8,0,0,0
2015-08-10,,2.24,,10,8,0,0,0
2015-08-11,,2.15,,11,8,0,0,0
2015-08-12,,2.14,,12,8,0,0,0
2015-08-13,,2.19,,13,8,0,0,0
2015-08-14,,2.2,,14,8,0,0,0
2015-08-17,,2.16,,17,8,0,0,0
2015-08-18,,2.2,,18,8,0,0,0
2015-08-19,,2.12,,19,8,0,0,0
2015-08-20,,2.09,,20,8,0,0,0
2015-08-21,,2.05,,21,8,0,0,0
2015-08-24,,2.01,,24,8,0,0,0
2015-08-25,,2.12,,25,8,0,0,0
2015-08-26,,2.18,,26,8,0,0,0
2015-08-27,,2.18,,27,8,0,0,0
2015-08-28,,2.19,,28,8,0,0,0
2015-08-31,,2.21,,31,8,1,0,0
2015-09-01,0.14,2.17,5.0,1,9,0,0,0
2015-09-02,,2.2,,2,9,0,0,0
2015-09-03,,2.18,,3,9,0,0,0
2015-09-04,,2.13,,4,9,0,0,0
2015-09-07,,,,7,9,0,0,0
2015-09-08,,2.2,,8,9,0,0,0
2015-09-09,,2.21,,9,9,0,0,0
2015-09-10,,2.23,,10,9,0,0,0
2015-09-11,,2.2,,11,9,0,0,0
2015-09-14,,2.18,,14,9,0,0,0
2015-09-15,,2.28,,15,9,1,0,0
2015-09-16,,2.3,,16,9,0,0,0
2015-09-17,,2.21,,17,9,0,0,0
2015-09-18,,2.13,,18,9,0,0,0
2015-09-21,,2.2,,21,9,0,0,0
2015-09-22,,2.14,,22,9,0,0,0
2015-09-23,,2.16,,23,9,0,0,0
2015-09-24,,2.13,,24,9,0,0,0
2015-09-25,,2.17,,25,9,0,0,0
2015-09-28,,2.1,,28,9,0,0,0
2015-09-29,,2.05,,29,9,0,0,0
2015-09-30,,2.06,,30,9,1,1,0
2015-10-01,0.12,2.05,5.0,1,10,0,0,0
2015-10-02,,1.99,,2,10,0,0,0
2015-10-05,,2.07,,5,10,0,0,0
2015-10-06,,2.05,,6,10,0,0,0
2015-10-07,,2.08,,7,10,0,0,0
2015-10-08,,2.12,,8,10,0,0,0
2015-10-09,,2.12,,9,10,0,0,0
2015-10-12,,,,12,10,0,0,0
2015-10-13,,2.06,,13,10,0,0,0
2015-10-14,,1.99,,14,10,0,0,0
2015-10-15,,2.04,,15,10,1,0,0
2015-10-16,,2.04,,16,10,0,0,0
2015-10-19,,2.04,,19,10,0,0,0
2015-10-20,,2.08,,20,10,0,0,0
2015-10-21,,2.04,,21,10,0,0,0
2015-10-22,,2.04,,22,10,0,0,0
2015-10-23,,2.09,,23,10,0,0,0
2015-10-26,,2.07,,26,10,0,0,0
2015-10-27,,2.05,,27,10,0,0,0
2015-10-28,,2.1,,28,10,0,0,0
2015-10-29,,2.19,,29,10,0,0,0
2015-10-30,,2.16,,30,10,0,0,0
2015-11-01,0.12,,5.1,1,11,0,0,0
2015-11-02,,2.2,,2,11,0,0,0
2015-11-03,,2.23,,3,11,0,0,0
2015-11-04,,2.25,,4,11,0,0,0
2015-11-05,,2.26,,5,11,0,0,0
2015-11-06,,2.34,,6,11,0,0,0
2015-11-09,,2.36,,9,11,0,0,0
2015-11-10,,2.32,,10,11,0,0,0
2015-11-11,,,,11,11,0,0,0
2015-11-12,,2.32,,12,11,0,0,0
2015-11-13,,2.28,,13,11,0,0,0
2015-11-16,,2.27,,16,11,0,0,0
2015-11-17,,2.25,,17,11,0,0,0
2015-11-18,,2.27,,18,11,0,0,0
2015-11-19,,2.24,,19,11,0,0,0
2015-11-20,,2.26,,20,11,0,0,0
2015-11-23,,2.25,,23,11,0,0,0
2015-11-24,,2.24,,24,11,0,0,0
2015-11-25,,2.23,,25,11,0,0,0
2015-11-26,,,,26,11,0,0,0
2015-11-27,,2.22,,27,11,0,0,0
2015-11-30,,2.21,,30,11,1,0,0
2015-12-01,0.24,2.15,5.0,1,12,0,0,0
2015-12-02,,2.18,,2,12,0,0,0
2015-12-03,,2.33,,3,12,0,0,0
2015-12-04,,2.28,,4,12,0,0,0
2015-12-07,,2.23,,7,12,0,0,0
2015-12-08,,2.24,,8,12,0,0,0
2015-12-09,,2.22,,9,12,0,0,0
2015-12-10,,2.24,,10,12,0,0,0
2015-12-11,,2.13,,11,12,0,0,0
2015-12-14,,2.23,,14,12,0,0,0
2015-12-15,,2.28,,15,12,1,0,0
2015-12-16,,2.3,,16,12,0,0,0
2015-12-17,,2.24,,17,12,0,0,0
2015-12-18,,2.19,,18,12,0,0,0
2015-12-21,,2.2,,21,12,0,0,0
2015-12-22,,2.24,,22,12,0,0,0
2015-12-23,,2.27,,23,12,0,0,0
2015-12-24,,2.25,,24,12,0,0,0
2015-12-25,,,,25,12,0,0,0
2015-12-28,,2.24,,28,12,0,0,0
2015-12-29,,2.32,,29,12,0,0,0
2015-12-30,,2.31,,30,12,0,0,0
2015-12-31,,2.27,,31,12,1,1,0
2016-01-01,0.34,,4.8,1,1,0,0,0
2016-01-04,,2.24,,4,1,0,0,0
2016-01-05,,2.25,,5,1,0,0,0
2016-01-06,,2.18,,6,1,0,0,0
2016-01-07,,2.16,,7,1,0,0,0
2016-01-08,,2.13,,8,1,0,0,0
2016-01-11,,2.17,,11,1,0,0,0
2016-01-12,,2.12,,12,1,0,0,0
2016-01-13,,2.08,,13,1,0,0,0
2016-01-14,,2.1,,14,1,0,0,0
2016-01-15,,2.03,,15,1,1,0,0
2016-01-18,,,,18,1,0,0,0
2016-01-19,,2.06,,19,1,0,0,0
2016-01-20,,2.01,,20,1,0,0,0
2016-01-21,,2.02,,21,1,0,0,0
2016-01-22,,2.07,,22,1,0,0,0
2016-01-25,,2.03,,25,1,0,0,0
2016-01-26,,2.01,,26,1,0,0,0
2016-01-27,,2.02,,27,1,0,0,0
2016-01-28,,2.0,,28,1,0,0,0
2016-01-29,,1.94,,29,1,0,0,0
2016-02-01,0.38,1.97,4.9,1,2,0,0,0
2016-02-02,,1.87,,2,2,0,0,0
2016-02-03,,1.88,,3,2,0,0,0
2016-02-04,,1.87,,4,2,0,0,0
2016-02-05,,1.86,,5,2,0,0,0
2016-02-08,,1.75,,8,2,0,0,0
2016-02-09,,1.74,,9,2,0,0,0
2016-02-10,,1.71,,10,2,0,0,0
2016-02-11,,1.63,,11,2,0,0,0
2016-02-12,,1.74,,12,2,0,0,0
2016-02-15,,,,15,2,1,0,0
2016-02-16,,1.78,,16,2,0,0,0
2016-02-17,,1.81,,17,2,0,0,0
2016-02-18,,1.75,,18,2,0,0,0
2016-02-19,,1.76,,19,2,0,0,0
2016-02-22,,1.77,,22,2,0,0,0
2016-02-23,,1.74,,23,2,0,0,0
2016-02-24,,1.75,,24,2,0,0,0
2016-02-25,,1.71,,25,2,0,0,0
2016-02-26,,1.76,,26,2,0,0,0
2016-02-29,,1.74,,29,2,1,0,0
2016-03-01,0.36,1.83,5.0,1,3,0,0,0
2016-03-02,,1.84,,2,3,0,0,0
2016-03-03,,1.83,,3,3,0,0,0
2016-03-04,,1.88,,4,3,0,0,0
2016-03-07,,1.91,,7,3,0,0,0
2016-03-08,,1.83,,8,3,0,0,0
2016-03-09,,1.9,,9,3,0,0,0
2016-03-10,,1.93,,10,3,0,0,0
2016-03-11,,1.98,,11,3,0,0,0
2016-03-14,,1.97,,14,3,0,0,0
2016-03-15,,1.97,,15,3,1,0,0
2016-03-16,,1.94,,16,3,0,0,0
2016-03-17,,1.91,,17,3,0,0,0
2016-03-18,,1.88,,18,3,0,0,0
2016-03-21,,1.92,,21,3,0,0,0
2016-03-22,,1.94,,22,3,0,0,0
2016-03-23,,1.88,,23,3,0,0,0
2016-03-24,,1.91,,24,3,0,0,0
2016-03-25,,,,25,3,0,0,0
2016-03-28,,1.89,,28,3,0,0,0
2016-03-29,,1.81,,29,3,0,0,0
2016-03-30,,1.83,,30,3,0,0,0
2016-03-31,,1.78,,31,3,1,1,0
2016-04-01,0.37,1.79,5.1,1,4,0,0,0
2016-04-04,,1.78,,4,4,0,0,0
2016-04-05,,1.73,,5,4,0,0,0
2016-04-06,,1.76,,6,4,0,0,0
2016-04-07,,1.7,,7,4,0,0,0
2016-04-08,,1.72,,8,4,0,0,0
2016-04-11,,1.73,,11,4,0,0,0
2016-04-12,,1.79,,12,4,0,0,0
2016-04-13,,1.77,,13,4,0,0,0
2016-04-14,,1.8,,14,4,0,0,0
2016-04-15,,1.76,,15,4,1,0,0
2016-04-18,,1.78,,18,4,0,0,0
2016-04-19,,1.79,,19,4,0,0,0
2016-04-20,,1.85,,20,4,0,0,0
2016-04-21,,1.88,,21,4,0,0,0
2016-04-22,,1.89,,22,4,0,0,0
2016-04-25,,1.91,,25,4,0,0,0
2016-04-26,,1.94,,26,4,0,0,0
2016-04-27,,1.87,,27,4,0,0,0
2016-04-28,,1.84,,28,4,0,0,0
2016-04-29,,1.83,,29,4,0,0,0
2016-05-01,0.37,,4.8,1,5,0,0,0
2016-05-02,,1.88,,2,5,0,0,0
2016-05-03,,1.81,,3,5,0,0,0
2016-05-04,,1.79,,4,5,0,0,0
2016-05-05,,1.76,,5,5,0,0,0
2016-05-06,,1.79,,6,5,0,0,0
2016-05-09,,1.77,,9,5,0,0,0
2016-05-10,,1.77,,10,5,0,0,0
2016-05-11,,1.73,,11,5,0,0,0
2016-05-12,,1.75,,12,5,0,0,0
2016-05-13,,1.71,,13,5,0,0,0
2016-05-16,,1.75,,16,5,0,0,0
2016-05-17,,1.76,,17,5,0,0,0
2016-05-18,,1.87,,18,5,0,0,0
2016-05-19,,1.85,,19,5,0,0,0
2016-05-20,,1.85,,20,5,0,0,0
2016-05-23,,1.84,,23,5,0,0,0
2016-05-24,,1.86,,24,5,0,0,0
2016-05-25,,1.87,,25,5,0,0,0
2016-05-26,,1.83,,26,5,0,0,0
2016-05-27,,1.85,,27,5,0,0,0
2016-05-30,,,,30,5,0,0,0
2016-05-31,,1.84,,31,5,1,0,0
2016-06-01,0.38,1.85,4.9,1,6,0,0,0
2016-06-02,,1.81,,2,6,0,0,0
2016-06-03,,1.71,,3,6,0,0,0
2016-06-06,,1.73,,6,6,0,0,0
2016-06-07,,1.72,,7,6,0,0,0
2016-06-08,,1.71,,8,6,0,0,0
2016-06-09,,1.68,,9,6,0,0,0
2016-06-10,,1.64,,10,6,0,0,0
2016-06-13,,1.62,,13,6,0,0,0
2016-06-14,,1.62,,14,6,0,0,0
2016-06-15,,1.6,,15,6,1,0,0
2016-06-16,,1.57,,16,6,0,0,0
2016-06-17,,1.62,,17,6,0,0,0
2016-06-20,,1.67,,20,6,0,0,0
2016-06-21,,1.71,,21,6,0,0,0
2016-06-22,,1.69,,22,6,0,0,0
2016-06-23,,1.74,,23,6,0,0,0
2016-06-24,,1.57,,24,6,0,0,0
2016-06-27,,1.46,,27,6,0,0,0
2016-06-28,,1.46,,28,6,0,0,0
2016-06-29,,1.5,,29,6,0,0,0
2016-06-30,,1.49,,30,6,1,1,0
2016-07-01,0.39,1.46,4.8,1,7,0,0,0
2016-07-04,,,,4,7,0,0,0
2016-07-05,,1.37,,5,7,0,0,0
2016-07-06,,1.38,,6,7,0,0,0
2016-07-07,,1.4,,7,7,0,0,0
2016-07-08,,1.37,,8,7,0,0,0
2016-07-11,,1.43,,11,7,0,0,0
2016-07-12,,1.53,,12,7,0,0,0
2016-07-13,,1.48,,13,7,0,0,0
2016-07-14,,1.53,,14,7,0,0,0
2016-07-15,,1.6,,15,7,1,0,0
2016-07-18,,1.59,,18,7,0,0,0
2016-07-19,,1.56,,19,7,0,0,0
2016-07-20,,1.59,,20,7,0,0,0
2016-07-21,,1.57,,21,7,0,0,0
2016-07-22,,1.57,,22,7,0,0,0
2016-07-25,,1.58,,25,7,0,0,0
2016-07-26,,1.57,,26,7,0,0,0
2016-07-27,,1.52,,27,7,0,0,0
2016-07-28,,1.52,,28,7,0,0,0
2016-07-29,,1.46,,29,7,0,0,0
2016-08-01,0.4,1.51,4.9,1,8,0,0,0
2016-08-02,,1.55,,2,8,0,0,0
2016-08-03,,1.55,,3,8,0,0,0
2016-08-04,,1.51,,4,8,0,0,0
2016-08-05,,1.59,,5,8,0,0,0
2016-08-08,,1.59,,8,8,0,0,0
2016-08-09,,1.55,,9,8,0,0,0
2016-08-10,,1.5,,10,8,0,0,0
2016-08-11,,1.57,,11,8,0,0,0
2016-08-12,,1.51,,12,8,0,0,0
2016-08-15,,1.55,,15,8,1,0,0
2016-08-16,,1.57,,16,8,0,0,0
2016-08-17,,1.56,,17,8,0,0,0
2016-08-18,,1.53,,18,8,0,0,0
2016-08-19,,1.58,,19,8,0,0,0
2016-08-22,,1.55,,22,8,0,0,0
2016-08-23,,1.55,,23,8,0,0,0
2016-08-24,,1.56,,24,8,0,0,0
2016-08-25,,1.58,,25,8,0,0,0
2016-08-26,,1.62,,26,8,0,0,0
2016-08-29,,1.57,,29,8,0,0,0
2016-08-30,,1.57,,30,8,0,0,0
2016-08-31,,1.58,,31,8,1,0,0
2016-09-01,0.4,1.57,5.0,1,9,0,0,0
2016-09-02,,1.6,,2,9,0,0,0
2016-09-05,,,,5,9,0,0,0
2016-09-06,,1.55,,6,9,0,0,0
2016-09-07,,1.54,,7,9,0,0,0
2016-09-08,,1.61,,8,9,0,0,0
2016-09-09,,1.67,,9,9,0,0,0
2016-09-12,,1.68,,12,9,0,0,0
2016-09-13,,1.73,,13,9,0,0,0
2016-09-14,,1.7,,14,9,0,0,0
2016-09-15,,1.71,,15,9,1,0,0
2016-09-16,,1.7,,16,9,0,0,0
2016-09-19,,1.7,,19,9,0,0,0
2016-09-20,,1.69,,20,9,0,0,0
2016-09-21,,1.66,,21,9,0,0,0
2016-09-22,,1.63,,22,9,0,0,0
2016-09-23,,1.62,,23,9,0,0,0
2016-09-26,,1.59,,26,9,0,0,0
2016-09-27,,1.56,,27,9,0,0,0
2016-09-28,,1.57,,28,9,0,0,0
2016-09-29,,1.56,,29,9,0,0,0
2016-09-30,,1.6,,30,9,1,1,0
2016-10-01,0.4,,4.9,1,10,0,0,0
2016-10-03,,1.63,,3,10,0,0,0
2016-10-04,,1.69,,4,10,0,0,0
2016-10-05,,1.72,,5,10,0,0,0
2016-10-06,,1.75,,6,10,0,0,0
2016-10-07,,1.73,,7,10,0,0,0
2016-10-10,,,,10,10,0,0,0
2016-10-11,,1.77,,11,10,0,0,0
2016-10-12,,1.79,,12,10,0,0,0
2016-10-13,,1.75,,13,10,0,0,0
2016-10-14,,1.8,,14,10,0,0,0
2016-10-17,,1.77,,17,10,0,0,0
2016-10-18,,1.75,,18,10,0,0,0
2016-10-19,,1.76,,19,10,0,0,0
2016-10-20,,1.76,,20,10,0,0,0
2016-10-21,,1.74,,21,10,0,0,0
2016-10-24,,1.77,,24,10,0,0,0
2016-10-25,,1.77,,25,10,0,0,0
2016-10-26,,1.79,,26,10,0,0,0
2016-10-27,,1.85,,27,10,0,0,0
2016-10-28,,1.86,,28,10,0,0,0
2016-10-31,,1.84,,31,10,1,0,0
2016-11-01,0.41,1.83,4.7,1,11,0,0,0
2016-11-02,,1.81,,2,11,0,0,0
2016-11-03,,1.82,,3,11,0,0,0
2016-11-04,,1.79,,4,11,0,0,0
2016-11-07,,1.83,,7,11,0,0,0
2016-11-08,,1.88,,8,11,0,0,0
2016-11-09,,2.07,,9,11,0,0,0
2016-11-10,,2.15,,10,11,0,0,0
2016-11-11,,,,11,11,0,0,0
2016-11-14,,2.23,,14,11,0,0,0
2016-11-15,,2.23,,15,11,1,0,0
2016-11-16,,2.22,,16,11,0,0,0
2016-11-17,,2.29,,17,11,0,0,0
2016-11-18,,2.34,,18,11,0,0,0
2016-11-21,,2.33,,21,11,0,0,0
2016-11-22,,2.31,,22,11,0,0,0
2016-11-23,,2.36,,23,11,0,0,0
2016-11-24,,,,24,11,0,0,0
2016-11-25,,2.36,,25,11,0,0,0
2016-11-28,,2.32,,28,11,0,0,0
2016-11-29,,2.3,,29,11,0,0,0
2016-11-30,,2.37,,30,11,1,0,0
2016-12-01,0.54,2.45,4.7,1,12,0,0,0
2016-12-02,,2.4,,2,12,0,0,0
2016-12-05,,2.39,,5,12,0,0,0
2016-12-06,,2.39,,6,12,0,0,0
2016-12-07,,2.34,,7,12,0,0,0
2016-12-08,,2.4,,8,12,0,0,0
2016-12-09,,2.47,,9,12,0,0,0
2016-12-12,,2.49,,12,12,0,0,0
2016-12-13,,2.48,,13,12,0,0,0
2016-12-14,,2.54,,14,12,0,0,0
2016-12-15,,2.6,,15,12,1,0,0
2016-12-16,,2.6,,16,12,0,0,0
2016-12-19,,2.54,,19,12,0,0,0
2016-12-20,,2.57,,20,12,0,0,0
2016-12-21,,2.55,,21,12,0,0,0
2016-12-22,,2.55,,22,12,0,0,0
2016-12-23,,2.55,,23,12,0,0,0
2016-12-26,,,,26,12,0,0,0
2016-12-27,,2.57,,27,12,0,0,0
2016-12-28,,2.51,,28,12,0,0,0
2016-12-29,,2.49,,29,12,0,0,0
2016-12-30,,2.45,,30,12,0,0,0
2017-01-01,0.65,,4.7,1,1,0,0,0
2017-01-02,,,,2,1,0,0,0
2017-01-03,,2.45,,3,1,0,0,0
2017-01-04,,2.46,,4,1,0,0,0
2017-01-05,,2.37,,5,1,0,0,0
2017-01-06,,2.42,,6,1,0,0,0
2017-01-09,,2.38,,9,1,0,0,0
2017-01-10,,2.38,,10,1,0,0,0
2017-01-11,,2.38,,11,1,0,0,0
2017-01-12,,2.36,,12,1,0,0,0
2017-01-13,,2.4,,13,1,0,0,0
2017-01-16,,,,16,1,0,0,0
2017-01-17,,2.33,,17,1,0,0,0
2017-01-18,,2.42,,18,1,0,0,0
2017-01-19,,2.47,,19,1,0,0,0
2017-01-20,,2.48,,20,1,0,0,0
2017-01-23,,2.41,,23,1,0,0,0
2017-01-24,,2.47,,24,1,0,0,0
2017-01-25,,2.53,,25,1,0,0,0
2017-01-26,,2.51,,26,1,0,0,0
2017-01-27,,2.49,,27,1,0,0,0
2017-01-30,,2.49,,30,1,0,0,0
2017-01-31,,2.45,,31,1,1,0,0
2017-02-01,0.66,2.48,4.6,1,2,0,0,0
2017-02-02,,2.48,,2,2,0,0,0
2017-02-03,,2.49,,3,2,0,0,0
2017-02-06,,2.42,,6,2,0,0,0
2017-02-07,,2.4,,7,2,0,0,0
2017-02-08,,2.34,,8,2,0,0,0
2017-02-09,,2.4,,9,2,0,0,0
2017-02-10,,2.41,,10,2,0,0,0
2017-02-13,,2.43,,13,2,0,0,0
2017-02-14,,2.47,,14,2,0,0,0
2017-02-15,,2.51,,15,2,1,0,0
2017-02-16,,2.45,,16,2,0,0,0
2017-02-17,,2.42,,17,2,0,0,0
2017-02-20,,,,20,2,0,0,0
2017-02-21,,2.43,,21,2,0,0,0
2017-02-22,,2.42,,22,2,0,0,0
2017-02-23,,2.38,,23,2,0,0,0
2017-02-24,,2.31,,24,2,0,0,0
2017-02-27,,2.36,,27,2,0,0,0
2017-02-28,,2.36,,28,2,1,0,0
2017-03-01,0.79,2.46,4.4,1,3,0,0,0
2017-03-02,,2.49,,2,3,0,0,0
2017-03-03,,2.49,,3,3,0,0,0
2017-03-06,,2.49,,6,3,0,0,0
2017-03-07,,2.52,,7,3,0,0,0
2017-03-08,,2.57,,8,3,0,0,0
2017-03-09,,2.6,,9,3,0,0,0
2017-03-10,,2.58,,10,3,0,0,0
2017-03-13,,2.62,,13,3,0,0,0
2017-03-14,,2.6,,14,3,0,0,0
2017-03-15,,2.51,,15,3,1,0,0
2017-03-16,,2.53,,16,3,0,0,0
2017-03-17,,2.5,,17,3,0,0,0
2017-03-20,,2.47,,20,3,0,0,0
2017-03-21,,2.43,,21,3,0,0,0
2017-03-22,,2.4,,22,3,0,0,0
2017-03-23,,2.41,,23,3,0,0,0
2017-03-24,,2.4,,24,3,0,0,0
2017-03-27,,2.38,,27,3,0,0,0
2017-03-28,,2.42,,28,3,0,0,0
2017-03-29,,2.39,,29,3,0,0,0
2017-03-30,,2.42,,30,3,0,0,0
2017-03-31,,2.4,,31,3,1,1,0
2017-04-01,0.9,,4.4,1,4,0,0,0
2017-04-03,,2.35,,3,4,0,0,0
2017-04-04,,2.36,,4,4,0,0,0
2017-04-05,,2.34,,5,4,0,0,0
2017-04-06,,2.34,,6,4,0,0,0
2017-04-07,,2.38,,7,4,0,0,0
2017-04-10,,2.37,,10,4,0,0,0
2017-04-11,,2.32,,11,4,0,0,0
2017-04-12,,2.28,,12,4,0,0,0
2017-04-13,,2.24,,13,4,0,0,0
2017-04-14,,,,14,4,0,0,0
2017-04-17,,2.26,,17,4,0,0,0
2017-04-18,,2.18,,18,4,0,0,0
2017-04-19,,2.21,,19,4,0,0,0
2017-04-20,,2.24,,20,4,0,0,0
2017-04-21,,2.24,,21,4,0,0,0
2017-04-24,,2.28,,24,4,0,0,0
2017-04-25,,2.35,,25,4,0,0,0
2017-04-26,,2.32,,26,4,0,0,0
2017-04-27,,2.3,,27,4,0,0,0
2017-04-28,,2.29,,28,4,0,0,0
2017-05-01,0.91,2.33,4.4,1,5,0,0,0
2017-05-02,,2.29,,2,5,0,0,0
2017-05-03,,2.33,,3,5,0,0,0
2017-05-04,,2.36,,4,5,0,0,0
2017-05-05,,2.36,,5,5,0,0,0
2017-05-08,,2.39,,8,5,0,0,0
2017-05-09,,2.42,,9,5,0,0,0
2017-05-10,,2.41,,10,5,0,0,0
2017-05-11,,2.39,,11,5,0,0,0
2017-05-12,,2.33,,12,5,0,0,0
2017-05-15,,2.34,,15,5,1,0,0
2017-05-16,,2.33,,16,5,0,0,0
2017-05-17,,2.22,,17,5,0,0,0
2017-05-18,,2.23,,18,5,0,0,0
2017-05-19,,2.23,,19,5,0,0,0
2017-05-22,,2.25,,22,5,0,0,0
2017-05-23,,2.29,,23,5,0,0,0
2017-05-24,,2.26,,24,5,0,0,0
2017-05-25,,2.25,,25,5,0,0,0
2017-05-26,,2.25,,26,5,0,0,0
2017-05-29,,,,29,5,0,0,0
2017-05-30,,2.21,,30,5,0,0,0
2017-05-31,,2.21,,31,5,1,0,0
2017-06-01,1.04,2.21,4.3,1,6,0,0,0
2017-06-02,,2.15,,2,6,0,0,0
2017-06-05,,2.18,,5,6,0,0,0
2017-06-06,,2.14,,6,6,0,0,0
2017-06-07,,2.18,,7,6,0,0,0
2017-06-08,,2.19,,8,6,0,0,0
2017-06-09,,2.21,,9,6,0,0,0
2017-06-12,,2.21,,12,6,0,0,0
2017-06-13,,2.21,,13,6,0,0,0
2017-06-14,,2.15,,14,6,0,0,0
2017-06-15,,2.16,,15,6,1,0,0
2017-06-16,,2.16,,16,6,0,0,0
2017-06-19,,2.19,,19,6,0,0,0
2017-06-20,,2.16,,20,6,0,0,0
2017-06-21,,2.16,,21,6,0,0,0
2017-06-22,,2.15,,22,6,0,0,0
2017-06-23,,2.15,,23,6,0,0,0
2017-06-26,,2.14,,26,6,0,0,0
2017-06-27,,2.21,,27,6,0,0,0
2017-06-28,,2.22,,28,6,0,0,0
2017-06-29,,2.27,,29,6,0,0,0
2017-06-30,,2.31,,30,6,1,1,0
2017-07-01,1.15,,4.3,1,7,0,0,0
2017-07-03,,2.35,,3,7,0,0,0
2017-07-04,,,,4,7,0,0,0
2017-07-05,,2.33,,5,7,0,0,0
2017-07-06,,2.37,,6,7,0,0,0
2017-07-07,,2.39,,7,7,0,0,0
2017-07-10,,2.38,,10,7,0,0,0
2017-07-11,,2.37,,11,7,0,0,0
2017-07-12,,2.33,,12,7,0,0,0
2017-07-13,,2.35,,13,7,0,0,0
2017-07-14,,2.33,,14,7,0,0,0
2017-07-17,,2.31,,17,7,0,0,0
2017-07-18,,2.27,,18,7,0,0,0
2017-07-19,,2.27,,19,7,0,0,0
2017-07-20,,2.27,,20,7,0,0,0
2017-07-21,,2.24,,21,7,0,0,0
2017-07-24,,2.26,,24,7,0,0,0
2017-07-25,,2.33,,25,7,0,0,0
2017-07-26,,2.29,,26,7,0,0,0
2017-07-27,,2.32,,27,7,0,0,0
2017-07-28,,2.3,,28,7,0,0,0
2017-07-31,,2.3,,31,7,1,0,0
2017-08-01,1.16,2.26,4.4,1,8,0,0,0
2017-08-02,,2.27,,2,8,0,0,0
2017-08-03,,2.24,,3,8,0,0,0
2017-08-04,,2.27,,4,8,0,0,0
2017-08-07,,2.26,,7,8,0,0,0
2017-08-08,,2.29,,8,8,0,0,0
2017-08-09,,2.24,,9,8,0,0,0
2017-08-10,,2.2,,10,8,0,0,0
2017-08-11,,2.19,,11,8,0,0,0
2017-08-14,,2.22,,14,8,0,0,0
2017-08-15,,2.27,,15,8,1,0,0
2017-08-16,,2.23,,16,8,0,0,0
2017-08-17,,2.19,,17,8,0,0,0
2017-08-18,,2.19,,18,8,0,0,0
2017-08-21,,2.18,,21,8,0,0,0
2017-08-22,,2.22,,22,8,0,0,0
2017-08-23,,2.17,,23,8,0,0,0
2017-08-24,,2.19,,24,8,0,0,0
2017-08-25,,2.17,,25,8,0,0,0
2017-08-28,,2.16,,28,8,0,0,0
2017-08-29,,2.13,,29,8,0,0,0
2017-08-30,,2.15,,30,8,0,0,0
2017-08-31,,2.12,,31,8,1,0,0
2017-09-01,1.15,2.16,4.3,1,9,0,0,0
2017-09-04,,,,4,9,0,0,0
2017-09-05,,2.07,,5,9,0,0,0
2017-09-06,,2.1,,6,9,0,0,0
2017-09-07,,2.05,,7,9,0,0,0
2017-09-08,,2.06,,8,9,0,0,0
2017-09-11,,2.14,,11,9,0,0,0
2017-09-12,,2.17,,12,9,0,0,0
2017-09-13,,2.2,,13,9,0,0,0
2017-09-14,,2.2,,14,9,0,0,0
2017-09-15,,2.2,,15,9,1,0,0
2017-09-18,,2.23,,18,9,0,0,0
2017-09-19,,2.24,,19,9,0,0,0
2017-09-20,,2.28,,20,9,0,0,0
2017-09-21,,2.27,,21,9,0,0,0
2017-09-22,,2.26,,22,9,0,0,0
2017-09-25,,2.22,,25,9,0,0,0
2017-09-26,,2.24,,26,9,0,0,0
2017-09-27,,2.31,,27,9,0,0,0
2017-09-28,,2.31,,28,9,0,0,0
2017-09-29,,2.33,,29,9,0,0,0
2017-10-01,1.15,,4.2,1,10,0,0,0
2017-10-02,,2.34,,2,10,0,0,0
2017-10-03,,2.33,,3,10,0,0,0
2017-10-04,,2.33,,4,10,0,0,0
2017-10-05,,2.35,,5,10,0,0,0
2017-10-06,,2.37,,6,10,0,0,0
2017-10-09,,,,9,10,0,0,0
2017-10-10,,2.35,,10,10,0,0,0
2017-10-11,,2.35,,11,10,0,0,0
2017-10-12,,2.33,,12,10,0,0,0
2017-10-13,,2.28,,13,10,0,0,0
2017-10-16,,2.3,,16,10,0,0,0
2017-10-17,,2.3,,17,10,0,0,0
2017-10-18,,2.34,,18,10,0,0,0
2017-10-19,,2.33,,19,10,0,0,0
2017-10-20,,2.39,,20,10,0,0,0
2017-10-23,,2.38,,23,10,0,0,0
2017-10-24,,2.42,,24,10,0,0,0
2017-10-25,,2.44,,25,10,0,0,0
2017-10-26,,2.46,,26,10,0,0,0
2017-10-27,,2.42,,27,10,0,0,0
2017-10-30,,2.37,,30,10,0,0,0
2017-10-31,,2.38,,31,10,1,0,0
2017-11-01,1.16,2.37,4.2,1,11,0,0,0
2017-11-02,,2.35,,2,11,0,0,0
2017-11-03,,2.34,,3,11,0,0,0
2017-11-06,,2.32,,6,11,0,0,0
2017-11-07,,2.32,,7,11,0,0,0
2017-11-08,,2.32,,8,11,0,0,0
2017-11-09,,2.33,,9,11,0,0,0
2017-11-10,,2.4,,10,11,0,0,0
2017-11-13,,2.4,,13,11,0,0,0
2017-11-14,,2.38,,14,11,0,0,0
2017-11-15,,2.33,,15,11,1,0,0
2017-11-16,,2.37,,16,11,0,0,0
2017-11-17,,2.35,,17,11,0,0,0
2017-11-20,,2.37,,20,11,0,0,0
2017-11-21,,2.36,,21,11,0,0,0
2017-11-22,,2.32,,22,11,0,0,0
2017-11-23,,,,23,11,0,0,0
2017-11-24,,2.34,,24,11,0,0,0
2017-11-27,,2.32,,27,11,0,0,0
2017-11-28,,2.34,,28,11,0,0,0
2017-11-29,,2.37,,29,11,0,0,0
2017-11-30,,2.42,,30,11,1,0,0
2017-12-01,1.3,2.37,4.1,1,12,0,0,0
2017-12-04,,2.37,,4,12,0,0,0
2017-12-05,,2.36,,5,12,0,0,0
2017-12-06,,2.33,,6,12,0,0,0
2017-12-07,,2.37,,7,12,0,0,0
2017-12-08,,2.38,,8,12,0,0,0
2017-12-11,,2.39,,11,12,0,0,0
2017-12-12,,2.4,,12,12,0,0,0
2017-12-13,,2.36,,13,12,0,0,0
2017-12-14,,2.35,,14,12,0,0,0
2017-12-15,,2.35,,15,12,1,0,0
2017-12-18,,2.39,,18,12,0,0,0
2017-12-19,,2.46,,19,12,0,0,0
2017-12-20,,2.49,,20,12,0,0,0
2017-12-21,,2.48,,21,12,0,0,0
2017-12-22,,2.48,,22,12,0,0,0
2017-12-25,,,,25,12,0,0,0
2017-12-26,,2.47,,26,12,0,0,0
2017-12-27,,2.42,,27,12,0,0,0
2017-12-28,,2.43,,28,12,0,0,0
2017-12-29,,2.4,,29,12,0,0,0
2018-01-01,1.41,,4.0,1,1,0,0,0
2018-01-02,,2.46,,2,1,0,0,0
2018-01-03,,2.44,,3,1,0,0,0
2018-01-04,,2.46,,4,1,0,0,0
2018-01-05,,2.47,,5,1,0,0,0
2018-01-08,,2.49,,8,1,0,0,0
2018-01-09,,2.55,,9,1,0,0,0
2018-01-10,,2.55,,10,1,0,0,0
2018-01-11,,2.54,,11,1,0,0,0
2018-01-12,,2.55,,12,1,0,0,0
2018-01-15,,,,15,1,1,0,0
2018-01-16,,2.54,,16,1,0,0,0
2018-01-17,,2.57,,17,1,0,0,0
2018-01-18,,2.62,,18,1,0,0,0
2018-01-19,,2.64,,19,1,0,0,0
2018-01-22,,2.66,,22,1,0,0,0
2018-01-23,,2.63,,23,1,0,0,0
2018-01-24,,2.65,,24,1,0,0,0
2018-01-25,,2.63,,25,1,0,0,0
2018-01-26,,2.66,,26,1,0,0,0
2018-01-29,,2.7,,29,1,0,0,0
2018-01-30,,2.73,,30,1,0,0,0
2018-01-31,,2.72,,31,1,1,0,0
2018-02-01,1.42,2.78,4.1,1,2,0,0,0
2018-02-02,,2.84,,2,2,0,0,0
2018-02-05,,2.77,,5,2,0,0,0
2018-02-06,,2.79,,6,2,0,0,0
2018-02-07,,2.84,,7,2,0,0,0
2018-02-08,,2.85,,8,2,0,0,0
2018-02-09,,2.83,,9,2,0,0,0
2018-02-12,,2.86,,12,2,0,0,0
2018-02-13,,2.83,,13,2,0,0,0
2018-02-14,,2.91,,14,2,0,0,0
2018-02-15,,2.9,,15,2,1,0,0
2018-02-16,,2.87,,16,2,0,0,0
2018-02-19,,,,19,2,0,0,0
2018-02-20,,2.88,,20,2,0,0,0
2018-02-21,,2.94,,21,2,0,0,0
2018-02-22,,2.92,,22,2,0,0,0
2018-02-23,,2.88,,23,2,0,0,0
2018-02-26,,2.86,,26,2,0,0,0
2018-02-27,,2.9,,27,2,0,0,0
2018-02-28,,2.87,,28,2,1,0,0
2018-03-01,1.51,2.81,4.0,1,3,0,0,0
2018-03-02,,2.86,,2,3,0,0,0
2018-03-05,,2.88,,5,3,0,0,0
2018-03-06,,2.88,,6,3,0,0,0
2018-03-07,,2.89,,7,3,0,0,0
2018-03-08,,2.86,,8,3,0,0,0
2018-03-09,,2.9,,9,3,0,0,0
2018-03-12,,2.87,,12,3,0,0,0
2018-03-13,,2.84,,13,3,0,0,0
2018-03-14,,2.81,,14,3,0,0,0
2018-03-15,,2.82,,15,3,1,0,0
2018-03-16,,2.85,,16,3,0,0,0
2018-03-19,,2.85,,19,3,0,0,0
2018-03-20,,2.89,,20,3,0,0,0
2018-03-21,,2.89,,21,3,0,0,0
2018-03-22,,2.83,,22,3,0,0,0
2018-03-23,,2.82,,23,3,0,0,0
2018-03-26,,2.85,,26,3,0,0,0
2018-03-27,,2.78,,27,3,0,0,0
2018-03-28,,2.77,,28,3,0,0,0
2018-03-29,,2.74,,29,3,0,0,0
2018-03-30,,,,30,3,0,0,0
2018-04-01,1.69,,4.0,1,4,0,0,0
2018-04-02,,2.73,,2,4,0,0,0
2018-04-03,,2.79,,3,4,0,0,0
2018-04-04,,2.79,,4,4,0,0,0
2018-04-05,,2.83,,5,4,0,0,0
2018-04-06,,2.77,,6,4,0,0,0
2018-04-09,,2.78,,9,4,0,0,0
2018-04-10,,2.8,,10,4,0,0,0
2018-04-11,,2.79,,11,4,0,0,0
2018-04-12,,2.83,,12,4,0,0,0
2018-04-13,,2.82,,13,4,0,0,0
2018-04-16,,2.83,,16,4,0,0,0
2018-04-17,,2.82,,17,4,0,0,0
2018-04-18,,2.87,,18,4,0,0,0
2018-04-19,,2.92,,19,4,0,0,0
2018-04-20,,2.96,,20,4,0,0,0
2018-04-23,,2.98,,23,4,0,0,0
2018-04-24,,3.0,,24,4,0,0,0
2018-04-25,,3.03,,25,4,0,0,0
2018-04-26,,3.0,,26,4,0,0,0
2018-04-27,,2.96,,27,4,0,0,0
2018-04-30,,2.95,,30,4,1,0,0
2018-05-01,1.7,2.97,3.8,1,5,0,0,0
2018-05-02,,2.97,,2,5,0,0,0
2018-05-03,,2.94,,3,5,0,0,0
2018-05-04,,2.95,,4,5,0,0,0
2018-05-07,,2.95,,7,5,0,0,0
2018-05-08,,2.97,,8,5,0,0,0
2018-05-09,,3.0,,9,5,0,0,0
2018-05-10,,2.97,,10,5,0,0,0
2018-05-11,,2.97,,11,5,0,0,0
2018-05-14,,3.0,,14,5,0,0,0
2018-05-15,,3.08,,15,5,1,0,0
2018-05-16,,3.09,,16,5,0,0,0
2018-05-17,,3.11,,17,5,0,0,0
2018-05-18,,3.06,,18,5,0,0,0
2018-05-21,,3.06,,21,5,0,0,0
2018-05-22,,3.06,,22,5,0,0,0
2018-05-23,,3.01,,23,5,0,0,0
2018-05-24,,2.98,,24,5,0,0,0
2018-05-25,,2.93,,25,5,0,0,0
2018-05-28,,,,28,5,0,0,0
2018-05-29,,2.77,,29,5,0,0,0
2018-05-30,,2.84,,30,5,0,0,0
2018-05-31,,2.83,,31,5,1,0,0
2018-06-01,1.82,2.89,4.0,1,6,0,0,0
2018-06-04,,2.94,,4,6,0,0,0
2018-06-05,,2.92,,5,6,0,0,0
2018-06-06,,2.97,,6,6,0,0,0
2018-06-07,,2.93,,7,6,0,0,0
2018-06-08,,2.93,,8,6,0,0,0
2018-06-11,,2.96,,11,6,0,0,0
2018-06-12,,2.96,,12,6,0,0,0
2018-06-13,,2.98,,13,6,0,0,0
2018-06-14,,2.94,,14,6,0,0,0
2018-06-15,,2.93,,15,6,1,0,0
2018-06-18,,2.92,,18,6,0,0,0
2018-06-19,,2.89,,19,6,0,0,0
2018-06-20,,2.93,,20,6,0,0,0
2018-06-21,,2.9,,21,6,0,0,0
2018-06-22,,2.9,,22,6,0,0,0
2018-06-25,,2.87,,25,6,0,0,0
2018-06-26,,2.88,,26,6,0,0,0
2018-06-27,,2.83,,27,6,0,0,0
2018-06-28,,2.84,,28,6,0,0,0
2018-06-29,,2.85,,29,6,0,0,0
2018-07-01,1.91,,3.8,1,7,0,0,0
2018-07-02,,2.87,,2,7,0,0,0
2018-07-03,,2.83,,3,7,0,0,0
2018-07-04,,,,4,7,0,0,0
2018-07-05,,2.84,,5,7,0,0,0
2018-07-06,,2.82,,6,7,0,0,0
2018-07-09,,2.86,,9,7,0,0,0
2018-07-10,,2.87,,10,7,0,0,0
2018-07-11,,2.85,,11,7,0,0,0
2018-07-12,,2.85,,12,7,0,0,0
2018-07-13,,2.83,,13,7,0,0,0
2018-07-16,,2.85,,16,7,0,0,0
2018-07-17,,2.86,,17,7,0,0,0
2018-07-18,,2.88,,18,7,0,0,0
2018-07-19,,2.84,,19,7,0,0,0
2018-07-20,,2.89,,20,7,0,0,0
2018-07-23,,2.96,,23,7,0,0,0
2018-07-24,,2.95,,24,7,0,0,0
2018-07-25,,2.94,,25,7,0,0,0
2018-07-26,,2.98,,26,7,0,0,0
2018-07-27,,2.96,,27,7,0,0,0
2018-07-30,,2.98,,30,7,0,0,0
2018-07-31,,2.96,,31,7,1,0,0
2018-08-01,1.91,3.0,3.8,1,8,0,0,0
2018-08-02,,2.98,,2,8,0,0,0
2018-08-03,,2.95,,3,8,0,0,0
2018-08-06,,2.94,,6,8,0,0,0
2018-08-07,,2.98,,7,8,0,0,0
2018-08-08,,2.96,,8,8,0,0,0
2018-08-09,,2.93,,9,8,0,0,0
2018-08-10,,2.87,,10,8,0,0,0
2018-08-13,,2.88,,13,8,0,0,0
2018-08-14,,2.89,,14,8,0,0,0
2018-08-15,,2.86,,15,8,1,0,0
2018-08-16,,2.87,,16,8,0,0,0
2018-08-17,,2.87,,17,8,0,0,0
2018-08-20,,2.82,,20,8,0,0,0
2018-08-21,,2.85,,21,8,0,0,0
2018-08-22,,2.82,,22,8,0,0,0
2018-08-23,,2.82,,23,8,0,0,0
2018-08-24,,2.82,,24,8,0,0,0
2018-08-27,,2.85,,27,8,0,0,0
2018-08-28,,2.88,,28,8,0,0,0
2018-08-29,,2.89,,29,8,0,0,0
2018-08-30,,2.86,,30,8,0,0,0
2018-08-31,,2.86,,31,8,1,0,0
2018-09-01,1.95,,3.7,1,9,0,0,0
2018-09-03,,,,3,9,0,0,0
2018-09-04,,2.9,,4,9,0,0,0
2018-09-05,,2.9,,5,9,0,0,0
2018-09-06,,2.88,,6,9,0,0,0
2018-09-07,,2.94,,7,9,0,0,0
2018-09-10,,2.94,,10,9,0,0,0
2018-09-11,,2.98,,11,9,0,0,0
2018-09-12,,2.97,,12,9,0,0,0
2018-09-13,,2.97,,13,9,0,0,0
2018-09-14,,2.99,,14,9,0,0,0
2018-09-17,,2.99,,17,9,0,0,0
2018-09-18,,3.05,,18,9,0,0,0
2018-09-19,,3.08,,19,9,0,0,0
2018-09-20,,3.07,,20,9,0,0,0
2018-09-21,,3.07,,21,9,0,0,0
2018-09-24,,3.08,,24,9,0,0,0
2018-09-25,,3.1,,25,9,0,0,0
2018-09-26,,3.06,,26,9,0,0,0
2018-09-27,,3.06,,27,9,0,0,0
2018-09-28,,3.05,,28,9,0,0,0
2018-10-01,2.19,3.09,3.8,1,10,0,0,0
2018-10-02,,3.05,,2,10,0,0,0
2018-10-03,,3.15,,3,10,0,0,0
2018-10-04,,3.19,,4,10,0,0,0
2018-10-05,,3.23,,5,10,0,0,0
2018-10-08,,,,8,10,0,0,0
2018-10-09,,3.21,,9,10,0,0,0
2018-10-10,,3.22,,10,10,0,0,0
2018-10-11,,3.14,,11,10,0,0,0
2018-10-12,,3.15,,12,10,0,0,0
2018-10-15,,3.16,,15,10,1,0,0
2018-10-16,,3.16,,16,10,0,0,0
2018-10-17,,3.19,,17,10,0,0,0
2018-10-18,,3.17,,18,10,0,0,0
2018-10-19,,3.2,,19,10,0,0,0
2018-10-22,,3.2,,22,10,0,0,0
2018-10-23,,3.17,,23,10,0,0,0
2018-10-24,,3.1,,24,10,0,0,0
2018-10-25,,3.14,,25,10,0,0,0
2018-10-26,,3.08,,26,10,0,0,0
2018-10-29,,3.08,,29,10,0,0,0
2018-10-30,,3.12,,30,10,0,0,0
2018-10-31,,3.15,,31,10,1,0,0
2018-11-01,2.2,3.14,3.8,1,11,0,0,0
2018-11-02,,3.22,,2,11,0,0,0
2018-11-05,,3.2,,5,11,0,0,0
2018-11-06,,3.22,,6,11,0,0,0
2018-11-07,,3.22,,7,11,0,0,0
2018-11-08,,3.24,,8,11,0,0,0
2018-11-09,,3.19,,9,11,0,0,0
2018-11-12,,,,12,11,0,0,0
2018-11-13,,3.14,,13,11,0,0,0
2018-11-14,,3.12,,14,11,0,0,0
2018-11-15,,3.11,,15,11,1,0,0
2018-11-16,,3.08,,16,11,0,0,0
2018-11-19,,3.06,,19,11,0,0,0
2018-11-20,,3.06,,20,11,0,0,0
2018-11-21,,3.06,,21,11,0,0,0
2018-11-22,,,,22,11,0,0,0
2018-11-23,,3.05,,23,11,0,0,0
2018-11-26,,3.07,,26,11,0,0,0
2018-11-27,,3.06,,27,11,0,0,0
2018-11-28,,3.06,,28,11,0,0,0
2018-11-29,,3.03,,29,11,0,0,0
2018-11-30,,3.01,,30,11,1,0,0
2018-12-01,2.27,,3.9,1,12,0,0,0
2018-12-03,,2.98,,3,12,0,0,0
2018-12-04,,2.91,,4,12,0,0,0
2018-12-05,,,,5,12,0,0,0
2018-12-06,,2.87,,6,12,0,0,0
2018-12-07,,2.85,,7,12,0,0,0
2018-12-10,,2.85,,10,12,0,0,0
2018-12-11,,2.89,,11,12,0,0,0
2018-12-12,,2.91,,12,12,0,0,0
2018-12-13,,2.91,,13,12,0,0,0
2018-12-14,,2.89,,14,12,0,0,0
2018-12-17,,2.86,,17,12,0,0,0
2018-12-18,,2.82,,18,12,0,0,0
2018-12-19,,2.77,,19,12,0,0,0
2018-12-20,,2.79,,20,12,0,0,0
2018-12-21,,2.79,,21,12,0,0,0
2018-12-24,,2.74,,24,12,0,0,0
2018-12-25,,,,25,12,0,0,0
2018-12-26,,2.81,,26,12,0,0,0
2018-12-27,,2.77,,27,12,0,0,0
2018-12-28,,2.72,,28,12,0,0,0
2018-12-31,,2.69,,31,12,1,1,0
2019-01-01,2.4,,4.0,1,1,0,0,0
2019-01-02,,2.66,,2,1,0,0,0
2019-01-03,,2.56,,3,1,0,0,0
2019-01-04,,2.67,,4,1,0,0,0
2019-01-07,,2.7,,7,1,0,0,0
2019-01-08,,2.73,,8,1,0,0,0
2019-01-09,,2.74,,9,1,0,0,0
2019-01-10,,2.74,,10,1,0,0,0
2019-01-11,,2.71,,11,1,0,0,0
2019-01-14,,2.71,,14,1,0,0,0
2019-01-15,,2.72,,15,1,1,0,0
2019-01-16,,2.73,,16,1,0,0,0
2019-01-17,,2.75,,17,1,0,0,0
2019-01-18,,2.79,,18,1,0,0,0
2019-01-21,,,,21,1,0,0,0
2019-01-22,,2.74,,22,1,0,0,0
2019-01-23,,2.76,,23,1,0,0,0
2019-01-24,,2.72,,24,1,0,0,0
2019-01-25,,2.76,,25,1,0,0,0
2019-01-28,,2.75,,28,1,0,0,0
2019-01-29,,2.72,,29,1,0,0,0
2019-01-30,,2.7,,30,1,0,0,0
2019-01-31,,2.63,,31,1,1,0,0
2019-02-01,2.4,2.7,3.8,1,2,0,0,0
2019-02-04,,2.73,,4,2,0,0,0
2019-02-05,,2.71,,5,2,0,0,0
2019-02-06,,2.7,,6,2,0,0,0
2019-02-07,,2.65,,7,2,0,0,0
2019-02-08,,2.63,,8,2,0,0,0
2019-02-11,,2.65,,11,2,0,0,0
2019-02-12,,2.68,,12,2,0,0,0
2019-02-13,,2.71,,13,2,0,0,0
2019-02-14,,2.66,,14,2,0,0,0
2019-02-15,,2.66,,15,2,1,0,0
2019-02-18,,,,18,2,0,0,0
2019-02-19,,2.65,,19,2,0,0,0
2019-02-20,,2.65,,20,2,0,0,0
2019-02-21,,2.69,,21,2,0,0,0
2019-02-22,,2.65,,22,2,0,0,0
2019-02-25,,2.67,,25,2,0,0,0
2019-02-26,,2.64,,26,2,0,0,0
2019-02-27,,2.69,,27,2,0,0,0
2019-02-28,,2.73,,28,2,1,0,0
2019-03-01,2.41,2.76,3.8,1,3,0,0,0
2019-03-04,,2.72,,4,3,0,0,0
2019-03-05,,2.72,,5,3,0,0,0
2019-03-06,,2.69,,6,3,0,0,0
2019-03-07,,2.64,,7,3,0,0,0
2019-03-08,,2.62,,8,3,0,0,0
2019-03-11,,2.64,,11,3,0,0,0
2019-03-12,,2.61,,12,3,0,0,0
2019-03-13,,2.61,,13,3,0,0,0
2019-03-14,,2.63,,14,3,0,0,0
2019-03-15,,2.59,,15,3,1,0,0
2019-03-18,,2.6,,18,3,0,0,0
2019-03-19,,2.61,,19,3,0,0,0
2019-03-20,,2.54,,20,3,0,0,0
2019-03-21,,2.54,,21,3,0,0,0
2019-03-22,,2.44,,22,3,0,0,0
2019-03-25,,2.43,,25,3,0,0,0
2019-03-26,,2.41,,26,3,0,0,0
2019-03-27,,2.39,,27,3,0,0,0
2019-03-28,,2.39,,28,3,0,0,0
2019-03-29,,2.41,,29,3,0,0,0
2019-04-01,2.42,2.49,3.7,1,4,0,0,0
2019-04-02,,2.48,,2,4,0,0,0
2019-04-03,,2.52,,3,4,0,0,0
2019-04-04,,2.51,,4,4,0,0,0
2019-04-05,,2.5,,5,4,0,0,0
2019-04-08,,2.52,,8,4,0,0,0
2019-04-09,,2.51,,9,4,0,0,0
2019-04-10,,2.48,,10,4,0,0,0
2019-04-11,,2.51,,11,4,0,0,0
2019-04-12,,2.56,,12,4,0,0,0
2019-04-15,,2.55,,15,4,1,0,0
2019-04-16,,2.6,,16,4,0,0,0
2019-04-17,,2.59,,17,4,0,0,0
2019-04-18,,2.57,,18,4,0,0,0
2019-04-19,,,,19,4,0,0,0
2019-04-22,,2.59,,22,4,0,0,0
2019-04-23,,2.57,,23,4,0,0,0
2019-04-24,,2.53,,24,4,0,0,0
2019-04-25,,2.54,,25,4,0,0,0
2019-04-26,,2.51,,26,4,0,0,0
2019-04-29,,2.54,,29,4,0,0,0
2019-04-30,,2.51,,30,4,1,0,0
2019-05-01,2.39,2.52,3.6,1,5,0,0,0
2019-05-02,,2.55,,2,5,0,0,0
2019-05-03,,2.54,,3,5,0,0,0
2019-05-06,,2.51,,6,5,0,0,0
2019-05-07,,2.45,,7,5,0,0,0
2019-05-08,,2.49,,8,5,0,0,0
2019-05-09,,2.45,,9,5,0,0,0
2019-05-10,,2.47,,10,5,0,0,0
2019-05-13,,2.4,,13,5,0,0,0
2019-05-14,,2.42,,14,5,0,0,0
2019-05-15,,2.37,,15,5,1,0,0
2019-05-16,,2.4,,16,5,0,0,0
2019-05-17,,2.39,,17,5,0,0,0
2019-05-20,,2.41,,20,5,0,0,0
2019-05-21,,2.43,,21,5,0,0,0
2019-05-22,,2.39,,22,5,0,0,0
2019-05-23,,2.31,,23,5,0,0,0
2019-05-24,,2.32,,24,5,0,0,0
2019-05-27,,,,27,5,0,0,0
2019-05-28,,2.26,,28,5,0,0,0
2019-05-29,,2.25,,29,5,0,0,0
2019-05-30,,2.22,,30,5,0,0,0
2019-05-31,,2.14,,31,5,1,0,0
2019-06-01,2.38,,3.6,1,6,0,0,0
2019-06-03,,2.07,,3,6,0,0,0
2019-06-04,,2.12,,4,6,0,0,0
2019-06-05,,2.12,,5,6,0,0,0
2019-06-06,,2.12,,6,6,0,0,0
2019-06-07,,2.09,,7,6,0,0,0
2019-06-10,,2.15,,10,6,0,0,0
2019-06-11,,2.15,,11,6,0,0,0
2019-06-12,,2.13,,12,6,0,0,0
2019-06-13,,2.1,,13,6,0,0,0
2019-06-14,,2.09,,14,6,0,0,0
2019-06-17,,2.09,,17,6,0,0,0
2019-06-18,,2.06,,18,6,0,0,0
2019-06-19,,2.03,,19,6,0,0,0
2019-06-20,,2.01,,20,6,0,0,0
2019-06-21,,2.07,,21,6,0,0,0
2019-06-24,,2.02,,24,6,0,0,0
2019-06-25,,2.0,,25,6,0,0,0
2019-06-26,,2.05,,26,6,0,0,0
2019-06-27,,2.01,,27,6,0,0,0
2019-06-28,,2.0,,28,6,0,0,0
2019-07-01,2.4,2.03,3.7,1,7,0,0,0
2019-07-02,,1.98,,2,7,0,0,0
2019-07-03,,1.96,,3,7,0,0,0
2019-07-04,,,,4,7,0,0,0
2019-07-05,,2.04,,5,7,0,0,0
2019-07-08,,2.05,,8,7,0,0,0
2019-07-09,,2.07,,9,7,0,0,0
2019-07-10,,2.07,,10,7,0,0,0
2019-07-11,,2.13,,11,7,0,0,0
2019-07-12,,2.12,,12,7,0,0,0
2019-07-15,,2.09,,15,7,1,0,0
2019-07-16,,2.13,,16,7,0,0,0
2019-07-17,,2.06,,17,7,0,0,0
2019-07-18,,2.04,,18,7,0,0,0
2019-07-19,,2.05,,19,7,0,0,0
2019-07-22,,2.05,,22,7,0,0,0
2019-07-23,,2.08,,23,7,0,0,0
2019-07-24,,2.05,,24,7,0,0,0
2019-07-25,,2.08,,25,7,0,0,0
2019-07-26,,2.08,,26,7,0,0,0
2019-07-29,,2.06,,29,7,0,0,0
2019-07-30,,2.06,,30,7,0,0,0
2019-07-31,,2.02,,31,7,1,0,0
2019-08-01,2.13,1.9,3.6,1,8,0,0,0
2019-08-02,,1.86,,2,8,0,0,0
2019-08-05,,1.75,,5,8,0,0,0
2019-08-06,,1.73,,6,8,0,0,0
2019-08-07,,1.71,,7,8,0,0,0
2019-08-08,,1.72,,8,8,0,0,0
2019-08-09,,1.74,,9,8,0,0,0
2019-08-12,,1.65,,12,8,0,0,0
2019-08-13,,1.68,,13,8,0,0,0
2019-08-14,,1.59,,14,8,0,0,0
2019-08-15,,1.52,,15,8,1,0,0
2019-08-16,,1.55,,16,8,0,0,0
2019-08-19,,1.6,,19,8,0,0,0
2019-08-20,,1.55,,20,8,0,0,0
2019-08-21,,1.59,,21,8,0,0,0
2019-08-22,,1.62,,22,8,0,0,0
2019-08-23,,1.52,,23,8,0,0,0
2019-08-26,,1.54,,26,8,0,0,0
2019-08-27,,1.49,,27,8,0,0,0
2019-08-28,,1.47,,28,8,0,0,0
2019-08-29,,1.5,,29,8,0,0,0
2019-08-30,,1.5,,30,8,0,0,0
2019-09-01,2.04,,3.5,1,9,0,0,0
2019-09-02,,,,2,9,0,0,0
2019-09-03,,1.47,,3,9,0,0,0
2019-09-04,,1.47,,4,9,0,0,0
2019-09-05,,1.57,,5,9,0,0,0
2019-09-06,,1.55,,6,9,0,0,0
2019-09-09,,1.63,,9,9,0,0,0
2019-09-10,,1.72,,10,9,0,0,0
2019-09-11,,1.75,,11,9,0,0,0
2019-09-12,,1.79,,12,9,0,0,0
2019-09-13,,1.9,,13,9,0,0,0
2019-09-16,,1.84,,16,9,0,0,0
2019-09-17,,1.81,,17,9,0,0,0
2019-09-18,,1.8,,18,9,0,0,0
2019-09-19,,1.79,,19,9,0,0,0
2019-09-20,,1.74,,20,9,0,0,0
2019-09-23,,1.72,,23,9,0,0,0
2019-09-24,,1.64,,24,9,0,0,0
2019-09-25,,1.73,,25,9,0,0,0
2019-09-26,,1.7,,26,9,0,0,0
2019-09-27,,1.69,,27,9,0,0,0
2019-09-30,,1.68,,30,9,1,1,0
2019-10-01,1.83,1.65,3.6,1,10,0,0,0
2019-10-02,,1.6,,2,10,0,0,0
2019-10-03,,1.54,,3,10,0,0,0
2019-10-04,,1.52,,4,10,0,0,0
2019-10-07,,1.56,,7,10,0,0,0
2019-10-08,,1.54,,8,10,0,0,0
2019-10-09,,1.59,,9,10,0,0,0
2019-10-10,,1.67,,10,10,0,0,0
2019-10-11,,1.76,,11,10,0,0,0
2019-10-14,,,,14,10,0,0,0
2019-10-15,,1.77,,15,10,1,0,0
2019-10-16,,1.75,,16,10,0,0,0
2019-10-17,,1.76,,17,10,0,0,0
2019-10-18,,1.76,,18,10,0,0,0
2019-10-21,,1.8,,21,10,0,0,0
2019-10-22,,1.78,,22,10,0,0,0
2019-10-23,,1.77,,23,10,0,0,0
2019-10-24,,1.77,,24,10,0,0,0
2019-10-25,,1.8,,25,10,0,0,0
2019-10-28,,1.85,,28,10,0,0,0
2019-10-29,,1.84,,29,10,0,0,0
2019-10-30,,1.78,,30,10,0,0,0
2019-10-31,,1.69,,31,10,1,0,0
2019-11-01,1.55,1.73,3.6,1,11,0,0,0
2019-11-04,,1.79,,4,11,0,0,0
2019-11-05,,1.86,,5,11,0,0,0
2019-11-06,,1.81,,6,11,0,0,0
2019-11-07,,1.92,,7,11,0,0,0
2019-11-08,,1.94,,8,11,0,0,0
2019-11-11,,,,11,11,0,0,0
2019-11-12,,1.92,,12,11,0,0,0
2019-11-13,,1.88,,13,11,0,0,0
2019-11-14,,1.82,,14,11,0,0,0
2019-11-15,,1.84,,15,11,1,0,0
2019-11-18,,1.81,,18,11,0,0,0
2019-11-19,,1.79,,19,11,0,0,0
2019-11-20,,1.73,,20,11,0,0,0
2019-11-21,,1.77,,21,11,0,0,0
2019-11-22,,1.77,,22,11,0,0,0
2019-11-25,,1.76,,25,11,0,0,0
2019-11-26,,1.74,,26,11,0,0,0
2019-11-27,,1.77,,27,11,0,0,0
2019-11-28,,,,28,11,0,0,0
2019-11-29,,1.78,,29,11,0,0,0
2019-12-01,1.55,,3.6,1,12,0,0,0
2019-12-02,,1.83,,2,12,0,0,0
2019-12-03,,1.72,,3,12,0,0,0
2019-12-04,,1.77,,4,12,0,0,0
2019-12-05,,1.8,,5,12,0,0,0
2019-12-06,,1.84,,6,12,0,0,0
2019-12-09,,1.83,,9,12,0,0,0
2019-12-10,,1.85,,10,12,0,0,0
2019-12-11,,1.79,,11,12,0,0,0
2019-12-12,,1.9,,12,12,0,0,0
2019-12-13,,1.82,,13,12,0,0,0
2019-12-16,,1.89,,16,12,0,0,0
2019-12-17,,1.89,,17,12,0,0,0
2019-12-18,,1.92,,18,12,0,0,0
2019-12-19,,1.92,,19,12,0,0,0
2019-12-20,,1.92,,20,12,0,0,0
2019-12-23,,1.93,,23,12,0,0,0
2019-12-24,,1.9,,24,12,0,0,0
2019-12-25,,,,25,12,0,0,0
2019-12-26,,1.9,,26,12,0,0,0
2019-12-27,,1.88,,27,12,0,0,0
2019-12-30,,1.9,,30,12,0,0,0
2019-12-31,,1.92,,31,12,1,1,0
2020-01-01,1.55,,3.6,1,1,0,0,0
2020-01-02,,1.88,,2,1,0,0,0
2020-01-03,,1.8,,3,1,0,0,0
2020-01-06,,1.81,,6,1,0,0,0
2020-01-07,,1.83,,7,1,0,0,0
2020-01-08,,1.87,,8,1,0,0,0
2020-01-09,,1.85,,9,1,0,0,0
2020-01-10,,1.83,,10,1,0,0,0
2020-01-13,,1.85,,13,1,0,0,0
2020-01-14,,1.82,,14,1,0,0,0
2020-01-15,,1.79,,15,1,1,0,0
2020-01-16,,1.81,,16,1,0,0,0
2020-01-17,,1.84,,17,1,0,0,0
2020-01-20,,,,20,1,0,0,0
2020-01-21,,1.78,,21,1,0,0,0
2020-01-22,,1.77,,22,1,0,0,0
2020-01-23,,1.74,,23,1,0,0,0
2020-01-24,,1.7,,24,1,0,0,0
2020-01-27,,1.61,,27,1,0,0,0
2020-01-28,,1.65,,28,1,0,0,0
2020-01-29,,1.6,,29,1,0,0,0
2020-01-30,,1.57,,30,1,0,0,0
2020-01-31,,1.51,,31,1,1,0,0
2020-02-01,1.58,,3.5,1,2,0,0,0
2020-02-03,,1.54,,3,2,0,0,0
2020-02-04,,1.61,,4,2,0,0,0
2020-02-05,,1.66,,5,2,0,0,0
2020-02-06,,1.65,,6,2,0,0,0
2020-02-07,,1.59,,7,2,0,0,0
2020-02-10,,1.56,,10,2,0,0,0
2020-02-11,,1.59,,11,2,0,0,0
2020-02-12,,1.62,,12,2,0,0,0
2020-02-13,,1.61,,13,2,0,0,0
2020-02-14,,1.59,,14,2,0,0,0
2020-02-17,,,,17,2,0,0,0
2020-02-18,,1.55,,18,2,0,0,0
2020-02-19,,1.56,,19,2,0,0,0
2020-02-20,,1.52,,20,2,0,0,0
2020-02-21,,1.46,,21,2,0,0,0
2020-02-24,,1.38,,24,2,0,0,0
2020-02-25,,1.33,,25,2,0,0,0
2020-02-26,,1.33,,26,2,0,0,0
2020-02-27,,1.3,,27,2,0,0,0
2020-02-28,,1.13,,28,2,0,0,0
2020-03-01,0.65,,4.4,1,3,0,0,0
2020-03-02,,1.1,,2,3,0,0,0
2020-03-03,,1.02,,3,3,0,0,0
2020-03-04,,1.02,,4,3,0,0,0
2020-03-05,,0.92,,5,3,0,0,0
2020-03-06,,0.74,,6,3,0,0,0
2020-03-09,,0.54,,9,3,0,0,0
2020-03-10,,0.76,,10,3,0,0,0
2020-03-11,,0.82,,11,3,0,0,0
2020-03-12,,0.88,,12,3,0,0,0
2020-03-13,,0.94,,13,3,0,0,0
2020-03-16,,0.73,,16,3,0,0,0
2020-03-17,,1.02,,17,3,0,0,0
2020-03-18,,1.18,,18,3,0,0,0
2020-03-19,,1.12,,19,3,0,0,0
2020-03-20,,0.92,,20,3,0,0,0
2020-03-23,,0.76,,23,3,0,0,0
2020-03-24,,0.84,,24,3,0,0,0
2020-03-25,,0.88,,25,3,0,0,0
2020-03-26,,0.83,,26,3,0,0,0
2020-03-27,,0.72,,27,3,0,0,0
2020-03-30,,0.7,,30,3,0,0,0
2020-03-31,,0.7,,31,3,1,1,0
2020-04-01,0.05,0.62,14.8,1,4,0,0,0
2020-04-02,,0.63,,2,4,0,0,0
2020-04-03,,0.62,,3,4,0,0,0
2020-04-06,,0.67,,6,4,0,0,0
2020-04-07,,0.75,,7,4,0,0,0
2020-04-08,,0.77,,8,4,0,0,0
2020-04-09,,0.73,,9,4,0,0,0
2020-04-10,,,,10,4,0,0,0
2020-04-13,,0.76,,13,4,0,0,0
2020-04-14,,0.76,,14,4,0,0,0
2020-04-15,,0.63,,15,4,1,0,0
2020-04-16,,0.61,,16,4,0,0,0
2020-04-17,,0.65,,17,4,0,0,0
2020-04-20,,0.63,,20,4,0,0,0
2020-04-21,,0.58,,21,4,0,0,0
2020-04-22,,0.63,,22,4,0,0,0
2020-04-23,,0.61,,23,4,0,0,0
2020-04-24,,0.6,,24,4,0,0,0
2020-04-27,,0.67,,27,4,0,0,0
2020-04-28,,0.62,,28,4,0,0,0
2020-04-29,,0.63,,29,4,0,0,0
2020-04-30,,0.64,,30,4,1,0,0
2020-05-01,0.05,0.64,13.2,1,5,0,0,0
2020-05-04,,0.64,,4,5,0,0,0
2020-05-05,,0.66,,5,5,0,0,0
2020-05-06,,0.72,,6,5,0,0,0
2020-05-07,,0.63,,7,5,0,0,0
2020-05-08,,0.69,,8,5,0,0,0
2020-05-11,,0.73,,11,5,0,0,0
2020-05-12,,0.69,,12,5,0,0,0
2020-05-13,,0.64,,13,5,0,0,0
2020-05-14,,0.63,,14,5,0,0,0
2020-05-15,,0.64,,15,5,1,0,0
2020-05-18,,0.73,,18,5,0,0,0
2020-05-19,,0.7,,19,5,0,0,0
2020-05-20,,0.68,,20,5,0,0,0
2020-05-21,,0.68,,21,5,0,0,0
2020-05-22,,0.66,,22,5,0,0,0
2020-05-25,,,,25,5,0,0,0
2020-05-26,,0.69,,26,5,0,0,0
2020-05-27,,0.68,,27,5,0,0,0
2020-05-28,,0.7,,28,5,0,0,0
2020-05-29,,0.65,,29,5,0,0,0
2020-06-01,0.08,0.66,11.0,1,6,0,0,0
2020-06-02,,0.68,,2,6,0,0,0
2020-06-03,,0.77,,3,6,0,0,0
2020-06-04,,0.82,,4,6,0,0,0
2020-06-05,,0.91,,5,6,0,0,0
2020-06-08,,0.88,,8,6,0,0,0
2020-06-09,,0.84,,9,6,0,0,0
2020-06-10,,0.75,,10,6,0,0,0
2020-06-11,,0.66,,11,6,0,0,0
2020-06-12,,0.71,,12,6,0,0,0
2020-06-15,,0.71,,15,6,1,0,0
2020-06-16,,0.75,,16,6,0,0,0
2020-06-17,,0.74,,17,6,0,0,0
2020-06-18,,0.71,,18,6,0,0,0
2020-06-19,,0.7,,19,6,0,0,0
2020-06-22,,0.71,,22,6,0,0,0
2020-06-23,,0.72,,23,6,0,0,0
2020-06-24,,0.69,,24,6,0,0,0
2020-06-25,,0.68,,25,6,0,0,0
2020-06-26,,0.64,,26,6,0,0,0
2020-06-29,,0.64,,29,6,0,0,0
2020-06-30,,0.66,,30,6,1,1,0
2020-07-01,0.09,0.69,10.2,1,7,0,0,0
2020-07-02,,0.68,,2,7,0,0,0
2020-07-03,,,,3,7,0,0,0
2020-07-06,,0.69,,6,7,0,0,0
2020-07-07,,0.65,,7,7,0,0,0
2020-07-08,,0.67,,8,7,0,0,0
2020-07-09,,0.62,,9,7,0,0,0
2020-07-10,,0.65,,10,7,0,0,0
2020-07-13,,0.64,,13,7,0,0,0
2020-07-14,,0.63,,14,7,0,0,0
2020-07-15,,0.64,,15,7,1,0,0
2020-07-16,,0.62,,16,7,0,0,0
2020-07-17,,0.64,,17,7,0,0,0
2020-07-20,,0.62,,20,7,0,0,0
2020-07-21,,0.61,,21,7,0,0,0
2020-07-22,,0.6,,22,7,0,0,0
2020-07-23,,0.59,,23,7,0,0,0
2020-07-24,,0.59,,24,7,0,0,0
2020-07-27,,0.62,,27,7,0,0,0
2020-07-28,,0.59,,28,7,0,0,0
2020-07-29,,0.58,,29,7,0,0,0
2020-07-30,,0.55,,30,7,0,0,0
2020-07-31,,0.55,,31,7,1,0,0
2020-08-01,0.1,,8.4,1,8,0,0,0
2020-08-03,,0.56,,3,8,0,0,0
2020-08-04,,0.52,,4,8,0,0,0
2020-08-05,,0.55,,5,8,0,0,0
2020-08-06,,0.55,,6,8,0,0,0
2020-08-07,,0.57,,7,8,0,0,0
2020-08-10,,0.59,,10,8,0,0,0
2020-08-11,,0.64,,11,8,0,0,0
2020-08-12,,0.69,,12,8,0,0,0
2020-08-13,,0.71,,13,8,0,0,0
2020-08-14,,0.71,,14,8,0,0,0
2020-08-17,,0.69,,17,8,0,0,0
2020-08-18,,0.67,,18,8,0,0,0
2020-08-19,,0.68,,19,8,0,0,0
2020-08-20,,0.65,,20,8,0,0,0
2020-08-21,,0.64,,21,8,0,0,0
2020-08-24,,0.65,,24,8,0,0,0
2020-08-25,,0.69,,25,8,0,0,0
2020-08-26,,0.69,,26,8,0,0,0
2020-08-27,,0.74,,27,8,0,0,0
2020-08-28,,0.74,,28,8,0,0,0
2020-08-31,,0.72,,31,8,1,0,0
2020-09-01,0.09,0.68,7.8,1,9,0,0,0
2020-09-02,,0.66,,2,9,0,0,0
2020-09-03,,0.63,,3,9,0,0,0
2020-09-04,,0.72,,4,9,0,0,0
2020-09-07,,,,7,9,0,0,0
2020-09-08,,0.69,,8,9,0,0,0
2020-09-09,,0.71,,9,9,0,0,0
2020-09-10,,0.68,,10,9,0,0,0
2020-09-11,,0.67,,11,9,0,0,0
2020-09-14,,0.68,,14,9,0,0,0
2020-09-15,,0.68,,15,9,1,0,0
2020-09-16,,0.69,,16,9,0,0,0
2020-09-17,,0.69,,17,9,0,0,0
2020-09-18,,0.7,,18,9,0,0,0
2020-09-21,,0.68,,21,9,0,0,0
2020-09-22,,0.68,,22,9,0,0,0
2020-09-23,,0.68,,23,9,0,0,0
2020-09-24,,0.67,,24,9,0,0,0
2020-09-25,,0.66,,25,9,0,0,0
2020-09-28,,0.67,,28,9,0,0,0
2020-09-29,,0.66,,29,9,0,0,0
2020-09-30,,0.69,,30,9,1,1,0
2020-10-01,0.09,0.68,6.9,1,10,0,0,0
2020-10-02,,0.7,,2,10,0,0,0
2020-10-05,,0.78,,5,10,0,0,0
2020-10-06,,0.76,,6,10,0,0,0
2020-10-07,,0.81,,7,10,0,0,0
2020-10-08,,0.78,,8,10,0,0,0
2020-10-09,,0.79,,9,10,0,0,0
2020-10-12,,,,12,10,0,0,0
2020-10-13,,0.74,,13,10,0,0,0
2020-10-14,,0.73,,14,10,0,0,0
2020-10-15,,0.74,,15,10,1,0,0
2020-10-16,,0.76,,16,10,0,0,0
2020-10-19,,0.78,,19,10,0,0,0
2020-10-20,,0.81,,20,10,0,0,0
2020-10-21,,0.83,,21,10,0,0,0
2020-10-22,,0.87,,22,10,0,0,0
2020-10-23,,0.85,,23,10,0,0,0
2020-10-26,,0.81,,26,10,0,0,0
2020-10-27,,0.79,,27,10,0,0,0
2020-10-28,,0.79,,28,10,0,0,0
2020-10-29,,0.85,,29,10,0,0,0
2020-10-30,,0.88,,30,10,0,0,0
2020-11-01,0.09,,6.7,1,11,0,0,0
2020-11-02,,0.87,,2,11,0,0,0
2020-11-03,,0.9,,3,11,0,0,0
2020-11-04,,0.78,,4,11,0,0,0
2020-11-05,,0.79,,5,11,0,0,0
2020-11-06,,0.83,,6,11,0,0,0
2020-11-09,,0.96,,9,11,0,0,0
2020-11-10,,0.98,,10,11,0,0,0
2020-11-11,,,,11,11,0,0,0
2020-11-12,,0.88,,12,11,0,0,0
2020-11-13,,0.89,,13,11,0,0,0
2020-11-16,,0.91,,16,11,0,0,0
2020-11-17,,0.87,,17,11,0,0,0
2020-11-18,,0.88,,18,11,0,0,0
2020-11-19,,0.86,,19,11,0,0,0
2020-11-20,,0.83,,20,11,0,0,0
2020-11-23,,0.86,,23,11,0,0,0
2020-11-24,,0.88,,24,11,0,0,0
2020-11-25,,0.88,,25,11,0,0,0
2020-11-26,,,,26,11,0,0,0
2020-11-27,,0.84,,27,11,0,0,0
2020-11-30,,0.84,,30,11,1,0,0
2020-12-01,0.09,0.92,6.7,1,12,0,0,0
2020-12-02,,0.95,,2,12,0,0,0
2020-12-03,,0.92,,3,12,0,0,0
2020-12-04,,0.97,,4,12,0,0,0
2020-12-07,,0.94,,7,12,0,0,0
2020-12-08,,0.92,,8,12,0,0,0
2020-12-09,,0.95,,9,12,0,0,0
2020-12-10,,0.92,,10,12,0,0,0
2020-12-11,,0.9,,11,12,0,0,0
2020-12-14,,0.9,,14,12,0,0,0
2020-12-15,,0.92,,15,12,1,0,0
2020-12-16,,0.92,,16,12,0,0,0
2020-12-17,,0.94,,17,12,0,0,0
2020-12-18,,0.95,,18,12,0,0,0
2020-12-21,,0.95,,21,12,0,0,0
2020-12-22,,0.93,,22,12,0,0,0
2020-12-23,,0.96,,23,12,0,0,0
2020-12-24,,0.94,,24,12,0,0,0
2020-12-25,,,,25,12,0,0,0
2020-12-28,,0.94,,28,12,0,0,0
2020-12-29,,0.94,,29,12,0,0,0
2020-12-30,,0.93,,30,12,0,0,0
2020-12-31,,0.93,,31,12,1,1,0
2021-01-01,0.09,,6.4,1,1,0,0,0
2021-01-04,,0.93,,4,1,0,0,0
2021-01-05,,0.96,,5,1,0,0,0
2021-01-06,,1.04,,6,1,0,0,0
2021-01-07,,1.08,,7,1,0,0,0
2021-01-08,,1.13,,8,1,0,0,0
2021-01-11,,1.15,,11,1,0,0,0
2021-01-12,,1.15,,12,1,0,0,0
2021-01-13,,1.1,,13,1,0,0,0
2021-01-14,,1.15,,14,1,0,0,0
2021-01-15,,1.11,,15,1,1,0,0
2021-01-18,,,,18,1,0,0,0
2021-01-19,,1.1,,19,1,0,0,0
2021-01-20,,1.1,,20,1,0,0,0
2021-01-21,,1.12,,21,1,0,0,0
2021-01-22,,1.1,,22,1,0,0,0
2021-01-25,,1.05,,25,1,0,0,0
2021-01-26,,1.05,,26,1,0,0,0
2021-01-27,,1.04,,27,1,0,0,0
2021-01-28,,1.07,,28,1,0,0,0
2021-01-29,,1.11,,29,1,0,0,0
2021-02-01,0.08,1.09,6.2,1,2,0,0,0
2021-02-02,,1.12,,2,2,0,0,0
2021-02-03,,1.15,,3,2,0,0,0
2021-02-04,,1.15,,4,2,0,0,0
2021-02-05,,1.19,,5,2,0,0,0
2021-02-08,,1.19,,8,2,0,0,0
2021-02-09,,1.18,,9,2,0,0,0
2021-02-10,,1.15,,10,2,0,0,0
2021-02-11,,1.16,,11,2,0,0,0
2021-02-12,,1.2,,12,2,0,0,0
2021-02-15,,,,15,2,1,0,0
2021-02-16,,1.3,,16,2,0,0,0
2021-02-17,,1.29,,17,2,0,0,0
2021-02-18,,1.29,,18,2,0,0,0
2021-02-19,,1.34,,19,2,0,0,0
2021-02-22,,1.37,,22,2,0,0,0
2021-02-23,,1.37,,23,2,0,0,0
2021-02-24,,1.38,,24,2,0,0,0
2021-02-25,,1.54,,25,2,0,0,0
2021-02-26,,1.44,,26,2,0,0,0
2021-03-01,0.07,1.45,6.1,1,3,0,0,0
2021-03-02,,1.42,,2,3,0,0,0
2021-03-03,,1.47,,3,3,0,0,0
2021-03-04,,1.54,,4,3,0,0,0
2021-03-05,,1.56,,5,3,0,0,0
2021-03-08,,1.59,,8,3,0,0,0
2021-03-09,,1.55,,9,3,0,0,0
2021-03-10,,1.53,,10,3,0,0,0
2021-03-11,,1.54,,11,3,0,0,0
2021-03-12,,1.64,,12,3,0,0,0
2021-03-15,,1.62,,15,3,1,0,0
2021-03-16,,1.62,,16,3,0,0,0
2021-03-17,,1.63,,17,3,0,0,0
2021-03-18,,1.71,,18,3,0,0,0
2021-03-19,,1.74,,19,3,0,0,0
2021-03-22,,1.69,,22,3,0,0,0
2021-03-23,,1.63,,23,3,0,0,0
2021-03-24,,1.62,,24,3,0,0,0
2021-03-25,,1.63,,25,3,0,0,0
2021-03-26,,1.67,,26,3,0,0,0
2021-03-29,,1.73,,29,3,0,0,0
2021-03-30,,1.73,,30,3,0,0,0
2021-03-31,,1.74,,31,3,1,1,0
2021-04-01,0.07,1.69,6.1,1,4,0,0,0
2021-04-02,,1.72,,2,4,0,0,0
2021-04-05,,1.73,,5,4,0,0,0
2021-04-06,,1.67,,6,4,0,0,0
2021-04-07,,1.68,,7,4,0,0,0
2021-04-08,,1.64,,8,4,0,0,0
2021-04-09,,1.67,,9,4,0,0,0
2021-04-12,,1.69,,12,4,0,0,0
2021-04-13,,1.64,,13,4,0,0,0
2021-04-14,,1.64,,14,4,0,0,0
2021-04-15,,1.56,,15,4,1,0,0
2021-04-16,,1.59,,16,4,0,0,0
2021-04-19,,1.61,,19,4,0,0,0
2021-04-20,,1.58,,20,4,0,0,0
2021-04-21,,1.57,,21,4,0,0,0
2021-04-22,,1.57,,22,4,0,0,0
2021-04-23,,1.58,,23,4,0,0,0
2021-04-26,,1.58,,26,4,0,0,0
2021-04-27,,1.63,,27,4,0,0,0
2021-04-28,,1.63,,28,4,0,0,0
2021-04-29,,1.65,,29,4,0,0,0
2021-04-30,,1.65,,30,4,1,0,0
2021-05-01,0.06,,5.8,1,5,0,0,0
2021-05-03,,1.63,,3,5,0,0,0
2021-05-04,,1.61,,4,5,0,0,0
2021-05-05,,1.59,,5,5,0,0,0
2021-05-06,,1.58,,6,5,0,0,0
2021-05-07,,1.6,,7,5,0,0,0
2021-05-10,,1.63,,10,5,0,0,0
2021-05-11,,1.64,,11,5,0,0,0
2021-05-12,,1.69,,12,5,0,0,0
2021-05-13,,1.66,,13,5,0,0,0
2021-05-14,,1.63,,14,5,0,0,0
2021-05-17,,1.64,,17,5,0,0,0
2021-05-18,,1.64,,18,5,0,0,0
2021-05-19,,1.68,,19,5,0,0,0
2021-05-20,,1.63,,20,5,0,0,0
2021-05-21,,1.63,,21,5,0,0,0
2021-05-24,,1.61,,24,5,0,0,0
2021-05-25,,1.56,,25,5,0,0,0
2021-05-26,,1.58,,26,5,0,0,0
2021-05-27,,1.61,,27,5,0,0,0
2021-05-28,,1.58,,28,5,0,0,0
2021-05-31,,,,31,5,1,0,0
2021-06-01,0.08,1.62,5.9,1,6,0,0,0
2021-06-02,,1.59,,2,6,0,0,0
2021-06-03,,1.63,,3,6,0,0,0
2021-06-04,,1.56,,4,6,0,0,0
2021-06-07,,1.57,,7,6,0,0,0
2021-06-08,,1.53,,8,6,0,0,0
2021-06-09,,1.5,,9,6,0,0,0
2021-06-10,,1.45,,10,6,0,0,0
2021-06-11,,1.47,,11,6,0,0,0
2021-06-14,,1.51,,14,6,0,0,0
2021-06-15,,1.51,,15,6,1,0,0
2021-06-16,,1.57,,16,6,0,0,0
2021-06-17,,1.52,,17,6,0,0,0
2021-06-18,,1.45,,18,6,0,0,0
2021-06-21,,1.5,,21,6,0,0,0
2021-06-22,,1.48,,22,6,0,0,0
2021-06-23,,1.5,,23,6,0,0,0
2021-06-24,,1.49,,24,6,0,0,0
2021-06-25,,1.54,,25,6,0,0,0
2021-06-28,,1.49,,28,6,0,0,0
2021-06-29,,1.49,,29,6,0,0,0
2021-06-30,,1.45,,30,6,1,1,0
2021-07-01,0.1,1.48,5.4,1,7,0,0,0
2021-07-02,,1.44,,2,7,0,0,0
2021-07-05,,,,5,7,0,0,0
2021-07-06,,1.37,,6,7,0,0,0
2021-07-07,,1.33,,7,7,0,0,0
2021-07-08,,1.3,,8,7,0,0,0
2021-07-09,,1.37,,9,7,0,0,0
2021-07-12,,1.38,,12,7,0,0,0
2021-07-13,,1.42,,13,7,0,0,0
2021-07-14,,1.37,,14,7,0,0,0
2021-07-15,,1.31,,15,7,1,0,0
2021-07-16,,1.31,,16,7,0,0,0
2021-07-19,,1.19,,19,7,0,0,0
2021-07-20,,1.23,,20,7,0,0,0
2021-07-21,,1.3,,21,7,0,0,0
2021-07-22,,1.27,,22,7,0,0,0
2021-07-23,,1.3,,23,7,0,0,0
2021-07-26,,1.29,,26,7,0,0,0
2021-07-27,,1.25,,27,7,0,0,0
2021-07-28,,1.26,,28,7,0,0,0
2021-07-29,,1.28,,29,7,0,0,0
2021-07-30,,1.24,,30,7,0,0,0
2021-08-01,0.09,,5.1,1,8,0,0,0
2021-08-02,,1.2,,2,8,0,0,0
2021-08-03,,1.19,,3,8,0,0,0
2021-08-04,,1.19,,4,8,0,0,0
2021-08-05,,1.23,,5,8,0,0,0
2021-08-06,,1.31,,6,8,0,0,0
2021-08-09,,1.33,,9,8,0,0,0
2021-08-10,,1.36,,10,8,0,0,0
2021-08-11,,1.35,,11,8,0,0,0
2021-08-12,,1.36,,12,8,0,0,0
2021-08-13,,1.29,,13,8,0,0,0
2021-08-16,,1.26,,16,8,0,0,0
2021-08-17,,1.26,,17,8,0,0,0
2021-08-18,,1.27,,18,8,0,0,0
2021-08-19,,1.24,,19,8,0,0,0
2021-08-20,,1.26,,20,8,0,0,0
2021-08-23,,1.25,,23,8,0,0,0
2021-08-24,,1.29,,24,8,0,0,0
2021-08-25,,1.35,,25,8,0,0,0
2021-08-26,,1.34,,26,8,0,0,0
2021-08-27,,1.31,,27,8,0,0,0
2021-08-30,,1.29,,30,8,0,0,0
2021-08-31,,1.3,,31,8,1,0,0
2021-09-01,0.08,1.31,4.7,1,9,0,0,0
2021-09-02,,1.29,,2,9,0,0,0
2021-09-03,,1.33,,3,9,0,0,0
2021-09-06,,,,6,9,0,0,0
2021-09-07,,1.38,,7,9,0,0,0
2021-09-08,,1.35,,8,9,0,0,0
2021-09-09,,1.3,,9,9,0,0,0
2021-09-10,,1.35,,10,9,0,0,0
2021-09-13,,1.33,,13,9,0,0,0
2021-09-14,,1.28,,14,9,0,0,0
2021-09-15,,1.31,,15,9,1,0,0
2021-09-16,,1.34,,16,9,0,0,0
2021-09-17,,1.37,,17,9,0,0,0
2021-09-20,,1.31,,20,9,0,0,0
2021-09-21,,1.33,,21,9,0,0,0
2021-09-22,,1.32,,22,9,0,0,0
2021-09-23,,1.41,,23,9,0,0,0
2021-09-24,,1.47,,24,9,0,0,0
2021-09-27,,1.48,,27,9,0,0,0
2021-09-28,,1.54,,28,9,0,0,0
2021-09-29,,1.55,,29,9,0,0,0
2021-09-30,,1.52,,30,9,1,1,0
2021-10-01,0.08,1.48,4.5,1,10,0,0,0
2021-10-04,,1.49,,4,10,0,0,0
2021-10-05,,1.54,,5,10,0,0,0
2021-10-06,,1.53,,6,10,0,0,0
2021-10-07,,1.58,,7,10,0,0,0
2021-10-08,,1.61,,8,10,0,0,0
2021-10-11,,,,11,10,0,0,0
2021-10-12,,1.59,,12,10,0,0,0
2021-10-13,,1.56,,13,10,0,0,0
2021-10-14,,1.52,,14,10,0,0,0
2021-10-15,,1.59,,15,10,1,0,0
2021-10-18,,1.59,,18,10,0,0,0
2021-10-19,,1.65,,19,10,0,0,0
2021-10-20,,1.65,,20,10,0,0,0
2021-10-21,,1.68,,21,10,0,0,0
2021-10-22,,1.66,,22,10,0,0,0
2021-10-25,,1.64,,25,10,0,0,0
2021-10-26,,1.63,,26,10,0,0,0
2021-10-27,,1.54,,27,10,0,0,0
2021-10-28,,1.57,,28,10,0,0,0
2021-10-29,,1.55,,29,10,0,0,0
2021-11-01,0.08,1.58,4.1,1,11,0,0,0
2021-11-02,,1.56,,2,11,0,0,0
2021-11-03,,1.6,,3,11,0,0,0
2021-11-04,,1.53,,4,11,0,0,0
2021-11-05,,1.45,,5,11,0,0,0
2021-11-08,,1.51,,8,11,0,0,0
2021-11-09,,1.46,,9,11,0,0,0
2021-11-10,,1.56,,10,11,0,0,0
2021-11-11,,,,11,11,0,0,0
2021-11-12,,1.58,,12,11,0,0,0
2021-11-15,,1.63,,15,11,1,0,0
2021-11-16,,1.63,,16,11,0,0,0
2021-11-17,,1.6,,17,11,0,0,0
2021-11-18,,1.59,,18,11,0,0,0
2021-11-19,,1.54,,19,11,0,0,0
2021-11-22,,1.63,,22,11,0,0,0
2021-11-23,,1.67,,23,11,0,0,0
2021-11-24,,1.64,,24,11,0,0,0
2021-11-25,,,,25,11,0,0,0
2021-11-26,,1.48,,26,11,0,0,0
2021-11-29,,1.52,,29,11,0,0,0
2021-11-30,,1.43,,30,11,1,0,0
2021-12-01,0.08,1.43,3.9,1,12,0,0,0
2021-12-02,,1.44,,2,12,0,0,0
2021-12-03,,1.35,,3,12,0,0,0
2021-12-06,,1.43,,6,12,0,0,0
2021-12-07,,1.48,,7,12,0,0,0
2021-12-08,,1.52,,8,12,0,0,0
2021-12-09,,1.49,,9,12,0,0,0
2021-12-10,,1.48,,10,12,0,0,0
2021-12-13,,1.42,,13,12,0,0,0
2021-12-14,,1.44,,14,12,0,0,0
2021-12-15,,1.47,,15,12,1,0,0
2021-12-16,,1.44,,16,12,0,0,0
2021-12-17,,1.41,,17,12,0,0,0
2021-12-20,,1.43,,20,12,0,0,0
2021-12-21,,1.48,,21,12,0,0,0
2021-12-22,,1.46,,22,12,0,0,0
2021-12-23,,1.5,,23,12,0,0,0
2021-12-24,,,,24,12,0,0,0
2021-12-27,,1.48,,27,12,0,0,0
2021-12-28,,1.49,,28,12,0,0,0
2021-12-29,,1.55,,29,12,0,0,0
2021-12-30,,1.52,,30,12,0,0,0
2021-12-31,,1.52,,31,12,1,1,0
2022-01-01,0.08,,4.0,1,1,0,0,0
2022-01-03,,1.63,,3,1,0,0,0
2022-01-04,,1.66,,4,1,0,0,0
2022-01-05,,1.71,,5,1,0,0,0
2022-01-06,,1.73,,6,1,0,0,0
2022-01-07,,1.76,,7,1,0,0,0
2022-01-10,,1.78,,10,1,0,0,0
2022-01-11,,1.75,,11,1,0,0,0
2022-01-12,,1.74,,12,1,0,0,0
2022-01-13,,1.7,,13,1,0,0,0
2022-01-14,,1.78,,14,1,0,0,0
2022-01-17,,,,17,1,0,0,0
2022-01-18,,1.87,,18,1,0,0,0
2022-01-19,,1.83,,19,1,0,0,0
2022-01-20,,1.83,,20,1,0,0,0
2022-01-21,,1.75,,21,1,0,0,0
2022-01-24,,1.75,,24,1,0,0,0
2022-01-25,,1.78,,25,1,0,0,0
2022-01-26,,1.85,,26,1,0,0,0
2022-01-27,,1.81,,27,1,0,0,0
2022-01-28,,1.78,,28,1,0,0,0
2022-01-31,,1.79,,31,1,1,0,0
2022-02-01,0.08,1.81,3.9,1,2,0,0,0
2022-02-02,,1.78,,2,2,0,0,0
2022-02-03,,1.82,,3,2,0,0,0
2022-02-04,,1.93,,4,2,0,0,0
2022-02-07,,1.92,,7,2,0,0,0
2022-02-08,,1.96,,8,2,0,0,0
2022-02-09,,1.94,,9,2,0,0,0
2022-02-10,,2.03,,10,2,0,0,0
2022-02-11,,1.92,,11,2,0,0,0
2022-02-14,,1.98,,14,2,0,0,0
2022-02-15,,2.05,,15,2,1,0,0
2022-02-16,,2.03,,16,2,0,0,0
2022-02-17,,1.97,,17,2,0,0,0
2022-02-18,,1.92,,18,2,0,0,0
2022-02-21,,,,21,2,0,0,0
2022-02-22,,1.94,,22,2,0,0,0
2022-02-23,,1.99,,23,2,0,0,0
2022-02-24,,1.96,,24,2,0,0,0
2022-02-25,,1.97,,25,2,0,0,0
2022-02-28,,1.83,,28,2,1,0,0
2022-03-01,0.2,1.72,3.7,1,3,0,0,0
2022-03-02,,1.86,,2,3,0,0,0
2022-03-03,,1.86,,3,3,0,0,0
2022-03-04,,1.74,,4,3,0,0,0
2022-03-07,,1.78,,7,3,0,0,0
2022-03-08,,1.86,,8,3,0,0,0
2022-03-09,,1.94,,9,3,0,0,0
2022-03-10,,1.98,,10,3,0,0,0
2022-03-11,,2.0,,11,3,0,0,0
2022-03-14,,2.14,,14,3,0,0,0
2022-03-15,,2.15,,15,3,1,0,0
2022-03-16,,2.19,,16,3,0,0,0
2022-03-17,,2.2,,17,3,0,0,0
2022-03-18,,2.14,,18,3,0,0,0
2022-03-21,,2.32,,21,3,0,0,0
2022-03-22,,2.38,,22,3,0,0,0
2022-03-23,,2.32,,23,3,0,0,0
2022-03-24,,2.34,,24,3,0,0,0
2022-03-25,,2.48,,25,3,0,0,0
2022-03-28,,2.46,,28,3,0,0,0
2022-03-29,,2.41,,29,3,0,0,0
2022-03-30,,2.35,,30,3,0,0,0
2022-03-31,,2.32,,31,3,1,1,0
2022-04-01,0.33,2.39,3.7,1,4,0,0,0
2022-04-04,,2.42,,4,4,0,0,0
2022-04-05,,2.54,,5,4,0,0,0
2022-04-06,,2.61,,6,4,0,0,0
2022-04-07,,2.66,,7,4,0,0,0
2022-04-08,,2.72,,8,4,0,0,0
2022-04-11,,2.79,,11,4,0,0,0
2022-04-12,,2.72,,12,4,0,0,0
2022-04-13,,2.7,,13,4,0,0,0
2022-04-14,,2.83,,14,4,0,0,0
2022-04-15,,,,15,4,1,0,0
2022-04-18,,2.85,,18,4,0,0,0
2022-04-19,,2.93,,19,4,0,0,0
2022-04-20,,2.85,,20,4,0,0,0
2022-04-21,,2.9,,21,4,0,0,0
2022-04-22,,2.9,,22,4,0,0,0
2022-04-25,,2.81,,25,4,0,0,0
2022-04-26,,2.77,,26,4,0,0,0
2022-04-27,,2.82,,27,4,0,0,0
2022-04-28,,2.85,,28,4,0,0,0
2022-04-29,,2.89,,29,4,0,0,0
2022-05-01,0.77,,3.6,1,5,0,0,0
2022-05-02,,2.99,,2,5,0,0,0
2022-05-03,,2.97,,3,5,0,0,0
2022-05-04,,2.93,,4,5,0,0,0
2022-05-05,,3.05,,5,5,0,0,0
2022-05-06,,3.12,,6,5,0,0,0
2022-05-09,,3.05,,9,5,0,0,0
2022-05-10,,2.99,,10,5,0,0,0
2022-05-11,,2.91,,11,5,0,0,0
2022-05-12,,2.84,,12,5,0,0,0
2022-05-13,,2.93,,13,5,0,0,0
2022-05-16,,2.88,,16,5,0,0,0
2022-05-17,,2.98,,17,5,0,0,0
2022-05-18,,2.89,,18,5,0,0,0
2022-05-19,,2.84,,19,5,0,0,0
2022-05-20,,2.78,,20,5,0,0,0
2022-05-23,,2.86,,23,5,0,0,0
2022-05-24,,2.76,,24,5,0,0,0
2022-05-25,,2.75,,25,5,0,0,0
2022-05-26,,2.75,,26,5,0,0,0
2022-05-27,,2.74,,27,5,0,0,0
2022-05-30,,,,30,5,0,0,0
2022-05-31,,2.85,,31,5,1,0,0
2022-06-01,1.21,2.94,3.6,1,6,0,0,0
2022-06-02,,2.92,,2,6,0,0,0
2022-06-03,,2.96,,3,6,0,0,0
2022-06-06,,3.04,,6,6,0,0,0
2022-06-07,,2.98,,7,6,0,0,0
2022-06-08,,3.03,,8,6,0,0,0
2022-06-09,,3.04,,9,6,0,0,0
2022-06-10,,3.15,,10,6,0,0,0
2022-06-13,,3.43,,13,6,0,0,0
2022-06-14,,3.49,,14,6,0,0,0
2022-06-15,,3.33,,15,6,1,0,0
2022-06-16,,3.28,,16,6,0,0,0
2022-06-17,,3.25,,17,6,0,0,0
2022-06-20,,,,20,6,0,0,0
2022-06-21,,3.31,,21,6,0,0,0
2022-06-22,,3.16,,22,6,0,0,0
2022-06-23,,3.09,,23,6,0,0,0
2022-06-24,,3.13,,24,6,0,0,0
2022-06-27,,3.2,,27,6,0,0,0
2022-06-28,,3.2,,28,6,0,0,0
2022-06-29,,3.1,,29,6,0,0,0
2022-06-30,,2.98,,30,6,1,1,0
2022-07-01,1.68,2.88,3.5,1,7,0,0,0
2022-07-04,,,,4,7,0,0,0
2022-07-05,,2.82,,5,7,0,0,0
2022-07-06,,2.93,,6,7,0,0,0
2022-07-07,,3.01,,7,7,0,0,0
2022-07-08,,3.09,,8,7,0,0,0
2022-07-11,,2.99,,11,7,0,0,0
2022-07-12,,2.96,,12,7,0,0,0
2022-07-13,,2.91,,13,7,0,0,0
2022-07-14,,2.96,,14,7,0,0,0
2022-07-15,,2.93,,15,7,1,0,0
2022-07-18,,2.96,,18,7,0,0,0
2022-07-19,,3.01,,19,7,0,0,0
2022-07-20,,3.04,,20,7,0,0,0
2022-07-21,,2.91,,21,7,0,0,0
2022-07-22,,2.77,,22,7,0,0,0
2022-07-25,,2.81,,25,7,0,0,0
2022-07-26,,2.81,,26,7,0,0,0
2022-07-27,,2.78,,27,7,0,0,0
2022-07-28,,2.68,,28,7,0,0,0
2022-07-29,,2.67,,29,7,0,0,0
2022-08-01,2.33,2.6,3.6,1,8,0,0,0
2022-08-02,,2.75,,2,8,0,0,0
2022-08-03,,2.73,,3,8,0,0,0
2022-08-04,,2.68,,4,8,0,0,0
2022-08-05,,2.83,,5,8,0,0,0
2022-08-08,,2.77,,8,8,0,0,0
2022-08-09,,2.8,,9,8,0,0,0
2022-08-10,,2.78,,10,8,0,0,0
2022-08-11,,2.87,,11,8,0,0,0
2022-08-12,,2.84,,12,8,0,0,0
2022-08-15,,2.79,,15,8,1,0,0
2022-08-16,,2.82,,16,8,0,0,0
2022-08-17,,2.89,,17,8,0,0,0
2022-08-18,,2.88,,18,8,0,0,0
2022-08-19,,2.98,,19,8,0,0,0
2022-08-22,,3.03,,22,8,0,0,0
2022-08-23,,3.05,,23,8,0,0,0
2022-08-24,,3.11,,24,8,0,0,0
2022-08-25,,3.03,,25,8,0,0,0
2022-08-26,,3.04,,26,8,0,0,0
2022-08-29,,3.12,,29,8,0,0,0
2022-08-30,,3.11,,30,8,0,0,0
2022-08-31,,3.15,,31,8,1,0,0
2022-09-01,2.56,3.26,3.5,1,9,0,0,0
2022-09-02,,3.2,,2,9,0,0,0
2022-09-05,,,,5,9,0,0,0
2022-09-06,,3.33,,6,9,0,0,0
2022-09-07,,3.27,,7,9,0,0,0
2022-09-08,,3.29,,8,9,0,0,0
2022-09-09,,3.33,,9,9,0,0,0
2022-09-12,,3.37,,12,9,0,0,0
2022-09-13,,3.42,,13,9,0,0,0
2022-09-14,,3.41,,14,9,0,0,0
2022-09-15,,3.45,,15,9,1,0,0
2022-09-16,,3.45,,16,9,0,0,0
2022-09-19,,3.49,,19,9,0,0,0
2022-09-20,,3.57,,20,9,0,0,0
2022-09-21,,3.51,,21,9,0,0,0
2022-09-22,,3.7,,22,9,0,0,0
2022-09-23,,3.69,,23,9,0,0,0
2022-09-26,,3.88,,26,9,0,0,0
2022-09-27,,3.97,,27,9,0,0,0
2022-09-28,,3.72,,28,9,0,0,0
2022-09-29,,3.76,,29,9,0,0,0
2022-09-30,,3.83,,30,9,1,1,0
2022-10-01,3.08,,3.6,1,10,0,0,0
2022-10-03,,3.67,,3,10,0,0,0
2022-10-04,,3.62,,4,10,0,0,0
2022-10-05,,3.76,,5,10,0,0,0
2022-10-06,,3.83,,6,10,0,0,0
2022-10-07,,3.89,,7,10,0,0,0
2022-10-10,,,,10,10,0,0,0
2022-10-11,,3.93,,11,10,0,0,0
2022-10-12,,3.91,,12,10,0,0,0
2022-10-13,,3.97,,13,10,0,0,0
2022-10-14,,4.0,,14,10,0,0,0
2022-10-17,,4.02,,17,10,0,0,0
2022-10-18,,4.01,,18,10,0,0,0
2022-10-19,,4.14,,19,10,0,0,0
2022-10-20,,4.24,,20,10,0,0,0
2022-10-21,,4.21,,21,10,0,0,0
2022-10-24,,4.25,,24,10,0,0,0
2022-10-25,,4.1,,25,10,0,0,0
2022-10-26,,4.04,,26,10,0,0,0
2022-10-27,,3.96,,27,10,0,0,0
2022-10-28,,4.02,,28,10,0,0,0
2022-10-31,,4.1,,31,10,1,0,0
2022-11-01,3.78,4.07,3.6,1,11,0,0,0
2022-11-02,,4.1,,2,11,0,0,0
2022-11-03,,4.14,,3,11,0,0,0
2022-11-04,,4.17,,4,11,0,0,0
2022-11-07,,4.22,,7,11,0,0,0
2022-11-08,,4.14,,8,11,0,0,0
2022-11-09,,4.12,,9,11,0,0,0
2022-11-10,,3.82,,10,11,0,0,0
2022-11-11,,,,11,11,0,0,0
2022-11-14,,3.88,,14,11,0,0,0
2022-11-15,,3.8,,15,11,1,0,0
2022-11-16,,3.67,,16,11,0,0,0
2022-11-17,,3.77,,17,11,0,0,0
2022-11-18,,3.82,,18,11,0,0,0
2022-11-21,,3.83,,21,11,0,0,0
2022-11-22,,3.76,,22,11,0,0,0
2022-11-23,,3.71,,23,11,0,0,0
2022-11-24,,,,24,11,0,0,0
2022-11-25,,3.68,,25,11,0,0,0
2022-11-28,,3.69,,28,11,0,0,0
2022-11-29,,3.75,,29,11,0,0,0
2022-11-30,,3.68,,30,11,1,0,0
2022-12-01,4.1,3.53,3.5,1,12,0,0,0
2022-12-02,,3.51,,2,12,0,0,0
2022-12-05,,3.6,,5,12,0,0,0
2022-12-06,,3.51,,6,12,0,0,0
2022-12-07,,3.42,,7,12,0,0,0
2022-12-08,,3.48,,8,12,0,0,0
2022-12-09,,3.57,,9,12,0,0,0
2022-12-12,,3.61,,12,12,0,0,0
2022-12-13,,3.51,,13,12,0,0,0
2022-12-14,,3.49,,14,12,0,0,0
2022-12-15,,3.44,,15,12,1,0,0
2022-12-16,,3.48,,16,12,0,0,0
2022-12-19,,3.57,,19,12,0,0,0
2022-12-20,,3.69,,20,12,0,0,0
2022-12-21,,3.68,,21,12,0,0,0
2022-12-22,,3.67,,22,12,0,0,0
2022-12-23,,3.75,,23,12,0,0,0
2022-12-26,,,,26,12,0,0,0
2022-12-27,,3.84,,27,12,0,0,0
2022-12-28,,3.88,,28,12,0,0,0
2022-12-29,,3.83,,29,12,0,0,0
2022-12-30,,3.88,,30,12,0,0,0
2023-01-01,4.33,,3.5,1,1,0,0,0
2023-01-02,,,,2,1,0,0,0
2023-01-03,,3.79,,3,1,0,0,0
2023-01-04,,3.69,,4,1,0,0,0
2023-01-05,,3.71,,5,1,0,0,0
2023-01-06,,3.55,,6,1,0,0,0
2023-01-09,,3.53,,9,1,0,0,0
2023-01-10,,3.61,,10,1,0,0,0
2023-01-11,,3.54,,11,1,0,0,0
2023-01-12,,3.43,,12,1,0,0,0
2023-01-13,,3.49,,13,1,0,0,0
2023-01-16,,,,16,1,0,0,0
2023-01-17,,3.53,,17,1,0,0,0
2023-01-18,,3.37,,18,1,0,0,0
2023-01-19,,3.39,,19,1,0,0,0
2023-01-20,,3.48,,20,1,0,0,0
2023-01-23,,3.52,,23,1,0,0,0
2023-01-24,,3.46,,24,1,0,0,0
2023-01-25,,3.46,,25,1,0,0,0
2023-01-26,,3.49,,26,1,0,0,0
2023-01-27,,3.52,,27,1,0,0,0
2023-01-30,,3.55,,30,1,0,0,0
2023-01-31,,3.52,,31,1,1,0,0
2023-02-01,4.57,3.39,3.6,1,2,0,0,0
2023-02-02,,3.4,,2,2,0,0,0
2023-02-03,,3.53,,3,2,0,0,0
2023-02-06,,3.63,,6,2,0,0,0
2023-02-07,,3.67,,7,2,0,0,0
2023-02-08,,3.63,,8,2,0,0,0
2023-02-09,,3.67,,9,2,0,0,0
2023-02-10,,3.74,,10,2,0,0,0
2023-02-13,,3.72,,13,2,0,0,0
2023-02-14,,3.77,,14,2,0,0,0
2023-02-15,,3.81,,15,2,1,0,0
2023-02-16,,3.86,,16,2,0,0,0
2023-02-17,,3.82,,17,2,0,0,0
2023-02-20,,,,20,2,0,0,0
2023-02-21,,3.95,,21,2,0,0,0
2023-02-22,,3.93,,22,2,0,0,0
2023-02-23,,3.88,,23,2,0,0,0
2023-02-24,,3.95,,24,2,0,0,0
2023-02-27,,3.92,,27,2,0,0,0
2023-02-28,,3.92,,28,2,1,0,0
2023-03-01,4.65,4.01,3.5,1,3,0,0,0
2023-03-02,,4.08,,2,3,0,0,0
2023-03-03,,3.97,,3,3,0,0,0
2023-03-06,,3.98,,6,3,0,0,0
2023-03-07,,3.97,,7,3,0,0,0
2023-03-08,,3.98,,8,3,0,0,0
2023-03-09,,3.93,,9,3,0,0,0
2023-03-10,,3.7,,10,3,0,0,0
2023-03-13,,3.55,,13,3,0,0,0
2023-03-14,,3.64,,14,3,0,0,0
2023-03-15,,3.51,,15,3,1,0,0
2023-03-16,,3.56,,16,3,0,0,0
2023-03-17,,3.39,,17,3,0,0,0
2023-03-20,,3.47,,20,3,0,0,0
2023-03-21,,3.59,,21,3,0,0,0
2023-03-22,,3.48,,22,3,0,0,0
2023-03-23,,3.38,,23,3,0,0,0
2023-03-24,,3.38,,24,3,0,0,0
2023-03-27,,3.53,,27,3,0,0,0
2023-03-28,,3.55,,28,3,0,0,0
2023-03-29,,3.57,,29,3,0,0,0
2023-03-30,,3.55,,30,3,0,0,0
2023-03-31,,3.48,,31,3,1,1,0
2023-04-01,4.83,,3.4,1,4,0,0,0
2023-04-03,,3.43,,3,4,0,0,0
2023-04-04,,3.35,,4,4,0,0,0
2023-04-05,,3.3,,5,4,0,0,0
2023-04-06,,3.3,,6,4,0,0,0
2023-04-07,,3.39,,7,4,0,0,0
2023-04-10,,3.41,,10,4,0,0,0
2023-04-11,,3.43,,11,4,0,0,0
2023-04-12,,3.41,,12,4,0,0,0
2023-04-13,,3.45,,13,4,0,0,0
2023-04-14,,3.52,,14,4,0,0,0
2023-04-17,,3.6,,17,4,0,0,0
2023-04-18,,3.58,,18,4,0,0,0
2023-04-19,,3.6,,19,4,0,0,0
2023-04-20,,3.54,,20,4,0,0,0
2023-04-21,,3.57,,21,4,0,0,0
2023-04-24,,3.52,,24,4,0,0,0
2023-04-25,,3.4,,25,4,0,0,0
2023-04-26,,3.43,,26,4,0,0,0
2023-04-27,,3.53,,27,4,0,0,0
2023-04-28,,3.44,,28,4,0,0,0
2023-05-01,5.06,3.59,3.6,1,5,0,0,0
2023-05-02,,3.44,,2,5,0,0,0
2023-05-03,,3.38,,3,5,0,0,0
2023-05-04,,3.37,,4,5,0,0,0
2023-05-05,,3.44,,5,5,0,0,0
2023-05-08,,3.52,,8,5,0,0,0
2023-05-09,,3.53,,9,5,0,0,0
2023-05-10,,3.43,,10,5,0,0,0
2023-05-11,,3.39,,11,5,0,0,0
2023-05-12,,3.46,,12,5,0,0,0
2023-05-15,,3.5,,15,5,1,0,0
2023-05-16,,3.54,,16,5,0,0,0
2023-05-17,,3.57,,17,5,0,0,0
2023-05-18,,3.65,,18,5,0,0,0
2023-05-19,,3.7,,19,5,0,0,0
2023-05-22,,3.72,,22,5,0,0,0
2023-05-23,,3.7,,23,5,0,0,0
2023-05-24,,3.73,,24,5,0,0,0
2023-05-25,,3.83,,25,5,0,0,0
2023-05-26,,3.8,,26,5,0,0,0
2023-05-29,,,,29,5,0,0,0
2023-05-30,,3.69,,30,5,0,0,0
2023-05-31,,3.64,,31,5,1,0,0
2023-06-01,5.08,3.61,3.6,1,6,0,0,0
2023-06-02,,3.69,,2,6,0,0,0
2023-06-05,,3.69,,5,6,0,0,0
2023-06-06,,3.7,,6,6,0,0,0
2023-06-07,,3.79,,7,6,0,0,0
2023-06-08,,3.73,,8,6,0,0,0
2023-06-09,,3.75,,9,6,0,0,0
2023-06-12,,3.73,,12,6,0,0,0
2023-06-13,,3.84,,13,6,0,0,0
2023-06-14,,3.83,,14,6,0,0,0
2023-06-15,,3.72,,15,6,1,0,0
2023-06-16,,3.77,,16,6,0,0,0
2023-06-19,,,,19,6,0,0,0
2023-06-20,,3.74,,20,6,0,0,0
2023-06-21,,3.72,,21,6,0,0,0
2023-06-22,,3.8,,22,6,0,0,0
2023-06-23,,3.74,,23,6,0,0,0
2023-06-26,,3.72,,26,6,0,0,0
2023-06-27,,3.77,,27,6,0,0,0
2023-06-28,,3.71,,28,6,0,0,0
2023-06-29,,3.85,,29,6,0,0,0
2023-06-30,,3.81,,30,6,1,1,0
2023-07-01,5.12,,3.5,1,7,0,0,0
2023-07-03,,3.86,,3,7,0,0,0
2023-07-04,,,,4,7,0,0,0
2023-07-05,,3.95,,5,7,0,0,0
2023-07-06,,4.05,,6,7,0,0,0
2023-07-07,,4.06,,7,7,0,0,0
2023-07-10,,4.01,,10,7,0,0,0
2023-07-11,,3.99,,11,7,0,0,0
2023-07-12,,3.86,,12,7,0,0,0
2023-07-13,,3.76,,13,7,0,0,0
2023-07-14,,3.83,,14,7,0,0,0
2023-07-17,,3.81,,17,7,0,0,0
2023-07-18,,3.8,,18,7,0,0,0
2023-07-19,,3.75,,19,7,0,0,0
2023-07-20,,3.85,,20,7,0,0,0
2023-07-21,,3.84,,21,7,0,0,0
2023-07-24,,3.86,,24,7,0,0,0
2023-07-25,,3.91,,25,7,0,0,0
2023-07-26,,3.86,,26,7,0,0,0
2023-07-27,,4.01,,27,7,0,0,0
2023-07-28,,3.96,,28,7,0,0,0
2023-07-31,,3.97,,31,7,1,0,0
2023-08-01,5.33,4.05,3.7,1,8,0,0,0
2023-08-02,,4.08,,2,8,0,0,0
2023-08-03,,4.2,,3,8,0,0,0
2023-08-04,,4.05,,4,8,0,0,0
2023-08-07,,4.09,,7,8,0,0,0
2023-08-08,,4.02,,8,8,0,0,0
2023-08-09,,4.0,,9,8,0,0,0
2023-08-10,,4.09,,10,8,0,0,0
2023-08-11,,4.16,,11,8,0,0,0
2023-08-14,,4.19,,14,8,0,0,0
2023-08-15,,4.21,,15,8,1,0,0
2023-08-16,,4.28,,16,8,0,0,0
2023-08-17,,4.3,,17,8,0,0,0
2023-08-18,,4.26,,18,8,0,0,0
2023-08-21,,4.34,,21,8,0,0,0
2023-08-22,,4.34,,22,8,0,0,0
2023-08-23,,4.19,,23,8,0,0,0
2023-08-24,,4.23,,24,8,0,0,0
2023-08-25,,4.25,,25,8,0,0,0
2023-08-28,,4.2,,28,8,0,0,0
2023-08-29,,4.12,,29,8,0,0,0
2023-08-30,,4.12,,30,8,0,0,0
2023-08-31,,4.09,,31,8,1,0,0
2023-09-01,5.33,4.18,3.7,1,9,0,0,0
2023-09-04,,,,4,9,0,0,0
2023-09-05,,4.27,,5,9,0,0,0
2023-09-06,,4.3,,6,9,0,0,0
2023-09-07,,4.27,,7,9,0,0,0
2023-09-08,,4.26,,8,9,0,0,0
2023-09-11,,4.29,,11,9,0,0,0
2023-09-12,,4.27,,12,9,0,0,0
2023-09-13,,4.25,,13,9,0,0,0
2023-09-14,,4.29,,14,9,0,0,0
2023-09-15,,4.33,,15,9,1,0,0
2023-09-18,,4.32,,18,9,0,0,0
2023-09-19,,4.37,,19,9,0,0,0
2023-09-20,,4.35,,20,9,0,0,0
2023-09-21,,4.49,,21,9,0,0,0
2023-09-22,,4.44,,22,9,0,0,0
2023-09-25,,4.55,,25,9,0,0,0
2023-09-26,,4.56,,26,9,0,0,0
2023-09-27,,4.61,,27,9,0,0,0
2023-09-28,,4.59,,28,9,0,0,0
2023-09-29,,4.59,,29,9,0,0,0
2023-10-01,5.33,,3.9,1,10,0,0,0
2023-10-02,,4.69,,2,10,0,0,0
2023-10-03,,4.81,,3,10,0,0,0
2023-10-04,,4.73,,4,10,0,0,0
2023-10-05,,4.72,,5,10,0,0,0
2023-10-06,,4.78,,6,10,0,0,0
2023-10-09,,,,9,10,0,0,0
2023-10-10,,4.66,,10,10,0,0,0
2023-10-11,,4.58,,11,10,0,0,0
2023-10-12,,4.7,,12,10,0,0,0
2023-10-13,,4.63,,13,10,0,0,0
2023-10-16,,4.71,,16,10,0,0,0
2023-10-17,,4.83,,17,10,0,0,0
2023-10-18,,4.91,,18,10,0,0,0
2023-10-19,,4.98,,19,10,0,0,0
2023-10-20,,4.93,,20,10,0,0,0
2023-10-23,,4.86,,23,10,0,0,0
2023-10-24,,4.83,,24,10,0,0,0
2023-10-25,,4.95,,25,10,0,0,0
2023-10-26,,4.86,,26,10,0,0,0
2023-10-27,,4.84,,27,10,0,0,0
2023-10-30,,4.88,,30,10,0,0,0
2023-10-31,,4.88,,31,10,1,0,0
2023-11-01,5.33,4.77,3.7,1,11,0,0,0
2023-11-02,,4.67,,2,11,0,0,0
2023-11-03,,4.57,,3,11,0,0,0
2023-11-06,,4.67,,6,11,0,0,0
2023-11-07,,4.58,,7,11,0,0,0
2023-11-08,,4.49,,8,11,0,0,0
2023-11-09,,4.62,,9,11,0,0,0
2023-11-10,,4.61,,10,11,0,0,0
2023-11-13,,4.63,,13,11,0,0,0
2023-11-14,,4.44,,14,11,0,0,0
2023-11-15,,4.53,,15,11,1,0,0
2023-11-16,,4.45,,16,11,0,0,0
2023-11-17,,4.44,,17,11,0,0,0
2023-11-20,,4.42,,20,11,0,0,0
2023-11-21,,4.41,,21,11,0,0,0
2023-11-22,,4.42,,22,11,0,0,0
2023-11-23,,,,23,11,0,0,0
2023-11-24,,4.47,,24,11,0,0,0
2023-11-27,,4.39,,27,11,0,0,0
2023-11-28,,4.34,,28,11,0,0,0
2023-11-29,,4.27,,29,11,0,0,0
2023-11-30,,4.37,,30,11,1,0,0
2023-12-01,5.33,4.22,3.8,1,12,0,0,0
2023-12-04,,4.28,,4,12,0,0,0
2023-12-05,,4.18,,5,12,0,0,0
2023-12-06,,4.12,,6,12,0,0,0
2023-12-07,,4.14,,7,12,0,0,0
2023-12-08,,4.23,,8,12,0,0,0
2023-12-11,,4.23,,11,12,0,0,0
2023-12-12,,4.2,,12,12,0,0,0
2023-12-13,,4.04,,13,12,0,0,0
2023-12-14,,3.92,,14,12,0,0,0
2023-12-15,,3.91,,15,12,1,0,0
2023-12-18,,3.95,,18,12,0,0,0
2023-12-19,,3.93,,19,12,0,0,0
2023-12-20,,3.86,,20,12,0,0,0
2023-12-21,,3.89,,21,12,0,0,0
2023-12-22,,3.9,,22,12,0,0,0
2023-12-25,,,,25,12,0,0,0
2023-12-26,,3.89,,26,12,0,0,0
2023-12-27,,3.79,,27,12,0,0,0
2023-12-28,,3.84,,28,12,0,0,0
2023-12-29,,3.88,,29,12,0,0,0
2024-01-01,5.33,,3.7,1,1,0,0,1
2024-01-02,,3.95,,2,1,0,0,0
2024-01-03,,3.91,,3,1,0,0,0
2024-01-04,,3.99,,4,1,0,0,0
2024-01-05,,4.05,,5,1,0,0,0
2024-01-08,,4.01,,8,1,0,0,0
2024-01-09,,4.02,,9,1,0,0,0
2024-01-10,,4.04,,10,1,0,0,0
2024-01-11,,3.98,,11,1,0,0,0
2024-01-12,,3.96,,12,1,0,0,0
2024-01-15,,,,15,1,1,0,0
2024-01-16,,4.07,,16,1,0,0,0
2024-01-17,,4.1,,17,1,0,0,0
2024-01-18,,4.14,,18,1,0,0,0
2024-01-19,,4.15,,19,1,0,0,0
2024-01-22,,4.11,,22,1,0,0,0
2024-01-23,,4.14,,23,1,0,0,0
2024-01-24,,4.18,,24,1,0,0,0
2024-01-25,,4.14,,25,1,0,0,0
2024-01-26,,4.15,,26,1,0,0,0
2024-01-29,,4.08,,29,1,0,0,0
2024-01-30,,4.06,,30,1,0,0,0
2024-01-31,,3.99,,31,1,1,0,0
2024-02-01,5.33,3.87,3.9,1,2,0,0,0
2024-02-02,,4.03,,2,2,0,0,0
2024-02-05,,4.17,,5,2,0,0,0
2024-02-06,,4.09,,6,2,0,0,0
2024-02-07,,4.09,,7,2,0,0,0
2024-02-08,,4.15,,8,2,0,0,0
2024-02-09,,4.17,,9,2,0,0,0
2024-02-12,,4.17,,12,2,0,0,0
2024-02-13,,4.31,,13,2,0,0,0
2024-02-14,,4.27,,14,2,0,0,0
2024-02-15,,4.24,,15,2,1,0,0
2024-02-16,,4.3,,16,2,0,0,0
2024-02-19,,,,19,2,0,0,0
2024-02-20,,4.27,,20,2,0,0,0
2024-02-21,,4.32,,21,2,0,0,0
2024-02-22,,4.33,,22,2,0,0,0
2024-02-23,,4.26,,23,2,0,0,0
2024-02-26,,4.28,,26,2,0,0,0
2024-02-27,,4.31,,27,2,0,0,0
2024-02-28,,4.27,,28,2,0,0,0
2024-02-29,,4.25,,29,2,1,0,0
2024-03-01,5.33,4.19,3.9,1,3,0,0,0
2024-03-04,,4.22,,4,3,0,0,0
2024-03-05,,4.13,,5,3,0,0,0
2024-03-06,,4.11,,6,3,0,0,0
2024-03-07,,4.09,,7,3,0,0,0
2024-03-08,,4.09,,8,3,0,0,0
2024-03-11,,4.1,,11,3,0,0,0
2024-03-12,,4.16,,12,3,0,0,0
2024-03-13,,4.19,,13,3,0,0,0
2024-03-14,,4.29,,14,3,0,0,0
2024-03-15,,4.31,,15,3,1,0,0
2024-03-18,,4.34,,18,3,0,0,0
2024-03-19,,4.3,,19,3,0,0,0
2024-03-20,,4.27,,20,3,0,0,0
2024-03-21,,4.27,,21,3,0,0,0
2024-03-22,,4.22,,22,3,0,0,0
2024-03-25,,4.25,,25,3,0,0,0
2024-03-26,,4.24,,26,3,0,0,0
2024-03-27,,4.2,,27,3,0,0,0
2024-03-28,,4.2,,28,3,0,0,0
2024-03-29,,,,29,3,0,0,0
2024-04-01,5.33,4.33,3.9,1,4,0,0,0
2024-04-02,,4.36,,2,4,0,0,0
2024-04-03,,4.36,,3,4,0,0,0
2024-04-04,,4.31,,4,4,0,0,0
2024-04-05,,4.39,,5,4,0,0,0
2024-04-08,,4.42,,8,4,0,0,0
2024-04-09,,4.36,,9,4,0,0,0
2024-04-10,,4.55,,10,4,0,0,0
2024-04-11,,4.56,,11,4,0,0,0
2024-04-12,,4.5,,12,4,0,0,0
2024-04-15,,4.63,,15,4,1,0,0
2024-04-16,,4.67,,16,4,0,0,0
2024-04-17,,4.59,,17,4,0,0,0
2024-04-18,,4.64,,18,4,0,0,0
2024-04-19,,4.62,,19,4,0,0,0
2024-04-22,,4.62,,22,4,0,0,0
2024-04-23,,4.61,,23,4,0,0,0
2024-04-24,,4.65,,24,4,0,0,0
2024-04-25,,4.7,,25,4,0,0,0
2024-04-26,,4.67,,26,4,0,0,0
2024-04-29,,4.63,,29,4,0,0,0
2024-04-30,,4.69,,30,4,1,0,0
2024-05-01,5.33,4.63,3.9,1,5,0,0,0
2024-05-02,,4.58,,2,5,0,0,0
2024-05-03,,4.5,,3,5,0,0,0
2024-05-06,,4.49,,6,5,0,0,0
2024-05-07,,4.47,,7,5,0,0,0
2024-05-08,,4.48,,8,5,0,0,0
2024-05-09,,4.45,,9,5,0,0,0
2024-05-10,,4.5,,10,5,0,0,0
2024-05-13,,4.48,,13,5,0,0,0
2024-05-14,,4.45,,14,5,0,0,0
2024-05-15,,4.36,,15,5,1,0,0
2024-05-16,,4.38,,16,5,0,0,0
2024-05-17,,4.42,,17,5,0,0,0
2024-05-20,,4.44,,20,5,0,0,0
2024-05-21,,4.41,,21,5,0,0,0
2024-05-22,,4.43,,22,5,0,0,0
2024-05-23,,4.47,,23,5,0,0,0
2024-05-24,,4.46,,24,5,0,0,0
2024-05-27,,,,27,5,0,0,0
2024-05-28,,4.54,,28,5,0,0,0
2024-05-29,,4.61,,29,5,0,0,0
2024-05-30,,4.55,,30,5,0,0,0
2024-05-31,,4.51,,31,5,1,0,0
2024-06-01,5.33,,4.1,1,6,0,0,0
2024-06-03,,4.41,,3,6,0,0,0
2024-06-04,,4.33,,4,6,0,0,0
2024-06-05,,4.29,,5,6,0,0,0
2024-06-06,,4.28,,6,6,0,0,0
2024-06-07,,4.43,,7,6,0,0,0
2024-06-10,,4.47,,10,6,0,0,0
2024-06-11,,4.39,,11,6,0,0,0
2024-06-12,,4.31,,12,6,0,0,0
2024-06-13,,4.24,,13,6,0,0,0
2024-06-14,,4.2,,14,6,0,0,0
2024-06-17,,4.28,,17,6,0,0,0
2024-06-18,,4.22,,18,6,0,0,0
2024-06-19,,,,19,6,0,0,0
2024-06-20,,4.25,,20,6,0,0,0
2024-06-21,,4.25,,21,6,0,0,0
2024-06-24,,4.25,,24,6,0,0,0
2024-06-25,,4.23,,25,6,0,0,0
2024-06-26,,4.32,,26,6,0,0,0
2024-06-27,,4.29,,27,6,0,0,0
2024-06-28,,4.36,,28,6,0,0,0
2024-07-01,5.33,4.48,4.2,1,7,0,0,0
2024-07-02,,4.43,,2,7,0,0,0
2024-07-03,,4.36,,3,7,0,0,0
2024-07-04,,,,4,7,0,0,1
2024-07-05,,4.28,,5,7,0,0,0
2024-07-08,,4.28,,8,7,0,0,0
2024-07-09,,4.3,,9,7,0,0,0
2024-07-10,,4.28,,10,7,0,0,0
2024-07-11,,4.2,,11,7,0,0,0
2024-07-12,,4.18,,12,7,0,0,0
2024-07-15,,4.23,,15,7,1,0,0
2024-07-16,,4.17,,16,7,0,0,0
2024-07-17,,4.16,,17,7,0,0,0
2024-07-18,,4.2,,18,7,0,0,0
2024-07-19,,4.25,,19,7,0,0,0
2024-07-22,,4.26,,22,7,0,0,0
2024-07-23,,4.25,,23,7,0,0,0
2024-07-24,,4.28,,24,7,0,0,0
2024-07-25,,4.27,,25,7,0,0,0
2024-07-26,,4.2,,26,7,0,0,0
2024-07-29,,4.17,,29,7,0,0,0
2024-07-30,,4.15,,30,7,0,0,0
2024-07-31,,4.09,,31,7,1,0,0
2024-08-01,5.33,3.99,4.2,1,8,0,0,0
2024-08-02,,3.8,,2,8,0,0,0
2024-08-05,,3.78,,5,8,0,0,0
2024-08-06,,3.9,,6,8,0,0,0
2024-08-07,,3.96,,7,8,0,0,0
2024-08-08,,3.99,,8,8,0,0,0
2024-08-09,,3.94,,9,8,0,0,0
2024-08-12,,3.9,,12,8,0,0,0
2024-08-13,,3.85,,13,8,0,0,0
2024-08-14,,3.83,,14,8,0,0,0
2024-08-15,,3.92,,15,8,1,0,0
2024-08-16,,3.89,,16,8,0,0,0
2024-08-19,,3.86,,19,8,0,0,0
2024-08-20,,3.82,,20,8,0,0,0
2024-08-21,,3.79,,21,8,0,0,0
2024-08-22,,3.86,,22,8,0,0,0
2024-08-23,,3.81,,23,8,0,0,0
2024-08-26,,3.82,,26,8,0,0,0
2024-08-27,,3.83,,27,8,0,0,0
2024-08-28,,3.84,,28,8,0,0,0
2024-08-29,,3.87,,29,8,0,0,0
2024-08-30,,3.91,,30,8,0,0,0
2024-09-01,5.13,,4.1,1,9,0,0,0
2024-09-02,,,,2,9,0,0,0
2024-09-03,,3.84,,3,9,0,0,0
2024-09-04,,3.77,,4,9,0,0,0
2024-09-05,,3.73,,5,9,0,0,0
2024-09-06,,3.72,,6,9,0,0,0
2024-09-09,,3.7,,9,9,0,0,0
2024-09-10,,3.65,,10,9,0,0,0
2024-09-11,,3.65,,11,9,0,0,0
2024-09-12,,3.68,,12,9,0,0,0
2024-09-13,,3.66,,13,9,0,0,0
2024-09-16,,3.63,,16,9,0,0,0
2024-09-17,,3.65,,17,9,0,0,0
2024-09-18,,3.7,,18,9,0,0,0
2024-09-19,,3.73,,19,9,0,0,0
2024-09-20,,3.73,,20,9,0,0,0
2024-09-23,,3.75,,23,9,0,0,0
2024-09-24,,3.74,,24,9,0,0,0
2024-09-25,,3.79,,25,9,0,0,0
2024-09-26,,3.79,,26,9,0,0,0
2024-09-27,,3.75,,27,9,0,0,0
2024-09-30,,3.81,,30,9,1,1,0
2024-10-01,4.83,3.74,4.1,1,10,0,0,0
2024-10-02,,3.79,,2,10,0,0,0
2024-10-03,,3.85,,3,10,0,0,0
2024-10-04,,3.98,,4,10,0,0,0
2024-10-07,,4.03,,7,10,0,0,0
2024-10-08,,4.04,,8,10,0,0,0
2024-10-09,,4.06,,9,10,0,0,0
2024-10-10,,4.09,,10,10,0,0,0
2024-10-11,,4.08,,11,10,0,0,0
2024-10-14,,,,14,10,0,0,0
2024-10-15,,4.03,,15,10,1,0,0
2024-10-16,,4.02,,16,10,0,0,0
2024-10-17,,4.09,,17,10,0,0,0
2024-10-18,,4.08,,18,10,0,0,0
2024-10-21,,4.19,,21,10,0,0,0
2024-10-22,,4.2,,22,10,0,0,0
2024-10-23,,4.24,,23,10,0,0,0
2024-10-24,,4.21,,24,10,0,0,0
2024-10-25,,4.25,,25,10,0,0,0
2024-10-28,,4.28,,28,10,0,0,0
2024-10-29,,4.28,,29,10,0,0,0
2024-10-30,,4.29,,30,10,0,0,0
2024-10-31,,4.28,,31,10,1,0,0
2024-11-01,4.64,4.37,4.2,1,11,0,0,0
2024-11-04,,4.31,,4,11,0,0,0
2024-11-05,,4.26,,5,11,0,0,0
2024-11-06,,4.42,,6,11,0,0,0
2024-11-07,,4.31,,7,11,0,0,0
2024-11-08,,4.3,,8,11,0,0,0
2024-11-11,,,,11,11,0,0,0
2024-11-12,,4.43,,12,11,0,0,0
2024-11-13,,4.44,,13,11,0,0,0
2024-11-14,,4.43,,14,11,0,0,0
2024-11-15,,4.43,,15,11,1,0,0
2024-11-18,,4.42,,18,11,0,0,0
2024-11-19,,4.39,,19,11,0,0,0
2024-11-20,,4.41,,20,11,0,0,0
2024-11-21,,4.43,,21,11,0,0,0
2024-11-22,,4.41,,22,11,0,0,0
2024-11-25,,4.27,,25,11,0,0,0
2024-11-26,,4.3,,26,11,0,0,0
2024-11-27,,4.25,,27,11,0,0,0
2024-11-28,,,,28,11,0,0,1
2024-11-29,,4.18,,29,11,0,0,0
2024-12-01,4.48,,4.1,1,12,0,0,0
2024-12-02,,4.19,,2,12,0,0,0
2024-12-03,,4.23,,3,12,0,0,0
2024-12-04,,4.19,,4,12,0,0,0
2024-12-05,,4.17,,5,12,0,0,0
2024-12-06,,4.15,,6,12,0,0,0
2024-12-09,,4.2,,9,12,0,0,0
2024-12-10,,4.22,,10,12,0,0,0
2024-12-11,,4.26,,11,12,0,0,0
2024-12-12,,4.32,,12,12,0,0,0
2024-12-13,,4.4,,13,12,0,0,0
2024-12-16,,4.39,,16,12,0,0,0
2024-12-17,,4.4,,17,12,0,0,0
2024-12-18,,4.5,,18,12,0,0,0
2024-12-19,,4.57,,19,12,0,0,0
2024-12-20,,4.52,,20,12,0,0,0
2024-12-23,,4.59,,23,12,0,0,0
2024-12-24,,4.59,,24,12,0,0,0
2024-12-25,,,,25,12,0,0,1
2024-12-26,,4.58,,26,12,0,0,0
2024-12-27,,4.62,,27,12,0,0,0
2024-12-30,,4.55,,30,12,0,0,0
2024-12-31,,4.58,,31,12,1,1,0
2025-01-01,4.33,,4.0,1,1,0,0,1
2025-01-02,,4.57,,2,1,0,0,0
2025-01-03,,4.6,,3,1,0,0,0
2025-01-06,,4.62,,6,1,0,0,0
2025-01-07,,4.67,,7,1,0,0,0
2025-01-08,,4.67,,8,1,0,0,0
2025-01-09,,4.68,,9,1,0,0,0
2025-01-10,,4.77,,10,1,0,0,0
2025-01-13,,4.79,,13,1,0,0,0
2025-01-14,,4.78,,14,1,0,0,0
2025-01-15,,4.66,,15,1,1,0,0
2025-01-16,,4.61,,16,1,0,0,0
2025-01-17,,4.61,,17,1,0,0,0
2025-01-20,,,,20,1,0,0,0
2025-01-21,,4.57,,21,1,0,0,0
2025-01-22,,4.6,,22,1,0,0,0
2025-01-23,,4.65,,23,1,0,0,0
2025-01-24,,4.63,,24,1,0,0,0
2025-01-27,,4.53,,27,1,0,0,0
2025-01-28,,4.55,,28,1,0,0,0
2025-01-29,,4.55,,29,1,0,0,0
2025-01-30,,4.52,,30,1,0,0,0
2025-01-31,,4.58,,31,1,1,0,0
2025-02-01,4.33,,4.2,1,2,0,0,0
2025-02-03,,4.54,,3,2,0,0,0
2025-02-04,,4.52,,4,2,0,0,0
2025-02-05,,4.43,,5,2,0,0,0
2025-02-06,,4.45,,6,2,0,0,0
2025-02-07,,4.49,,7,2,0,0,0
2025-02-10,,4.51,,10,2,0,0,0
2025-02-11,,4.54,,11,2,0,0,0
2025-02-12,,4.62,,12,2,0,0,0
2025-02-13,,4.52,,13,2,0,0,0
2025-02-14,,4.47,,14,2,0,0,0
2025-02-17,,,,17,2,0,0,0
2025-02-18,,4.55,,18,2,0,0,0
2025-02-19,,4.53,,19,2,0,0,0
2025-02-20,,4.5,,20,2,0,0,0
2025-02-21,,4.42,,21,2,0,0,0
2025-02-24,,4.4,,24,2,0,0,0
2025-02-25,,4.3,,25,2,0,0,0
2025-02-26,,4.25,,26,2,0,0,0
2025-02-27,,4.29,,27,2,0,0,0
2025-02-28,,4.24,,28,2,1,0,0
2025-03-01,4.33,,4.2,1,3,0,0,0
2025-03-03,,4.16,,3,3,0,0,0
2025-03-04,,4.22,,4,3,0,0,0
2025-03-05,,4.28,,5,3,0,0,0
2025-03-06,,4.29,,6,3,0,0,0
2025-03-07,,4.32,,7,3,0,0,0
2025-03-10,,4.22,,10,3,0,0,0
2025-03-11,,4.28,,11,3,0,0,0
2025-03-12,,4.32,,12,3,0,0,0
2025-03-13,,4.27,,13,3,0,0,0
2025-03-14,,4.31,,14,3,0,0,0
2025-03-17,,4.31,,17,3,0,0,0
2025-03-18,,4.29,,18,3,0,0,0
2025-03-19,,4.25,,19,3,0,0,0
2025-03-20,,4.24,,20,3,0,0,0
2025-03-21,,4.25,,21,3,0,0,0
2025-03-24,,4.34,,24,3,0,0,0
2025-03-25,,4.31,,25,3,0,0,0
2025-03-26,,4.35,,26,3,0,0,0
2025-03-27,,4.38,,27,3,0,0,0
2025-03-28,,4.27,,28,3,0,0,0
2025-03-31,,4.23,,31,3,1,1,0
2025-04-01,4.33,4.17,4.2,1,4,0,0,0
2025-04-02,,4.2,,2,4,0,0,0
2025-04-03,,4.06,,3,4,0,0,0
2025-04-04,,4.01,,4,4,0,0,0
2025-04-07,,4.15,,7,4,0,0,0
2025-04-08,,4.26,,8,4,0,0,0
2025-04-09,,4.34,,9,4,0,0,0
2025-04-10,,4.4,,10,4,0,0,0
2025-04-11,,4.48,,11,4,0,0,0
2025-04-14,,4.38,,14,4,0,0,0
2025-04-15,,4.35,,15,4,1,0,0
2025-04-16,,4.29,,16,4,0,0,0
2025-04-17,,4.34,,17,4,0,0,0
2025-04-18,,,,18,4,0,0,0
2025-04-21,,4.42,,21,4,0,0,0
2025-04-22,,4.41,,22,4,0,0,0
2025-04-23,,4.4,,23,4,0,0,0
2025-04-24,,4.32,,24,4,0,0,0
2025-04-25,,4.29,,25,4,0,0,0
2025-04-28,,4.23,,28,4,0,0,0
2025-04-29,,4.19,,29,4,0,0,0
2025-04-30,,4.17,,30,4,1,0,0
2025-05-01,4.33,4.25,4.3,1,5,0,0,0
2025-05-02,,4.33,,2,5,0,0,0
2025-05-05,,4.36,,5,5,0,0,0
2025-05-06,,4.3,,6,5,0,0,0
2025-05-07,,4.26,,7,5,0,0,0
2025-05-08,,4.37,,8,5,0,0,0
2025-05-09,,4.37,,9,5,0,0,0
2025-05-12,,4.45,,12,5,0,0,0
2025-05-13,,4.49,,13,5,0,0,0
2025-05-14,,4.53,,14,5,0,0,0
2025-05-15,,4.45,,15,5,1,0,0
2025-05-16,,4.43,,16,5,0,0,0
2025-05-19,,4.46,,19,5,0,0,0
2025-05-20,,4.48,,20,5,0,0,0
2025-05-21,,4.58,,21,5,0,0,0
2025-05-22,,4.54,,22,5,0,0,0
2025-05-23,,4.51,,23,5,0,0,0
2025-05-26,,,,26,5,0,0,0
2025-05-27,,4.43,,27,5,0,0,0
2025-05-28,,4.47,,28,5,0,0,0
2025-05-29,,4.43,,29,5,0,0,0
2025-05-30,,4.41,,30,5,0,0,0
2025-06-01,4.33,,4.1,1,6,0,0,0
2025-06-02,,4.46,,2,6,0,0,0
2025-06-03,,4.46,,3,6,0,0,0
2025-06-04,,4.37,,4,6,0,0,0
2025-06-05,,4.4,,5,6,0,0,0
2025-06-06,,4.51,,6,6,0,0,0
2025-06-09,,4.49,,9,6,0,0,0
2025-06-10,,4.47,,10,6,0,0,0
2025-06-11,,4.41,,11,6,0,0,0
2025-06-12,,4.36,,12,6,0,0,0
2025-06-13,,4.41,,13,6,0,0,0
2025-06-16,,4.46,,16,6,0,0,0
2025-06-17,,4.39,,17,6,0,0,0
2025-06-18,,4.38,,18,6,0,0,0
2025-06-19,,,,19,6,0,0,0
2025-06-20,,4.38,,20,6,0,0,0
2025-06-23,,4.34,,23,6,0,0,0
2025-06-24,,4.3,,24,6,0,0,0
2025-06-25,,4.29,,25,6,0,0,0
2025-06-26,,4.26,,26,6,0,0,0
2025-06-27,,4.29,,27,6,0,0,0
2025-06-30,,4.24,,30,6,1,1,0
2025-07-01,4.33,4.26,4.3,1,7,0,0,0
2025-07-02,,4.3,,2,7,0,0,0
2025-07-03,,4.35,,3,7,0,0,0
2025-07-04,,,,4,7,0,0,1
2025-07-07,,4.4,,7,7,0,0,0
2025-07-08,,4.42,,8,7,0,0,0
2025-07-09,,4.34,,9,7,0,0,0
2025-07-10,,4.35,,10,7,0,0,0
2025-07-11,,4.43,,11,7,0,0,0
2025-07-14,,4.43,,14,7,0,0,0
2025-07-15,,4.5,,15,7,1,0,0
2025-07-16,,4.46,,16,7,0,0,0
2025-07-17,,4.47,,17,7,0,0,0
2025-07-18,,4.44,,18,7,0,0,0
2025-07-21,,4.38,,21,7,0,0,0
2025-07-22,,4.35,,22,7,0,0,0
2025-07-23,,4.4,,23,7,0,0,0
2025-07-24,,4.43,,24,7,0,0,0
2025-07-25,,4.4,,25,7,0,0,0
2025-07-28,,4.42,,28,7,0,0,0
2025-07-29,,4.34,,29,7,0,0,0
2025-07-30,,4.38,,30,7,0,0,0
2025-07-31,,4.37,,31,7,1,0,0
2025-08-01,4.33,4.23,4.3,1,8,0,0,0
2025-08-04,,4.22,,4,8,0,0,0
2025-08-05,,4.22,,5,8,0,0,0
2025-08-06,,4.22,,6,8,0,0,0
2025-08-07,,4.23,,7,8,0,0,0
2025-08-08,,4.27,,8,8,0,0,0
2025-08-11,,4.27,,11,8,0,0,0
2025-08-12,,4.29,,12,8,0,0,0
2025-08-13,,4.24,,13,8,0,0,0
2025-08-14,,4.29,,14,8,0,0,0
2025-08-15,,4.33,,15,8,1,0,0
2025-08-18,,4.34,,18,8,0,0,0
2025-08-19,,4.3,,19,8,0,0,0
2025-08-20,,4.29,,20,8,0,0,0
2025-08-21,,4.33,,21,8,0,0,0
2025-08-22,,4.26,,22,8,0,0,0
2025-08-25,,4.28,,25,8,0,0,0
2025-08-26,,4.26,,26,8,0,0,0
2025-08-27,,4.24,,27,8,0,0,0
2025-08-28,,4.22,,28,8,0,0,0
2025-08-29,,4.23,,29,8,0,0,0
2025-09-01,4.22,,4.4,1,9,0,0,0
2025-09-02,,4.28,,2,9,0,0,0
2025-09-03,,4.22,,3,9,0,0,0
2025-09-04,,4.17,,4,9,0,0,0
2025-09-05,,4.1,,5,9,0,0,0
2025-09-08,,4.05,,8,9,0,0,0
2025-09-09,,4.08,,9,9,0,0,0
2025-09-10,,4.04,,10,9,0,0,0
2025-09-11,,4.01,,11,9,0,0,0
2025-09-12,,4.06,,12,9,0,0,0
2025-09-15,,4.05,,15,9,1,0,0
2025-09-16,,4.04,,16,9,0,0,0
2025-09-17,,4.06,,17,9,0,0,0
2025-09-18,,4.11,,18,9,0,0,0
2025-09-19,,4.14,,19,9,0,0,0
2025-09-22,,4.15,,22,9,0,0,0
2025-09-23,,4.12,,23,9,0,0,0
2025-09-24,,4.16,,24,9,0,0,0
2025-09-25,,4.18,,25,9,0,0,0
2025-09-26,,4.2,,26,9,0,0,0
2025-09-29,,4.15,,29,9,0,0,0
2025-09-30,,4.16,,30,9,1,1,0
2025-10-01,4.09,4.12,,1,10,0,0,0
2025-10-02,,4.1,,2,10,0,0,0
2025-10-03,,4.13,,3,10,0,0,0
2025-10-06,,4.18,,6,10,0,0,0
2025-10-07,,4.14,,7,10,0,0,0
2025-10-08,,4.13,,8,10,0,0,0
2025-10-09,,4.14,,9,10,0,0,0
2025-10-10,,4.05,,10,10,0,0,0
2025-10-13,,,,13,10,0,0,0
2025-10-14,,4.03,,14,10,0,0,0
2025-10-15,,4.05,,15,10,1,0,0
2025-10-16,,3.99,,16,10,0,0,0
2025-10-17,,4.02,,17,10,0,0,0
2025-10-20,,4.0,,20,10,0,0,0
2025-10-21,,3.98,,21,10,0,0,0
2025-10-22,,3.97,,22,10,0,0,0
2025-10-23,,4.01,,23,10,0,0,0
2025-10-24,,4.02,,24,10,0,0,0
2025-10-27,,4.01,,27,10,0,0,0
2025-10-28,,3.99,,28,10,0,0,0
2025-10-29,,4.08,,29,10,0,0,0
2025-10-30,,4.11,,30,10,0,0,0
2025-10-31,,4.11,,31,10,1,0,0
2025-11-01,3.88,,4.5,1,11,0,0,0
2025-11-03,,4.13,,3,11,0,0,0
2025-11-04,,4.1,,4,11,0,0,0
2025-11-05,,4.17,,5,11,0,0,0
2025-11-06,,4.11,,6,11,0,0,0
2025-11-07,,4.11,,7,11,0,0,0
2025-11-10,,4.13,,10,11,0,0,0
2025-11-11,,,,11,11,0,0,0
2025-11-12,,4.08,,12,11,0,0,0
2025-11-13,,4.11,,13,11,0,0,0
2025-11-14,,4.14,,14,11,0,0,0
2025-11-17,,4.13,,17,11,0,0,0
2025-11-18,,4.12,,18,11,0,0,0
2025-11-19,,4.13,,19,11,0,0,0
2025-11-20,,4.1,,20,11,0,0,0
2025-11-21,,4.06,,21,11,0,0,0
2025-11-24,,4.04,,24,11,0,0,0
2025-11-25,,4.01,,25,11,0,0,0
2025-11-26,,4.0,,26,11,0,0,0
2025-11-27,,,,27,11,0,0,1
2025-11-28,,4.02,,28,11,0,0,0
2025-12-01,3.72,4.09,4.4,1,12,0,0,0
2025-12-02,,4.09,,2,12,0,0,0
2025-12-03,,4.06,,3,12,0,0,0
2025-12-04,,4.11,,4,12,0,0,0
2025-12-05,,4.14,,5,12,0,0,0
2025-12-08,,4.17,,8,12,0,0,0
2025-12-09,,4.18,,9,12,0,0,0
2025-12-10,,4.13,,10,12,0,0,0
2025-12-11,,4.14,,11,12,0,0,0
2025-12-12,,4.19,,12,12,0,0,0
2025-12-15,,4.18,,15,12,1,0,0
2025-12-16,,4.15,,16,12,0,0,0
2025-12-17,,4.16,,17,12,0,0,0
2025-12-18,,4.12,,18,12,0,0,0
2025-12-19,,4.16,,19,12,0,0,0
2025-12-22,,4.17,,22,12,0,0,0
2025-12-23,,4.18,,23,12,0,0,0
2025-12-24,,4.15,,24,12,0,0,0
2025-12-25,,,,25,12,0,0,1
2025-12-26,,4.14,,26,12,0,0,0
2025-12-29,,4.12,,29,12,0,0,0
2025-12-30,,4.14,,30,12,0,0,0
2025-12-31,,4.18,,31,12,1,1,0
2026-01-01,3.64,,4.3,1,1,0,0,1
2026-01-02,,4.19,,2,1,0,0,0
2026-01-05,,4.17,,5,1,0,0,0
2026-01-06,,4.18,,6,1,0,0,0
2026-01-07,,4.15,,7,1,0,0,0
2026-01-08,,4.19,,8,1,0,0,0
2026-01-09,,4.18,,9,1,0,0,0
2026-01-12,,4.19,,12,1,0,0,0
2026-01-13,,4.18,,13,1,0,0,0
2026-01-14,,4.15,,14,1,0,0,0
2026-01-15,,4.17,,15,1,1,0,0
2026-01-16,,4.24,,16,1,0,0,0
2026-01-19,,,,19,1,0,0,0
2026-01-20,,4.3,,20,1,0,0,0
2026-01-21,,4.26,,21,1,0,0,0
2026-01-22,,4.26,,22,1,0,0,0
2026-01-23,,4.24,,23,1,0,0,0
2026-01-26,,4.22,,26,1,0,0,0
2026-01-27,,4.24,,27,1,0,0,0
2026-01-28,,4.26,,28,1,0,0,0
2026-01-29,,4.24,,29,1,0,0,0
2026-01-30,,4.26,,30,1,0,0,0
2026-02-01,3.64,,4.4,1,2,0,0,0
2026-02-02,,4.29,,2,2,0,0,0
2026-02-03,,4.28,,3,2,0,0,0
2026-02-04,,4.29,,4,2,0,0,0
2026-02-05,,4.21,,5,2,0,0,0
2026-02-06,,4.22,,6,2,0,0,0
2026-02-09,,4.22,,9,2,0,0,0
2026-02-10,,4.16,,10,2,0,0,0
2026-02-11,,4.18,,11,2,0,0,0
2026-02-12,,4.09,,12,2,0,0,0
2026-02-13,,4.04,,13,2,0,0,0
2026-02-16,,,,16,2,0,0,0
2026-02-17,,4.05,,17,2,0,0,0
2026-02-18,,4.09,,18,2,0,0,0
2026-02-19,,4.08,,19,2,0,0,0
2026-02-20,,4.08,,20,2,0,0,0
2026-02-23,,4.03,,23,2,0,0,0
2026-02-24,,4.04,,24,2,0,0,0
2026-02-25,,4.05,,25,2,0,0,0
2026-02-26,,4.02,,26,2,0,0,0
2026-02-27,,3.97,,27,2,0,0,0
2026-03-01,3.64,,4.3,1,3,0,0,0
2026-03-02,,4.05,,2,3,0,0,0
2026-03-03,,4.06,,3,3,0,0,0
2026-03-04,,4.09,,4,3,0,0,0
2026-03-05,,4.13,,5,3,0,0,0
2026-03-06,,4.15,,6,3,0,0,0
2026-03-09,,4.12,,9,3,0,0,0
2026-03-10,,4.15,,10,3,0,0,0
2026-03-11,,4.21,,11,3,0,0,0
2026-03-12,,4.27,,12,3,0,0,0
2026-03-13,,4.28,,13,3,0,0,0
2026-03-16,,4.23,,16,3,0,0,0
2026-03-17,,4.2,,17,3,0,0,0
2026-03-18,,4.26,,18,3,0,0,0
2026-03-19,,4.25,,19,3,0,0,0
2026-03-20,,4.39,,20,3,0,0,0
2026-03-23,,4.34,,23,3,0,0,0
2026-03-24,,4.39,,24,3,0,0,0
2026-03-25,,4.33,,25,3,0,0,0
2026-03-26,,4.42,,26,3,0,0,0
2026-03-27,,4.44,,27,3,0,0,0
2026-03-30,,4.35,,30,3,0,0,0
2026-03-31,,4.3,,31,3,1,1,0
2026-04-01,3.64,4.33,4.3,1,4,0,0,0
2026-04-02,,4.31,,2,4,0,0,0
2026-04-03,,4.35,,3,4,0,0,0
2026-04-06,,4.34,,6,4,0,0,0
2026-04-07,,4.33,,7,4,0,0,0
2026-04-08,,4.29,,8,4,0,0,0
2026-04-09,,4.29,,9,4,0,0,0
2026-04-10,,4.31,,10,4,0,0,0
2026-04-13,,4.3,,13,4,0,0,0
2026-04-14,,4.26,,14,4,0,0,0
2026-04-15,,4.29,,15,4,1,0,0
2026-04-16,,4.32,,16,4,0,0,0
2026-04-17,,4.26,,17,4,0,0,0
2026-04-20,,4.26,,20,4,0,0,0
2026-04-21,,4.3,,21,4,0,0,0
2026-04-22,,4.3,,22,4,0,0,0
2026-04-23,,4.34,,23,4,0,0,0
2026-04-24,,4.31,,24,4,0,0,0
2026-04-27,,4.35,,27,4,0,0,0
2026-04-28,,4.36,,28,4,0,0,0
2026-04-29,,4.42,,29,4,0,0,0
2026-04-30,,4.4,,30,4,1,0,0
2026-05-01,3.63,4.39,4.3,1,5,0,0,0
2026-05-04,,4.45,,4,5,0,0,0
2026-05-05,,4.43,,5,5,0,0,0
2026-05-06,,4.36,,6,5,0,0,0
2026-05-07,,4.41,,7,5,0,0,0
2026-05-08,,4.38,,8,5,0,0,0
2026-05-11,,4.42,,11,5,0,0,0
2026-05-12,,4.46,,12,5,0,0,0
2026-05-13,,4.46,,13,5,0,0,0
2026-05-14,,4.47,,14,5,0,0,0
2026-05-15,,4.59,,15,5,1,0,0
2026-05-18,,4.61,,18,5,0,0,0
2026-05-19,,4.67,,19,5,0,0,0
2026-05-20,,4.57,,20,5,0,0,0
2026-05-21,,4.57,,21,5,0,0,0
2026-05-22,,4.56,,22,5,0,0,0
2026-05-25,,,,25,5,0,0,0
2026-05-26,,4.5,,26,5,0,0,0
2026-05-27,,4.48,,27,5,0,0,0
2026-05-28,,4.45,,28,5,0,0,0
2026-05-29,,4.45,,29,5,0,0,0
2026-06-01,3.63,4.47,4.2,1,6,0,0,0
2026-06-02,,4.46,,2,6,0,0,0
2026-06-03,,4.49,,3,6,0,0,0
2026-06-04,,4.47,,4,6,0,0,0
2026-06-05,,4.55,,5,6,0,0,0
2026-06-08,,4.56,,8,6,0,0,0
2026-06-09,,4.53,,9,6,0,0,0
2026-06-10,,4.55,,10,6,0,0,0
2026-06-11,,4.45,,11,6,0,0,0
2026-06-12,,4.48,,12,6,0,0,0
2026-06-15,,4.47,,15,6,1,0,0
2026-06-16,,4.43,,16,6,0,0,0
2026-06-17,,4.49,,17,6,0,0,0
2026-06-18,,4.46,,18,6,0,0,0
2026-06-19,,,,19,6,0,0,0
2026-06-22,,4.51,,22,6,0,0,0
2026-06-23,,4.5,,23,6,0,0,0
2026-06-24,,4.41,,24,6,0,0,0
2026-06-25,,4.4,,25,6,0,0,0
2026-06-26,,4.38,,26,6,0,0,0
2026-06-29,,4.38,,29,6,0,0,0
2026-06-30,,4.44,,30,6,1,1,0
2026-07-01,,4.48,,1,7,0,0,0
2026-07-02,,4.49,,2,7,0,0,0
2026-07-03,,,,3,7,0,0,0
2026-07-06,,4.48,,6,7,0,0,0
2026-07-07,,4.55,,7,7,0,0,0
2026-07-08,,4.56,,8,7,0,0,0
2026-07-09,,4.54,,9,7,0,0,0
2026-07-10,,4.56,,10,7,0,0,0
2026-07-13,,4.62,,13,7,0,0,0
2026-07-14,,4.58,,14,7,0,0,0
2026-07-15,,4.55,,15,7,1,0,0
