,fed_funds_rate,treasury_10y,unemployment_rate
1948-01-01,,,3.4
1948-02-01,,,3.8
1948-03-01,,,4.0
1948-04-01,,,3.9
1948-05-01,,,3.5
1948-06-01,,,3.6
1948-07-01,,,3.6
1948-08-01,,,3.9
1948-09-01,,,3.8
1948-10-01,,,3.7
1948-11-01,,,3.8
1948-12-01,,,4.0
1949-01-01,,,4.3
1949-02-01,,,4.7
1949-03-01,,,5.0
1949-04-01,,,5.3
1949-05-01,,,6.1
1949-06-01,,,6.2
1949-07-01,,,6.7
1949-08-01,,,6.8
1949-09-01,,,6.6
1949-10-01,,,7.9
1949-11-01,,,6.4
1949-12-01,,,6.6
1950-01-01,,,6.5
1950-02-01,,,6.4
1950-03-01,,,6.3
1950-04-01,,,5.8
1950-05-01,,,5.5
1950-06-01,,,5.4
1950-07-01,,,5.0
1950-08-01,,,4.5
1950-09-01,,,4.4
1950-10-01,,,4.2
1950-11-01,,,4.2
1950-12-01,,,4.3
1951-01-01,,,3.7
1951-02-01,,,3.4
1951-03-01,,,3.4
1951-04-01,,,3.1
1951-05-01,,,3.0
1951-06-01,,,3.2
1951-07-01,,,3.1
1951-08-01,,,3.1
1951-09-01,,,3.3
1951-10-01,,,3.5
1951-11-01,,,3.5
1951-12-01,,,3.1
1952-01-01,,,3.2
1952-02-01,,,3.1
1952-03-01,,,2.9
1952-04-01,,,2.9
1952-05-01,,,3.0
1952-06-01,,,3.0
1952-07-01,,,3.2
1952-08-01,,,3.4
1952-09-01,,,3.1
1952-10-01,,,3.0
1952-11-01,,,2.8
1952-12-01,,,2.7
1953-01-01,,,2.9
1953-02-01,,,2.6
1953-03-01,,,2.6
1953-04-01,,,2.7
1953-05-01,,,2.5
1953-06-01,,,2.5
1953-07-01,,,2.6
1953-08-01,,,2.7
1953-09-01,,,2.9
1953-10-01,,,3.1
1953-11-01,,,3.5
1953-12-01,,,4.5
1954-01-01,,,4.9
1954-02-01,,,5.2
1954-03-01,,,5.7
1954-04-01,,,5.9
1954-05-01,,,5.9
1954-06-01,,,5.6
1954-07-01,0.8,,5.8
1954-08-01,1.22,,6.0
1954-09-01,1.07,,6.1
1954-10-01,0.85,,5.7
1954-11-01,0.83,,5.3
1954-12-01,1.28,,5.0
1955-01-01,1.39,,4.9
1955-02-01,1.29,,4.7
1955-03-01,1.35,,4.6
1955-04-01,1.43,,4.7
1955-05-01,1.43,,4.3
1955-06-01,1.64,,4.2
1955-07-01,1.68,,4.0
1955-08-01,1.96,,4.2
1955-09-01,2.18,,4.1
1955-10-01,2.24,,4.3
1955-11-01,2.35,,4.2
1955-12-01,2.48,,4.2
1956-01-01,2.45,,4.0
1956-02-01,2.5,,3.9
1956-03-01,2.5,,4.2
1956-04-01,2.62,,4.0
1956-05-01,2.75,,4.3
1956-06-01,2.71,,4.3
1956-07-01,2.75,,4.4
1956-08-01,2.73,,4.1
1956-09-01,2.95,,3.9
1956-10-01,2.96,,3.9
1956-11-01,2.88,,4.3
1956-12-01,2.94,,4.2
1957-01-01,2.84,,4.2
1957-02-01,3.0,,3.9
1957-03-01,2.96,,3.7
1957-04-01,3.0,,3.9
1957-05-01,3.0,,4.1
1957-06-01,3.0,,4.3
1957-07-01,2.99,,4.2
1957-08-01,3.24,,4.1
1957-09-01,3.47,,4.4
1957-10-01,3.5,,4.5
1957-11-01,3.28,,5.1
1957-12-01,2.98,,5.2
1958-01-01,2.72,,5.8
1958-02-01,1.67,,6.4
1958-03-01,1.2,,6.7
1958-04-01,1.26,,7.4
1958-05-01,0.63,,7.4
1958-06-01,0.93,,7.3
1958-07-01,0.68,,7.5
1958-08-01,1.53,,7.4
1958-09-01,1.76,,7.1
1958-10-01,1.8,,6.7
1958-11-01,2.27,,6.2
1958-12-01,2.42,,6.2
1959-01-01,2.48,,6.0
1959-02-01,2.43,,5.9
1959-03-01,2.8,,5.6
1959-04-01,2.96,,5.2
1959-05-01,2.9,,5.1
1959-06-01,3.39,,5.0
1959-07-01,3.47,,5.1
1959-08-01,3.5,,5.2
1959-09-01,3.76,,5.5
1959-10-01,3.98,,5.7
1959-11-01,4.0,,5.8
1959-12-01,3.99,,5.3
1960-01-01,3.99,,5.2
1960-02-01,3.97,,4.8
1960-03-01,3.84,,5.4
1960-04-01,3.92,,5.2
1960-05-01,3.85,,5.1
1960-06-01,3.32,,5.4
1960-07-01,3.23,,5.5
1960-08-01,2.98,,5.6
1960-09-01,2.6,,5.5
1960-10-01,2.47,,6.1
1960-11-01,2.44,,6.1
1960-12-01,1.98,,6.6
1961-01-01,1.45,,6.6
1961-02-01,2.54,,6.9
1961-03-01,2.02,,6.9
1961-04-01,1.49,,7.0
1961-05-01,1.98,,7.1
1961-06-01,1.73,,6.9
1961-07-01,1.17,,7.0
1961-08-01,2.0,,6.6
1961-09-01,1.88,,6.7
1961-10-01,2.26,,6.5
1961-11-01,2.61,,6.1
1961-12-01,2.33,,6.0
1962-01-01,2.15,,5.8
1962-01-02,2.15,4.06,5.8
1962-01-03,2.15,4.03,5.8
1962-01-04,2.15,3.99,5.8
1962-01-05,2.15,4.02,5.8
1962-01-08,2.15,4.03,5.8
1962-01-09,2.15,4.05,5.8
1962-01-10,2.15,4.07,5.8
1962-01-11,2.15,4.08,5.8
1962-01-12,2.15,4.08,5.8
1962-01-15,2.15,4.1,5.8
1962-01-16,2.15,4.13,5.8
1962-01-17,2.15,4.12,5.8
1962-01-18,2.15,4.11,5.8
1962-01-19,2.15,4.11,5.8
1962-01-22,2.15,4.09,5.8
1962-01-23,2.15,4.11,5.8
1962-01-24,2.15,4.1,5.8
1962-01-25,2.15,4.11,5.8
1962-01-26,2.15,4.11,5.8
1962-01-29,2.15,4.12,5.8
1962-01-30,2.15,4.11,5.8
1962-01-31,2.15,4.1,5.8
1962-02-01,2.37,4.09,5.5
1962-02-02,2.37,4.08,5.5
1962-02-05,2.37,4.07,5.5
1962-02-06,2.37,4.06,5.5
1962-02-07,2.37,4.07,5.5
1962-02-08,2.37,4.07,5.5
1962-02-09,2.37,4.05,5.5
1962-02-12,2.37,,5.5
1962-02-13,2.37,4.03,5.5
1962-02-14,2.37,4.03,5.5
1962-02-15,2.37,4.02,5.5
1962-02-16,2.37,4.02,5.5
1962-02-19,2.37,4.01,5.5
1962-02-20,2.37,4.05,5.5
1962-02-21,2.37,4.03,5.5
1962-02-22,2.37,,5.5
1962-02-23,2.37,4.02,5.5
1962-02-26,2.37,4.0,5.5
1962-02-27,2.37,4.01,5.5
1962-02-28,2.37,4.0,5.5
1962-03-01,2.85,3.98,5.6
1962-03-02,2.85,3.98,5.6
1962-03-05,2.85,4.0,5.6
1962-03-06,2.85,4.01,5.6
1962-03-07,2.85,4.0,5.6
1962-03-08,2.85,3.98,5.6
1962-03-09,2.85,3.96,5.6
1962-03-12,2.85,3.94,5.6
1962-03-13,2.85,3.92,5.6
1962-03-14,2.85,3.93,5.6
1962-03-15,2.85,3.96,5.6
1962-03-16,2.85,3.96,5.6
1962-03-19,2.85,3.93,5.6
1962-03-20,2.85,3.91,5.6
1962-03-21,2.85,3.86,5.6
1962-03-22,2.85,3.83,5.6
1962-03-23,2.85,3.87,5.6
1962-03-26,2.85,3.89,5.6
1962-03-27,2.85,3.9,5.6
1962-03-28,2.85,3.9,5.6
1962-03-29,2.85,3.9,5.6
1962-03-30,2.85,3.86,5.6
1962-04-01,2.78,,5.6
1962-04-02,2.78,3.86,5.6
1962-04-03,2.78,3.83,5.6
1962-04-04,2.78,3.78,5.6
1962-04-05,2.78,3.84,5.6
1962-04-06,2.78,3.81,5.6
1962-04-09,2.78,3.83,5.6
1962-04-10,2.78,3.83,5.6
1962-04-11,2.78,3.87,5.6
1962-04-12,2.78,3.86,5.6
1962-04-13,2.78,3.85,5.6
1962-04-16,2.78,3.83,5.6
1962-04-17,2.78,3.82,5.6
1962-04-18,2.78,3.81,5.6
1962-04-19,2.78,3.82,5.6
1962-04-20,2.78,,5.6
1962-04-23,2.78,3.86,5.6
1962-04-24,2.78,3.87,5.6
1962-04-25,2.78,3.88,5.6
1962-04-26,2.78,3.89,5.6
1962-04-27,2.78,3.86,5.6
1962-04-30,2.78,3.86,5.6
1962-05-01,2.36,3.85,5.5
1962-05-02,2.36,3.86,5.5
1962-05-03,2.36,3.86,5.5
1962-05-04,2.36,3.87,5.5
1962-05-07,2.36,3.86,5.5
1962-05-08,2.36,3.85,5.5
1962-05-09,2.36,3.82,5.5
1962-05-10,2.36,3.83,5.5
1962-05-11,2.36,3.82,5.5
1962-05-14,2.36,3.85,5.5
1962-05-15,2.36,3.87,5.5
1962-05-16,2.36,3.86,5.5
1962-05-17,2.36,3.87,5.5
1962-05-18,2.36,3.93,5.5
1962-05-21,2.36,3.94,5.5
1962-05-22,2.36,3.93,5.5
1962-05-23,2.36,3.91,5.5
1962-05-24,2.36,3.9,5.5
1962-05-25,2.36,3.88,5.5
1962-05-28,2.36,3.87,5.5
1962-05-29,2.36,3.89,5.5
1962-05-30,2.36,,5.5
1962-05-31,2.36,3.9,5.5
1962-06-01,2.68,3.89,5.5
1962-06-04,2.68,3.88,5.5
1962-06-05,2.68,3.89,5.5
1962-06-06,2.68,3.89,5.5
1962-06-07,2.68,3.87,5.5
1962-06-08,2.68,3.86,5.5
1962-06-11,2.68,3.87,5.5
1962-06-12,2.68,3.86,5.5
1962-06-13,2.68,3.87,5.5
1962-06-14,2.68,3.9,5.5
1962-06-15,2.68,3.89,5.5
1962-06-18,2.68,3.91,5.5
1962-06-19,2.68,3.93,5.5
1962-06-20,2.68,3.92,5.5
1962-06-21,2.68,3.9,5.5
1962-06-22,2.68,3.9,5.5
1962-06-25,2.68,3.95,5.5
1962-06-26,2.68,3.97,5.5
1962-06-27,2.68,3.96,5.5
1962-06-28,2.68,3.98,5.5
1962-06-29,2.68,4.0,5.5
1962-07-01,2.71,,5.4
1962-07-02,2.71,4.0,5.4
1962-07-03,2.71,4.0,5.4
1962-07-04,2.71,,5.4
1962-07-05,2.71,4.0,5.4
1962-07-06,2.71,4.02,5.4
1962-07-09,2.71,4.05,5.4
1962-07-10,2.71,4.02,5.4
1962-07-11,2.71,3.99,5.4
1962-07-12,2.71,4.0,5.4
1962-07-13,2.71,4.0,5.4
1962-07-16,2.71,4.01,5.4
1962-07-17,2.71,4.03,5.4
1962-07-18,2.71,4.02,5.4
1962-07-19,2.71,4.02,5.4
1962-07-20,2.71,4.01,5.4
1962-07-23,2.71,4.0,5.4
1962-07-24,2.71,4.01,5.4
1962-07-25,2.71,4.02,5.4
1962-07-26,2.71,4.01,5.4
1962-07-27,2.71,4.02,5.4
1962-07-30,2.71,4.03,5.4
1962-07-31,2.71,4.04,5.4
1962-08-01,2.93,4.03,5.7
1962-08-02,2.93,4.0,5.7
1962-08-03,2.93,4.01,5.7
1962-08-06,2.93,4.01,5.7
1962-08-07,2.93,4.02,5.7
1962-08-08,2.93,4.01,5.7
1962-08-09,2.93,3.99,5.7
1962-08-10,2.93,3.99,5.7
1962-08-13,2.93,3.99,5.7
1962-08-14,2.93,3.98,5.7
1962-08-15,2.93,3.98,5.7
1962-08-16,2.93,3.96,5.7
1962-08-17,2.93,3.96,5.7
1962-08-20,2.93,3.94,5.7
1962-08-21,2.93,3.94,5.7
1962-08-22,2.93,3.95,5.7
1962-08-23,2.93,3.95,5.7
1962-08-24,2.93,3.95,5.7
1962-08-27,2.93,3.95,5.7
1962-08-28,2.93,3.96,5.7
1962-08-29,2.93,3.96,5.7
1962-08-30,2.93,3.95,5.7
1962-08-31,2.93,3.96,5.7
1962-09-01,2.9,,5.6
1962-09-03,2.9,,5.6
1962-09-04,2.9,3.96,5.6
1962-09-05,2.9,3.97,5.6
1962-09-06,2.9,3.99,5.6
1962-09-07,2.9,4.01,5.6
1962-09-10,2.9,4.0,5.6
1962-09-11,2.9,4.0,5.6
1962-09-12,2.9,4.0,5.6
1962-09-13,2.9,3.99,5.6
1962-09-14,2.9,3.99,5.6
1962-09-17,2.9,3.99,5.6
1962-09-18,2.9,3.98,5.6
1962-09-19,2.9,3.99,5.6
1962-09-20,2.9,3.98,5.6
1962-09-21,2.9,3.98,5.6
1962-09-24,2.9,3.97,5.6
1962-09-25,2.9,3.96,5.6
1962-09-26,2.9,3.95,5.6
1962-09-27,2.9,3.95,5.6
1962-09-28,2.9,3.94,5.6
1962-10-01,2.9,3.93,5.4
1962-10-02,2.9,3.92,5.4
1962-10-03,2.9,3.9,5.4
1962-10-04,2.9,3.9,5.4
1962-10-05,2.9,3.92,5.4
1962-10-08,2.9,3.93,5.4
1962-10-09,2.9,3.95,5.4
1962-10-10,2.9,3.93,5.4
1962-10-11,2.9,3.94,5.4
1962-10-12,2.9,,5.4
1962-10-15,2.9,3.94,5.4
1962-10-16,2.9,3.94,5.4
1962-10-17,2.9,3.94,5.4
1962-10-18,2.9,3.92,5.4
1962-10-19,2.9,3.88,5.4
1962-10-22,2.9,3.91,5.4
1962-10-23,2.9,3.94,5.4
1962-10-24,2.9,3.94,5.4
1962-10-25,2.9,3.94,5.4
1962-10-26,2.9,3.93,5.4
1962-10-29,2.9,3.92,5.4
1962-10-30,2.9,3.92,5.4
1962-10-31,2.9,3.92,5.4
1962-11-01,2.94,3.92,5.7
1962-11-02,2.94,3.91,5.7
1962-11-05,2.94,3.91,5.7
1962-11-06,2.94,,5.7
1962-11-07,2.94,3.91,5.7
1962-11-08,2.94,3.9,5.7
1962-11-09,2.94,3.89,5.7
1962-11-12,2.94,,5.7
1962-11-13,2.94,3.9,5.7
1962-11-14,2.94,3.91,5.7
1962-11-15,2.94,3.91,5.7
1962-11-16,2.94,3.93,5.7
1962-11-19,2.94,3.93,5.7
1962-11-20,2.94,3.93,5.7
1962-11-21,2.94,3.92,5.7
1962-11-22,2.94,,5.7
1962-11-23,2.94,3.92,5.7
1962-11-26,2.94,3.93,5.7
1962-11-27,2.94,3.92,5.7
1962-11-28,2.94,3.92,5.7
1962-11-29,2.94,3.92,5.7
1962-11-30,2.94,3.92,5.7
1962-12-01,2.93,,5.5
1962-12-03,2.93,3.93,5.5
1962-12-04,2.93,3.94,5.5
1962-12-05,2.93,3.93,5.5
1962-12-06,2.93,3.92,5.5
1962-12-07,2.93,3.91,5.5
1962-12-10,2.93,3.9,5.5
1962-12-11,2.93,3.89,5.5
1962-12-12,2.93,3.88,5.5
1962-12-13,2.93,3.88,5.5
1962-12-14,2.93,3.87,5.5
1962-12-17,2.93,3.85,5.5
1962-12-18,2.93,3.83,5.5
1962-12-19,2.93,3.84,5.5
1962-12-20,2.93,3.83,5.5
1962-12-21,2.93,3.81,5.5
1962-12-24,2.93,3.79,5.5
1962-12-25,2.93,,5.5
1962-12-26,2.93,3.79,5.5
1962-12-27,2.93,3.81,5.5
1962-12-28,2.93,3.84,5.5
1962-12-31,2.93,3.85,5.5
1963-01-01,2.92,,5.7
1963-01-02,2.92,3.82,5.7
1963-01-03,2.92,3.81,5.7
1963-01-04,2.92,3.84,5.7
1963-01-07,2.92,3.83,5.7
1963-01-08,2.92,3.81,5.7
1963-01-09,2.92,3.82,5.7
1963-01-10,2.92,3.81,5.7
1963-01-11,2.92,3.8,5.7
1963-01-14,2.92,3.81,5.7
1963-01-15,2.92,3.8,5.7
1963-01-16,2.92,3.8,5.7
1963-01-17,2.92,3.82,5.7
1963-01-18,2.92,3.84,5.7
1963-01-21,2.92,3.85,5.7
1963-01-22,2.92,3.86,5.7
1963-01-23,2.92,3.86,5.7
1963-01-24,2.92,3.86,5.7
1963-01-25,2.92,3.85,5.7
1963-01-28,2.92,3.86,5.7
1963-01-29,2.92,3.86,5.7
1963-01-30,2.92,3.86,5.7
1963-01-31,2.92,3.87,5.7
1963-02-01,3.0,3.88,5.9
1963-02-04,3.0,3.89,5.9
1963-02-05,3.0,3.9,5.9
1963-02-06,3.0,3.91,5.9
1963-02-07,3.0,3.91,5.9
1963-02-08,3.0,3.91,5.9
1963-02-11,3.0,3.92,5.9
1963-02-12,3.0,,5.9
1963-02-13,3.0,3.92,5.9
1963-02-14,3.0,3.91,5.9
1963-02-15,3.0,3.91,5.9
1963-02-18,3.0,3.91,5.9
1963-02-19,3.0,3.93,5.9
1963-02-20,3.0,3.94,5.9
1963-02-21,3.0,3.95,5.9
1963-02-22,3.0,,5.9
1963-02-25,3.0,3.95,5.9
1963-02-26,3.0,3.95,5.9
1963-02-27,3.0,3.95,5.9
1963-02-28,3.0,3.94,5.9
1963-03-01,2.98,3.93,5.7
1963-03-04,2.98,3.92,5.7
1963-03-05,2.98,3.92,5.7
1963-03-06,2.98,3.91,5.7
1963-03-07,2.98,3.92,5.7
1963-03-08,2.98,3.92,5.7
1963-03-11,2.98,3.92,5.7
1963-03-12,2.98,3.92,5.7
1963-03-13,2.98,3.92,5.7
1963-03-14,2.98,3.92,5.7
1963-03-15,2.98,3.92,5.7
1963-03-18,2.98,3.92,5.7
1963-03-19,2.98,3.92,5.7
1963-03-20,2.98,3.92,5.7
1963-03-21,2.98,3.92,5.7
1963-03-22,2.98,3.93,5.7
1963-03-25,2.98,3.94,5.7
1963-03-26,2.98,3.96,5.7
1963-03-27,2.98,3.96,5.7
1963-03-28,2.98,3.96,5.7
1963-03-29,2.98,3.95,5.7
1963-04-01,2.9,3.95,5.7
1963-04-02,2.9,3.96,5.7
1963-04-03,2.9,3.96,5.7
1963-04-04,2.9,3.95,5.7
1963-04-05,2.9,3.95,5.7
1963-04-08,2.9,3.97,5.7
1963-04-09,2.9,3.98,5.7
1963-04-10,2.9,4.0,5.7
1963-04-11,2.9,4.0,5.7
1963-04-12,2.9,,5.7
1963-04-15,2.9,4.01,5.7
1963-04-16,2.9,4.0,5.7
1963-04-17,2.9,4.0,5.7
1963-04-18,2.9,3.99,5.7
1963-04-19,2.9,3.97,5.7
1963-04-22,2.9,3.97,5.7
1963-04-23,2.9,3.97,5.7
1963-04-24,2.9,3.96,5.7
1963-04-25,2.9,3.95,5.7
1963-04-26,2.9,3.95,5.7
1963-04-29,2.9,3.95,5.7
1963-04-30,2.9,3.95,5.7
1963-05-01,3.0,3.94,5.9
1963-05-02,3.0,3.94,5.9
1963-05-03,3.0,3.93,5.9
1963-05-06,3.0,3.92,5.9
1963-05-07,3.0,3.91,5.9
1963-05-08,3.0,3.92,5.9
1963-05-09,3.0,3.93,5.9
1963-05-10,3.0,3.93,5.9
1963-05-13,3.0,3.92,5.9
1963-05-14,3.0,3.91,5.9
1963-05-15,3.0,3.91,5.9
1963-05-16,3.0,3.9,5.9
1963-05-17,3.0,3.92,5.9
1963-05-20,3.0,3.93,5.9
1963-05-21,3.0,3.92,5.9
1963-05-22,3.0,3.92,5.9
1963-05-23,3.0,3.93,5.9
1963-05-24,3.0,3.95,5.9
1963-05-27,3.0,3.95,5.9
1963-05-28,3.0,3.96,5.9
1963-05-29,3.0,3.96,5.9
1963-05-30,3.0,,5.9
1963-05-31,3.0,3.96,5.9
1963-06-01,2.99,,5.6
1963-06-03,2.99,3.98,5.6
1963-06-04,2.99,3.98,5.6
1963-06-05,2.99,3.98,5.6
1963-06-06,2.99,3.99,5.6
1963-06-07,2.99,3.99,5.6
1963-06-10,2.99,3.99,5.6
1963-06-11,2.99,3.98,5.6
1963-06-12,2.99,3.99,5.6
1963-06-13,2.99,3.99,5.6
1963-06-14,2.99,3.99,5.6
1963-06-17,2.99,4.0,5.6
1963-06-18,2.99,4.0,5.6
1963-06-19,2.99,4.0,5.6
1963-06-20,2.99,4.0,5.6
1963-06-21,2.99,4.0,5.6
1963-06-24,2.99,4.0,5.6
1963-06-25,2.99,4.0,5.6
1963-06-26,2.99,4.0,5.6
1963-06-27,2.99,4.0,5.6
1963-06-28,2.99,4.0,5.6
1963-07-01,3.02,4.01,5.6
1963-07-02,3.02,4.03,5.6
1963-07-03,3.02,4.03,5.6
1963-07-04,3.02,,5.6
1963-07-05,3.02,4.04,5.6
1963-07-08,3.02,4.05,5.6
1963-07-09,3.02,4.04,5.6
1963-07-10,3.02,4.03,5.6
1963-07-11,3.02,4.04,5.6
1963-07-12,3.02,4.03,5.6
1963-07-15,3.02,4.02,5.6
1963-07-16,3.02,4.02,5.6
1963-07-17,3.02,4.03,5.6
1963-07-18,3.02,4.02,5.6
1963-07-19,3.02,4.02,5.6
1963-07-22,3.02,4.02,5.6
1963-07-23,3.02,4.02,5.6
1963-07-24,3.02,4.01,5.6
1963-07-25,3.02,4.01,5.6
1963-07-26,3.02,3.99,5.6
1963-07-29,3.02,3.99,5.6
1963-07-30,3.02,4.0,5.6
1963-07-31,3.02,4.0,5.6
1963-08-01,3.49,3.99,5.4
1963-08-02,3.49,3.99,5.4
1963-08-05,3.49,3.99,5.4
1963-08-06,3.49,4.0,5.4
1963-08-07,3.49,4.01,5.4
1963-08-08,3.49,4.0,5.4
1963-08-09,3.49,4.0,5.4
1963-08-12,3.49,4.01,5.4
1963-08-13,3.49,4.02,5.4
1963-08-14,3.49,4.02,5.4
1963-08-15,3.49,4.01,5.4
1963-08-16,3.49,4.0,5.4
1963-08-19,3.49,3.99,5.4
1963-08-20,3.49,3.99,5.4
1963-08-21,3.49,4.0,5.4
1963-08-22,3.49,4.0,5.4
1963-08-23,3.49,4.0,5.4
1963-08-26,3.49,4.0,5.4
1963-08-27,3.49,4.0,5.4
1963-08-28,3.49,4.0,5.4
1963-08-29,3.49,4.01,5.4
1963-08-30,3.49,4.02,5.4
1963-09-01,3.48,,5.5
1963-09-02,3.48,,5.5
1963-09-03,3.48,4.03,5.5
1963-09-04,3.48,4.04,5.5
1963-09-05,3.48,4.08,5.5
1963-09-06,3.48,4.09,5.5
1963-09-09,3.48,4.09,5.5
1963-09-10,3.48,4.09,5.5
1963-09-11,3.48,4.09,5.5
1963-09-12,3.48,4.09,5.5
1963-09-13,3.48,4.09,5.5
1963-09-16,3.48,4.09,5.5
1963-09-17,3.48,4.09,5.5
1963-09-18,3.48,4.08,5.5
1963-09-19,3.48,4.08,5.5
1963-09-20,3.48,4.07,5.5
1963-09-23,3.48,4.07,5.5
1963-09-24,3.48,4.08,5.5
1963-09-25,3.48,4.08,5.5
1963-09-26,3.48,4.08,5.5
1963-09-27,3.48,4.07,5.5
1963-09-30,3.48,4.07,5.5
1963-10-01,3.5,4.07,5.5
1963-10-02,3.5,4.07,5.5
1963-10-03,3.5,4.07,5.5
1963-10-04,3.5,4.08,5.5
1963-10-07,3.5,4.08,5.5
1963-10-08,3.5,4.09,5.5
1963-10-09,3.5,4.1,5.5
1963-10-10,3.5,4.1,5.5
1963-10-11,3.5,4.1,5.5
1963-10-14,3.5,4.1,5.5
1963-10-15,3.5,4.11,5.5
1963-10-16,3.5,4.11,5.5
1963-10-17,3.5,4.12,5.5
1963-10-18,3.5,4.12,5.5
1963-10-21,3.5,4.12,5.5
1963-10-22,3.5,4.11,5.5
1963-10-23,3.5,4.12,5.5
1963-10-24,3.5,4.11,5.5
1963-10-25,3.5,4.12,5.5
1963-10-28,3.5,4.12,5.5
1963-10-29,3.5,4.13,5.5
1963-10-30,3.5,4.14,5.5
1963-10-31,3.5,4.15,5.5
1963-11-01,3.48,4.15,5.7
1963-11-04,3.48,4.15,5.7
1963-11-05,3.48,,5.7
1963-11-06,3.48,4.17,5.7
1963-11-07,3.48,4.17,5.7
1963-11-08,3.48,4.16,5.7
1963-11-11,3.48,,5.7
1963-11-12,3.48,4.16,5.7
1963-11-13,3.48,4.15,5.7
1963-11-14,3.48,4.12,5.7
1963-11-15,3.48,4.11,5.7
1963-11-18,3.48,4.11,5.7
1963-11-19,3.48,4.1,5.7
1963-11-20,3.48,4.09,5.7
1963-11-21,3.48,4.1,5.7
1963-11-22,3.48,4.09,5.7
1963-11-25,3.48,,5.7
1963-11-26,3.48,4.08,5.7
1963-11-27,3.48,4.08,5.7
1963-11-28,3.48,,5.7
1963-11-29,3.48,4.08,5.7
1963-12-01,3.38,,5.5
1963-12-02,3.38,4.09,5.5
1963-12-03,3.38,4.1,5.5
1963-12-04,3.38,4.1,5.5
1963-12-05,3.38,4.11,5.5
1963-12-06,3.38,4.11,5.5
1963-12-09,3.38,4.1,5.5
1963-12-10,3.38,4.1,5.5
1963-12-11,3.38,4.12,5.5
1963-12-12,3.38,4.12,5.5
1963-12-13,3.38,4.13,5.5
1963-12-16,3.38,4.15,5.5
1963-12-17,3.38,4.15,5.5
1963-12-18,3.38,4.15,5.5
1963-12-19,3.38,4.14,5.5
1963-12-20,3.38,4.15,5.5
1963-12-23,3.38,4.15,5.5
1963-12-24,3.38,4.15,5.5
1963-12-25,3.38,,5.5
1963-12-26,3.38,4.15,5.5
1963-12-27,3.38,4.15,5.5
1963-12-30,3.38,4.14,5.5
1963-12-31,3.38,4.14,5.5
1964-01-01,3.48,,5.6
1964-01-02,3.48,4.14,5.6
1964-01-03,3.48,4.15,5.6
1964-01-06,3.48,4.16,5.6
1964-01-07,3.48,4.15,5.6
1964-01-08,3.48,4.18,5.6
1964-01-09,3.48,4.18,5.6
1964-01-10,3.48,4.18,5.6
1964-01-13,3.48,4.18,5.6
1964-01-14,3.48,4.18,5.6
1964-01-15,3.48,4.18,5.6
1964-01-16,3.48,4.17,5.6
1964-01-17,3.48,4.17,5.6
1964-01-20,3.48,4.16,5.6
1964-01-21,3.48,4.16,5.6
1964-01-22,3.48,4.16,5.6
1964-01-23,3.48,4.16,5.6
1964-01-24,3.48,4.18,5.6
1964-01-27,3.48,4.18,5.6
1964-01-28,3.48,4.17,5.6
1964-01-29,3.48,4.17,5.6
1964-01-30,3.48,4.16,5.6
1964-01-31,3.48,4.15,5.6
1964-02-01,3.48,,5.4
1964-02-03,3.48,4.15,5.4
1964-02-04,3.48,4.15,5.4
1964-02-05,3.48,4.15,5.4
1964-02-06,3.48,4.14,5.4
1964-02-07,3.48,4.14,5.4
1964-02-10,3.48,4.14,5.4
1964-02-11,3.48,4.14,5.4
1964-02-12,3.48,,5.4
1964-02-13,3.48,4.13,5.4
1964-02-14,3.48,4.13,5.4
1964-02-17,3.48,4.13,5.4
1964-02-18,3.48,4.14,5.4
1964-02-19,3.48,4.14,5.4
1964-02-20,3.48,4.14,5.4
1964-02-21,3.48,,5.4
1964-02-24,3.48,4.15,5.4
1964-02-25,3.48,4.15,5.4
1964-02-26,3.48,4.15,5.4
1964-02-27,3.48,4.17,5.4
1964-02-28,3.48,4.18,5.4
1964-03-01,3.43,,5.4
1964-03-02,3.43,4.17,5.4
1964-03-03,3.43,4.18,5.4
1964-03-04,3.43,4.19,5.4
1964-03-05,3.43,4.19,5.4
1964-03-06,3.43,4.19,5.4
1964-03-09,3.43,4.2,5.4
1964-03-10,3.43,4.2,5.4
1964-03-11,3.43,4.21,5.4
1964-03-12,3.43,4.21,5.4
1964-03-13,3.43,4.22,5.4
1964-03-16,3.43,4.21,5.4
1964-03-17,3.43,4.22,5.4
1964-03-18,3.43,4.23,5.4
1964-03-19,3.43,4.24,5.4
1964-03-20,3.43,4.25,5.4
1964-03-23,3.43,4.25,5.4
1964-03-24,3.43,4.26,5.4
1964-03-25,3.43,4.26,5.4
1964-03-26,3.43,4.25,5.4
1964-03-27,3.43,,5.4
1964-03-30,3.43,4.25,5.4
1964-03-31,3.43,4.23,5.4
1964-04-01,3.47,4.23,5.3
1964-04-02,3.47,4.24,5.3
1964-04-03,3.47,4.25,5.3
1964-04-06,3.47,4.25,5.3
1964-04-07,3.47,4.25,5.3
1964-04-08,3.47,4.22,5.3
1964-04-09,3.47,4.22,5.3
1964-04-10,3.47,4.22,5.3
1964-04-13,3.47,4.23,5.3
1964-04-14,3.47,4.24,5.3
1964-04-15,3.47,4.23,5.3
1964-04-16,3.47,4.23,5.3
1964-04-17,3.47,4.24,5.3
1964-04-20,3.47,4.24,5.3
1964-04-21,3.47,4.23,5.3
1964-04-22,3.47,4.23,5.3
1964-04-23,3.47,4.23,5.3
1964-04-24,3.47,4.23,5.3
1964-04-27,3.47,4.23,5.3
1964-04-28,3.47,4.23,5.3
1964-04-29,3.47,4.22,5.3
1964-04-30,3.47,4.22,5.3
1964-05-01,3.5,4.22,5.1
1964-05-04,3.5,4.22,5.1
1964-05-05,3.5,4.22,5.1
1964-05-06,3.5,4.22,5.1
1964-05-07,3.5,4.22,5.1
1964-05-08,3.5,4.2,5.1
1964-05-11,3.5,4.19,5.1
1964-05-12,3.5,4.19,5.1
1964-05-13,3.5,4.19,5.1
1964-05-14,3.5,4.19,5.1
1964-05-15,3.5,4.19,5.1
1964-05-18,3.5,4.19,5.1
1964-05-19,3.5,4.19,5.1
1964-05-20,3.5,4.2,5.1
1964-05-21,3.5,4.2,5.1
1964-05-22,3.5,4.2,5.1
1964-05-25,3.5,4.19,5.1
1964-05-26,3.5,4.19,5.1
1964-05-27,3.5,4.2,5.1
1964-05-28,3.5,4.19,5.1
1964-05-29,3.5,,5.1
1964-06-01,3.5,4.19,5.2
1964-06-02,3.5,4.19,5.2
1964-06-03,3.5,4.19,5.2
1964-06-04,3.5,4.19,5.2
1964-06-05,3.5,4.18,5.2
1964-06-08,3.5,4.18,5.2
1964-06-09,3.5,4.17,5.2
1964-06-10,3.5,4.17,5.2
1964-06-11,3.5,4.18,5.2
1964-06-12,3.5,4.18,5.2
1964-06-15,3.5,4.18,5.2
1964-06-16,3.5,4.18,5.2
1964-06-17,3.5,4.18,5.2
1964-06-18,3.5,4.17,5.2
1964-06-19,3.5,4.16,5.2
1964-06-22,3.5,4.15,5.2
1964-06-23,3.5,4.15,5.2
1964-06-24,3.5,4.15,5.2
1964-06-25,3.5,4.15,5.2
1964-06-26,3.5,4.15,5.2
1964-06-29,3.5,4.15,5.2
1964-06-30,3.5,4.15,5.2
1964-07-01,3.42,4.15,4.9
1964-07-02,3.42,4.15,4.9
1964-07-03,3.42,,4.9
1964-07-06,3.42,4.16,4.9
1964-07-07,3.42,4.15,4.9
1964-07-08,3.42,4.15,4.9
1964-07-09,3.42,4.18,4.9
1964-07-10,3.42,4.19,4.9
1964-07-13,3.42,4.19,4.9
1964-07-14,3.42,4.19,4.9
1964-07-15,3.42,4.19,4.9
1964-07-16,3.42,4.19,4.9
1964-07-17,3.42,4.2,4.9
1964-07-20,3.42,4.21,4.9
1964-07-21,3.42,4.2,4.9
1964-07-22,3.42,4.21,4.9
1964-07-23,3.42,4.2,4.9
1964-07-24,3.42,4.2,4.9
1964-07-27,3.42,4.2,4.9
1964-07-28,3.42,4.2,4.9
1964-07-29,3.42,4.2,4.9
1964-07-30,3.42,4.19,4.9
1964-07-31,3.42,4.19,4.9
1964-08-01,3.5,,5.0
1964-08-03,3.5,4.19,5.0
1964-08-04,3.5,4.19,5.0
1964-08-05,3.5,4.19,5.0
1964-08-06,3.5,4.18,5.0
1964-08-07,3.5,4.19,5.0
1964-08-10,3.5,4.19,5.0
1964-08-11,3.5,4.2,5.0
1964-08-12,3.5,4.2,5.0
1964-08-13,3.5,4.19,5.0
1964-08-14,3.5,4.19,5.0
1964-08-17,3.5,4.19,5.0
1964-08-18,3.5,4.19,5.0
1964-08-19,3.5,4.19,5.0
1964-08-20,3.5,4.19,5.0
1964-08-21,3.5,4.19,5.0
1964-08-24,3.5,4.19,5.0
1964-08-25,3.5,4.2,5.0
1964-08-26,3.5,4.2,5.0
1964-08-27,3.5,4.2,5.0
1964-08-28,3.5,4.21,5.0
1964-08-31,3.5,4.21,5.0
1964-09-01,3.45,4.21,5.1
1964-09-02,3.45,4.22,5.1
1964-09-03,3.45,4.22,5.1
1964-09-04,3.45,4.22,5.1
1964-09-07,3.45,,5.1
1964-09-08,3.45,4.22,5.1
1964-09-09,3.45,4.22,5.1
1964-09-10,3.45,4.22,5.1
1964-09-11,3.45,4.22,5.1
1964-09-14,3.45,4.22,5.1
1964-09-15,3.45,4.22,5.1
1964-09-16,3.45,4.21,5.1
1964-09-17,3.45,4.2,5.1
1964-09-18,3.45,4.2,5.1
1964-09-21,3.45,4.19,5.1
1964-09-22,3.45,4.19,5.1
1964-09-23,3.45,4.19,5.1
1964-09-24,3.45,4.19,5.1
1964-09-25,3.45,4.19,5.1
1964-09-28,3.45,4.17,5.1
1964-09-29,3.45,4.18,5.1
1964-09-30,3.45,4.18,5.1
1964-10-01,3.36,4.18,5.1
1964-10-02,3.36,4.18,5.1
1964-10-05,3.36,4.2,5.1
1964-10-06,3.36,4.19,5.1
1964-10-07,3.36,4.19,5.1
1964-10-08,3.36,4.19,5.1
1964-10-09,3.36,4.19,5.1
1964-10-12,3.36,,5.1
1964-10-13,3.36,4.19,5.1
1964-10-14,3.36,4.19,5.1
1964-10-15,3.36,4.2,5.1
1964-10-16,3.36,4.21,5.1
1964-10-19,3.36,4.21,5.1
1964-10-20,3.36,4.2,5.1
1964-10-21,3.36,4.19,5.1
1964-10-22,3.36,4.19,5.1
1964-10-23,3.36,4.19,5.1
1964-10-26,3.36,4.19,5.1
1964-10-27,3.36,4.18,5.1
1964-10-28,3.36,4.17,5.1
1964-10-29,3.36,4.16,5.1
1964-10-30,3.36,4.16,5.1
1964-11-01,3.52,,4.8
1964-11-02,3.52,4.15,4.8
1964-11-03,3.52,,4.8
1964-11-04,3.52,4.15,4.8
1964-11-05,3.52,4.15,4.8
1964-11-06,3.52,4.15,4.8
1964-11-09,3.52,4.15,4.8
1964-11-10,3.52,4.14,4.8
1964-11-11,3.52,,4.8
1964-11-12,3.52,4.12,4.8
1964-11-13,3.52,4.13,4.8
1964-11-16,3.52,4.13,4.8
1964-11-17,3.52,4.14,4.8
1964-11-18,3.52,4.14,4.8
1964-11-19,3.52,4.13,4.8
1964-11-20,3.52,4.13,4.8
1964-11-23,3.52,4.18,4.8
1964-11-24,3.52,4.18,4.8
1964-11-25,3.52,4.19,4.8
1964-11-26,3.52,,4.8
1964-11-27,3.52,4.19,4.8
1964-11-30,3.52,4.2,4.8
1964-12-01,3.85,4.2,5.0
1964-12-02,3.85,4.19,5.0
1964-12-03,3.85,4.18,5.0
1964-12-04,3.85,4.18,5.0
1964-12-07,3.85,4.17,5.0
1964-12-08,3.85,4.16,5.0
1964-12-09,3.85,4.16,5.0
1964-12-10,3.85,4.15,5.0
1964-12-11,3.85,4.15,5.0
1964-12-14,3.85,4.16,5.0
1964-12-15,3.85,4.17,5.0
1964-12-16,3.85,4.18,5.0
1964-12-17,3.85,4.18,5.0
1964-12-18,3.85,4.19,5.0
1964-12-21,3.85,4.18,5.0
1964-12-22,3.85,4.18,5.0
1964-12-23,3.85,4.19,5.0
1964-12-24,3.85,4.19,5.0
1964-12-25,3.85,,5.0
1964-12-28,3.85,4.19,5.0
1964-12-29,3.85,4.19,5.0
1964-12-30,3.85,4.2,5.0
1964-12-31,3.85,4.21,5.0
1965-01-01,3.9,,4.9
1965-01-04,3.9,4.2,4.9
1965-01-05,3.9,4.2,4.9
1965-01-06,3.9,4.2,4.9
1965-01-07,3.9,4.2,4.9
1965-01-08,3.9,4.2,4.9
1965-01-11,3.9,4.2,4.9
1965-01-12,3.9,4.19,4.9
1965-01-13,3.9,4.19,4.9
1965-01-14,3.9,4.19,4.9
1965-01-15,3.9,4.19,4.9
1965-01-18,3.9,4.19,4.9
1965-01-19,3.9,4.18,4.9
1965-01-20,3.9,4.18,4.9
1965-01-21,3.9,4.17,4.9
1965-01-22,3.9,4.17,4.9
1965-01-25,3.9,4.18,4.9
1965-01-26,3.9,4.19,4.9
1965-01-27,3.9,4.19,4.9
1965-01-28,3.9,4.19,4.9
1965-01-29,3.9,4.19,4.9
1965-02-01,3.98,4.2,5.1
1965-02-02,3.98,4.2,5.1
1965-02-03,3.98,4.2,5.1
1965-02-04,3.98,4.21,5.1
1965-02-05,3.98,4.22,5.1
1965-02-08,3.98,4.21,5.1
1965-02-09,3.98,4.21,5.1
1965-02-10,3.98,4.21,5.1
1965-02-11,3.98,4.21,5.1
1965-02-12,3.98,,5.1
1965-02-15,3.98,4.22,5.1
1965-02-16,3.98,4.21,5.1
1965-02-17,3.98,4.21,5.1
1965-02-18,3.98,4.21,5.1
1965-02-19,3.98,4.22,5.1
1965-02-22,3.98,,5.1
1965-02-23,3.98,4.21,5.1
1965-02-24,3.98,4.22,5.1
1965-02-25,3.98,4.21,5.1
1965-02-26,3.98,4.22,5.1
1965-03-01,4.05,4.22,4.7
1965-03-02,4.05,4.24,4.7
1965-03-03,4.05,4.23,4.7
1965-03-04,4.05,4.22,4.7
1965-03-05,4.05,4.23,4.7
1965-03-08,4.05,4.23,4.7
1965-03-09,4.05,4.23,4.7
1965-03-10,4.05,4.23,4.7
1965-03-11,4.05,4.22,4.7
1965-03-12,4.05,4.22,4.7
1965-03-15,4.05,4.21,4.7
1965-03-16,4.05,4.21,4.7
1965-03-17,4.05,4.2,4.7
1965-03-18,4.05,4.2,4.7
1965-03-19,4.05,4.2,4.7
1965-03-22,4.05,4.19,4.7
1965-03-23,4.05,4.19,4.7
1965-03-24,4.05,4.18,4.7
1965-03-25,4.05,4.19,4.7
1965-03-26,4.05,4.2,4.7
1965-03-29,4.05,4.2,4.7
1965-03-30,4.05,4.2,4.7
1965-03-31,4.05,4.2,4.7
1965-04-01,4.09,4.2,4.8
1965-04-02,4.09,4.2,4.8
1965-04-05,4.09,4.2,4.8
1965-04-06,4.09,4.2,4.8
1965-04-07,4.09,4.2,4.8
1965-04-08,4.09,4.19,4.8
1965-04-09,4.09,4.2,4.8
1965-04-12,4.09,4.2,4.8
1965-04-13,4.09,4.2,4.8
1965-04-14,4.09,4.19,4.8
1965-04-15,4.09,4.2,4.8
1965-04-16,4.09,,4.8
1965-04-19,4.09,4.21,4.8
1965-04-20,4.09,4.21,4.8
1965-04-21,4.09,4.21,4.8
1965-04-22,4.09,4.21,4.8
1965-04-23,4.09,4.21,4.8
1965-04-26,4.09,4.21,4.8
1965-04-27,4.09,4.21,4.8
1965-04-28,4.09,4.21,4.8
1965-04-29,4.09,4.21,4.8
1965-04-30,4.09,4.21,4.8
1965-05-01,4.1,,4.6
1965-05-03,4.1,4.21,4.6
1965-05-04,4.1,4.2,4.6
1965-05-05,4.1,4.2,4.6
1965-05-06,4.1,4.2,4.6
1965-05-07,4.1,4.2,4.6
1965-05-10,4.1,4.2,4.6
1965-05-11,4.1,4.2,4.6
1965-05-12,4.1,4.2,4.6
1965-05-13,4.1,4.21,4.6
1965-05-14,4.1,4.21,4.6
1965-05-17,4.1,4.21,4.6
1965-05-18,4.1,4.22,4.6
1965-05-19,4.1,4.22,4.6
1965-05-20,4.1,4.22,4.6
1965-05-21,4.1,4.22,4.6
1965-05-24,4.1,4.22,4.6
1965-05-25,4.1,4.22,4.6
1965-05-26,4.1,4.22,4.6
1965-05-27,4.1,4.22,4.6
1965-05-28,4.1,4.23,4.6
1965-05-31,4.1,,4.6
1965-06-01,4.05,4.23,4.6
1965-06-02,4.05,4.23,4.6
1965-06-03,4.05,4.23,4.6
1965-06-04,4.05,4.23,4.6
1965-06-07,4.05,4.23,4.6
1965-06-08,4.05,4.23,4.6
1965-06-09,4.05,4.23,4.6
1965-06-10,4.05,4.23,4.6
1965-06-11,4.05,4.23,4.6
1965-06-14,4.05,4.21,4.6
1965-06-15,4.05,4.21,4.6
1965-06-16,4.05,4.21,4.6
1965-06-17,4.05,4.21,4.6
1965-06-18,4.05,4.21,4.6
1965-06-21,4.05,4.2,4.6
1965-06-22,4.05,4.2,4.6
1965-06-23,4.05,4.2,4.6
1965-06-24,4.05,4.19,4.6
1965-06-25,4.05,4.19,4.6
1965-06-28,4.05,4.19,4.6
1965-06-29,4.05,4.2,4.6
1965-06-30,4.05,4.2,4.6
1965-07-01,4.09,4.2,4.4
1965-07-02,4.09,4.21,4.4
1965-07-05,4.09,,4.4
1965-07-06,4.09,4.21,4.4
1965-07-07,4.09,4.21,4.4
1965-07-08,4.09,4.2,4.4
1965-07-09,4.09,4.21,4.4
1965-07-12,4.09,4.21,4.4
1965-07-13,4.09,4.21,4.4
1965-07-14,4.09,4.21,4.4
1965-07-15,4.09,4.2,4.4
1965-07-16,4.09,4.2,4.4
1965-07-19,4.09,4.2,4.4
1965-07-20,4.09,4.2,4.4
1965-07-21,4.09,4.2,4.4
1965-07-22,4.09,4.2,4.4
1965-07-23,4.09,4.2,4.4
1965-07-26,4.09,4.2,4.4
1965-07-27,4.09,4.2,4.4
1965-07-28,4.09,4.2,4.4
1965-07-29,4.09,4.21,4.4
1965-07-30,4.09,4.22,4.4
1965-08-01,4.12,,4.4
1965-08-02,4.12,4.22,4.4
1965-08-03,4.12,4.22,4.4
1965-08-04,4.12,4.23,4.4
1965-08-05,4.12,4.23,4.4
1965-08-06,4.12,4.24,4.4
1965-08-09,4.12,4.24,4.4
1965-08-10,4.12,4.24,4.4
1965-08-11,4.12,4.25,4.4
1965-08-12,4.12,4.25,4.4
1965-08-13,4.12,4.25,4.4
1965-08-16,4.12,4.26,4.4
1965-08-17,4.12,4.27,4.4
1965-08-18,4.12,4.26,4.4
1965-08-19,4.12,4.26,4.4
1965-08-20,4.12,4.26,4.4
1965-08-23,4.12,4.26,4.4
1965-08-24,4.12,4.27,4.4
1965-08-25,4.12,4.26,4.4
1965-08-26,4.12,4.27,4.4
1965-08-27,4.12,4.27,4.4
1965-08-30,4.12,4.27,4.4
1965-08-31,4.12,4.27,4.4
1965-09-01,4.02,4.28,4.3
1965-09-02,4.02,4.28,4.3
1965-09-03,4.02,4.27,4.3
1965-09-06,4.02,,4.3
1965-09-07,4.02,4.27,4.3
1965-09-08,4.02,4.27,4.3
1965-09-09,4.02,4.27,4.3
1965-09-10,4.02,4.28,4.3
1965-09-13,4.02,4.28,4.3
1965-09-14,4.02,4.28,4.3
1965-09-15,4.02,4.28,4.3
1965-09-16,4.02,4.27,4.3
1965-09-17,4.02,4.27,4.3
1965-09-20,4.02,4.27,4.3
1965-09-21,4.02,4.28,4.3
1965-09-22,4.02,4.29,4.3
1965-09-23,4.02,4.3,4.3
1965-09-24,4.02,4.31,4.3
1965-09-27,4.02,4.31,4.3
1965-09-28,4.02,4.33,4.3
1965-09-29,4.02,4.36,4.3
1965-09-30,4.02,4.35,4.3
1965-10-01,4.08,4.36,4.2
1965-10-04,4.08,4.35,4.2
1965-10-05,4.08,4.33,4.2
1965-10-06,4.08,4.32,4.2
1965-10-07,4.08,4.31,4.2
1965-10-08,4.08,4.32,4.2
1965-10-11,4.08,4.31,4.2
1965-10-12,4.08,,4.2
1965-10-13,4.08,4.3,4.2
1965-10-14,4.08,4.31,4.2
1965-10-15,4.08,4.34,4.2
1965-10-18,4.08,4.34,4.2
1965-10-19,4.08,4.35,4.2
1965-10-20,4.08,4.36,4.2
1965-10-21,4.08,4.37,4.2
1965-10-22,4.08,4.36,4.2
1965-10-25,4.08,4.38,4.2
1965-10-26,4.08,4.38,4.2
1965-10-27,4.08,4.39,4.2
1965-10-28,4.08,4.4,4.2
1965-10-29,4.08,4.41,4.2
1965-11-01,4.1,4.43,4.1
1965-11-02,4.1,,4.1
1965-11-03,4.1,4.43,4.1
1965-11-04,4.1,4.43,4.1
1965-11-05,4.1,4.43,4.1
1965-11-08,4.1,4.45,4.1
1965-11-09,4.1,4.47,4.1
1965-11-10,4.1,4.46,4.1
1965-11-11,4.1,,4.1
1965-11-12,4.1,4.44,4.1
1965-11-15,4.1,4.45,4.1
1965-11-16,4.1,4.44,4.1
1965-11-17,4.1,4.45,4.1
1965-11-18,4.1,4.45,4.1
1965-11-19,4.1,4.46,4.1
1965-11-22,4.1,4.45,4.1
1965-11-23,4.1,4.45,4.1
1965-11-24,4.1,4.45,4.1
1965-11-25,4.1,,4.1
1965-11-26,4.1,4.45,4.1
1965-11-29,4.1,4.46,4.1
1965-11-30,4.1,4.48,4.1
1965-12-01,4.32,4.52,4.0
1965-12-02,4.32,4.52,4.0
1965-12-03,4.32,4.52,4.0
1965-12-06,4.32,4.61,4.0
1965-12-07,4.32,4.59,4.0
1965-12-08,4.32,4.6,4.0
1965-12-09,4.32,4.6,4.0
1965-12-10,4.32,4.6,4.0
1965-12-13,4.32,4.65,4.0
1965-12-14,4.32,4.67,4.0
1965-12-15,4.32,4.67,4.0
1965-12-16,4.32,4.66,4.0
1965-12-17,4.32,4.65,4.0
1965-12-20,4.32,4.61,4.0
1965-12-21,4.32,4.64,4.0
1965-12-22,4.32,4.65,4.0
1965-12-23,4.32,4.65,4.0
1965-12-24,4.32,,4.0
1965-12-27,4.32,4.62,4.0
1965-12-28,4.32,4.61,4.0
1965-12-29,4.32,4.62,4.0
1965-12-30,4.32,4.63,4.0
1965-12-31,4.32,4.65,4.0
1966-01-01,4.42,,4.0
1966-01-03,4.42,4.63,4.0
1966-01-04,4.42,4.65,4.0
1966-01-05,4.42,4.63,4.0
1966-01-06,4.42,4.6,4.0
1966-01-07,4.42,4.6,4.0
1966-01-10,4.42,4.61,4.0
1966-01-11,4.42,4.6,4.0
1966-01-12,4.42,4.56,4.0
1966-01-13,4.42,4.58,4.0
1966-01-14,4.42,4.59,4.0
1966-01-17,4.42,4.61,4.0
1966-01-18,4.42,4.61,4.0
1966-01-19,4.42,4.61,4.0
1966-01-20,4.42,4.6,4.0
1966-01-21,4.42,4.59,4.0
1966-01-24,4.42,4.6,4.0
1966-01-25,4.42,4.61,4.0
1966-01-26,4.42,4.61,4.0
1966-01-27,4.42,4.63,4.0
1966-01-28,4.42,4.65,4.0
1966-01-31,4.42,4.69,4.0
1966-02-01,4.6,4.69,3.8
1966-02-02,4.6,4.7,3.8
1966-02-03,4.6,4.7,3.8
1966-02-04,4.6,4.71,3.8
1966-02-07,4.6,4.73,3.8
1966-02-08,4.6,4.72,3.8
1966-02-09,4.6,4.74,3.8
1966-02-10,4.6,4.78,3.8
1966-02-11,4.6,4.86,3.8
1966-02-14,4.6,4.87,3.8
1966-02-15,4.6,4.88,3.8
1966-02-16,4.6,4.89,3.8
1966-02-17,4.6,4.88,3.8
1966-02-18,4.6,4.9,3.8
1966-02-21,4.6,4.92,3.8
1966-02-22,4.6,,3.8
1966-02-23,4.6,4.92,3.8
1966-02-24,4.6,4.93,3.8
1966-02-25,4.6,4.97,3.8
1966-02-28,4.6,5.02,3.8
1966-03-01,4.66,5.01,3.8
1966-03-02,4.66,5.0,3.8
1966-03-03,4.66,5.0,3.8
1966-03-04,4.66,4.98,3.8
1966-03-07,4.66,4.96,3.8
1966-03-08,4.66,4.93,3.8
1966-03-09,4.66,4.93,3.8
1966-03-10,4.66,4.95,3.8
1966-03-11,4.66,4.96,3.8
1966-03-14,4.66,4.94,3.8
1966-03-15,4.66,4.91,3.8
1966-03-16,4.66,4.9,3.8
1966-03-17,4.66,4.86,3.8
1966-03-18,4.66,4.84,3.8
1966-03-21,4.66,4.81,3.8
1966-03-22,4.66,4.78,3.8
1966-03-23,4.66,4.73,3.8
1966-03-24,4.66,4.76,3.8
1966-03-25,4.66,4.82,3.8
1966-03-28,4.66,4.81,3.8
1966-03-29,4.66,4.8,3.8
1966-03-30,4.66,4.7,3.8
1966-03-31,4.66,4.71,3.8
1966-04-01,4.67,4.7,3.8
1966-04-04,4.67,4.69,3.8
1966-04-05,4.67,4.66,3.8
1966-04-06,4.67,4.71,3.8
1966-04-07,4.67,4.73,3.8
1966-04-08,4.67,,3.8
1966-04-11,4.67,4.73,3.8
1966-04-12,4.67,4.73,3.8
1966-04-13,4.67,4.74,3.8
1966-04-14,4.67,4.76,3.8
1966-04-15,4.67,4.77,3.8
1966-04-18,4.67,4.76,3.8
1966-04-19,4.67,4.76,3.8
1966-04-20,4.67,4.8,3.8
1966-04-21,4.67,4.77,3.8
1966-04-22,4.67,4.77,3.8
1966-04-25,4.67,4.78,3.8
1966-04-26,4.67,4.79,3.8
1966-04-27,4.67,4.78,3.8
1966-04-28,4.67,4.78,3.8
1966-04-29,4.67,4.79,3.8
1966-05-01,4.9,,3.9
1966-05-02,4.9,4.8,3.9
1966-05-03,4.9,4.81,3.9
1966-05-04,4.9,4.81,3.9
1966-05-05,4.9,4.81,3.9
1966-05-06,4.9,4.79,3.9
1966-05-09,4.9,4.75,3.9
1966-05-10,4.9,4.75,3.9
1966-05-11,4.9,4.77,3.9
1966-05-12,4.9,4.77,3.9
1966-05-13,4.9,4.77,3.9
1966-05-16,4.9,4.77,3.9
1966-05-17,4.9,4.75,3.9
1966-05-18,4.9,4.75,3.9
1966-05-19,4.9,4.75,3.9
1966-05-20,4.9,4.75,3.9
1966-05-23,4.9,4.77,3.9
1966-05-24,4.9,4.79,3.9
1966-05-25,4.9,4.78,3.9
1966-05-26,4.9,4.8,3.9
1966-05-27,4.9,4.81,3.9
1966-05-30,4.9,,3.9
1966-05-31,4.9,4.8,3.9
1966-06-01,5.17,4.79,3.8
1966-06-02,5.17,4.77,3.8
1966-06-03,5.17,4.78,3.8
1966-06-06,5.17,4.79,3.8
1966-06-07,5.17,4.81,3.8
1966-06-08,5.17,4.83,3.8
1966-06-09,5.17,4.83,3.8
1966-06-10,5.17,4.83,3.8
1966-06-13,5.17,4.83,3.8
1966-06-14,5.17,4.83,3.8
1966-06-15,5.17,4.79,3.8
1966-06-16,5.17,4.81,3.8
1966-06-17,5.17,4.8,3.8
1966-06-20,5.17,4.76,3.8
1966-06-21,5.17,4.75,3.8
1966-06-22,5.17,4.76,3.8
1966-06-23,5.17,4.77,3.8
1966-06-24,5.17,4.8,3.8
1966-06-27,5.17,4.83,3.8
1966-06-28,5.17,4.89,3.8
1966-06-29,5.17,4.9,3.8
1966-06-30,5.17,4.97,3.8
1966-07-01,5.3,4.99,3.8
1966-07-04,5.3,,3.8
1966-07-05,5.3,4.96,3.8
1966-07-06,5.3,4.95,3.8
1966-07-07,5.3,4.95,3.8
1966-07-08,5.3,4.97,3.8
1966-07-11,5.3,5.03,3.8
1966-07-12,5.3,5.05,3.8
1966-07-13,5.3,5.07,3.8
1966-07-14,5.3,5.1,3.8
1966-07-15,5.3,5.09,3.8
1966-07-18,5.3,5.04,3.8
1966-07-19,5.3,5.03,3.8
1966-07-20,5.3,5.02,3.8
1966-07-21,5.3,5.04,3.8
1966-07-22,5.3,5.02,3.8
1966-07-25,5.3,4.99,3.8
1966-07-26,5.3,4.99,3.8
1966-07-27,5.3,4.99,3.8
1966-07-28,5.3,5.03,3.8
1966-07-29,5.3,5.05,3.8
1966-08-01,5.53,5.05,3.8
1966-08-02,5.53,5.04,3.8
1966-08-03,5.53,5.06,3.8
1966-08-04,5.53,5.07,3.8
1966-08-05,5.53,5.07,3.8
1966-08-08,5.53,5.08,3.8
1966-08-09,5.53,5.1,3.8
1966-08-10,5.53,5.1,3.8
1966-08-11,5.53,5.11,3.8
1966-08-12,5.53,5.11,3.8
1966-08-15,5.53,5.15,3.8
1966-08-16,5.53,5.18,3.8
1966-08-17,5.53,5.24,3.8
1966-08-18,5.53,5.29,3.8
1966-08-19,5.53,5.31,3.8
1966-08-22,5.53,5.29,3.8
1966-08-23,5.53,5.33,3.8
1966-08-24,5.53,5.36,3.8
1966-08-25,5.53,5.39,3.8
1966-08-26,5.53,5.48,3.8
1966-08-29,5.53,5.51,3.8
1966-08-30,5.53,5.48,3.8
1966-08-31,5.53,5.36,3.8
1966-09-01,5.4,5.3,3.7
1966-09-02,5.4,5.23,3.7
1966-09-05,5.4,,3.7
1966-09-06,5.4,5.19,3.7
1966-09-07,5.4,5.2,3.7
1966-09-08,5.4,5.18,3.7
1966-09-09,5.4,5.17,3.7
1966-09-12,5.4,5.18,3.7
1966-09-13,5.4,5.16,3.7
1966-09-14,5.4,5.21,3.7
1966-09-15,5.4,5.25,3.7
1966-09-16,5.4,5.24,3.7
1966-09-19,5.4,5.32,3.7
1966-09-20,5.4,5.27,3.7
1966-09-21,5.4,5.21,3.7
1966-09-22,5.4,5.15,3.7
1966-09-23,5.4,5.17,3.7
1966-09-26,5.4,5.17,3.7
1966-09-27,5.4,5.13,3.7
1966-09-28,5.4,5.09,3.7
1966-09-29,5.4,4.99,3.7
1966-09-30,5.4,5.02,3.7
1966-10-01,5.53,,3.7
1966-10-03,5.53,5.08,3.7
1966-10-04,5.53,5.06,3.7
1966-10-05,5.53,5.05,3.7
1966-10-06,5.53,5.03,3.7
1966-10-07,5.53,5.02,3.7
1966-10-10,5.53,5.05,3.7
1966-10-11,5.53,5.05,3.7
1966-10-12,5.53,,3.7
1966-10-13,5.53,5.07,3.7
1966-10-14,5.53,5.06,3.7
1966-10-17,5.53,5.04,3.7
1966-10-18,5.53,4.99,3.7
1966-10-19,5.53,5.0,3.7
1966-10-20,5.53,5.02,3.7
1966-10-21,5.53,4.94,3.7
1966-10-24,5.53,4.94,3.7
1966-10-25,5.53,4.94,3.7
1966-10-26,5.53,4.96,3.7
1966-10-27,5.53,4.99,3.7
1966-10-28,5.53,4.97,3.7
1966-10-31,5.53,4.97,3.7
1966-11-01,5.76,4.99,3.6
1966-11-02,5.76,5.04,3.6
1966-11-03,5.76,5.06,3.6
1966-11-04,5.76,5.11,3.6
1966-11-07,5.76,5.11,3.6
1966-11-08,5.76,,3.6
1966-11-09,5.76,5.12,3.6
1966-11-10,5.76,5.17,3.6
1966-11-11,5.76,,3.6
1966-11-14,5.76,5.19,3.6
1966-11-15,5.76,5.21,3.6
1966-11-16,5.76,5.22,3.6
1966-11-17,5.76,5.23,3.6
1966-11-18,5.76,5.22,3.6
1966-11-21,5.76,5.17,3.6
1966-11-22,5.76,5.2,3.6
1966-11-23,5.76,5.22,3.6
1966-11-24,5.76,,3.6
1966-11-25,5.76,5.23,3.6
1966-11-28,5.76,5.19,3.6
1966-11-29,5.76,5.15,3.6
1966-11-30,5.76,5.12,3.6
1966-12-01,5.4,5.09,3.8
1966-12-02,5.4,5.03,3.8
1966-12-05,5.4,5.06,3.8
1966-12-06,5.4,5.07,3.8
1966-12-07,5.4,5.07,3.8
1966-12-08,5.4,5.1,3.8
1966-12-09,5.4,5.05,3.8
1966-12-12,5.4,4.93,3.8
1966-12-13,5.4,4.86,3.8
1966-12-14,5.4,4.83,3.8
1966-12-15,5.4,4.76,3.8
1966-12-16,5.4,4.78,3.8
1966-12-19,5.4,4.72,3.8
1966-12-20,5.4,4.69,3.8
1966-12-21,5.4,4.66,3.8
1966-12-22,5.4,4.68,3.8
1966-12-23,5.4,4.67,3.8
1966-12-26,5.4,,3.8
1966-12-27,5.4,4.71,3.8
1966-12-28,5.4,4.64,3.8
1966-12-29,5.4,4.66,3.8
1966-12-30,5.4,4.64,3.8
1967-01-01,4.94,,3.9
1967-01-02,4.94,,3.9
1967-01-03,4.94,4.69,3.9
1967-01-04,4.94,4.65,3.9
1967-01-05,4.94,4.63,3.9
1967-01-06,4.94,4.64,3.9
1967-01-09,4.94,4.71,3.9
1967-01-10,4.94,4.69,3.9
1967-01-11,4.94,4.54,3.9
1967-01-12,4.94,4.55,3.9
1967-01-13,4.94,4.51,3.9
1967-01-16,4.94,4.49,3.9
1967-01-17,4.94,4.51,3.9
1967-01-18,4.94,4.53,3.9
1967-01-19,4.94,4.58,3.9
1967-01-20,4.94,4.6,3.9
1967-01-23,4.94,4.6,3.9
1967-01-24,4.94,4.65,3.9
1967-01-25,4.94,4.62,3.9
1967-01-26,4.94,4.5,3.9
1967-01-27,4.94,4.47,3.9
1967-01-30,4.94,4.48,3.9
1967-01-31,4.94,4.52,3.9
1967-02-01,5.0,4.52,3.8
1967-02-02,5.0,4.51,3.8
1967-02-03,5.0,4.52,3.8
1967-02-06,5.0,4.53,3.8
1967-02-07,5.0,4.54,3.8
1967-02-08,5.0,4.54,3.8
1967-02-09,5.0,4.53,3.8
1967-02-10,5.0,4.59,3.8
1967-02-13,5.0,,3.8
1967-02-14,5.0,4.64,3.8
1967-02-15,5.0,4.69,3.8
1967-02-16,5.0,4.67,3.8
1967-02-17,5.0,4.68,3.8
1967-02-20,5.0,4.7,3.8
1967-02-21,5.0,4.71,3.8
1967-02-22,5.0,,3.8
1967-02-23,5.0,4.74,3.8
1967-02-24,5.0,4.73,3.8
1967-02-27,5.0,4.72,3.8
1967-02-28,5.0,4.72,3.8
1967-03-01,4.53,4.66,3.8
1967-03-02,4.53,4.63,3.8
1967-03-03,4.53,4.62,3.8
1967-03-06,4.53,4.61,3.8
1967-03-07,4.53,4.6,3.8
1967-03-08,4.53,4.61,3.8
1967-03-09,4.53,4.57,3.8
1967-03-10,4.53,4.58,3.8
1967-03-13,4.53,4.56,3.8
1967-03-14,4.53,4.53,3.8
1967-03-15,4.53,4.49,3.8
1967-03-16,4.53,4.45,3.8
1967-03-17,4.53,4.47,3.8
1967-03-20,4.53,4.45,3.8
1967-03-21,4.53,4.51,3.8
1967-03-22,4.53,4.52,3.8
1967-03-23,4.53,4.5,3.8
1967-03-24,4.53,,3.8
1967-03-27,4.53,4.52,3.8
1967-03-28,4.53,4.52,3.8
1967-03-29,4.53,4.52,3.8
1967-03-30,4.53,4.5,3.8
1967-03-31,4.53,4.5,3.8
1967-04-01,4.05,,3.8
1967-04-03,4.05,4.5,3.8
1967-04-04,4.05,4.49,3.8
1967-04-05,4.05,4.5,3.8
1967-04-06,4.05,4.49,3.8
1967-04-07,4.05,4.48,3.8
1967-04-10,4.05,4.5,3.8
1967-04-11,4.05,4.51,3.8
1967-04-12,4.05,4.51,3.8
1967-04-13,4.05,4.54,3.8
1967-04-14,4.05,4.56,3.8
1967-04-17,4.05,4.61,3.8
1967-04-18,4.05,4.63,3.8
1967-04-19,4.05,4.63,3.8
1967-04-20,4.05,4.63,3.8
1967-04-21,4.05,4.66,3.8
1967-04-24,4.05,4.68,3.8
1967-04-25,4.05,4.71,3.8
1967-04-26,4.05,4.73,3.8
1967-04-27,4.05,4.73,3.8
1967-04-28,4.05,4.78,3.8
1967-05-01,3.94,4.77,3.8
1967-05-02,3.94,4.75,3.8
1967-05-03,3.94,4.75,3.8
1967-05-04,3.94,4.76,3.8
1967-05-05,3.94,4.77,3.8
1967-05-08,3.94,4.83,3.8
1967-05-09,3.94,4.87,3.8
1967-05-10,3.94,4.87,3.8
1967-05-11,3.94,4.84,3.8
1967-05-12,3.94,4.82,3.8
1967-05-15,3.94,4.86,3.8
1967-05-16,3.94,4.87,3.8
1967-05-17,3.94,4.88,3.8
1967-05-18,3.94,4.88,3.8
1967-05-19,3.94,4.89,3.8
1967-05-22,3.94,4.94,3.8
1967-05-23,3.94,4.94,3.8
1967-05-24,3.94,4.93,3.8
1967-05-25,3.94,4.92,3.8
1967-05-26,3.94,4.86,3.8
1967-05-29,3.94,4.84,3.8
1967-05-30,3.94,,3.8
1967-05-31,3.94,4.81,3.8
1967-06-01,3.98,4.81,3.9
1967-06-02,3.98,4.82,3.9
1967-06-05,3.98,4.85,3.9
1967-06-06,3.98,4.84,3.9
1967-06-07,3.98,4.84,3.9
1967-06-08,3.98,4.86,3.9
1967-06-09,3.98,4.89,3.9
1967-06-12,3.98,4.94,3.9
1967-06-13,3.98,4.95,3.9
1967-06-14,3.98,5.02,3.9
1967-06-15,3.98,5.02,3.9
1967-06-16,3.98,5.07,3.9
1967-06-19,3.98,5.07,3.9
1967-06-20,3.98,5.14,3.9
1967-06-21,3.98,5.14,3.9
1967-06-22,3.98,5.13,3.9
1967-06-23,3.98,5.14,3.9
1967-06-26,3.98,5.16,3.9
1967-06-27,3.98,5.21,3.9
1967-06-28,3.98,5.18,3.9
1967-06-29,3.98,5.2,3.9
1967-06-30,3.98,5.22,3.9
1967-07-01,3.79,,3.8
1967-07-03,3.79,5.22,3.8
1967-07-04,3.79,,3.8
1967-07-05,3.79,5.17,3.8
1967-07-06,3.79,5.11,3.8
1967-07-07,3.79,5.15,3.8
1967-07-10,3.79,5.16,3.8
1967-07-11,3.79,5.09,3.8
1967-07-12,3.79,5.06,3.8
1967-07-13,3.79,5.08,3.8
1967-07-14,3.79,5.08,3.8
1967-07-17,3.79,5.09,3.8
1967-07-18,3.79,5.16,3.8
1967-07-19,3.79,5.18,3.8
1967-07-20,3.79,5.2,3.8
1967-07-21,3.79,5.2,3.8
1967-07-24,3.79,5.23,3.8
1967-07-25,3.79,5.23,3.8
1967-07-26,3.79,5.23,3.8
1967-07-27,3.79,5.2,3.8
1967-07-28,3.79,5.18,3.8
1967-07-31,3.79,5.16,3.8
1967-08-01,3.9,5.18,3.8
1967-08-02,3.9,5.21,3.8
1967-08-03,3.9,5.2,3.8
1967-08-04,3.9,5.26,3.8
1967-08-07,3.9,5.3,3.8
1967-08-08,3.9,5.28,3.8
1967-08-09,3.9,5.27,3.8
1967-08-10,3.9,5.28,3.8
1967-08-11,3.9,5.29,3.8
1967-08-14,3.9,5.29,3.8
1967-08-15,3.9,5.29,3.8
1967-08-16,3.9,5.28,3.8
1967-08-17,3.9,5.28,3.8
1967-08-18,3.9,5.28,3.8
1967-08-21,3.9,5.3,3.8
1967-08-22,3.9,5.3,3.8
1967-08-23,3.9,5.31,3.8
1967-08-24,3.9,5.31,3.8
1967-08-25,3.9,5.32,3.8
1967-08-28,3.9,5.29,3.8
1967-08-29,3.9,5.27,3.8
1967-08-30,3.9,5.28,3.8
1967-08-31,3.9,5.27,3.8
1967-09-01,3.99,5.25,3.8
1967-09-04,3.99,,3.8
1967-09-05,3.99,5.22,3.8
1967-09-06,3.99,5.2,3.8
1967-09-07,3.99,5.2,3.8
1967-09-08,3.99,5.26,3.8
1967-09-11,3.99,5.28,3.8
1967-09-12,3.99,5.29,3.8
1967-09-13,3.99,5.27,3.8
1967-09-14,3.99,5.28,3.8
1967-09-15,3.99,5.29,3.8
1967-09-18,3.99,5.3,3.8
1967-09-19,3.99,5.35,3.8
1967-09-20,3.99,5.34,3.8
1967-09-21,3.99,5.36,3.8
1967-09-22,3.99,5.36,3.8
1967-09-25,3.99,5.38,3.8
1967-09-26,3.99,5.37,3.8
1967-09-27,3.99,5.37,3.8
1967-09-28,3.99,5.36,3.8
1967-09-29,3.99,5.31,3.8
1967-10-01,3.88,,4.0
1967-10-02,3.88,5.35,4.0
1967-10-03,3.88,5.35,4.0
1967-10-04,3.88,5.37,4.0
1967-10-05,3.88,5.37,4.0
1967-10-06,3.88,5.37,4.0
1967-10-09,3.88,5.39,4.0
1967-10-10,3.88,5.42,4.0
1967-10-11,3.88,5.42,4.0
1967-10-12,3.88,,4.0
1967-10-13,3.88,5.45,4.0
1967-10-16,3.88,5.47,4.0
1967-10-17,3.88,5.49,4.0
1967-10-18,3.88,5.52,4.0
1967-10-19,3.88,5.53,4.0
1967-10-20,3.88,5.52,4.0
1967-10-23,3.88,5.56,4.0
1967-10-24,3.88,5.56,4.0
1967-10-25,3.88,5.57,4.0
1967-10-26,3.88,5.58,4.0
1967-10-27,3.88,5.57,4.0
1967-10-30,3.88,5.6,4.0
1967-10-31,3.88,5.64,4.0
1967-11-01,4.13,5.7,3.9
1967-11-02,4.13,5.71,3.9
1967-11-03,4.13,5.75,3.9
1967-11-06,4.13,5.77,3.9
1967-11-07,4.13,,3.9
1967-11-08,4.13,5.74,3.9
1967-11-09,4.13,5.78,3.9
1967-11-10,4.13,5.83,3.9
1967-11-13,4.13,5.87,3.9
1967-11-14,4.13,5.81,3.9
1967-11-15,4.13,5.78,3.9
1967-11-16,4.13,5.72,3.9
1967-11-17,4.13,5.75,3.9
1967-11-20,4.13,5.85,3.9
1967-11-21,4.13,5.71,3.9
1967-11-22,4.13,5.7,3.9
1967-11-23,4.13,,3.9
1967-11-24,4.13,5.78,3.9
1967-11-27,4.13,5.76,3.9
1967-11-28,4.13,5.65,3.9
1967-11-29,4.13,5.67,3.9
1967-11-30,4.13,5.74,3.9
1967-12-01,4.51,5.78,3.8
1967-12-04,4.51,5.76,3.8
1967-12-05,4.51,5.74,3.8
1967-12-06,4.51,5.69,3.8
1967-12-07,4.51,5.71,3.8
1967-12-08,4.51,5.72,3.8
1967-12-11,4.51,5.74,3.8
1967-12-12,4.51,5.75,3.8
1967-12-13,4.51,5.71,3.8
1967-12-14,4.51,5.7,3.8
1967-12-15,4.51,5.71,3.8
1967-12-18,4.51,5.68,3.8
1967-12-19,4.51,5.66,3.8
1967-12-20,4.51,5.62,3.8
1967-12-21,4.51,5.64,3.8
1967-12-22,4.51,5.69,3.8
1967-12-25,4.51,,3.8
1967-12-26,4.51,5.64,3.8
1967-12-27,4.51,5.64,3.8
1967-12-28,4.51,5.7,3.8
1967-12-29,4.51,5.7,3.8
1968-01-01,4.61,,3.7
1968-01-02,4.61,5.63,3.7
1968-01-03,4.61,5.63,3.7
1968-01-04,4.61,5.51,3.7
1968-01-05,4.61,5.48,3.7
1968-01-08,4.61,5.5,3.7
1968-01-09,4.61,5.52,3.7
1968-01-10,4.61,5.46,3.7
1968-01-11,4.61,5.46,3.7
1968-01-12,4.61,5.43,3.7
1968-01-15,4.61,5.49,3.7
1968-01-16,4.61,5.52,3.7
1968-01-17,4.61,5.48,3.7
1968-01-18,4.61,5.55,3.7
1968-01-19,4.61,5.59,3.7
1968-01-22,4.61,5.61,3.7
1968-01-23,4.61,5.56,3.7
1968-01-24,4.61,5.56,3.7
1968-01-25,4.61,5.52,3.7
1968-01-26,4.61,5.53,3.7
1968-01-29,4.61,5.53,3.7
1968-01-30,4.61,5.53,3.7
1968-01-31,4.61,5.54,3.7
1968-02-01,4.71,5.58,3.8
1968-02-02,4.71,5.58,3.8
1968-02-05,4.71,5.6,3.8
1968-02-06,4.71,5.61,3.8
1968-02-07,4.71,5.59,3.8
1968-02-08,4.71,5.6,3.8
1968-02-09,4.71,5.59,3.8
1968-02-12,4.71,,3.8
1968-02-13,4.71,5.55,3.8
1968-02-14,4.71,5.54,3.8
1968-02-15,4.71,5.51,3.8
1968-02-16,4.71,5.5,3.8
1968-02-19,4.71,5.53,3.8
1968-02-20,4.71,5.54,3.8
1968-02-21,4.71,5.54,3.8
1968-02-22,4.71,,3.8
1968-02-23,4.71,5.56,3.8
1968-02-26,4.71,5.58,3.8
1968-02-27,4.71,5.58,3.8
1968-02-28,4.71,5.57,3.8
1968-02-29,4.71,5.56,3.8
1968-03-01,5.05,5.56,3.7
1968-03-04,5.05,5.57,3.7
1968-03-05,5.05,5.59,3.7
1968-03-06,5.05,5.61,3.7
1968-03-07,5.05,5.67,3.7
1968-03-08,5.05,5.75,3.7
1968-03-11,5.05,5.75,3.7
1968-03-12,5.05,5.79,3.7
1968-03-13,5.05,5.86,3.7
1968-03-14,5.05,5.95,3.7
1968-03-15,5.05,5.84,3.7
1968-03-18,5.05,5.76,3.7
1968-03-19,5.05,5.77,3.7
1968-03-20,5.05,5.73,3.7
1968-03-21,5.05,5.76,3.7
1968-03-22,5.05,5.74,3.7
1968-03-25,5.05,5.74,3.7
1968-03-26,5.05,5.78,3.7
1968-03-27,5.05,5.78,3.7
1968-03-28,5.05,5.78,3.7
1968-03-29,5.05,5.76,3.7
1968-04-01,5.76,5.64,3.5
1968-04-02,5.76,5.62,3.5
1968-04-03,5.76,5.49,3.5
1968-04-04,5.76,5.52,3.5
1968-04-05,5.76,5.52,3.5
1968-04-08,5.76,5.54,3.5
1968-04-09,5.76,,3.5
1968-04-10,5.76,5.53,3.5
1968-04-11,5.76,5.54,3.5
1968-04-12,5.76,,3.5
1968-04-15,5.76,5.6,3.5
1968-04-16,5.76,5.62,3.5
1968-04-17,5.76,5.62,3.5
1968-04-18,5.76,5.64,3.5
1968-04-19,5.76,5.76,3.5
1968-04-22,5.76,5.78,3.5
1968-04-23,5.76,5.73,3.5
1968-04-24,5.76,5.72,3.5
1968-04-25,5.76,5.72,3.5
1968-04-26,5.76,5.71,3.5
1968-04-29,5.76,5.73,3.5
1968-04-30,5.76,5.74,3.5
1968-05-01,6.12,5.73,3.5
1968-05-02,6.12,5.76,3.5
1968-05-03,6.12,5.8,3.5
1968-05-06,6.12,5.78,3.5
1968-05-07,6.12,5.79,3.5
1968-05-08,6.12,5.8,3.5
1968-05-09,6.12,5.79,3.5
1968-05-10,6.12,5.79,3.5
1968-05-13,6.12,5.79,3.5
1968-05-14,6.12,5.82,3.5
1968-05-15,6.12,5.85,3.5
1968-05-16,6.12,5.9,3.5
1968-05-17,6.12,5.92,3.5
1968-05-20,6.12,5.96,3.5
1968-05-21,6.12,6.02,3.5
1968-05-22,6.12,6.02,3.5
1968-05-23,6.12,5.98,3.5
1968-05-24,6.12,5.96,3.5
1968-05-27,6.12,5.92,3.5
1968-05-28,6.12,5.94,3.5
1968-05-29,6.12,5.95,3.5
1968-05-30,6.12,,3.5
1968-05-31,6.12,5.86,3.5
1968-06-01,6.07,,3.7
1968-06-03,6.07,5.79,3.7
1968-06-04,6.07,5.78,3.7
1968-06-05,6.07,5.81,3.7
1968-06-06,6.07,5.83,3.7
1968-06-07,6.07,5.82,3.7
1968-06-10,6.07,5.8,3.7
1968-06-11,6.07,5.79,3.7
1968-06-12,6.07,5.77,3.7
1968-06-13,6.07,5.76,3.7
1968-06-14,6.07,5.72,3.7
1968-06-17,6.07,5.71,3.7
1968-06-18,6.07,5.71,3.7
1968-06-19,6.07,5.67,3.7
1968-06-20,6.07,5.62,3.7
1968-06-21,6.07,5.6,3.7
1968-06-24,6.07,5.61,3.7
1968-06-25,6.07,5.64,3.7
1968-06-26,6.07,5.64,3.7
1968-06-27,6.07,5.65,3.7
1968-06-28,6.07,5.64,3.7
1968-07-01,6.03,5.62,3.7
1968-07-02,6.03,5.58,3.7
1968-07-03,6.03,5.57,3.7
1968-07-04,6.03,,3.7
1968-07-05,6.03,5.56,3.7
1968-07-08,6.03,5.53,3.7
1968-07-09,6.03,5.51,3.7
1968-07-10,6.03,5.52,3.7
1968-07-11,6.03,5.52,3.7
1968-07-12,6.03,5.53,3.7
1968-07-15,6.03,5.56,3.7
1968-07-16,6.03,5.57,3.7
1968-07-17,6.03,5.55,3.7
1968-07-18,6.03,5.56,3.7
1968-07-19,6.03,5.53,3.7
1968-07-22,6.03,5.45,3.7
1968-07-23,6.03,5.38,3.7
1968-07-24,6.03,5.39,3.7
1968-07-25,6.03,5.37,3.7
1968-07-26,6.03,5.39,3.7
1968-07-29,6.03,5.41,3.7
1968-07-30,6.03,5.41,3.7
1968-07-31,6.03,5.39,3.7
1968-08-01,6.03,5.38,3.5
1968-08-02,6.03,5.34,3.5
1968-08-05,6.03,5.37,3.5
1968-08-06,6.03,5.38,3.5
1968-08-07,6.03,5.36,3.5
1968-08-08,6.03,5.37,3.5
1968-08-09,6.03,5.39,3.5
1968-08-12,6.03,5.42,3.5
1968-08-13,6.03,5.43,3.5
1968-08-14,6.03,5.43,3.5
1968-08-15,6.03,5.45,3.5
1968-08-16,6.03,5.42,3.5
1968-08-19,6.03,5.43,3.5
1968-08-20,6.03,5.43,3.5
1968-08-21,6.03,5.46,3.5
1968-08-22,6.03,5.5,3.5
1968-08-23,6.03,5.47,3.5
1968-08-26,6.03,5.46,3.5
1968-08-27,6.03,5.46,3.5
1968-08-28,6.03,5.45,3.5
1968-08-29,6.03,5.43,3.5
1968-08-30,6.03,5.42,3.5
1968-09-01,5.78,,3.4
1968-09-02,5.78,,3.4
1968-09-03,5.78,5.41,3.4
1968-09-04,5.78,5.43,3.4
1968-09-05,5.78,5.46,3.4
1968-09-06,5.78,5.48,3.4
1968-09-09,5.78,5.49,3.4
1968-09-10,5.78,5.51,3.4
1968-09-11,5.78,5.5,3.4
1968-09-12,5.78,5.49,3.4
1968-09-13,5.78,5.48,3.4
1968-09-16,5.78,5.46,3.4
1968-09-17,5.78,5.46,3.4
1968-09-18,5.78,5.42,3.4
1968-09-19,5.78,5.43,3.4
1968-09-20,5.78,5.45,3.4
1968-09-23,5.78,5.45,3.4
1968-09-24,5.78,5.44,3.4
1968-09-25,5.78,5.44,3.4
1968-09-26,5.78,5.45,3.4
1968-09-27,5.78,5.46,3.4
1968-09-30,5.78,5.49,3.4
1968-10-01,5.91,5.49,3.4
1968-10-02,5.91,5.49,3.4
1968-10-03,5.91,5.5,3.4
1968-10-04,5.91,5.52,3.4
1968-10-07,5.91,5.55,3.4
1968-10-08,5.91,5.57,3.4
1968-10-09,5.91,5.6,3.4
1968-10-10,5.91,5.61,3.4
1968-10-11,5.91,5.61,3.4
1968-10-14,5.91,5.62,3.4
1968-10-15,5.91,5.65,3.4
1968-10-16,5.91,5.62,3.4
1968-10-17,5.91,5.58,3.4
1968-10-18,5.91,5.57,3.4
1968-10-21,5.91,5.58,3.4
1968-10-22,5.91,5.58,3.4
1968-10-23,5.91,5.58,3.4
1968-10-24,5.91,5.61,3.4
1968-10-25,5.91,5.6,3.4
1968-10-28,5.91,5.61,3.4
1968-10-29,5.91,5.62,3.4
1968-10-30,5.91,5.63,3.4
1968-10-31,5.91,5.61,3.4
1968-11-01,5.82,5.61,3.4
1968-11-04,5.82,5.63,3.4
1968-11-05,5.82,,3.4
1968-11-06,5.82,5.62,3.4
1968-11-07,5.82,5.63,3.4
1968-11-08,5.82,5.65,3.4
1968-11-11,5.82,,3.4
1968-11-12,5.82,5.68,3.4
1968-11-13,5.82,5.66,3.4
1968-11-14,5.82,5.66,3.4
1968-11-15,5.82,5.68,3.4
1968-11-18,5.82,5.71,3.4
1968-11-19,5.82,5.74,3.4
1968-11-20,5.82,5.74,3.4
1968-11-21,5.82,5.73,3.4
1968-11-22,5.82,5.74,3.4
1968-11-25,5.82,5.75,3.4
1968-11-26,5.82,5.76,3.4
1968-11-27,5.82,5.76,3.4
1968-11-28,5.82,,3.4
1968-11-29,5.82,5.78,3.4
1968-12-01,6.02,,3.4
1968-12-02,6.02,5.89,3.4
1968-12-03,6.02,5.96,3.4
1968-12-04,6.02,5.95,3.4
1968-12-05,6.02,5.93,3.4
1968-12-06,6.02,5.91,3.4
1968-12-09,6.02,5.92,3.4
1968-12-10,6.02,5.93,3.4
1968-12-11,6.02,5.93,3.4
1968-12-12,6.02,5.94,3.4
1968-12-13,6.02,5.93,3.4
1968-12-16,6.02,5.96,3.4
1968-12-17,6.02,5.97,3.4
1968-12-18,6.02,6.0,3.4
1968-12-19,6.02,6.07,3.4
1968-12-20,6.02,6.14,3.4
1968-12-23,6.02,6.23,3.4
1968-12-24,6.02,6.27,3.4
1968-12-25,6.02,,3.4
1968-12-26,6.02,6.17,3.4
1968-12-27,6.02,6.2,3.4
1968-12-30,6.02,6.21,3.4
1968-12-31,6.02,6.16,3.4
1969-01-01,6.3,,3.4
1969-01-02,6.3,6.04,3.4
1969-01-03,6.3,6.01,3.4
1969-01-06,6.3,6.04,3.4
1969-01-07,6.3,6.14,3.4
1969-01-08,6.3,6.09,3.4
1969-01-09,6.3,6.04,3.4
1969-01-10,6.3,6.03,3.4
1969-01-13,6.3,6.04,3.4
1969-01-14,6.3,6.04,3.4
1969-01-15,6.3,6.02,3.4
1969-01-16,6.3,5.98,3.4
1969-01-17,6.3,5.97,3.4
1969-01-20,6.3,5.95,3.4
1969-01-21,6.3,5.97,3.4
1969-01-22,6.3,6.03,3.4
1969-01-23,6.3,6.02,3.4
1969-01-24,6.3,6.01,3.4
1969-01-27,6.3,6.03,3.4
1969-01-28,6.3,6.05,3.4
1969-01-29,6.3,6.09,3.4
1969-01-30,6.3,6.14,3.4
1969-01-31,6.3,6.19,3.4
1969-02-01,6.61,,3.4
1969-02-03,6.61,6.22,3.4
1969-02-04,6.61,6.2,3.4
1969-02-05,6.61,6.19,3.4
1969-02-06,6.61,6.2,3.4
1969-02-07,6.61,6.14,3.4
1969-02-10,6.61,6.14,3.4
1969-02-11,6.61,6.1,3.4
1969-02-12,6.61,,3.4
1969-02-13,6.61,6.09,3.4
1969-02-14,6.61,6.11,3.4
1969-02-17,6.61,6.14,3.4
1969-02-18,6.61,6.16,3.4
1969-02-19,6.61,6.2,3.4
1969-02-20,6.61,6.23,3.4
1969-02-21,6.61,6.24,3.4
1969-02-24,6.61,6.22,3.4
1969-02-25,6.61,6.24,3.4
1969-02-26,6.61,6.24,3.4
1969-02-27,6.61,6.27,3.4
1969-02-28,6.61,6.26,3.4
1969-03-01,6.79,,3.4
1969-03-03,6.79,6.25,3.4
1969-03-04,6.79,6.24,3.4
1969-03-05,6.79,6.24,3.4
1969-03-06,6.79,6.26,3.4
1969-03-07,6.79,6.27,3.4
1969-03-10,6.79,6.27,3.4
1969-03-11,6.79,6.3,3.4
1969-03-12,6.79,6.31,3.4
1969-03-13,6.79,6.32,3.4
1969-03-14,6.79,6.31,3.4
1969-03-17,6.79,6.35,3.4
1969-03-18,6.79,6.35,3.4
1969-03-19,6.79,6.32,3.4
1969-03-20,6.79,6.31,3.4
1969-03-21,6.79,6.29,3.4
1969-03-24,6.79,6.28,3.4
1969-03-25,6.79,6.3,3.4
1969-03-26,6.79,6.32,3.4
1969-03-27,6.79,6.33,3.4
1969-03-28,6.79,6.3,3.4
1969-03-31,6.79,,3.4
1969-04-01,7.41,6.25,3.4
1969-04-02,7.41,6.25,3.4
1969-04-03,7.41,6.26,3.4
1969-04-04,7.41,,3.4
1969-04-07,7.41,6.28,3.4
1969-04-08,7.41,6.25,3.4
1969-04-09,7.41,6.19,3.4
1969-04-10,7.41,6.18,3.4
1969-04-11,7.41,6.15,3.4
1969-04-14,7.41,6.06,3.4
1969-04-15,7.41,6.11,3.4
1969-04-16,7.41,6.1,3.4
1969-04-17,7.41,6.13,3.4
1969-04-18,7.41,6.16,3.4
1969-04-21,7.41,6.14,3.4
1969-04-22,7.41,6.12,3.4
1969-04-23,7.41,6.12,3.4
1969-04-24,7.41,6.14,3.4
1969-04-25,7.41,6.15,3.4
1969-04-28,7.41,6.19,3.4
1969-04-29,7.41,6.21,3.4
1969-04-30,7.41,6.2,3.4
1969-05-01,8.67,6.25,3.4
1969-05-02,8.67,6.23,3.4
1969-05-05,8.67,6.19,3.4
1969-05-06,8.67,6.22,3.4
1969-05-07,8.67,6.22,3.4
1969-05-08,8.67,6.2,3.4
1969-05-09,8.67,6.23,3.4
1969-05-12,8.67,6.27,3.4
1969-05-13,8.67,6.25,3.4
1969-05-14,8.67,6.24,3.4
1969-05-15,8.67,6.26,3.4
1969-05-16,8.67,6.31,3.4
1969-05-19,8.67,6.36,3.4
1969-05-20,8.67,6.36,3.4
1969-05-21,8.67,6.36,3.4
1969-05-22,8.67,6.36,3.4
1969-05-23,8.67,6.38,3.4
1969-05-26,8.67,6.44,3.4
1969-05-27,8.67,6.54,3.4
1969-05-28,8.67,6.56,3.4
1969-05-29,8.67,6.56,3.4
1969-05-30,8.67,,3.4
1969-06-01,8.9,,3.5
1969-06-02,8.9,6.56,3.5
1969-06-03,8.9,6.55,3.5
1969-06-04,8.9,6.56,3.5
1969-06-05,8.9,6.54,3.5
1969-06-06,8.9,6.52,3.5
1969-06-09,8.9,6.59,3.5
1969-06-10,8.9,6.56,3.5
1969-06-11,8.9,6.56,3.5
1969-06-12,8.9,6.54,3.5
1969-06-13,8.9,6.51,3.5
1969-06-16,8.9,6.49,3.5
1969-06-17,8.9,6.52,3.5
1969-06-18,8.9,6.53,3.5
1969-06-19,8.9,6.57,3.5
1969-06-20,8.9,6.59,3.5
1969-06-23,8.9,6.6,3.5
1969-06-24,8.9,6.63,3.5
1969-06-25,8.9,6.63,3.5
1969-06-26,8.9,6.62,3.5
1969-06-27,8.9,6.66,3.5
1969-06-30,8.9,6.73,3.5
1969-07-01,8.61,6.75,3.5
1969-07-02,8.61,6.77,3.5
1969-07-03,8.61,6.75,3.5
1969-07-04,8.61,,3.5
1969-07-07,8.61,6.76,3.5
1969-07-08,8.61,6.79,3.5
1969-07-09,8.61,6.82,3.5
1969-07-10,8.61,6.78,3.5
1969-07-11,8.61,6.64,3.5
1969-07-14,8.61,6.69,3.5
1969-07-15,8.61,6.72,3.5
1969-07-16,8.61,6.67,3.5
1969-07-17,8.61,6.69,3.5
1969-07-18,8.61,6.7,3.5
1969-07-21,8.61,,3.5
1969-07-22,8.61,6.66,3.5
1969-07-23,8.61,6.68,3.5
1969-07-24,8.61,6.7,3.5
1969-07-25,8.61,6.71,3.5
1969-07-28,8.61,6.73,3.5
1969-07-29,8.61,6.72,3.5
1969-07-30,8.61,6.72,3.5
1969-07-31,8.61,6.66,3.5
1969-08-01,9.19,6.66,3.5
1969-08-04,9.19,6.63,3.5
1969-08-05,9.19,6.6,3.5
1969-08-06,9.19,6.62,3.5
1969-08-07,9.19,6.63,3.5
1969-08-08,9.19,6.64,3.5
1969-08-11,9.19,6.69,3.5
1969-08-12,9.19,6.7,3.5
1969-08-13,9.19,6.7,3.5
1969-08-14,9.19,6.68,3.5
1969-08-15,9.19,6.68,3.5
1969-08-18,9.19,6.66,3.5
1969-08-19,9.19,6.65,3.5
1969-08-20,9.19,6.66,3.5
1969-08-21,9.19,6.68,3.5
1969-08-22,9.19,6.71,3.5
1969-08-25,9.19,6.72,3.5
1969-08-26,9.19,6.76,3.5
1969-08-27,9.19,6.79,3.5
1969-08-28,9.19,6.83,3.5
1969-08-29,9.19,6.83,3.5
1969-09-01,9.15,,3.7
1969-09-02,9.15,6.87,3.7
1969-09-03,9.15,6.94,3.7
1969-09-04,9.15,6.96,3.7
1969-09-05,9.15,6.99,3.7
1969-09-08,9.15,7.03,3.7
1969-09-09,9.15,7.04,3.7
1969-09-10,9.15,7.02,3.7
1969-09-11,9.15,7.05,3.7
1969-09-12,9.15,7.08,3.7
1969-09-15,9.15,7.09,3.7
1969-09-16,9.15,7.14,3.7
1969-09-17,9.15,7.14,3.7
1969-09-18,9.15,7.27,3.7
1969-09-19,9.15,7.28,3.7
1969-09-22,9.15,7.26,3.7
1969-09-23,9.15,7.26,3.7
1969-09-24,9.15,7.27,3.7
1969-09-25,9.15,7.3,3.7
1969-09-26,9.15,7.4,3.7
1969-09-29,9.15,7.45,3.7
1969-09-30,9.15,7.51,3.7
1969-10-01,9.0,7.52,3.7
1969-10-02,9.0,7.45,3.7
1969-10-03,9.0,7.38,3.7
1969-10-06,9.0,7.35,3.7
1969-10-07,9.0,7.31,3.7
1969-10-08,9.0,7.29,3.7
1969-10-09,9.0,7.3,3.7
1969-10-10,9.0,7.22,3.7
1969-10-13,9.0,,3.7
1969-10-14,9.0,7.1,3.7
1969-10-15,9.0,7.12,3.7
1969-10-16,9.0,7.04,3.7
1969-10-17,9.0,6.99,3.7
1969-10-20,9.0,6.83,3.7
1969-10-21,9.0,6.77,3.7
1969-10-22,9.0,6.8,3.7
1969-10-23,9.0,6.9,3.7
1969-10-24,9.0,6.9,3.7
1969-10-27,9.0,6.93,3.7
1969-10-28,9.0,7.0,3.7
1969-10-29,9.0,7.0,3.7
1969-10-30,9.0,6.96,3.7
1969-10-31,9.0,6.94,3.7
1969-11-01,8.85,,3.5
1969-11-03,8.85,6.9,3.5
1969-11-04,8.85,,3.5
1969-11-05,8.85,6.97,3.5
1969-11-06,8.85,7.01,3.5
1969-11-07,8.85,6.99,3.5
1969-11-10,8.85,6.99,3.5
1969-11-11,8.85,,3.5
1969-11-12,8.85,7.06,3.5
1969-11-13,8.85,7.12,3.5
1969-11-14,8.85,7.08,3.5
1969-11-17,8.85,7.13,3.5
1969-11-18,8.85,7.22,3.5
1969-11-19,8.85,7.25,3.5
1969-11-20,8.85,7.31,3.5
1969-11-21,8.85,7.28,3.5
1969-11-24,8.85,7.27,3.5
1969-11-25,8.85,7.28,3.5
1969-11-26,8.85,7.3,3.5
1969-11-27,8.85,,3.5
1969-11-28,8.85,7.29,3.5
1969-12-01,8.97,7.29,3.5
1969-12-02,8.97,7.35,3.5
1969-12-03,8.97,7.39,3.5
1969-12-04,8.97,7.35,3.5
1969-12-05,8.97,7.35,3.5
1969-12-08,8.97,7.4,3.5
1969-12-09,8.97,7.5,3.5
1969-12-10,8.97,7.59,3.5
1969-12-11,8.97,7.62,3.5
1969-12-12,8.97,7.6,3.5
1969-12-15,8.97,7.63,3.5
1969-12-16,8.97,7.72,3.5
1969-12-17,8.97,7.76,3.5
1969-12-18,8.97,7.81,3.5
1969-12-19,8.97,7.79,3.5
1969-12-22,8.97,7.76,3.5
1969-12-23,8.97,7.82,3.5
1969-12-24,8.97,7.89,3.5
1969-12-25,8.97,,3.5
1969-12-26,8.97,7.87,3.5
1969-12-29,8.97,8.05,3.5
1969-12-30,8.97,7.97,3.5
1969-12-31,8.97,7.88,3.5
1970-01-01,8.98,,3.9
1970-01-02,8.98,7.86,3.9
1970-01-05,8.98,7.88,3.9
1970-01-06,8.98,7.96,3.9
1970-01-07,8.98,7.99,3.9
1970-01-08,8.98,7.96,3.9
1970-01-09,8.98,7.86,3.9
1970-01-12,8.98,7.82,3.9
1970-01-13,8.98,7.81,3.9
1970-01-14,8.98,7.86,3.9
1970-01-15,8.98,7.85,3.9
1970-01-16,8.98,7.75,3.9
1970-01-19,8.98,7.69,3.9
1970-01-20,8.98,7.72,3.9
1970-01-21,8.98,7.69,3.9
1970-01-22,8.98,7.67,3.9
1970-01-23,8.98,7.69,3.9
1970-01-26,8.98,7.71,3.9
1970-01-27,8.98,7.7,3.9
1970-01-28,8.98,7.7,3.9
1970-01-29,8.98,7.77,3.9
1970-01-30,8.98,7.75,3.9
1970-02-01,8.98,,4.2
1970-02-02,8.98,7.65,4.2
1970-02-03,8.98,7.58,4.2
1970-02-04,8.98,7.5,4.2
1970-02-05,8.98,7.45,4.2
1970-02-06,8.98,7.36,4.2
1970-02-09,8.98,7.28,4.2
1970-02-10,8.98,7.32,4.2
1970-02-11,8.98,7.33,4.2
1970-02-12,8.98,,4.2
1970-02-13,8.98,7.15,4.2
1970-02-16,8.98,7.17,4.2
1970-02-17,8.98,7.15,4.2
1970-02-18,8.98,7.12,4.2
1970-02-19,8.98,7.09,4.2
1970-02-20,8.98,7.12,4.2
1970-02-23,8.98,,4.2
1970-02-24,8.98,7.14,4.2
1970-02-25,8.98,7.04,4.2
1970-02-26,8.98,6.94,4.2
1970-02-27,8.98,6.9,4.2
1970-03-01,7.76,,4.4
1970-03-02,7.76,6.95,4.4
1970-03-03,7.76,6.99,4.4
1970-03-04,7.76,6.97,4.4
1970-03-05,7.76,6.98,4.4
1970-03-06,7.76,6.96,4.4
1970-03-09,7.76,6.99,4.4
1970-03-10,7.76,7.04,4.4
1970-03-11,7.76,7.11,4.4
1970-03-12,7.76,7.16,4.4
1970-03-13,7.76,7.23,4.4
1970-03-16,7.76,7.24,4.4
1970-03-17,7.76,7.36,4.4
1970-03-18,7.76,7.28,4.4
1970-03-19,7.76,7.07,4.4
1970-03-20,7.76,7.06,4.4
1970-03-23,7.76,7.05,4.4
1970-03-24,7.76,7.02,4.4
1970-03-25,7.76,6.96,4.4
1970-03-26,7.76,6.98,4.4
1970-03-27,7.76,,4.4
1970-03-30,7.76,7.05,4.4
1970-03-31,7.76,7.08,4.4
1970-04-01,8.1,7.04,4.6
1970-04-02,8.1,7.08,4.6
1970-04-03,8.1,7.14,4.6
1970-04-06,8.1,7.17,4.6
1970-04-07,8.1,7.18,4.6
1970-04-08,8.1,7.17,4.6
1970-04-09,8.1,7.18,4.6
1970-04-10,8.1,7.17,4.6
1970-04-13,8.1,7.2,4.6
1970-04-14,8.1,7.22,4.6
1970-04-15,8.1,7.27,4.6
1970-04-16,8.1,7.34,4.6
1970-04-17,8.1,7.4,4.6
1970-04-20,8.1,7.44,4.6
1970-04-21,8.1,7.5,4.6
1970-04-22,8.1,7.61,4.6
1970-04-23,8.1,7.64,4.6
1970-04-24,8.1,7.72,4.6
1970-04-27,8.1,7.74,4.6
1970-04-28,8.1,7.79,4.6
1970-04-29,8.1,7.78,4.6
1970-04-30,8.1,7.82,4.6
1970-05-01,7.95,7.85,4.8
1970-05-04,7.95,7.94,4.8
1970-05-05,7.95,7.92,4.8
1970-05-06,7.95,7.86,4.8
1970-05-07,7.95,7.82,4.8
1970-05-08,7.95,7.78,4.8
1970-05-11,7.95,7.82,4.8
1970-05-12,7.95,7.84,4.8
1970-05-13,7.95,7.85,4.8
1970-05-14,7.95,7.86,4.8
1970-05-15,7.95,7.83,4.8
1970-05-18,7.95,7.8,4.8
1970-05-19,7.95,7.8,4.8
1970-05-20,7.95,7.85,4.8
1970-05-21,7.95,7.9,4.8
1970-05-22,7.95,7.99,4.8
1970-05-25,7.95,8.15,4.8
1970-05-26,7.95,8.22,4.8
1970-05-27,7.95,8.02,4.8
1970-05-28,7.95,7.98,4.8
1970-05-29,7.95,7.95,4.8
1970-06-01,7.61,7.84,4.9
1970-06-02,7.61,7.78,4.9
1970-06-03,7.61,7.76,4.9
1970-06-04,7.61,7.8,4.9
1970-06-05,7.61,7.88,4.9
1970-06-08,7.61,7.89,4.9
1970-06-09,7.61,7.88,4.9
1970-06-10,7.61,7.87,4.9
1970-06-11,7.61,7.92,4.9
1970-06-12,7.61,7.98,4.9
1970-06-15,7.61,7.98,4.9
1970-06-16,7.61,7.87,4.9
1970-06-17,7.61,7.9,4.9
1970-06-18,7.61,7.9,4.9
1970-06-19,7.61,7.9,4.9
1970-06-22,7.61,7.86,4.9
1970-06-23,7.61,7.79,4.9
1970-06-24,7.61,7.74,4.9
1970-06-25,7.61,7.76,4.9
1970-06-26,7.61,7.78,4.9
1970-06-29,7.61,7.76,4.9
1970-06-30,7.61,7.68,4.9
1970-07-01,7.21,7.64,5.0
1970-07-02,7.21,7.55,5.0
1970-07-03,7.21,,5.0
1970-07-06,7.21,7.49,5.0
1970-07-07,7.21,7.46,5.0
1970-07-08,7.21,7.49,5.0
1970-07-09,7.21,7.49,5.0
1970-07-10,7.21,7.54,5.0
1970-07-13,7.21,7.55,5.0
1970-07-14,7.21,7.53,5.0
1970-07-15,7.21,7.49,5.0
1970-07-16,7.21,7.46,5.0
1970-07-17,7.21,7.45,5.0
1970-07-20,7.21,7.46,5.0
1970-07-21,7.21,7.45,5.0
1970-07-22,7.21,7.43,5.0
1970-07-23,7.21,7.32,5.0
1970-07-24,7.21,7.34,5.0
1970-07-27,7.21,7.36,5.0
1970-07-28,7.21,7.41,5.0
1970-07-29,7.21,7.39,5.0
1970-07-30,7.21,7.38,5.0
1970-07-31,7.21,7.38,5.0
1970-08-01,6.62,,5.1
1970-08-03,6.62,7.39,5.1
1970-08-04,6.62,7.4,5.1
1970-08-05,6.62,7.42,5.1
1970-08-06,6.62,7.43,5.1
1970-08-07,6.62,7.45,5.1
1970-08-10,6.62,7.5,5.1
1970-08-11,6.62,7.54,5.1
1970-08-12,6.62,7.56,5.1
1970-08-13,6.62,7.58,5.1
1970-08-14,6.62,7.67,5.1
1970-08-17,6.62,7.71,5.1
1970-08-18,6.62,7.68,5.1
1970-08-19,6.62,7.65,5.1
1970-08-20,6.62,7.64,5.1
1970-08-21,6.62,7.6,5.1
1970-08-24,6.62,7.48,5.1
1970-08-25,6.62,7.46,5.1
1970-08-26,6.62,7.45,5.1
1970-08-27,6.62,7.48,5.1
1970-08-28,6.62,7.49,5.1
1970-08-31,6.62,7.49,5.1
1970-09-01,6.29,7.47,5.4
1970-09-02,6.29,7.48,5.4
1970-09-03,6.29,7.48,5.4
1970-09-04,6.29,7.47,5.4
1970-09-07,6.29,,5.4
1970-09-08,6.29,7.5,5.4
1970-09-09,6.29,7.54,5.4
1970-09-10,6.29,7.52,5.4
1970-09-11,6.29,7.5,5.4
1970-09-14,6.29,7.48,5.4
1970-09-15,6.29,7.46,5.4
1970-09-16,6.29,7.4,5.4
1970-09-17,6.29,7.32,5.4
1970-09-18,6.29,7.31,5.4
1970-09-21,6.29,7.29,5.4
1970-09-22,6.29,7.28,5.4
1970-09-23,6.29,7.24,5.4
1970-09-24,6.29,7.26,5.4
1970-09-25,6.29,7.28,5.4
1970-09-28,6.29,7.31,5.4
1970-09-29,6.29,7.3,5.4
1970-09-30,6.29,7.29,5.4
1970-10-01,6.2,7.29,5.5
1970-10-02,6.2,7.26,5.5
1970-10-05,6.2,7.26,5.5
1970-10-06,6.2,7.24,5.5
1970-10-07,6.2,7.23,5.5
1970-10-08,6.2,7.25,5.5
1970-10-09,6.2,7.25,5.5
1970-10-12,6.2,,5.5
1970-10-13,6.2,7.25,5.5
1970-10-14,6.2,7.3,5.5
1970-10-15,6.2,7.3,5.5
1970-10-16,6.2,7.31,5.5
1970-10-19,6.2,7.35,5.5
1970-10-20,6.2,7.37,5.5
1970-10-21,6.2,7.42,5.5
1970-10-22,6.2,7.46,5.5
1970-10-23,6.2,7.44,5.5
1970-10-26,6.2,7.44,5.5
1970-10-27,6.2,7.42,5.5
1970-10-28,6.2,7.38,5.5
1970-10-29,6.2,7.31,5.5
1970-10-30,6.2,7.33,5.5
1970-11-01,5.6,,5.9
1970-11-02,5.6,7.24,5.9
1970-11-03,5.6,,5.9
1970-11-04,5.6,7.23,5.9
1970-11-05,5.6,7.2,5.9
1970-11-06,5.6,7.15,5.9
1970-11-09,5.6,7.06,5.9
1970-11-10,5.6,7.06,5.9
1970-11-11,5.6,,5.9
1970-11-12,5.6,7.03,5.9
1970-11-13,5.6,7.0,5.9
1970-11-16,5.6,6.96,5.9
1970-11-17,5.6,6.93,5.9
1970-11-18,5.6,6.86,5.9
1970-11-19,5.6,6.72,5.9
1970-11-20,5.6,6.48,5.9
1970-11-23,5.6,6.32,5.9
1970-11-24,5.6,6.45,5.9
1970-11-25,5.6,6.48,5.9
1970-11-26,5.6,,5.9
1970-11-27,5.6,6.48,5.9
1970-11-30,5.6,6.49,5.9
1970-12-01,4.9,6.48,6.1
1970-12-02,4.9,6.41,6.1
1970-12-03,4.9,6.31,6.1
1970-12-04,4.9,6.21,6.1
1970-12-07,4.9,6.27,6.1
1970-12-08,4.9,6.29,6.1
1970-12-09,4.9,6.34,6.1
1970-12-10,4.9,6.34,6.1
1970-12-11,4.9,6.31,6.1
1970-12-14,4.9,6.26,6.1
1970-12-15,4.9,6.29,6.1
1970-12-16,4.9,6.29,6.1
1970-12-17,4.9,6.3,6.1
1970-12-18,4.9,6.33,6.1
1970-12-21,4.9,6.45,6.1
1970-12-22,4.9,6.52,6.1
1970-12-23,4.9,6.57,6.1
1970-12-24,4.9,6.53,6.1
1970-12-25,4.9,,6.1
1970-12-28,4.9,6.54,6.1
1970-12-29,4.9,6.56,6.1
1970-12-30,4.9,6.51,6.1
1970-12-31,4.9,6.5,6.1
1971-01-01,4.14,,5.9
1971-01-04,4.14,6.46,5.9
1971-01-05,4.14,6.47,5.9
1971-01-06,4.14,6.47,5.9
1971-01-07,4.14,6.45,5.9
1971-01-08,4.14,6.44,5.9
1971-01-11,4.14,6.39,5.9
1971-01-12,4.14,6.35,5.9
1971-01-13,4.14,6.29,5.9
1971-01-14,4.14,6.22,5.9
1971-01-15,4.14,6.22,5.9
1971-01-18,4.14,6.16,5.9
1971-01-19,4.14,6.17,5.9
1971-01-20,4.14,6.15,5.9
1971-01-21,4.14,6.09,5.9
1971-01-22,4.14,6.06,5.9
1971-01-25,4.14,6.05,5.9
1971-01-26,4.14,6.07,5.9
1971-01-27,4.14,6.09,5.9
1971-01-28,4.14,6.08,5.9
1971-01-29,4.14,6.09,5.9
1971-02-01,3.72,6.09,5.9
1971-02-02,3.72,6.11,5.9
1971-02-03,3.72,6.11,5.9
1971-02-04,3.72,6.1,5.9
1971-02-05,3.72,6.1,5.9
1971-02-08,3.72,6.09,5.9
1971-02-09,3.72,6.07,5.9
1971-02-10,3.72,6.08,5.9
1971-02-11,3.72,6.08,5.9
1971-02-12,3.72,,5.9
1971-02-15,3.72,,5.9
1971-02-16,3.72,6.11,5.9
1971-02-17,3.72,6.11,5.9
1971-02-18,3.72,6.11,5.9
1971-02-19,3.72,6.12,5.9
1971-02-22,3.72,6.15,5.9
1971-02-23,3.72,6.18,5.9
1971-02-24,3.72,6.16,5.9
1971-02-25,3.72,6.11,5.9
1971-02-26,3.72,6.14,5.9
1971-03-01,3.71,6.12,6.0
1971-03-02,3.71,6.09,6.0
1971-03-03,3.71,6.05,6.0
1971-03-04,3.71,6.05,6.0
1971-03-05,3.71,6.03,6.0
1971-03-08,3.71,5.99,6.0
1971-03-09,3.71,5.9,6.0
1971-03-10,3.71,5.8,6.0
1971-03-11,3.71,5.69,6.0
1971-03-12,3.71,5.72,6.0
1971-03-15,3.71,5.7,6.0
1971-03-16,3.71,5.68,6.0
1971-03-17,3.71,5.61,6.0
1971-03-18,3.71,5.55,6.0
1971-03-19,3.71,5.51,6.0
1971-03-22,3.71,5.42,6.0
1971-03-23,3.71,5.38,6.0
1971-03-24,3.71,5.41,6.0
1971-03-25,3.71,5.43,6.0
1971-03-26,3.71,5.48,6.0
1971-03-29,3.71,5.54,6.0
1971-03-30,3.71,5.5,6.0
1971-03-31,3.71,5.53,6.0
1971-04-01,4.16,5.58,5.9
1971-04-02,4.16,5.6,5.9
1971-04-05,4.16,5.63,5.9
1971-04-06,4.16,5.6,5.9
1971-04-07,4.16,5.58,5.9
1971-04-08,4.16,5.62,5.9
1971-04-09,4.16,,5.9
1971-04-12,4.16,5.73,5.9
1971-04-13,4.16,5.72,5.9
1971-04-14,4.16,5.77,5.9
1971-04-15,4.16,5.8,5.9
1971-04-16,4.16,5.82,5.9
1971-04-19,4.16,5.88,5.9
1971-04-20,4.16,5.97,5.9
1971-04-21,4.16,6.04,5.9
1971-04-22,4.16,6.02,5.9
1971-04-23,4.16,6.01,5.9
1971-04-26,4.16,6.0,5.9
1971-04-27,4.16,6.0,5.9
1971-04-28,4.16,5.99,5.9
1971-04-29,4.16,6.07,5.9
1971-04-30,4.16,6.08,5.9
1971-05-01,4.63,,5.9
1971-05-03,4.63,6.15,5.9
1971-05-04,4.63,6.25,5.9
1971-05-05,4.63,6.26,5.9
1971-05-06,4.63,6.28,5.9
1971-05-07,4.63,6.25,5.9
1971-05-10,4.63,6.22,5.9
1971-05-11,4.63,6.26,5.9
1971-05-12,4.63,6.35,5.9
1971-05-13,4.63,6.47,5.9
1971-05-14,4.63,6.49,5.9
1971-05-17,4.63,6.57,5.9
1971-05-18,4.63,6.65,5.9
1971-05-19,4.63,6.6,5.9
1971-05-20,4.63,6.49,5.9
1971-05-21,4.63,6.53,5.9
1971-05-24,4.63,6.49,5.9
1971-05-25,4.63,6.44,5.9
1971-05-26,4.63,6.37,5.9
1971-05-27,4.63,6.35,5.9
1971-05-28,4.63,6.38,5.9
1971-05-31,4.63,,5.9
1971-06-01,4.91,6.36,5.9
1971-06-02,4.91,6.24,5.9
1971-06-03,4.91,6.19,5.9
1971-06-04,4.91,6.26,5.9
1971-06-07,4.91,6.34,5.9
1971-06-08,4.91,6.38,5.9
1971-06-09,4.91,6.44,5.9
1971-06-10,4.91,6.48,5.9
1971-06-11,4.91,6.5,5.9
1971-06-14,4.91,6.63,5.9
1971-06-15,4.91,6.73,5.9
1971-06-16,4.91,6.68,5.9
1971-06-17,4.91,6.68,5.9
1971-06-18,4.91,6.58,5.9
1971-06-21,4.91,6.53,5.9
1971-06-22,4.91,6.62,5.9
1971-06-23,4.91,6.61,5.9
1971-06-24,4.91,6.61,5.9
1971-06-25,4.91,6.62,5.9
1971-06-28,4.91,6.64,5.9
1971-06-29,4.91,6.67,5.9
1971-06-30,4.91,6.7,5.9
1971-07-01,5.31,6.69,6.0
1971-07-02,5.31,6.69,6.0
1971-07-05,5.31,,6.0
1971-07-06,5.31,6.68,6.0
1971-07-07,5.31,6.66,6.0
1971-07-08,5.31,6.67,6.0
1971-07-09,5.31,6.68,6.0
1971-07-12,5.31,6.6,6.0
1971-07-13,5.31,6.61,6.0
1971-07-14,5.31,6.6,6.0
1971-07-15,5.31,6.59,6.0
1971-07-16,5.31,6.66,6.0
1971-07-19,5.31,6.71,6.0
1971-07-20,5.31,6.7,6.0
1971-07-21,5.31,6.7,6.0
1971-07-22,5.31,6.79,6.0
1971-07-23,5.31,6.84,6.0
1971-07-26,5.31,6.86,6.0
1971-07-27,5.31,6.91,6.0
1971-07-28,5.31,6.95,6.0
1971-07-29,5.31,6.88,6.0
1971-07-30,5.31,6.85,6.0
1971-08-01,5.57,,6.1
1971-08-02,5.57,6.86,6.1
1971-08-03,5.57,6.91,6.1
1971-08-04,5.57,6.89,6.1
1971-08-05,5.57,6.86,6.1
1971-08-06,5.57,6.86,6.1
1971-08-09,5.57,6.88,6.1
1971-08-10,5.57,6.89,6.1
1971-08-11,5.57,6.86,6.1
1971-08-12,5.57,6.8,6.1
1971-08-13,5.57,6.68,6.1
1971-08-16,5.57,6.41,6.1
1971-08-17,5.57,6.3,6.1
1971-08-18,5.57,6.35,6.1
1971-08-19,5.57,6.34,6.1
1971-08-20,5.57,6.37,6.1
1971-08-23,5.57,6.48,6.1
1971-08-24,5.57,6.38,6.1
1971-08-25,5.57,6.4,6.1
1971-08-26,5.57,6.37,6.1
1971-08-27,5.57,6.33,6.1
1971-08-30,5.57,6.32,6.1
1971-08-31,5.57,6.28,6.1
1971-09-01,5.55,6.22,6.0
1971-09-02,5.55,6.17,6.0
1971-09-03,5.55,6.12,6.0
1971-09-06,5.55,,6.0
1971-09-07,5.55,6.07,6.0
1971-09-08,5.55,6.08,6.0
1971-09-09,5.55,6.13,6.0
1971-09-10,5.55,6.12,6.0
1971-09-13,5.55,6.2,6.0
1971-09-14,5.55,6.18,6.0
1971-09-15,5.55,6.17,6.0
1971-09-16,5.55,6.14,6.0
1971-09-17,5.55,6.13,6.0
1971-09-20,5.55,6.15,6.0
1971-09-21,5.55,6.17,6.0
1971-09-22,5.55,6.19,6.0
1971-09-23,5.55,6.2,6.0
1971-09-24,5.55,6.16,6.0
1971-09-27,5.55,6.13,6.0
1971-09-28,5.55,6.12,6.0
1971-09-29,5.55,6.08,6.0
1971-09-30,5.55,6.0,6.0
1971-10-01,5.2,6.0,5.8
1971-10-04,5.2,5.98,5.8
1971-10-05,5.2,6.01,5.8
1971-10-06,5.2,5.98,5.8
1971-10-07,5.2,5.97,5.8
1971-10-08,5.2,5.94,5.8
1971-10-11,5.2,,5.8
1971-10-12,5.2,5.88,5.8
1971-10-13,5.2,5.86,5.8
1971-10-14,5.2,5.88,5.8
1971-10-15,5.2,5.9,5.8
1971-10-18,5.2,5.95,5.8
1971-10-19,5.2,5.96,5.8
1971-10-20,5.2,5.92,5.8
1971-10-21,5.2,5.88,5.8
1971-10-22,5.2,5.9,5.8
1971-10-25,5.2,,5.8
1971-10-26,5.2,5.89,5.8
1971-10-27,5.2,5.92,5.8
1971-10-28,5.2,5.9,5.8
1971-10-29,5.2,5.87,5.8
1971-11-01,4.91,5.8,6.0
1971-11-02,4.91,,6.0
1971-11-03,4.91,5.72,6.0
1971-11-04,4.91,5.72,6.0
1971-11-05,4.91,5.72,6.0
1971-11-08,4.91,5.77,6.0
1971-11-09,4.91,5.77,6.0
1971-11-10,4.91,5.82,6.0
1971-11-11,4.91,5.79,6.0
1971-11-12,4.91,5.77,6.0
1971-11-15,4.91,5.77,6.0
1971-11-16,4.91,5.76,6.0
1971-11-17,4.91,5.75,6.0
1971-11-18,4.91,5.77,6.0
1971-11-19,4.91,5.79,6.0
1971-11-22,4.91,5.82,6.0
1971-11-23,4.91,5.89,6.0
1971-11-24,4.91,5.95,6.0
1971-11-25,4.91,,6.0
1971-11-26,4.91,5.94,6.0
1971-11-29,4.91,5.95,6.0
1971-11-30,4.91,5.93,6.0
1971-12-01,4.14,5.92,6.0
1971-12-02,4.14,5.9,6.0
1971-12-03,4.14,5.88,6.0
1971-12-06,4.14,5.88,6.0
1971-12-07,4.14,5.92,6.0
1971-12-08,4.14,5.92,6.0
1971-12-09,4.14,5.94,6.0
1971-12-10,4.14,5.93,6.0
1971-12-13,4.14,5.9,6.0
1971-12-14,4.14,5.94,6.0
1971-12-15,4.14,5.96,6.0
1971-12-16,4.14,5.95,6.0
1971-12-17,4.14,5.93,6.0
1971-12-20,4.14,5.97,6.0
1971-12-21,4.14,6.0,6.0
1971-12-22,4.14,6.01,6.0
1971-12-23,4.14,5.97,6.0
1971-12-24,4.14,,6.0
1971-12-27,4.14,5.91,6.0
1971-12-28,4.14,5.86,6.0
1971-12-29,4.14,5.9,6.0
1971-12-30,4.14,5.9,6.0
1971-12-31,4.14,5.89,6.0
1972-01-01,3.51,,5.8
1972-01-03,3.51,5.94,5.8
1972-01-04,3.51,5.93,5.8
1972-01-05,3.51,5.91,5.8
1972-01-06,3.51,5.9,5.8
1972-01-07,3.51,5.88,5.8
1972-01-10,3.51,5.86,5.8
1972-01-11,3.51,5.88,5.8
1972-01-12,3.51,5.88,5.8
1972-01-13,3.51,5.86,5.8
1972-01-14,3.51,5.85,5.8
1972-01-17,3.51,5.89,5.8
1972-01-18,3.51,5.92,5.8
1972-01-19,3.51,5.96,5.8
1972-01-20,3.51,5.98,5.8
1972-01-21,3.51,5.99,5.8
1972-01-24,3.51,6.02,5.8
1972-01-25,3.51,6.02,5.8
1972-01-26,3.51,6.01,5.8
1972-01-27,3.51,6.05,5.8
1972-01-28,3.51,6.08,5.8
1972-01-31,3.51,6.09,5.8
1972-02-01,3.3,6.09,5.7
1972-02-02,3.3,6.08,5.7
1972-02-03,3.3,6.08,5.7
1972-02-04,3.3,6.08,5.7
1972-02-07,3.3,6.09,5.7
1972-02-08,3.3,6.11,5.7
1972-02-09,3.3,6.12,5.7
1972-02-10,3.3,6.11,5.7
1972-02-11,3.3,6.12,5.7
1972-02-14,3.3,6.1,5.7
1972-02-15,3.3,6.1,5.7
1972-02-16,3.3,6.08,5.7
1972-02-17,3.3,6.06,5.7
1972-02-18,3.3,6.06,5.7
1972-02-21,3.3,,5.7
1972-02-22,3.3,6.06,5.7
1972-02-23,3.3,6.07,5.7
1972-02-24,3.3,6.07,5.7
1972-02-25,3.3,6.06,5.7
1972-02-28,3.3,6.04,5.7
1972-02-29,3.3,6.04,5.7
1972-03-01,3.83,6.04,5.8
1972-03-02,3.83,6.03,5.8
1972-03-03,3.83,6.02,5.8
1972-03-06,3.83,6.01,5.8
1972-03-07,3.83,6.02,5.8
1972-03-08,3.83,6.02,5.8
1972-03-09,3.83,6.02,5.8
1972-03-10,3.83,6.03,5.8
1972-03-13,3.83,6.07,5.8
1972-03-14,3.83,6.06,5.8
1972-03-15,3.83,6.11,5.8
1972-03-16,3.83,6.08,5.8
1972-03-17,3.83,6.08,5.8
1972-03-20,3.83,6.09,5.8
1972-03-21,3.83,6.08,5.8
1972-03-22,3.83,6.08,5.8
1972-03-23,3.83,6.1,5.8
1972-03-24,3.83,6.12,5.8
1972-03-27,3.83,6.1,5.8
1972-03-28,3.83,6.11,5.8
1972-03-29,3.83,6.12,5.8
1972-03-30,3.83,6.12,5.8
1972-03-31,3.83,,5.8
1972-04-01,4.17,,5.7
1972-04-03,4.17,6.14,5.7
1972-04-04,4.17,6.18,5.7
1972-04-05,4.17,6.18,5.7
1972-04-06,4.17,6.18,5.7
1972-04-07,4.17,6.18,5.7
1972-04-10,4.17,6.17,5.7
1972-04-11,4.17,6.18,5.7
1972-04-12,4.17,6.21,5.7
1972-04-13,4.17,6.25,5.7
1972-04-14,4.17,6.25,5.7
1972-04-17,4.17,6.24,5.7
1972-04-18,4.17,6.24,5.7
1972-04-19,4.17,6.22,5.7
1972-04-20,4.17,6.21,5.7
1972-04-21,4.17,6.2,5.7
1972-04-24,4.17,6.21,5.7
1972-04-25,4.17,6.21,5.7
1972-04-26,4.17,6.19,5.7
1972-04-27,4.17,6.11,5.7
1972-04-28,4.17,6.14,5.7
1972-05-01,4.27,6.14,5.7
1972-05-02,4.27,6.16,5.7
1972-05-03,4.27,6.17,5.7
1972-05-04,4.27,6.17,5.7
1972-05-05,4.27,6.17,5.7
1972-05-08,4.27,6.17,5.7
1972-05-09,4.27,6.2,5.7
1972-05-10,4.27,6.19,5.7
1972-05-11,4.27,6.19,5.7
1972-05-12,4.27,6.16,5.7
1972-05-15,4.27,6.16,5.7
1972-05-16,4.27,6.16,5.7
1972-05-17,4.27,6.15,5.7
1972-05-18,4.27,6.13,5.7
1972-05-19,4.27,6.1,5.7
1972-05-22,4.27,6.07,5.7
1972-05-23,4.27,6.05,5.7
1972-05-24,4.27,6.06,5.7
1972-05-25,4.27,6.04,5.7
1972-05-26,4.27,6.04,5.7
1972-05-29,4.27,,5.7
1972-05-30,4.27,6.05,5.7
1972-05-31,4.27,6.05,5.7
1972-06-01,4.46,6.07,5.7
1972-06-02,4.46,6.09,5.7
1972-06-05,4.46,6.1,5.7
1972-06-06,4.46,6.13,5.7
1972-06-07,4.46,6.12,5.7
1972-06-08,4.46,6.12,5.7
1972-06-09,4.46,6.11,5.7
1972-06-12,4.46,6.1,5.7
1972-06-13,4.46,6.1,5.7
1972-06-14,4.46,6.1,5.7
1972-06-15,4.46,6.1,5.7
1972-06-16,4.46,6.1,5.7
1972-06-19,4.46,6.08,5.7
1972-06-20,4.46,6.08,5.7
1972-06-21,4.46,6.09,5.7
1972-06-22,4.46,6.11,5.7
1972-06-23,4.46,6.1,5.7
1972-06-26,4.46,6.12,5.7
1972-06-27,4.46,6.12,5.7
1972-06-28,4.46,6.12,5.7
1972-06-29,4.46,6.14,5.7
1972-06-30,4.46,6.15,5.7
1972-07-01,4.55,,5.6
1972-07-03,4.55,6.14,5.6
1972-07-04,4.55,,5.6
1972-07-05,4.55,6.13,5.6
1972-07-06,4.55,6.13,5.6
1972-07-07,4.55,6.13,5.6
1972-07-10,4.55,6.13,5.6
1972-07-11,4.55,6.13,5.6
1972-07-12,4.55,6.12,5.6
1972-07-13,4.55,6.11,5.6
1972-07-14,4.55,6.1,5.6
1972-07-17,4.55,6.11,5.6
1972-07-18,4.55,6.11,5.6
1972-07-19,4.55,6.09,5.6
1972-07-20,4.55,6.09,5.6
1972-07-21,4.55,6.1,5.6
1972-07-24,4.55,6.1,5.6
1972-07-25,4.55,6.09,5.6
1972-07-26,4.55,6.08,5.6
1972-07-27,4.55,6.13,5.6
1972-07-28,4.55,6.12,5.6
1972-07-31,4.55,6.12,5.6
1972-08-01,4.81,6.14,5.6
1972-08-02,4.81,6.14,5.6
1972-08-03,4.81,6.15,5.6
1972-08-04,4.81,6.16,5.6
1972-08-07,4.81,6.16,5.6
1972-08-08,4.81,6.15,5.6
1972-08-09,4.81,6.14,5.6
1972-08-10,4.81,6.14,5.6
1972-08-11,4.81,6.14,5.6
1972-08-14,4.81,6.16,5.6
1972-08-15,4.81,6.17,5.6
1972-08-16,4.81,6.18,5.6
1972-08-17,4.81,6.2,5.6
1972-08-18,4.81,6.21,5.6
1972-08-21,4.81,6.21,5.6
1972-08-22,4.81,6.2,5.6
1972-08-23,4.81,6.22,5.6
1972-08-24,4.81,6.23,5.6
1972-08-25,4.81,6.26,5.6
1972-08-28,4.81,6.3,5.6
1972-08-29,4.81,6.34,5.6
1972-08-30,4.81,6.42,5.6
1972-08-31,4.81,6.42,5.6
1972-09-01,4.87,6.43,5.5
1972-09-04,4.87,,5.5
1972-09-05,4.87,6.46,5.5
1972-09-06,4.87,6.49,5.5
1972-09-07,4.87,6.52,5.5
1972-09-08,4.87,6.56,5.5
1972-09-11,4.87,6.54,5.5
1972-09-12,4.87,6.54,5.5
1972-09-13,4.87,6.54,5.5
1972-09-14,4.87,6.57,5.5
1972-09-15,4.87,6.56,5.5
1972-09-18,4.87,6.55,5.5
1972-09-19,4.87,6.55,5.5
1972-09-20,4.87,6.56,5.5
1972-09-21,4.87,6.59,5.5
1972-09-22,4.87,6.62,5.5
1972-09-25,4.87,6.62,5.5
1972-09-26,4.87,6.6,5.5
1972-09-27,4.87,6.59,5.5
1972-09-28,4.87,6.56,5.5
1972-09-29,4.87,6.54,5.5
1972-10-01,5.05,,5.6
1972-10-02,5.05,6.54,5.6
1972-10-03,5.05,6.54,5.6
1972-10-04,5.05,6.53,5.6
1972-10-05,5.05,6.53,5.6
1972-10-06,5.05,6.52,5.6
1972-10-09,5.05,,5.6
1972-10-10,5.05,6.48,5.6
1972-10-11,5.05,6.47,5.6
1972-10-12,5.05,6.5,5.6
1972-10-13,5.05,6.5,5.6
1972-10-16,5.05,6.49,5.6
1972-10-17,5.05,6.49,5.6
1972-10-18,5.05,6.49,5.6
1972-10-19,5.05,6.48,5.6
1972-10-20,5.05,6.47,5.6
1972-10-23,5.05,,5.6
1972-10-24,5.05,6.45,5.6
1972-10-25,5.05,6.44,5.6
1972-10-26,5.05,6.42,5.6
1972-10-27,5.05,6.42,5.6
1972-10-30,5.05,6.42,5.6
1972-10-31,5.05,6.41,5.6
1972-11-01,5.06,6.39,5.3
1972-11-02,5.06,6.34,5.3
1972-11-03,5.06,6.3,5.3
1972-11-06,5.06,6.27,5.3
1972-11-07,5.06,,5.3
1972-11-08,5.06,6.3,5.3
1972-11-09,5.06,6.3,5.3
1972-11-10,5.06,6.3,5.3
1972-11-13,5.06,6.27,5.3
1972-11-14,5.06,6.26,5.3
1972-11-15,5.06,6.23,5.3
1972-11-16,5.06,6.24,5.3
1972-11-17,5.06,6.24,5.3
1972-11-20,5.06,6.23,5.3
1972-11-21,5.06,6.26,5.3
1972-11-22,5.06,6.27,5.3
1972-11-23,5.06,,5.3
1972-11-24,5.06,6.27,5.3
1972-11-27,5.06,6.3,5.3
1972-11-28,5.06,6.29,5.3
1972-11-29,5.06,6.27,5.3
1972-11-30,5.06,6.28,5.3
1972-12-01,5.33,6.29,5.2
1972-12-04,5.33,6.3,5.2
1972-12-05,5.33,6.31,5.2
1972-12-06,5.33,6.31,5.2
1972-12-07,5.33,6.31,5.2
1972-12-08,5.33,6.32,5.2
1972-12-11,5.33,6.34,5.2
1972-12-12,5.33,6.35,5.2
1972-12-13,5.33,6.35,5.2
1972-12-14,5.33,6.35,5.2
1972-12-15,5.33,6.35,5.2
1972-12-18,5.33,6.38,5.2
1972-12-19,5.33,6.4,5.2
1972-12-20,5.33,6.4,5.2
1972-12-21,5.33,6.4,5.2
1972-12-22,5.33,6.4,5.2
1972-12-25,5.33,,5.2
1972-12-26,5.33,6.39,5.2
1972-12-27,5.33,6.4,5.2
1972-12-28,5.33,6.41,5.2
1972-12-29,5.33,6.41,5.2
1973-01-01,5.94,,4.9
1973-01-02,5.94,6.43,4.9
1973-01-03,5.94,6.42,4.9
1973-01-04,5.94,6.4,4.9
1973-01-05,5.94,6.42,4.9
1973-01-08,5.94,6.43,4.9
1973-01-09,5.94,6.42,4.9
1973-01-10,5.94,6.43,4.9
1973-01-11,5.94,6.43,4.9
1973-01-12,5.94,6.44,4.9
1973-01-15,5.94,6.44,4.9
1973-01-16,5.94,6.44,4.9
1973-01-17,5.94,6.45,4.9
1973-01-18,5.94,6.46,4.9
1973-01-19,5.94,6.49,4.9
1973-01-22,5.94,6.5,4.9
1973-01-23,5.94,6.48,4.9
1973-01-24,5.94,6.49,4.9
1973-01-25,5.94,6.51,4.9
1973-01-26,5.94,6.53,4.9
1973-01-29,5.94,6.55,4.9
1973-01-30,5.94,6.52,4.9
1973-01-31,5.94,6.54,4.9
1973-02-01,6.58,6.6,5.0
1973-02-02,6.58,6.64,5.0
1973-02-05,6.58,6.64,5.0
1973-02-06,6.58,6.64,5.0
1973-02-07,6.58,6.64,5.0
1973-02-08,6.58,6.66,5.0
1973-02-09,6.58,6.63,5.0
1973-02-12,6.58,,5.0
1973-02-13,6.58,6.61,5.0
1973-02-14,6.58,6.62,5.0
1973-02-15,6.58,6.62,5.0
1973-02-16,6.58,6.63,5.0
1973-02-19,6.58,,5.0
1973-02-20,6.58,6.66,5.0
1973-02-21,6.58,6.66,5.0
1973-02-22,6.58,6.65,5.0
1973-02-23,6.58,6.61,5.0
1973-02-26,6.58,6.65,5.0
1973-02-27,6.58,6.64,5.0
1973-02-28,6.58,6.64,5.0
1973-03-01,7.09,6.65,4.9
1973-03-02,7.09,6.67,4.9
1973-03-05,7.09,6.68,4.9
1973-03-06,7.09,6.68,4.9
1973-03-07,7.09,6.66,4.9
1973-03-08,7.09,6.67,4.9
1973-03-09,7.09,6.68,4.9
1973-03-12,7.09,6.68,4.9
1973-03-13,7.09,6.7,4.9
1973-03-14,7.09,6.71,4.9
1973-03-15,7.09,6.73,4.9
1973-03-16,7.09,6.77,4.9
1973-03-19,7.09,6.75,4.9
1973-03-20,7.09,6.76,4.9
1973-03-21,7.09,6.76,4.9
1973-03-22,7.09,6.76,4.9
1973-03-23,7.09,6.76,4.9
1973-03-26,7.09,6.73,4.9
1973-03-27,7.09,6.72,4.9
1973-03-28,7.09,6.67,4.9
1973-03-29,7.09,6.68,4.9
1973-03-30,7.09,6.73,4.9
1973-04-01,7.12,,5.0
1973-04-02,7.12,6.74,5.0
1973-04-03,7.12,6.73,5.0
1973-04-04,7.12,6.7,5.0
1973-04-05,7.12,6.68,5.0
1973-04-06,7.12,6.64,5.0
1973-04-09,7.12,6.62,5.0
1973-04-10,7.12,6.64,5.0
1973-04-11,7.12,6.65,5.0
1973-04-12,7.12,6.66,5.0
1973-04-13,7.12,6.63,5.0
1973-04-16,7.12,6.62,5.0
1973-04-17,7.12,6.64,5.0
1973-04-18,7.12,6.64,5.0
1973-04-19,7.12,6.66,5.0
1973-04-20,7.12,,5.0
1973-04-23,7.12,6.73,5.0
1973-04-24,7.12,6.66,5.0
1973-04-25,7.12,6.66,5.0
1973-04-26,7.12,6.68,5.0
1973-04-27,7.12,6.69,5.0
1973-04-30,7.12,6.7,5.0
1973-05-01,7.84,6.72,4.9
1973-05-02,7.84,6.76,4.9
1973-05-03,7.84,6.77,4.9
1973-05-04,7.84,6.79,4.9
1973-05-07,7.84,6.81,4.9
1973-05-08,7.84,6.8,4.9
1973-05-09,7.84,6.8,4.9
1973-05-10,7.84,6.81,4.9
1973-05-11,7.84,6.82,4.9
1973-05-14,7.84,6.83,4.9
1973-05-15,7.84,6.86,4.9
1973-05-16,7.84,6.84,4.9
1973-05-17,7.84,6.85,4.9
1973-05-18,7.84,6.86,4.9
1973-05-21,7.84,6.89,4.9
1973-05-22,7.84,6.9,4.9
1973-05-23,7.84,6.92,4.9
1973-05-24,7.84,6.91,4.9
1973-05-25,7.84,6.91,4.9
1973-05-28,7.84,,4.9
1973-05-29,7.84,6.93,4.9
1973-05-30,7.84,6.93,4.9
1973-05-31,7.84,6.93,4.9
1973-06-01,8.49,6.96,4.9
1973-06-04,8.49,6.98,4.9
1973-06-05,8.49,6.95,4.9
1973-06-06,8.49,6.89,4.9
1973-06-07,8.49,6.89,4.9
1973-06-08,8.49,6.87,4.9
1973-06-11,8.49,6.87,4.9
1973-06-12,8.49,6.86,4.9
1973-06-13,8.49,6.85,4.9
1973-06-14,8.49,6.85,4.9
1973-06-15,8.49,6.86,4.9
1973-06-18,8.49,6.87,4.9
1973-06-19,8.49,6.87,4.9
1973-06-20,8.49,6.89,4.9
1973-06-21,8.49,6.89,4.9
1973-06-22,8.49,6.91,4.9
1973-06-25,8.49,6.93,4.9
1973-06-26,8.49,6.93,4.9
1973-06-27,8.49,6.92,4.9
1973-06-28,8.49,6.92,4.9
1973-06-29,8.49,6.94,4.9
1973-07-01,10.4,,4.8
1973-07-02,10.4,7.01,4.8
1973-07-03,10.4,7.01,4.8
1973-07-04,10.4,,4.8
1973-07-05,10.4,7.01,4.8
1973-07-06,10.4,7.03,4.8
1973-07-09,10.4,7.05,4.8
1973-07-10,10.4,7.05,4.8
1973-07-11,10.4,7.05,4.8
1973-07-12,10.4,7.04,4.8
1973-07-13,10.4,7.05,4.8
1973-07-16,10.4,7.06,4.8
1973-07-17,10.4,7.06,4.8
1973-07-18,10.4,7.07,4.8
1973-07-19,10.4,7.11,4.8
1973-07-20,10.4,7.17,4.8
1973-07-23,10.4,7.17,4.8
1973-07-24,10.4,7.19,4.8
1973-07-25,10.4,7.19,4.8
1973-07-26,10.4,7.28,4.8
1973-07-27,10.4,7.35,4.8
1973-07-30,10.4,7.37,4.8
1973-07-31,10.4,7.43,4.8
1973-08-01,10.5,7.55,4.8
1973-08-02,10.5,7.52,4.8
1973-08-03,10.5,7.53,4.8
1973-08-06,10.5,7.54,4.8
1973-08-07,10.5,7.58,4.8
1973-08-08,10.5,7.52,4.8
1973-08-09,10.5,7.54,4.8
1973-08-10,10.5,7.52,4.8
1973-08-13,10.5,7.47,4.8
1973-08-14,10.5,7.46,4.8
1973-08-15,10.5,7.45,4.8
1973-08-16,10.5,7.37,4.8
1973-08-17,10.5,7.28,4.8
1973-08-20,10.5,7.38,4.8
1973-08-21,10.5,7.36,4.8
1973-08-22,10.5,7.39,4.8
1973-08-23,10.5,7.31,4.8
1973-08-24,10.5,7.23,4.8
1973-08-27,10.5,7.26,4.8
1973-08-28,10.5,7.29,4.8
1973-08-29,10.5,7.26,4.8
1973-08-30,10.5,7.25,4.8
1973-08-31,10.5,7.25,4.8
1973-09-01,10.78,,4.8
1973-09-03,10.78,,4.8
1973-09-04,10.78,7.21,4.8
1973-09-05,10.78,7.11,4.8
1973-09-06,10.78,7.1,4.8
1973-09-07,10.78,7.11,4.8
1973-09-10,10.78,7.16,4.8
1973-09-11,10.78,7.19,4.8
1973-09-12,10.78,7.2,4.8
1973-09-13,10.78,7.21,4.8
1973-09-14,10.78,7.21,4.8
1973-09-17,10.78,7.16,4.8
1973-09-18,10.78,7.08,4.8
1973-09-19,10.78,7.1,4.8
1973-09-20,10.78,7.09,4.8
1973-09-21,10.78,7.02,4.8
1973-09-24,10.78,7.0,4.8
1973-09-25,10.78,6.96,4.8
1973-09-26,10.78,6.97,4.8
1973-09-27,10.78,6.94,4.8
1973-09-28,10.78,6.9,4.8
1973-10-01,10.01,6.91,4.6
1973-10-02,10.01,6.89,4.6
1973-10-03,10.01,6.9,4.6
1973-10-04,10.01,6.88,4.6
1973-10-05,10.01,6.86,4.6
1973-10-08,10.01,,4.6
1973-10-09,10.01,6.78,4.6
1973-10-10,10.01,6.77,4.6
1973-10-11,10.01,6.78,4.6
1973-10-12,10.01,6.75,4.6
1973-10-15,10.01,6.77,4.6
1973-10-16,10.01,6.81,4.6
1973-10-17,10.01,6.82,4.6
1973-10-18,10.01,6.81,4.6
1973-10-19,10.01,6.8,4.6
1973-10-22,10.01,,4.6
1973-10-23,10.01,6.8,4.6
1973-10-24,10.01,6.75,4.6
1973-10-25,10.01,6.73,4.6
1973-10-26,10.01,6.72,4.6
1973-10-29,10.01,6.72,4.6
1973-10-30,10.01,6.72,4.6
1973-10-31,10.01,6.71,4.6
1973-11-01,10.03,6.71,4.8
1973-11-02,10.03,6.72,4.8
1973-11-05,10.03,6.74,4.8
1973-11-06,10.03,,4.8
1973-11-07,10.03,6.76,4.8
1973-11-08,10.03,6.77,4.8
1973-11-09,10.03,6.76,4.8
1973-11-12,10.03,6.76,4.8
1973-11-13,10.03,6.76,4.8
1973-11-14,10.03,6.79,4.8
1973-11-15,10.03,6.76,4.8
1973-11-16,10.03,6.72,4.8
1973-11-19,10.03,6.71,4.8
1973-11-20,10.03,6.72,4.8
1973-11-21,10.03,6.71,4.8
1973-11-22,10.03,,4.8
1973-11-23,10.03,6.7,4.8
1973-11-26,10.03,6.69,4.8
1973-11-27,10.03,6.7,4.8
1973-11-28,10.03,6.7,4.8
1973-11-29,10.03,6.7,4.8
1973-11-30,10.03,6.69,4.8
1973-12-01,9.95,,4.9
1973-12-03,9.95,6.69,4.9
1973-12-04,9.95,6.69,4.9
1973-12-05,9.95,6.72,4.9
1973-12-06,9.95,6.75,4.9
1973-12-07,9.95,6.74,4.9
1973-12-10,9.95,6.71,4.9
1973-12-11,9.95,6.69,4.9
1973-12-12,9.95,6.69,4.9
1973-12-13,9.95,6.68,4.9
1973-12-14,9.95,6.68,4.9
1973-12-17,9.95,6.67,4.9
1973-12-18,9.95,6.68,4.9
1973-12-19,9.95,6.71,4.9
1973-12-20,9.95,6.73,4.9
1973-12-21,9.95,6.78,4.9
1973-12-24,9.95,,4.9
1973-12-25,9.95,,4.9
1973-12-26,9.95,6.83,4.9
1973-12-27,9.95,6.88,4.9
1973-12-28,9.95,6.91,4.9
1973-12-31,9.95,6.9,4.9
1974-01-01,9.65,,5.1
1974-01-02,9.65,6.94,5.1
1974-01-03,9.65,6.96,5.1
1974-01-04,9.65,6.94,5.1
1974-01-07,9.65,6.96,5.1
1974-01-08,9.65,6.96,5.1
1974-01-09,9.65,6.96,5.1
1974-01-10,9.65,7.0,5.1
1974-01-11,9.65,7.01,5.1
1974-01-14,9.65,7.01,5.1
1974-01-15,9.65,6.99,5.1
1974-01-16,9.65,6.99,5.1
1974-01-17,9.65,6.97,5.1
1974-01-18,9.65,6.98,5.1
1974-01-21,9.65,6.99,5.1
1974-01-22,9.65,7.0,5.1
1974-01-23,9.65,7.01,5.1
1974-01-24,9.65,7.02,5.1
1974-01-25,9.65,7.02,5.1
1974-01-28,9.65,7.01,5.1
1974-01-29,9.65,7.02,5.1
1974-01-30,9.65,7.01,5.1
1974-01-31,9.65,7.0,5.1
1974-02-01,8.97,7.0,5.2
1974-02-04,8.97,6.98,5.2
1974-02-05,8.97,6.95,5.2
1974-02-06,8.97,6.93,5.2
1974-02-07,8.97,6.93,5.2
1974-02-08,8.97,6.93,5.2
1974-02-11,8.97,6.93,5.2
1974-02-12,8.97,,5.2
1974-02-13,8.97,6.93,5.2
1974-02-14,8.97,6.93,5.2
1974-02-15,8.97,6.93,5.2
1974-02-18,8.97,,5.2
1974-02-19,8.97,6.93,5.2
1974-02-20,8.97,6.96,5.2
1974-02-21,8.97,6.98,5.2
1974-02-22,8.97,6.97,5.2
1974-02-25,8.97,6.96,5.2
1974-02-26,8.97,6.98,5.2
1974-02-27,8.97,7.0,5.2
1974-02-28,8.97,7.01,5.2
1974-03-01,9.35,7.08,5.1
1974-03-04,9.35,7.09,5.1
1974-03-05,9.35,7.1,5.1
1974-03-06,9.35,7.09,5.1
1974-03-07,9.35,7.06,5.1
1974-03-08,9.35,7.06,5.1
1974-03-11,9.35,7.08,5.1
1974-03-12,9.35,7.09,5.1
1974-03-13,9.35,7.13,5.1
1974-03-14,9.35,7.13,5.1
1974-03-15,9.35,7.18,5.1
1974-03-18,9.35,7.23,5.1
1974-03-19,9.35,7.24,5.1
1974-03-20,9.35,7.27,5.1
1974-03-21,9.35,7.3,5.1
1974-03-22,9.35,7.35,5.1
1974-03-25,9.35,7.39,5.1
1974-03-26,9.35,7.38,5.1
1974-03-27,9.35,7.35,5.1
1974-03-28,9.35,7.38,5.1
1974-03-29,9.35,7.41,5.1
1974-04-01,10.51,7.42,5.1
1974-04-02,10.51,7.43,5.1
1974-04-03,10.51,7.43,5.1
1974-04-04,10.51,7.51,5.1
1974-04-05,10.51,7.54,5.1
1974-04-08,10.51,7.5,5.1
1974-04-09,10.51,7.49,5.1
1974-04-10,10.51,7.46,5.1
1974-04-11,10.51,7.45,5.1
1974-04-12,10.51,,5.1
1974-04-15,10.51,7.42,5.1
1974-04-16,10.51,7.43,5.1
1974-04-17,10.51,7.45,5.1
1974-04-18,10.51,7.5,5.1
1974-04-19,10.51,7.51,5.1
1974-04-22,10.51,7.52,5.1
1974-04-23,10.51,7.54,5.1
1974-04-24,10.51,7.58,5.1
1974-04-25,10.51,7.63,5.1
1974-04-26,10.51,7.64,5.1
1974-04-29,10.51,7.65,5.1
1974-04-30,10.51,7.66,5.1
1974-05-01,11.31,7.62,5.1
1974-05-02,11.31,7.58,5.1
1974-05-03,11.31,7.65,5.1
1974-05-06,11.31,7.65,5.1
1974-05-07,11.31,7.65,5.1
1974-05-08,11.31,7.65,5.1
1974-05-09,11.31,7.7,5.1
1974-05-10,11.31,7.63,5.1
1974-05-13,11.31,7.54,5.1
1974-05-14,11.31,7.57,5.1
1974-05-15,11.31,7.55,5.1
1974-05-16,11.31,7.54,5.1
1974-05-17,11.31,7.57,5.1
1974-05-20,11.31,7.58,5.1
1974-05-21,11.31,7.57,5.1
1974-05-22,11.31,7.56,5.1
1974-05-23,11.31,7.52,5.1
1974-05-24,11.31,7.49,5.1
1974-05-27,11.31,,5.1
1974-05-28,11.31,7.5,5.1
1974-05-29,11.31,7.52,5.1
1974-05-30,11.31,7.51,5.1
1974-05-31,11.31,7.52,5.1
1974-06-01,11.93,,5.4
1974-06-03,11.93,7.53,5.4
1974-06-04,11.93,7.52,5.4
1974-06-05,11.93,7.52,5.4
1974-06-06,11.93,7.5,5.4
1974-06-07,11.93,7.46,5.4
1974-06-10,11.93,7.47,5.4
1974-06-11,11.93,7.48,5.4
1974-06-12,11.93,7.5,5.4
1974-06-13,11.93,7.5,5.4
1974-06-14,11.93,7.5,5.4
1974-06-17,11.93,7.49,5.4
1974-06-18,11.93,7.52,5.4
1974-06-19,11.93,7.52,5.4
1974-06-20,11.93,7.55,5.4
1974-06-21,11.93,7.55,5.4
1974-06-24,11.93,7.58,5.4
1974-06-25,11.93,7.62,5.4
1974-06-26,11.93,7.62,5.4
1974-06-27,11.93,7.64,5.4
1974-06-28,11.93,7.64,5.4
1974-07-01,12.92,7.65,5.5
1974-07-02,12.92,7.65,5.5
1974-07-03,12.92,7.7,5.5
1974-07-04,12.92,,5.5
1974-07-05,12.92,7.71,5.5
1974-07-08,12.92,7.77,5.5
1974-07-09,12.92,7.81,5.5
1974-07-10,12.92,7.82,5.5
1974-07-11,12.92,7.84,5.5
1974-07-12,12.92,7.85,5.5
1974-07-15,12.92,7.86,5.5
1974-07-16,12.92,7.88,5.5
1974-07-17,12.92,7.91,5.5
1974-07-18,12.92,7.9,5.5
1974-07-19,12.92,7.87,5.5
1974-07-22,12.92,7.77,5.5
1974-07-23,12.92,7.79,5.5
1974-07-24,12.92,7.76,5.5
1974-07-25,12.92,7.75,5.5
1974-07-26,12.92,7.79,5.5
1974-07-29,12.92,7.85,5.5
1974-07-30,12.92,7.89,5.5
1974-07-31,12.92,7.89,5.5
1974-08-01,12.01,7.92,5.5
1974-08-02,12.01,7.96,5.5
1974-08-05,12.01,7.99,5.5
1974-08-06,12.01,7.97,5.5
1974-08-07,12.01,7.97,5.5
1974-08-08,12.01,7.97,5.5
1974-08-09,12.01,8.03,5.5
1974-08-12,12.01,8.05,5.5
1974-08-13,12.01,8.06,5.5
1974-08-14,12.01,8.05,5.5
1974-08-15,12.01,8.02,5.5
1974-08-16,12.01,8.0,5.5
1974-08-19,12.01,7.98,5.5
1974-08-20,12.01,7.99,5.5
1974-08-21,12.01,8.05,5.5
1974-08-22,12.01,8.09,5.5
1974-08-23,12.01,8.15,5.5
1974-08-26,12.01,8.16,5.5
1974-08-27,12.01,8.15,5.5
1974-08-28,12.01,8.15,5.5
1974-08-29,12.01,8.15,5.5
1974-08-30,12.01,8.11,5.5
1974-09-01,11.34,,5.9
1974-09-02,11.34,,5.9
1974-09-03,11.34,8.11,5.9
1974-09-04,11.34,8.12,5.9
1974-09-05,11.34,8.1,5.9
1974-09-06,11.34,8.09,5.9
1974-09-09,11.34,8.02,5.9
1974-09-10,11.34,8.04,5.9
1974-09-11,11.34,8.05,5.9
1974-09-12,11.34,8.13,5.9
1974-09-13,11.34,8.13,5.9
1974-09-16,11.34,8.1,5.9
1974-09-17,11.34,8.09,5.9
1974-09-18,11.34,8.08,5.9
1974-09-19,11.34,8.04,5.9
1974-09-20,11.34,8.02,5.9
1974-09-23,11.34,7.91,5.9
1974-09-24,11.34,7.94,5.9
1974-09-25,11.34,7.94,5.9
1974-09-26,11.34,7.96,5.9
1974-09-27,11.34,7.94,5.9
1974-09-30,11.34,7.94,5.9
1974-10-01,10.06,7.97,6.0
1974-10-02,10.06,7.98,6.0
1974-10-03,10.06,8.04,6.0
1974-10-04,10.06,8.02,6.0
1974-10-07,10.06,8.01,6.0
1974-10-08,10.06,7.95,6.0
1974-10-09,10.06,7.95,6.0
1974-10-10,10.06,7.93,6.0
1974-10-11,10.06,7.88,6.0
1974-10-14,10.06,,6.0
1974-10-15,10.06,7.87,6.0
1974-10-16,10.06,7.87,6.0
1974-10-17,10.06,7.88,6.0
1974-10-18,10.06,7.86,6.0
1974-10-21,10.06,7.81,6.0
1974-10-22,10.06,7.81,6.0
1974-10-23,10.06,7.85,6.0
1974-10-24,10.06,7.87,6.0
1974-10-25,10.06,7.86,6.0
1974-10-28,10.06,7.88,6.0
1974-10-29,10.06,7.84,6.0
1974-10-30,10.06,7.81,6.0
1974-10-31,10.06,7.79,6.0
1974-11-01,9.45,7.8,6.6
1974-11-04,9.45,7.8,6.6
1974-11-05,9.45,,6.6
1974-11-06,9.45,7.76,6.6
1974-11-07,9.45,7.74,6.6
1974-11-08,9.45,7.72,6.6
1974-11-11,9.45,,6.6
1974-11-12,9.45,7.78,6.6
1974-11-13,9.45,7.75,6.6
1974-11-14,9.45,7.72,6.6
1974-11-15,9.45,7.61,6.6
1974-11-18,9.45,7.63,6.6
1974-11-19,9.45,7.63,6.6
1974-11-20,9.45,7.59,6.6
1974-11-21,9.45,7.6,6.6
1974-11-22,9.45,7.6,6.6
1974-11-25,9.45,7.62,6.6
1974-11-26,9.45,7.63,6.6
1974-11-27,9.45,7.64,6.6
1974-11-28,9.45,,6.6
1974-11-29,9.45,7.64,6.6
1974-12-01,8.53,,7.2
1974-12-02,8.53,7.71,7.2
1974-12-03,8.53,7.74,7.2
1974-12-04,8.53,7.68,7.2
1974-12-05,8.53,7.64,7.2
1974-12-06,8.53,7.59,7.2
1974-12-09,8.53,7.4,7.2
1974-12-10,8.53,7.42,7.2
1974-12-11,8.53,7.38,7.2
1974-12-12,8.53,7.39,7.2
1974-12-13,8.53,7.38,7.2
1974-12-16,8.53,7.34,7.2
1974-12-17,8.53,7.28,7.2
1974-12-18,8.53,7.25,7.2
1974-12-19,8.53,7.25,7.2
1974-12-20,8.53,7.27,7.2
1974-12-23,8.53,7.41,7.2
1974-12-24,8.53,7.43,7.2
1974-12-25,8.53,,7.2
1974-12-26,8.53,7.37,7.2
1974-12-27,8.53,7.39,7.2
1974-12-30,8.53,7.39,7.2
1974-12-31,8.53,7.4,7.2
1975-01-01,7.13,,8.1
1975-01-02,7.13,7.42,8.1
1975-01-03,7.13,7.43,8.1
1975-01-06,7.13,7.39,8.1
1975-01-07,7.13,7.38,8.1
1975-01-08,7.13,7.39,8.1
1975-01-09,7.13,7.35,8.1
1975-01-10,7.13,7.37,8.1
1975-01-13,7.13,7.46,8.1
1975-01-14,7.13,7.49,8.1
1975-01-15,7.13,7.54,8.1
1975-01-16,7.13,7.54,8.1
1975-01-17,7.13,7.53,8.1
1975-01-20,7.13,7.59,8.1
1975-01-21,7.13,7.55,8.1
1975-01-22,7.13,7.51,8.1
1975-01-23,7.13,7.57,8.1
1975-01-24,7.13,7.64,8.1
1975-01-27,7.13,7.61,8.1
1975-01-28,7.13,7.61,8.1
1975-01-29,7.13,7.59,8.1
1975-01-30,7.13,7.54,8.1
1975-01-31,7.13,7.53,8.1
1975-02-01,6.24,,8.1
1975-02-03,6.24,7.49,8.1
1975-02-04,6.24,7.47,8.1
1975-02-05,6.24,7.35,8.1
1975-02-06,6.24,7.43,8.1
1975-02-07,6.24,7.38,8.1
1975-02-10,6.24,7.45,8.1
1975-02-11,6.24,7.42,8.1
1975-02-12,6.24,,8.1
1975-02-13,6.24,7.44,8.1
1975-02-14,6.24,7.35,8.1
1975-02-17,6.24,,8.1
1975-02-18,6.24,7.28,8.1
1975-02-19,6.24,7.26,8.1
1975-02-20,6.24,7.3,8.1
1975-02-21,6.24,7.22,8.1
1975-02-24,6.24,7.36,8.1
1975-02-25,6.24,7.43,8.1
1975-02-26,6.24,7.5,8.1
1975-02-27,6.24,7.47,8.1
1975-02-28,6.24,7.46,8.1
1975-03-01,5.54,,8.6
1975-03-03,5.54,7.5,8.6
1975-03-04,5.54,7.53,8.6
1975-03-05,5.54,7.48,8.6
1975-03-06,5.54,7.49,8.6
1975-03-07,5.54,7.52,8.6
1975-03-10,5.54,7.56,8.6
1975-03-11,5.54,7.58,8.6
1975-03-12,5.54,7.58,8.6
1975-03-13,5.54,7.56,8.6
1975-03-14,5.54,7.58,8.6
1975-03-17,5.54,7.7,8.6
1975-03-18,5.54,7.7,8.6
1975-03-19,5.54,7.8,8.6
1975-03-20,5.54,7.95,8.6
1975-03-21,5.54,7.84,8.6
1975-03-24,5.54,8.05,8.6
1975-03-25,5.54,8.03,8.6
1975-03-26,5.54,8.02,8.6
1975-03-27,5.54,8.08,8.6
1975-03-28,5.54,,8.6
1975-03-31,5.54,8.01,8.6
1975-04-01,5.49,8.08,8.8
1975-04-02,5.49,8.22,8.8
1975-04-03,5.49,8.13,8.8
1975-04-04,5.49,8.15,8.8
1975-04-07,5.49,8.26,8.8
1975-04-08,5.49,8.21,8.8
1975-04-09,5.49,8.17,8.8
1975-04-10,5.49,8.19,8.8
1975-04-11,5.49,8.22,8.8
1975-04-14,5.49,8.16,8.8
1975-04-15,5.49,8.16,8.8
1975-04-16,5.49,8.15,8.8
1975-04-17,5.49,8.21,8.8
1975-04-18,5.49,8.27,8.8
1975-04-21,5.49,8.32,8.8
1975-04-22,5.49,8.32,8.8
1975-04-23,5.49,8.27,8.8
1975-04-24,5.49,8.25,8.8
1975-04-25,5.49,8.25,8.8
1975-04-28,5.49,8.35,8.8
1975-04-29,5.49,8.34,8.8
1975-04-30,5.49,8.31,8.8
1975-05-01,5.22,8.31,9.0
1975-05-02,5.22,8.11,9.0
1975-05-05,5.22,8.08,9.0
1975-05-06,5.22,8.11,9.0
1975-05-07,5.22,8.07,9.0
1975-05-08,5.22,8.09,9.0
1975-05-09,5.22,8.08,9.0
1975-05-12,5.22,8.07,9.0
1975-05-13,5.22,8.06,9.0
1975-05-14,5.22,8.02,9.0
1975-05-15,5.22,8.02,9.0
1975-05-16,5.22,8.01,9.0
1975-05-19,5.22,8.0,9.0
1975-05-20,5.22,7.98,9.0
1975-05-21,5.22,7.98,9.0
1975-05-22,5.22,8.02,9.0
1975-05-23,5.22,8.02,9.0
1975-05-26,5.22,,9.0
1975-05-27,5.22,7.98,9.0
1975-05-28,5.22,8.02,9.0
1975-05-29,5.22,8.18,9.0
1975-05-30,5.22,8.04,9.0
1975-06-01,5.55,,8.8
1975-06-02,5.55,8.02,8.8
1975-06-03,5.55,8.0,8.8
1975-06-04,5.55,7.99,8.8
1975-06-05,5.55,7.97,8.8
1975-06-06,5.55,7.88,8.8
1975-06-09,5.55,7.78,8.8
1975-06-10,5.55,7.77,8.8
1975-06-11,5.55,7.65,8.8
1975-06-12,5.55,7.67,8.8
1975-06-13,5.55,7.69,8.8
1975-06-16,5.55,7.66,8.8
1975-06-17,5.55,7.72,8.8
1975-06-18,5.55,7.83,8.8
1975-06-19,5.55,7.8,8.8
1975-06-20,5.55,7.94,8.8
1975-06-23,5.55,7.9,8.8
1975-06-24,5.55,7.9,8.8
1975-06-25,5.55,8.02,8.8
1975-06-26,5.55,7.98,8.8
1975-06-27,5.55,7.95,8.8
1975-06-30,5.55,7.96,8.8
1975-07-01,6.1,7.97,8.6
1975-07-02,6.1,8.05,8.6
1975-07-03,6.1,8.05,8.6
1975-07-04,6.1,,8.6
1975-07-07,6.1,8.06,8.6
1975-07-08,6.1,8.01,8.6
1975-07-09,6.1,8.02,8.6
1975-07-10,6.1,8.02,8.6
1975-07-11,6.1,7.99,8.6
1975-07-14,6.1,7.99,8.6
1975-07-15,6.1,7.98,8.6
1975-07-16,6.1,8.03,8.6
1975-07-17,6.1,8.04,8.6
1975-07-18,6.1,8.06,8.6
1975-07-21,6.1,8.07,8.6
1975-07-22,6.1,8.1,8.6
1975-07-23,6.1,8.09,8.6
1975-07-24,6.1,8.09,8.6
1975-07-25,6.1,8.12,8.6
1975-07-28,6.1,8.12,8.6
1975-07-29,6.1,8.13,8.6
1975-07-30,6.1,8.16,8.6
1975-07-31,6.1,8.2,8.6
1975-08-01,6.14,8.26,8.4
1975-08-04,6.14,8.37,8.4
1975-08-05,6.14,8.37,8.4
1975-08-06,6.14,8.4,8.4
1975-08-07,6.14,8.48,8.4
1975-08-08,6.14,8.4,8.4
1975-08-11,6.14,8.38,8.4
1975-08-12,6.14,8.4,8.4
1975-08-13,6.14,8.39,8.4
1975-08-14,6.14,8.45,8.4
1975-08-15,6.14,8.48,8.4
1975-08-18,6.14,8.46,8.4
1975-08-19,6.14,8.42,8.4
1975-08-20,6.14,8.42,8.4
1975-08-21,6.14,8.48,8.4
1975-08-22,6.14,8.46,8.4
1975-08-25,6.14,8.46,8.4
1975-08-26,6.14,8.4,8.4
1975-08-27,6.14,8.37,8.4
1975-08-28,6.14,8.28,8.4
1975-08-29,6.14,8.22,8.4
1975-09-01,6.24,,8.4
1975-09-02,6.24,8.26,8.4
1975-09-03,6.24,8.29,8.4
1975-09-04,6.24,8.29,8.4
1975-09-05,6.24,8.35,8.4
1975-09-08,6.24,8.36,8.4
1975-09-09,6.24,8.4,8.4
1975-09-10,6.24,8.46,8.4
1975-09-11,6.24,8.55,8.4
1975-09-12,6.24,8.57,8.4
1975-09-15,6.24,8.58,8.4
1975-09-16,6.24,8.59,8.4
1975-09-17,6.24,8.53,8.4
1975-09-18,6.24,8.5,8.4
1975-09-19,6.24,8.42,8.4
1975-09-22,6.24,8.38,8.4
1975-09-23,6.24,8.35,8.4
1975-09-24,6.24,8.31,8.4
1975-09-25,6.24,8.38,8.4
1975-09-26,6.24,8.45,8.4
1975-09-29,6.24,8.46,8.4
1975-09-30,6.24,8.48,8.4
1975-10-01,5.82,8.47,8.4
1975-10-02,5.82,8.44,8.4
1975-10-03,5.82,8.33,8.4
1975-10-06,5.82,8.3,8.4
1975-10-07,5.82,8.33,8.4
1975-10-08,5.82,8.3,8.4
1975-10-09,5.82,8.23,8.4
1975-10-10,5.82,8.15,8.4
1975-10-13,5.82,,8.4
1975-10-14,5.82,8.19,8.4
1975-10-15,5.82,8.19,8.4
1975-10-16,5.82,8.07,8.4
1975-10-17,5.82,8.07,8.4
1975-10-20,5.82,8.07,8.4
1975-10-21,5.82,8.05,8.4
1975-10-22,5.82,8.05,8.4
1975-10-23,5.82,7.99,8.4
1975-10-24,5.82,8.0,8.4
1975-10-27,5.82,8.0,8.4
1975-10-28,5.82,7.99,8.4
1975-10-29,5.82,7.98,8.4
1975-10-30,5.82,7.92,8.4
1975-10-31,5.82,7.91,8.4
1975-11-01,5.22,,8.3
1975-11-03,5.22,7.97,8.3
1975-11-04,5.22,,8.3
1975-11-05,5.22,7.91,8.3
1975-11-06,5.22,7.94,8.3
1975-11-07,5.22,7.91,8.3
1975-11-10,5.22,7.9,8.3
1975-11-11,5.22,,8.3
1975-11-12,5.22,7.95,8.3
1975-11-13,5.22,7.97,8.3
1975-11-14,5.22,8.06,8.3
1975-11-17,5.22,8.08,8.3
1975-11-18,5.22,8.13,8.3
1975-11-19,5.22,8.14,8.3
1975-11-20,5.22,8.12,8.3
1975-11-21,5.22,8.21,8.3
1975-11-24,5.22,8.16,8.3
1975-11-25,5.22,8.16,8.3
1975-11-26,5.22,8.15,8.3
1975-11-27,5.22,,8.3
1975-11-28,5.22,8.14,8.3
1975-12-01,5.2,8.12,8.2
1975-12-02,5.2,8.1,8.2
1975-12-03,5.2,8.1,8.2
1975-12-04,5.2,8.15,8.2
1975-12-05,5.2,8.13,8.2
1975-12-08,5.2,8.19,8.2
1975-12-09,5.2,8.23,8.2
1975-12-10,5.2,8.23,8.2
1975-12-11,5.2,8.16,8.2
1975-12-12,5.2,8.12,8.2
1975-12-15,5.2,8.06,8.2
1975-12-16,5.2,8.0,8.2
1975-12-17,5.2,7.95,8.2
1975-12-18,5.2,7.96,8.2
1975-12-19,5.2,7.88,8.2
1975-12-22,5.2,7.87,8.2
1975-12-23,5.2,7.87,8.2
1975-12-24,5.2,7.82,8.2
1975-12-25,5.2,,8.2
1975-12-26,5.2,7.75,8.2
1975-12-29,5.2,7.75,8.2
1975-12-30,5.2,7.73,8.2
1975-12-31,5.2,7.76,8.2
1976-01-01,4.87,,7.9
1976-01-02,4.87,7.77,7.9
1976-01-05,4.87,7.74,7.9
1976-01-06,4.87,7.64,7.9
1976-01-07,4.87,7.69,7.9
1976-01-08,4.87,7.74,7.9
1976-01-09,4.87,7.64,7.9
1976-01-12,4.87,7.63,7.9
1976-01-13,4.87,7.64,7.9
1976-01-14,4.87,7.71,7.9
1976-01-15,4.87,7.73,7.9
1976-01-16,4.87,7.79,7.9
1976-01-19,4.87,7.76,7.9
1976-01-20,4.87,7.71,7.9
1976-01-21,4.87,7.78,7.9
1976-01-22,4.87,7.8,7.9
1976-01-23,4.87,7.78,7.9
1976-01-26,4.87,7.79,7.9
1976-01-27,4.87,7.8,7.9
1976-01-28,4.87,7.83,7.9
1976-01-29,4.87,7.82,7.9
1976-01-30,4.87,7.8,7.9
1976-02-01,4.77,,7.7
1976-02-02,4.77,7.8,7.7
1976-02-03,4.77,7.82,7.7
1976-02-04,4.77,7.85,7.7
1976-02-05,4.77,7.83,7.7
1976-02-06,4.77,7.88,7.7
1976-02-09,4.77,7.86,7.7
1976-02-10,4.77,7.88,7.7
1976-02-11,4.77,7.85,7.7
1976-02-12,4.77,,7.7
1976-02-13,4.77,7.82,7.7
1976-02-16,4.77,,7.7
1976-02-17,4.77,7.78,7.7
1976-02-18,4.77,7.79,7.7
1976-02-19,4.77,7.8,7.7
1976-02-20,4.77,7.77,7.7
1976-02-23,4.77,7.72,7.7
1976-02-24,4.77,7.69,7.7
1976-02-25,4.77,7.68,7.7
1976-02-26,4.77,7.68,7.7
1976-02-27,4.77,7.77,7.7
1976-03-01,4.84,7.86,7.6
1976-03-02,4.84,7.82,7.6
1976-03-03,4.84,7.82,7.6
1976-03-04,4.84,7.85,7.6
1976-03-05,4.84,7.8,7.6
1976-03-08,4.84,7.76,7.6
1976-03-09,4.84,7.78,7.6
1976-03-10,4.84,7.76,7.6
1976-03-11,4.84,7.77,7.6
1976-03-12,4.84,7.71,7.6
1976-03-15,4.84,7.74,7.6
1976-03-16,4.84,7.76,7.6
1976-03-17,4.84,7.76,7.6
1976-03-18,4.84,7.73,7.6
1976-03-19,4.84,7.74,7.6
1976-03-22,4.84,7.68,7.6
1976-03-23,4.84,7.67,7.6
1976-03-24,4.84,7.65,7.6
1976-03-25,4.84,7.64,7.6
1976-03-26,4.84,7.64,7.6
1976-03-29,4.84,7.64,7.6
1976-03-30,4.84,7.65,7.6
1976-03-31,4.84,7.66,7.6
1976-04-01,4.82,7.68,7.7
1976-04-02,4.82,7.67,7.7
1976-04-05,4.82,7.62,7.7
1976-04-06,4.82,7.59,7.7
1976-04-07,4.82,7.56,7.7
1976-04-08,4.82,7.55,7.7
1976-04-09,4.82,7.52,7.7
1976-04-12,4.82,7.52,7.7
1976-04-13,4.82,7.5,7.7
1976-04-14,4.82,7.47,7.7
1976-04-15,4.82,7.47,7.7
1976-04-16,4.82,,7.7
1976-04-19,4.82,7.51,7.7
1976-04-20,4.82,7.5,7.7
1976-04-21,4.82,7.47,7.7
1976-04-22,4.82,7.52,7.7
1976-04-23,4.82,7.59,7.7
1976-04-26,4.82,7.61,7.7
1976-04-27,4.82,7.62,7.7
1976-04-28,4.82,7.6,7.7
1976-04-29,4.82,7.61,7.7
1976-04-30,4.82,7.67,7.7
1976-05-01,5.29,,7.4
1976-05-03,5.29,7.69,7.4
1976-05-04,5.29,7.66,7.4
1976-05-05,5.29,7.68,7.4
1976-05-06,5.29,7.78,7.4
1976-05-07,5.29,7.87,7.4
1976-05-10,5.29,7.92,7.4
1976-05-11,5.29,7.92,7.4
1976-05-12,5.29,7.94,7.4
1976-05-13,5.29,7.92,7.4
1976-05-14,5.29,7.93,7.4
1976-05-17,5.29,7.94,7.4
1976-05-18,5.29,7.94,7.4
1976-05-19,5.29,7.94,7.4
1976-05-20,5.29,7.95,7.4
1976-05-21,5.29,8.0,7.4
1976-05-24,5.29,7.98,7.4
1976-05-25,5.29,7.94,7.4
1976-05-26,5.29,7.95,7.4
1976-05-27,5.29,7.99,7.4
1976-05-28,5.29,7.96,7.4
1976-05-31,5.29,,7.4
1976-06-01,5.48,7.94,7.6
1976-06-02,5.48,7.94,7.6
1976-06-03,5.48,7.92,7.6
1976-06-04,5.48,7.89,7.6
1976-06-07,5.48,7.88,7.6
1976-06-08,5.48,7.9,7.6
1976-06-09,5.48,7.9,7.6
1976-06-10,5.48,7.86,7.6
1976-06-11,5.48,7.86,7.6
1976-06-14,5.48,7.84,7.6
1976-06-15,5.48,7.85,7.6
1976-06-16,5.48,7.87,7.6
1976-06-17,5.48,7.85,7.6
1976-06-18,5.48,7.81,7.6
1976-06-21,5.48,7.8,7.6
1976-06-22,5.48,7.81,7.6
1976-06-23,5.48,7.81,7.6
1976-06-24,5.48,7.81,7.6
1976-06-25,5.48,7.83,7.6
1976-06-28,5.48,7.86,7.6
1976-06-29,5.48,7.86,7.6
1976-06-30,5.48,7.86,7.6
1976-07-01,5.31,7.88,7.8
1976-07-02,5.31,7.84,7.8
1976-07-05,5.31,,7.8
1976-07-06,5.31,7.82,7.8
1976-07-07,5.31,7.84,7.8
1976-07-08,5.31,7.82,7.8
1976-07-09,5.31,7.78,7.8
1976-07-12,5.31,7.76,7.8
1976-07-13,5.31,7.77,7.8
1976-07-14,5.31,7.79,7.8
1976-07-15,5.31,7.77,7.8
1976-07-16,5.31,7.83,7.8
1976-07-19,5.31,7.86,7.8
1976-07-20,5.31,7.87,7.8
1976-07-21,5.31,7.86,7.8
1976-07-22,5.31,7.86,7.8
1976-07-23,5.31,7.84,7.8
1976-07-26,5.31,7.87,7.8
1976-07-27,5.31,7.85,7.8
1976-07-28,5.31,7.85,7.8
1976-07-29,5.31,7.85,7.8
1976-07-30,5.31,7.86,7.8
1976-08-01,5.29,,7.8
1976-08-02,5.29,7.85,7.8
1976-08-03,5.29,7.82,7.8
1976-08-04,5.29,7.81,7.8
1976-08-05,5.29,7.82,7.8
1976-08-06,5.29,7.84,7.8
1976-08-09,5.29,7.84,7.8
1976-08-10,5.29,7.84,7.8
1976-08-11,5.29,7.82,7.8
1976-08-12,5.29,7.81,7.8
1976-08-13,5.29,7.78,7.8
1976-08-16,5.29,7.74,7.8
1976-08-17,5.29,7.75,7.8
1976-08-18,5.29,7.76,7.8
1976-08-19,5.29,7.76,7.8
1976-08-20,5.29,7.76,7.8
1976-08-23,5.29,7.73,7.8
1976-08-24,5.29,7.72,7.8
1976-08-25,5.29,7.69,7.8
1976-08-26,5.29,7.68,7.8
1976-08-27,5.29,7.72,7.8
1976-08-30,5.29,7.71,7.8
1976-08-31,5.29,7.66,7.8
1976-09-01,5.25,7.64,7.6
1976-09-02,5.25,7.67,7.6
1976-09-03,5.25,7.65,7.6
1976-09-06,5.25,,7.6
1976-09-07,5.25,7.64,7.6
1976-09-08,5.25,7.64,7.6
1976-09-09,5.25,7.66,7.6
1976-09-10,5.25,7.64,7.6
1976-09-13,5.25,7.64,7.6
1976-09-14,5.25,7.64,7.6
1976-09-15,5.25,7.62,7.6
1976-09-16,5.25,7.6,7.6
1976-09-17,5.25,7.49,7.6
1976-09-20,5.25,7.52,7.6
1976-09-21,5.25,7.51,7.6
1976-09-22,5.25,7.53,7.6
1976-09-23,5.25,7.54,7.6
1976-09-24,5.25,7.58,7.6
1976-09-27,5.25,7.6,7.6
1976-09-28,5.25,7.56,7.6
1976-09-29,5.25,7.56,7.6
1976-09-30,5.25,7.55,7.6
1976-10-01,5.02,7.49,7.7
1976-10-04,5.02,7.46,7.7
1976-10-05,5.02,7.47,7.7
1976-10-06,5.02,7.44,7.7
1976-10-07,5.02,7.43,7.7
1976-10-08,5.02,7.38,7.7
1976-10-11,5.02,,7.7
1976-10-12,5.02,7.35,7.7
1976-10-13,5.02,7.35,7.7
1976-10-14,5.02,7.34,7.7
1976-10-15,5.02,7.31,7.7
1976-10-18,5.02,7.31,7.7
1976-10-19,5.02,7.35,7.7
1976-10-20,5.02,7.38,7.7
1976-10-21,5.02,7.39,7.7
1976-10-22,5.02,7.48,7.7
1976-10-25,5.02,7.53,7.7
1976-10-26,5.02,7.48,7.7
1976-10-27,5.02,7.45,7.7
1976-10-28,5.02,7.41,7.7
1976-10-29,5.02,7.42,7.7
1976-11-01,4.95,7.38,7.8
1976-11-02,4.95,,7.8
1976-11-03,4.95,7.44,7.8
1976-11-04,4.95,7.38,7.8
1976-11-05,4.95,7.41,7.8
1976-11-08,4.95,7.46,7.8
1976-11-09,4.95,7.46,7.8
1976-11-10,4.95,7.45,7.8
1976-11-11,4.95,,7.8
1976-11-12,4.95,7.43,7.8
1976-11-15,4.95,7.41,7.8
1976-11-16,4.95,7.33,7.8
1976-11-17,4.95,7.32,7.8
1976-11-18,4.95,7.33,7.8
1976-11-19,4.95,7.24,7.8
1976-11-22,4.95,7.17,7.8
1976-11-23,4.95,7.16,7.8
1976-11-24,4.95,7.14,7.8
1976-11-25,4.95,,7.8
1976-11-26,4.95,6.99,7.8
1976-11-29,4.95,7.02,7.8
1976-11-30,4.95,7.01,7.8
1976-12-01,4.65,6.97,7.8
1976-12-02,4.65,6.92,7.8
1976-12-03,4.65,6.86,7.8
1976-12-06,4.65,6.87,7.8
1976-12-07,4.65,6.88,7.8
1976-12-08,4.65,6.91,7.8
1976-12-09,4.65,6.92,7.8
1976-12-10,4.65,6.82,7.8
1976-12-13,4.65,6.9,7.8
1976-12-14,4.65,6.89,7.8
1976-12-15,4.65,6.88,7.8
1976-12-16,4.65,6.88,7.8
1976-12-17,4.65,6.88,7.8
1976-12-20,4.65,6.84,7.8
1976-12-21,4.65,6.85,7.8
1976-12-22,4.65,6.86,7.8
1976-12-23,4.65,6.84,7.8
1976-12-24,4.65,,7.8
1976-12-27,4.65,6.84,7.8
1976-12-28,4.65,6.86,7.8
1976-12-29,4.65,6.84,7.8
1976-12-30,4.65,6.8,7.8
1976-12-31,4.65,6.81,7.8
1977-01-01,4.61,,7.5
1977-01-03,4.61,6.84,7.5
1977-01-04,4.61,6.9,7.5
1977-01-05,4.61,6.88,7.5
1977-01-06,4.61,6.93,7.5
1977-01-07,4.61,7.07,7.5
1977-01-10,4.61,7.2,7.5
1977-01-11,4.61,7.28,7.5
1977-01-12,4.61,7.26,7.5
1977-01-13,4.61,7.18,7.5
1977-01-14,4.61,7.28,7.5
1977-01-17,4.61,7.28,7.5
1977-01-18,4.61,7.34,7.5
1977-01-19,4.61,7.28,7.5
1977-01-20,4.61,7.26,7.5
1977-01-21,4.61,7.28,7.5
1977-01-24,4.61,7.34,7.5
1977-01-25,4.61,7.32,7.5
1977-01-26,4.61,7.33,7.5
1977-01-27,4.61,7.43,7.5
1977-01-28,4.61,7.4,7.5
1977-01-31,4.61,7.4,7.5
1977-02-01,4.68,7.41,7.6
1977-02-02,4.68,7.47,7.6
1977-02-03,4.68,7.46,7.6
1977-02-04,4.68,7.28,7.6
1977-02-07,4.68,7.34,7.6
1977-02-08,4.68,7.35,7.6
1977-02-09,4.68,7.34,7.6
1977-02-10,4.68,7.34,7.6
1977-02-11,4.68,7.36,7.6
1977-02-14,4.68,7.38,7.6
1977-02-15,4.68,7.36,7.6
1977-02-16,4.68,7.34,7.6
1977-02-17,4.68,7.26,7.6
1977-02-18,4.68,7.41,7.6
1977-02-21,4.68,,7.6
1977-02-22,4.68,7.42,7.6
1977-02-23,4.68,7.48,7.6
1977-02-24,4.68,7.5,7.6
1977-02-25,4.68,7.48,7.6
1977-02-28,4.68,7.45,7.6
1977-03-01,4.69,7.49,7.4
1977-03-02,4.69,7.45,7.4
1977-03-03,4.69,7.43,7.4
1977-03-04,4.69,7.48,7.4
1977-03-07,4.69,7.5,7.4
1977-03-08,4.69,7.52,7.4
1977-03-09,4.69,7.5,7.4
1977-03-10,4.69,7.49,7.4
1977-03-11,4.69,7.44,7.4
1977-03-14,4.69,7.45,7.4
1977-03-15,4.69,7.44,7.4
1977-03-16,4.69,7.44,7.4
1977-03-17,4.69,7.47,7.4
1977-03-18,4.69,7.44,7.4
1977-03-21,4.69,7.43,7.4
1977-03-22,4.69,7.43,7.4
1977-03-23,4.69,7.44,7.4
1977-03-24,4.69,7.46,7.4
1977-03-25,4.69,7.48,7.4
1977-03-28,4.69,7.47,7.4
1977-03-29,4.69,7.47,7.4
1977-03-30,4.69,7.44,7.4
1977-03-31,4.69,7.42,7.4
1977-04-01,4.73,7.43,7.2
1977-04-04,4.73,7.44,7.2
1977-04-05,4.73,7.47,7.2
1977-04-06,4.73,7.46,7.2
1977-04-07,4.73,7.43,7.2
1977-04-08,4.73,,7.2
1977-04-11,4.73,7.39,7.2
1977-04-12,4.73,7.39,7.2
1977-04-13,4.73,7.36,7.2
1977-04-14,4.73,7.22,7.2
1977-04-15,4.73,7.25,7.2
1977-04-18,4.73,7.25,7.2
1977-04-19,4.73,7.3,7.2
1977-04-20,4.73,7.32,7.2
1977-04-21,4.73,7.33,7.2
1977-04-22,4.73,7.36,7.2
1977-04-25,4.73,7.4,7.2
1977-04-26,4.73,7.38,7.2
1977-04-27,4.73,7.38,7.2
1977-04-28,4.73,7.4,7.2
1977-04-29,4.73,7.45,7.2
1977-05-01,5.35,,7.0
1977-05-02,5.35,7.45,7.0
1977-05-03,5.35,7.44,7.0
1977-05-04,5.35,7.45,7.0
1977-05-05,5.35,7.47,7.0
1977-05-06,5.35,7.5,7.0
1977-05-09,5.35,7.5,7.0
1977-05-10,5.35,7.52,7.0
1977-05-11,5.35,7.52,7.0
1977-05-12,5.35,7.5,7.0
1977-05-13,5.35,7.48,7.0
1977-05-16,5.35,7.46,7.0
1977-05-17,5.35,7.45,7.0
1977-05-18,5.35,7.43,7.0
1977-05-19,5.35,7.49,7.0
1977-05-20,5.35,7.49,7.0
1977-05-23,5.35,7.46,7.0
1977-05-24,5.35,7.41,7.0
1977-05-25,5.35,7.39,7.0
1977-05-26,5.35,7.42,7.0
1977-05-27,5.35,7.38,7.0
1977-05-30,5.35,,7.0
1977-05-31,5.35,7.38,7.0
1977-06-01,5.39,7.38,7.2
1977-06-02,5.39,7.39,7.2
1977-06-03,5.39,7.36,7.2
1977-06-06,5.39,7.37,7.2
1977-06-07,5.39,7.36,7.2
1977-06-08,5.39,7.36,7.2
1977-06-09,5.39,7.35,7.2
1977-06-10,5.39,7.3,7.2
1977-06-13,5.39,7.27,7.2
1977-06-14,5.39,7.22,7.2
1977-06-15,5.39,7.23,7.2
1977-06-16,5.39,7.24,7.2
1977-06-17,5.39,7.24,7.2
1977-06-20,5.39,7.27,7.2
1977-06-21,5.39,7.26,7.2
1977-06-22,5.39,7.25,7.2
1977-06-23,5.39,7.26,7.2
1977-06-24,5.39,7.2,7.2
1977-06-27,5.39,7.2,7.2
1977-06-28,5.39,7.16,7.2
1977-06-29,5.39,7.19,7.2
1977-06-30,5.39,7.2,7.2
1977-07-01,5.42,7.34,6.9
1977-07-04,5.42,,6.9
1977-07-05,5.42,7.35,6.9
1977-07-06,5.42,7.37,6.9
1977-07-07,5.42,7.29,6.9
1977-07-08,5.42,7.31,6.9
1977-07-11,5.42,7.33,6.9
1977-07-12,5.42,7.32,6.9
1977-07-13,5.42,7.28,6.9
1977-07-14,5.42,,6.9
1977-07-15,5.42,7.31,6.9
1977-07-18,5.42,7.34,6.9
1977-07-19,5.42,7.33,6.9
1977-07-20,5.42,7.32,6.9
1977-07-21,5.42,7.32,6.9
1977-07-22,5.42,7.31,6.9
1977-07-25,5.42,7.28,6.9
1977-07-26,5.42,7.28,6.9
1977-07-27,5.42,7.36,6.9
1977-07-28,5.42,7.41,6.9
1977-07-29,5.42,7.42,6.9
1977-08-01,5.9,7.43,7.0
1977-08-02,5.9,7.44,7.0
1977-08-03,5.9,7.42,7.0
1977-08-04,5.9,7.43,7.0
1977-08-05,5.9,7.42,7.0
1977-08-08,5.9,7.41,7.0
1977-08-09,5.9,7.45,7.0
1977-08-10,5.9,7.46,7.0
1977-08-11,5.9,7.47,7.0
1977-08-12,5.9,7.48,7.0
1977-08-15,5.9,7.48,7.0
1977-08-16,5.9,7.48,7.0
1977-08-17,5.9,7.44,7.0
1977-08-18,5.9,7.42,7.0
1977-08-19,5.9,7.4,7.0
1977-08-22,5.9,7.39,7.0
1977-08-23,5.9,7.36,7.0
1977-08-24,5.9,7.35,7.0
1977-08-25,5.9,7.32,7.0
1977-08-26,5.9,7.27,7.0
1977-08-29,5.9,7.25,7.0
1977-08-30,5.9,7.27,7.0
1977-08-31,5.9,7.28,7.0
1977-09-01,6.14,7.3,6.8
1977-09-02,6.14,7.24,6.8
1977-09-05,6.14,,6.8
1977-09-06,6.14,7.24,6.8
1977-09-07,6.14,7.26,6.8
1977-09-08,6.14,7.28,6.8
1977-09-09,6.14,7.36,6.8
1977-09-12,6.14,7.38,6.8
1977-09-13,6.14,7.37,6.8
1977-09-14,6.14,7.34,6.8
1977-09-15,6.14,7.33,6.8
1977-09-16,6.14,7.32,6.8
1977-09-19,6.14,7.32,6.8
1977-09-20,6.14,7.36,6.8
1977-09-21,6.14,7.36,6.8
1977-09-22,6.14,7.39,6.8
1977-09-23,6.14,7.39,6.8
1977-09-26,6.14,7.42,6.8
1977-09-27,6.14,7.38,6.8
1977-09-28,6.14,7.38,6.8
1977-09-29,6.14,7.39,6.8
1977-09-30,6.14,7.41,6.8
1977-10-01,6.47,,6.8
1977-10-03,6.47,7.41,6.8
1977-10-04,6.47,7.4,6.8
1977-10-05,6.47,7.4,6.8
1977-10-06,6.47,7.44,6.8
1977-10-07,6.47,7.48,6.8
1977-10-10,6.47,,6.8
1977-10-11,6.47,7.54,6.8
1977-10-12,6.47,7.54,6.8
1977-10-13,6.47,7.54,6.8
1977-10-14,6.47,7.54,6.8
1977-10-17,6.47,7.55,6.8
1977-10-18,6.47,7.55,6.8
1977-10-19,6.47,7.54,6.8
1977-10-20,6.47,7.54,6.8
1977-10-21,6.47,7.55,6.8
1977-10-24,6.47,7.56,6.8
1977-10-25,6.47,7.58,6.8
1977-10-26,6.47,7.57,6.8
1977-10-27,6.47,7.56,6.8
1977-10-28,6.47,7.56,6.8
1977-10-31,6.47,7.62,6.8
1977-11-01,6.51,7.63,6.8
1977-11-02,6.51,7.69,6.8
1977-11-03,6.51,7.68,6.8
1977-11-04,6.51,7.64,6.8
1977-11-07,6.51,7.62,6.8
1977-11-08,6.51,,6.8
1977-11-09,6.51,7.6,6.8
1977-11-10,6.51,7.59,6.8
1977-11-11,6.51,,6.8
1977-11-14,6.51,7.56,6.8
1977-11-15,6.51,7.56,6.8
1977-11-16,6.51,7.55,6.8
1977-11-17,6.51,7.54,6.8
1977-11-18,6.51,7.54,6.8
1977-11-21,6.51,7.56,6.8
1977-11-22,6.51,7.54,6.8
1977-11-23,6.51,7.52,6.8
1977-11-24,6.51,,6.8
1977-11-25,6.51,7.52,6.8
1977-11-28,6.51,7.53,6.8
1977-11-29,6.51,7.55,6.8
1977-11-30,6.51,7.55,6.8
1977-12-01,6.56,7.58,6.4
1977-12-02,6.56,7.59,6.4
1977-12-05,6.56,7.6,6.4
1977-12-06,6.56,7.63,6.4
1977-12-07,6.56,7.63,6.4
1977-12-08,6.56,7.64,6.4
1977-12-09,6.56,7.63,6.4
1977-12-12,6.56,7.64,6.4
1977-12-13,6.56,7.65,6.4
1977-12-14,6.56,7.66,6.4
1977-12-15,6.56,7.67,6.4
1977-12-16,6.56,7.67,6.4
1977-12-19,6.56,7.69,6.4
1977-12-20,6.56,7.74,6.4
1977-12-21,6.56,7.72,6.4
1977-12-22,6.56,7.75,6.4
1977-12-23,6.56,7.75,6.4
1977-12-26,6.56,,6.4
1977-12-27,6.56,7.77,6.4
1977-12-28,6.56,7.78,6.4
1977-12-29,6.56,7.82,6.4
1977-12-30,6.56,7.78,6.4
1978-01-01,6.7,,6.4
1978-01-02,6.7,,6.4
1978-01-03,6.7,7.83,6.4
1978-01-04,6.7,7.82,6.4
1978-01-05,6.7,7.83,6.4
1978-01-06,6.7,7.85,6.4
1978-01-09,6.7,8.01,6.4
1978-01-10,6.7,8.02,6.4
1978-01-11,6.7,8.03,6.4
1978-01-12,6.7,8.02,6.4
1978-01-13,6.7,7.98,6.4
1978-01-16,6.7,7.98,6.4
1978-01-17,6.7,7.98,6.4
1978-01-18,6.7,7.98,6.4
1978-01-19,6.7,7.97,6.4
1978-01-20,6.7,7.97,6.4
1978-01-23,6.7,7.97,6.4
1978-01-24,6.7,7.99,6.4
1978-01-25,6.7,8.0,6.4
1978-01-26,6.7,7.98,6.4
1978-01-27,6.7,7.97,6.4
1978-01-30,6.7,7.96,6.4
1978-01-31,6.7,7.94,6.4
1978-02-01,6.78,7.96,6.3
1978-02-02,6.78,7.96,6.3
1978-02-03,6.78,7.97,6.3
1978-02-06,6.78,7.99,6.3
1978-02-07,6.78,7.99,6.3
1978-02-08,6.78,8.0,6.3
1978-02-09,6.78,8.01,6.3
1978-02-10,6.78,8.02,6.3
1978-02-13,6.78,,6.3
1978-02-14,6.78,8.05,6.3
1978-02-15,6.78,8.08,6.3
1978-02-16,6.78,8.1,6.3
1978-02-17,6.78,8.09,6.3
1978-02-20,6.78,,6.3
1978-02-21,6.78,8.1,6.3
1978-02-22,6.78,8.1,6.3
1978-02-23,6.78,8.08,6.3
1978-02-24,6.78,8.04,6.3
1978-02-27,6.78,8.02,6.3
1978-02-28,6.78,8.04,6.3
1978-03-01,6.79,8.05,6.3
1978-03-02,6.79,8.04,6.3
1978-03-03,6.79,8.04,6.3
1978-03-06,6.79,8.05,6.3
1978-03-07,6.79,8.03,6.3
1978-03-08,6.79,8.03,6.3
1978-03-09,6.79,8.02,6.3
1978-03-10,6.79,8.0,6.3
1978-03-13,6.79,7.99,6.3
1978-03-14,6.79,7.99,6.3
1978-03-15,6.79,8.0,6.3
1978-03-16,6.79,8.0,6.3
1978-03-17,6.79,8.0,6.3
1978-03-20,6.79,7.97,6.3
1978-03-21,6.79,7.97,6.3
1978-03-22,6.79,7.98,6.3
1978-03-23,6.79,8.01,6.3
1978-03-24,6.79,,6.3
1978-03-27,6.79,8.12,6.3
1978-03-28,6.79,8.12,6.3
1978-03-29,6.79,8.11,6.3
1978-03-30,6.79,8.12,6.3
1978-03-31,6.79,8.15,6.3
1978-04-01,6.89,,6.1
1978-04-03,6.89,8.13,6.1
1978-04-04,6.89,8.12,6.1
1978-04-05,6.89,8.14,6.1
1978-04-06,6.89,8.16,6.1
1978-04-07,6.89,8.14,6.1
1978-04-10,6.89,8.15,6.1
1978-04-11,6.89,8.16,6.1
1978-04-12,6.89,8.16,6.1
1978-04-13,6.89,8.15,6.1
1978-04-14,6.89,8.12,6.1
1978-04-17,6.89,8.08,6.1
1978-04-18,6.89,8.08,6.1
1978-04-19,6.89,8.13,6.1
1978-04-20,6.89,8.14,6.1
1978-04-21,6.89,8.16,6.1
1978-04-24,6.89,8.18,6.1
1978-04-25,6.89,8.18,6.1
1978-04-26,6.89,8.22,6.1
1978-04-27,6.89,8.24,6.1
1978-04-28,6.89,8.24,6.1
1978-05-01,7.36,8.24,6.0
1978-05-02,7.36,8.25,6.0
1978-05-03,7.36,8.28,6.0
1978-05-04,7.36,8.27,6.0
1978-05-05,7.36,8.34,6.0
1978-05-08,7.36,8.35,6.0
1978-05-09,7.36,8.34,6.0
1978-05-10,7.36,8.34,6.0
1978-05-11,7.36,8.34,6.0
1978-05-12,7.36,8.36,6.0
1978-05-15,7.36,8.35,6.0
1978-05-16,7.36,8.34,6.0
1978-05-17,7.36,8.33,6.0
1978-05-18,7.36,8.37,6.0
1978-05-19,7.36,8.38,6.0
1978-05-22,7.36,8.38,6.0
1978-05-23,7.36,8.37,6.0
1978-05-24,7.36,8.39,6.0
1978-05-25,7.36,8.4,6.0
1978-05-26,7.36,8.42,6.0
1978-05-29,7.36,,6.0
1978-05-30,7.36,,6.0
1978-05-31,7.36,8.42,6.0
1978-06-01,7.6,8.41,5.9
1978-06-02,7.6,8.39,5.9
1978-06-05,7.6,8.38,5.9
1978-06-06,7.6,8.37,5.9
1978-06-07,7.6,8.37,5.9
1978-06-08,7.6,8.38,5.9
1978-06-09,7.6,8.41,5.9
1978-06-12,7.6,8.4,5.9
1978-06-13,7.6,8.41,5.9
1978-06-14,7.6,8.41,5.9
1978-06-15,7.6,8.41,5.9
1978-06-16,7.6,8.43,5.9
1978-06-19,7.6,8.45,5.9
1978-06-20,7.6,8.47,5.9
1978-06-21,7.6,8.5,5.9
1978-06-22,7.6,8.5,5.9
1978-06-23,7.6,8.55,5.9
1978-06-26,7.6,8.59,5.9
1978-06-27,7.6,8.58,5.9
1978-06-28,7.6,8.57,5.9
1978-06-29,7.6,8.57,5.9
1978-06-30,7.6,8.62,5.9
1978-07-01,7.81,,6.2
1978-07-03,7.81,8.59,6.2
1978-07-04,7.81,,6.2
1978-07-05,7.81,8.62,6.2
1978-07-06,7.81,8.62,6.2
1978-07-07,7.81,8.66,6.2
1978-07-10,7.81,8.68,6.2
1978-07-11,7.81,8.68,6.2
1978-07-12,7.81,8.67,6.2
1978-07-13,7.81,8.68,6.2
1978-07-14,7.81,8.68,6.2
1978-07-17,7.81,8.65,6.2
1978-07-18,7.81,8.63,6.2
1978-07-19,7.81,8.62,6.2
1978-07-20,7.81,8.66,6.2
1978-07-21,7.81,8.67,6.2
1978-07-24,7.81,8.67,6.2
1978-07-25,7.81,8.67,6.2
1978-07-26,7.81,8.66,6.2
1978-07-27,7.81,8.58,6.2
1978-07-28,7.81,8.55,6.2
1978-07-31,7.81,8.56,6.2
1978-08-01,8.04,8.54,5.9
1978-08-02,8.04,8.44,5.9
1978-08-03,8.04,8.39,5.9
1978-08-04,8.04,8.38,5.9
1978-08-07,8.04,8.36,5.9
1978-08-08,8.04,8.35,5.9
1978-08-09,8.04,8.34,5.9
1978-08-10,8.04,8.45,5.9
1978-08-11,8.04,8.44,5.9
1978-08-14,8.04,8.45,5.9
1978-08-15,8.04,8.46,5.9
1978-08-16,8.04,8.55,5.9
1978-08-17,8.04,8.48,5.9
1978-08-18,8.04,8.46,5.9
1978-08-21,8.04,8.41,5.9
1978-08-22,8.04,8.41,5.9
1978-08-23,8.04,8.32,5.9
1978-08-24,8.04,8.35,5.9
1978-08-25,8.04,8.34,5.9
1978-08-28,8.04,8.35,5.9
1978-08-29,8.04,8.37,5.9
1978-08-30,8.04,8.42,5.9
1978-08-31,8.04,8.39,5.9
1978-09-01,8.45,8.38,6.0
1978-09-04,8.45,,6.0
1978-09-05,8.45,8.34,6.0
1978-09-06,8.45,8.35,6.0
1978-09-07,8.45,8.34,6.0
1978-09-08,8.45,8.34,6.0
1978-09-11,8.45,8.31,6.0
1978-09-12,8.45,8.29,6.0
1978-09-13,8.45,8.3,6.0
1978-09-14,8.45,8.32,6.0
1978-09-15,8.45,8.35,6.0
1978-09-18,8.45,8.37,6.0
1978-09-19,8.45,8.38,6.0
1978-09-20,8.45,8.46,6.0
1978-09-21,8.45,8.51,6.0
1978-09-22,8.45,8.56,6.0
1978-09-25,8.45,8.56,6.0
1978-09-26,8.45,8.53,6.0
1978-09-27,8.45,8.54,6.0
1978-09-28,8.45,8.54,6.0
1978-09-29,8.45,8.56,6.0
1978-10-01,8.96,,5.8
1978-10-02,8.96,8.58,5.8
1978-10-03,8.96,8.57,5.8
1978-10-04,8.96,8.59,5.8
1978-10-05,8.96,8.6,5.8
1978-10-06,8.96,8.58,5.8
1978-10-09,8.96,,5.8
1978-10-10,8.96,8.58,5.8
1978-10-11,8.96,8.56,5.8
1978-10-12,8.96,8.51,5.8
1978-10-13,8.96,8.52,5.8
1978-10-16,8.96,8.59,5.8
1978-10-17,8.96,8.6,5.8
1978-10-18,8.96,8.62,5.8
1978-10-19,8.96,8.64,5.8
1978-10-20,8.96,8.66,5.8
1978-10-23,8.96,8.66,5.8
1978-10-24,8.96,8.64,5.8
1978-10-25,8.96,8.65,5.8
1978-10-26,8.96,8.72,5.8
1978-10-27,8.96,8.78,5.8
1978-10-30,8.96,8.88,5.8
1978-10-31,8.96,8.96,5.8
1978-11-01,9.76,8.66,5.9
1978-11-02,9.76,8.73,5.9
1978-11-03,9.76,8.86,5.9
1978-11-06,9.76,8.85,5.9
1978-11-07,9.76,,5.9
1978-11-08,9.76,8.86,5.9
1978-11-09,9.76,8.87,5.9
1978-11-10,9.76,8.86,5.9
1978-11-13,9.76,8.83,5.9
1978-11-14,9.76,8.82,5.9
1978-11-15,9.76,8.76,5.9
1978-11-16,9.76,8.72,5.9
1978-11-17,9.76,8.72,5.9
1978-11-20,9.76,8.72,5.9
1978-11-21,9.76,8.77,5.9
1978-11-22,9.76,8.77,5.9
1978-11-23,9.76,,5.9
1978-11-24,9.76,8.86,5.9
1978-11-27,9.76,8.86,5.9
1978-11-28,9.76,8.86,5.9
1978-11-29,9.76,8.86,5.9
1978-11-30,9.76,8.86,5.9
1978-12-01,10.03,8.8,6.0
1978-12-04,10.03,8.82,6.0
1978-12-05,10.03,8.85,6.0
1978-12-06,10.03,8.85,6.0
1978-12-07,10.03,8.89,6.0
1978-12-08,10.03,8.9,6.0
1978-12-11,10.03,8.9,6.0
1978-12-12,10.03,8.92,6.0
1978-12-13,10.03,8.98,6.0
1978-12-14,10.03,8.96,6.0
1978-12-15,10.03,9.0,6.0
1978-12-18,10.03,9.13,6.0
1978-12-19,10.03,9.14,6.0
1978-12-20,10.03,9.16,6.0
1978-12-21,10.03,9.16,6.0
1978-12-22,10.03,9.11,6.0
1978-12-25,10.03,,6.0
1978-12-26,10.03,9.13,6.0
1978-12-27,10.03,9.12,6.0
1978-12-28,10.03,9.16,6.0
1978-12-29,10.03,9.15,6.0
1979-01-01,10.07,,5.9
1979-01-02,10.07,9.18,5.9
1979-01-03,10.07,9.16,5.9
1979-01-04,10.07,9.11,5.9
1979-01-05,10.07,9.1,5.9
1979-01-08,10.07,9.14,5.9
1979-01-09,10.07,9.16,5.9
1979-01-10,10.07,9.16,5.9
1979-01-11,10.07,9.15,5.9
1979-01-12,10.07,9.14,5.9
1979-01-15,10.07,9.15,5.9
1979-01-16,10.07,9.16,5.9
1979-01-17,10.07,9.18,5.9
1979-01-18,10.07,9.18,5.9
1979-01-19,10.07,9.15,5.9
1979-01-22,10.07,9.12,5.9
1979-01-23,10.07,9.1,5.9
1979-01-24,10.07,9.08,5.9
1979-01-25,10.07,8.98,5.9
1979-01-26,10.07,8.93,5.9
1979-01-29,10.07,8.96,5.9
1979-01-30,10.07,8.95,5.9
1979-01-31,10.07,8.95,5.9
1979-02-01,10.06,8.94,5.9
1979-02-02,10.06,8.89,5.9
1979-02-05,10.06,8.95,5.9
1979-02-06,10.06,9.0,5.9
1979-02-07,10.06,9.09,5.9
1979-02-08,10.06,9.09,5.9
1979-02-09,10.06,9.11,5.9
1979-02-12,10.06,,5.9
1979-02-13,10.06,9.11,5.9
1979-02-14,10.06,9.12,5.9
1979-02-15,10.06,9.12,5.9
1979-02-16,10.06,9.11,5.9
1979-02-19,10.06,,5.9
1979-02-20,10.06,9.12,5.9
1979-02-21,10.06,9.15,5.9
1979-02-22,10.06,9.2,5.9
1979-02-23,10.06,9.21,5.9
1979-02-26,10.06,9.2,5.9
1979-02-27,10.06,9.19,5.9
1979-02-28,10.06,9.17,5.9
1979-03-01,10.09,9.17,5.8
1979-03-02,10.09,9.16,5.8
1979-03-05,10.09,9.11,5.8
1979-03-06,10.09,9.14,5.8
1979-03-07,10.09,9.1,5.8
1979-03-08,10.09,9.1,5.8
1979-03-09,10.09,9.11,5.8
1979-03-12,10.09,9.11,5.8
1979-03-13,10.09,9.11,5.8
1979-03-14,10.09,9.12,5.8
1979-03-15,10.09,9.14,5.8
1979-03-16,10.09,9.12,5.8
1979-03-19,10.09,9.12,5.8
1979-03-20,10.09,9.13,5.8
1979-03-21,10.09,9.13,5.8
1979-03-22,10.09,9.12,5.8
1979-03-23,10.09,9.12,5.8
1979-03-26,10.09,9.12,5.8
1979-03-27,10.09,9.11,5.8
1979-03-28,10.09,9.07,5.8
1979-03-29,10.09,9.06,5.8
1979-03-30,10.09,9.11,5.8
1979-04-01,10.01,,5.8
1979-04-02,10.01,9.11,5.8
1979-04-03,10.01,9.1,5.8
1979-04-04,10.01,9.09,5.8
1979-04-05,10.01,9.07,5.8
1979-04-06,10.01,9.1,5.8
1979-04-09,10.01,9.14,5.8
1979-04-10,10.01,9.17,5.8
1979-04-11,10.01,9.2,5.8
1979-04-12,10.01,9.2,5.8
1979-04-13,10.01,,5.8
1979-04-16,10.01,9.19,5.8
1979-04-17,10.01,9.16,5.8
1979-04-18,10.01,9.15,5.8
1979-04-19,10.01,9.15,5.8
1979-04-20,10.01,9.19,5.8
1979-04-23,10.01,9.21,5.8
1979-04-24,10.01,9.24,5.8
1979-04-25,10.01,9.23,5.8
1979-04-26,10.01,9.27,5.8
1979-04-27,10.01,9.32,5.8
1979-04-30,10.01,9.35,5.8
1979-05-01,10.24,9.36,5.6
1979-05-02,10.24,9.34,5.6
1979-05-03,10.24,9.38,5.6
1979-05-04,10.24,9.39,5.6
1979-05-07,10.24,9.39,5.6
1979-05-08,10.24,9.38,5.6
1979-05-09,10.24,9.36,5.6
1979-05-10,10.24,9.36,5.6
1979-05-11,10.24,9.34,5.6
1979-05-14,10.24,9.3,5.6
1979-05-15,10.24,9.32,5.6
1979-05-16,10.24,9.31,5.6
1979-05-17,10.24,9.24,5.6
1979-05-18,10.24,9.23,5.6
1979-05-21,10.24,9.24,5.6
1979-05-22,10.24,9.15,5.6
1979-05-23,10.24,9.07,5.6
1979-05-24,10.24,9.06,5.6
1979-05-25,10.24,9.01,5.6
1979-05-28,10.24,,5.6
1979-05-29,10.24,9.01,5.6
1979-05-30,10.24,,5.6
1979-05-31,10.24,9.06,5.6
1979-06-01,10.29,9.05,5.7
1979-06-04,10.29,9.06,5.7
1979-06-05,10.29,9.02,5.7
1979-06-06,10.29,8.97,5.7
1979-06-07,10.29,8.89,5.7
1979-06-08,10.29,8.9,5.7
1979-06-11,10.29,8.94,5.7
1979-06-12,10.29,8.79,5.7
1979-06-13,10.29,8.83,5.7
1979-06-14,10.29,8.87,5.7
1979-06-15,10.29,8.96,5.7
1979-06-18,10.29,8.95,5.7
1979-06-19,10.29,8.95,5.7
1979-06-20,10.29,8.94,5.7
1979-06-21,10.29,8.93,5.7
1979-06-22,10.29,8.98,5.7
1979-06-25,10.29,8.93,5.7
1979-06-26,10.29,8.82,5.7
1979-06-27,10.29,8.8,5.7
1979-06-28,10.29,8.8,5.7
1979-06-29,10.29,8.81,5.7
1979-07-01,10.47,,5.7
1979-07-02,10.47,8.76,5.7
1979-07-03,10.47,8.77,5.7
1979-07-04,10.47,,5.7
1979-07-05,10.47,8.8,5.7
1979-07-06,10.47,8.82,5.7
1979-07-09,10.47,8.86,5.7
1979-07-10,10.47,8.92,5.7
1979-07-11,10.47,8.97,5.7
1979-07-12,10.47,8.95,5.7
1979-07-13,10.47,8.94,5.7
1979-07-16,10.47,8.99,5.7
1979-07-17,10.47,9.01,5.7
1979-07-18,10.47,9.03,5.7
1979-07-19,10.47,9.04,5.7
1979-07-20,10.47,8.98,5.7
1979-07-23,10.47,9.03,5.7
1979-07-24,10.47,9.06,5.7
1979-07-25,10.47,8.99,5.7
1979-07-26,10.47,8.97,5.7
1979-07-27,10.47,9.02,5.7
1979-07-30,10.47,9.03,5.7
1979-07-31,10.47,9.01,5.7
1979-08-01,10.94,8.99,6.0
1979-08-02,10.94,8.91,6.0
1979-08-03,10.94,8.92,6.0
1979-08-06,10.94,8.91,6.0
1979-08-07,10.94,8.91,6.0
1979-08-08,10.94,8.93,6.0
1979-08-09,10.94,8.97,6.0
1979-08-10,10.94,9.0,6.0
1979-08-13,10.94,9.0,6.0
1979-08-14,10.94,8.98,6.0
1979-08-15,10.94,9.0,6.0
1979-08-16,10.94,9.0,6.0
1979-08-17,10.94,9.01,6.0
1979-08-20,10.94,9.02,6.0
1979-08-21,10.94,9.04,6.0
1979-08-22,10.94,9.04,6.0
1979-08-23,10.94,9.05,6.0
1979-08-24,10.94,9.14,6.0
1979-08-27,10.94,9.12,6.0
1979-08-28,10.94,9.15,6.0
1979-08-29,10.94,9.14,6.0
1979-08-30,10.94,9.21,6.0
1979-08-31,10.94,9.24,6.0
1979-09-01,11.43,,5.9
1979-09-03,11.43,,5.9
1979-09-04,11.43,9.32,5.9
1979-09-05,11.43,9.32,5.9
1979-09-06,11.43,9.35,5.9
1979-09-07,11.43,9.34,5.9
1979-09-10,11.43,9.36,5.9
1979-09-11,11.43,9.25,5.9
1979-09-12,11.43,9.3,5.9
1979-09-13,11.43,9.34,5.9
1979-09-14,11.43,9.29,5.9
1979-09-17,11.43,9.37,5.9
1979-09-18,11.43,9.36,5.9
1979-09-19,11.43,9.31,5.9
1979-09-20,11.43,9.29,5.9
1979-09-21,11.43,9.26,5.9
1979-09-24,11.43,9.34,5.9
1979-09-25,11.43,9.32,5.9
1979-09-26,11.43,9.36,5.9
1979-09-27,11.43,9.44,5.9
1979-09-28,11.43,9.44,5.9
1979-10-01,13.77,9.51,6.0
1979-10-02,13.77,9.47,6.0
1979-10-03,13.77,9.5,6.0
1979-10-04,13.77,9.58,6.0
1979-10-05,13.77,9.6,6.0
1979-10-08,13.77,,6.0
1979-10-09,13.77,9.93,6.0
1979-10-10,13.77,10.09,6.0
1979-10-11,13.77,10.17,6.0
1979-10-12,13.77,10.15,6.0
1979-10-15,13.77,10.31,6.0
1979-10-16,13.77,10.27,6.0
1979-10-17,13.77,10.2,6.0
1979-10-18,13.77,10.41,6.0
1979-10-19,13.77,10.68,6.0
1979-10-22,13.77,10.96,6.0
1979-10-23,13.77,11.02,6.0
1979-10-24,13.77,10.83,6.0
1979-10-25,13.77,10.98,6.0
1979-10-26,13.77,10.67,6.0
1979-10-29,13.77,10.78,6.0
1979-10-30,13.77,10.75,6.0
1979-10-31,13.77,10.72,6.0
1979-11-01,13.18,10.79,5.9
1979-11-02,13.18,10.84,5.9
1979-11-05,13.18,10.85,5.9
1979-11-06,13.18,,5.9
1979-11-07,13.18,11.0,5.9
1979-11-08,13.18,10.96,5.9
1979-11-09,13.18,10.68,5.9
1979-11-12,13.18,,5.9
1979-11-13,13.18,10.63,5.9
1979-11-14,13.18,10.75,5.9
1979-11-15,13.18,10.62,5.9
1979-11-16,13.18,10.77,5.9
1979-11-19,13.18,10.8,5.9
1979-11-20,13.18,10.78,5.9
1979-11-21,13.18,10.73,5.9
1979-11-22,13.18,,5.9
1979-11-23,13.18,10.51,5.9
1979-11-26,13.18,10.37,5.9
1979-11-27,13.18,10.24,5.9
1979-11-28,13.18,10.37,5.9
1979-11-29,13.18,10.34,5.9
1979-11-30,13.18,10.38,5.9
1979-12-01,13.78,,6.0
1979-12-03,13.78,10.44,6.0
1979-12-04,13.78,10.32,6.0
1979-12-05,13.78,10.27,6.0
1979-12-06,13.78,10.13,6.0
1979-12-07,13.78,10.3,6.0
1979-12-10,13.78,10.27,6.0
1979-12-11,13.78,10.46,6.0
1979-12-12,13.78,10.58,6.0
1979-12-13,13.78,10.51,6.0
1979-12-14,13.78,10.45,6.0
1979-12-17,13.78,10.42,6.0
1979-12-18,13.78,10.34,6.0
1979-12-19,13.78,10.33,6.0
1979-12-20,13.78,10.38,6.0
1979-12-21,13.78,10.39,6.0
1979-12-24,13.78,10.45,6.0
1979-12-25,13.78,,6.0
1979-12-26,13.78,10.48,6.0
1979-12-27,13.78,10.46,6.0
1979-12-28,13.78,10.41,6.0
1979-12-31,13.78,10.33,6.0
1980-01-01,13.82,,6.3
1980-01-02,13.82,10.5,6.3
1980-01-03,13.82,10.6,6.3
1980-01-04,13.82,10.66,6.3
1980-01-07,13.82,10.63,6.3
1980-01-08,13.82,10.57,6.3
1980-01-09,13.82,10.58,6.3
1980-01-10,13.82,10.51,6.3
1980-01-11,13.82,10.68,6.3
1980-01-14,13.82,10.7,6.3
1980-01-15,13.82,10.65,6.3
1980-01-16,13.82,10.65,6.3
1980-01-17,13.82,10.71,6.3
1980-01-18,13.82,10.82,6.3
1980-01-21,13.82,10.96,6.3
1980-01-22,13.82,10.85,6.3
1980-01-23,13.82,10.82,6.3
1980-01-24,13.82,11.01,6.3
1980-01-25,13.82,11.1,6.3
1980-01-28,13.82,11.15,6.3
1980-01-29,13.82,11.21,6.3
1980-01-30,13.82,11.16,6.3
1980-01-31,13.82,11.13,6.3
1980-02-01,14.13,11.29,6.3
1980-02-04,14.13,11.4,6.3
1980-02-05,14.13,11.73,6.3
1980-02-06,14.13,11.92,6.3
1980-02-07,14.13,11.71,6.3
1980-02-08,14.13,11.8,6.3
1980-02-11,14.13,12.01,6.3
1980-02-12,14.13,,6.3
1980-02-13,14.13,11.86,6.3
1980-02-14,14.13,11.97,6.3
1980-02-15,14.13,12.2,6.3
1980-02-18,14.13,,6.3
1980-02-19,14.13,12.85,6.3
1980-02-20,14.13,12.84,6.3
1980-02-21,14.13,13.22,6.3
1980-02-22,14.13,13.06,6.3
1980-02-25,14.13,13.27,6.3
1980-02-26,14.13,13.65,6.3
1980-02-27,14.13,13.46,6.3
1980-02-28,14.13,12.92,6.3
1980-02-29,14.13,12.72,6.3
1980-03-01,17.19,,6.3
1980-03-03,17.19,12.79,6.3
1980-03-04,17.19,12.91,6.3
1980-03-05,17.19,13.03,6.3
1980-03-06,17.19,13.13,6.3
1980-03-07,17.19,12.86,6.3
1980-03-10,17.19,12.63,6.3
1980-03-11,17.19,12.41,6.3
1980-03-12,17.19,12.62,6.3
1980-03-13,17.19,12.5,6.3
1980-03-14,17.19,12.52,6.3
1980-03-17,17.19,12.58,6.3
1980-03-18,17.19,12.4,6.3
1980-03-19,17.19,12.35,6.3
1980-03-20,17.19,12.62,6.3
1980-03-21,17.19,12.75,6.3
1980-03-24,17.19,13.17,6.3
1980-03-25,17.19,13.1,6.3
1980-03-26,17.19,13.03,6.3
1980-03-27,17.19,12.97,6.3
1980-03-28,17.19,12.72,6.3
1980-03-31,17.19,12.64,6.3
1980-04-01,17.61,12.69,6.9
1980-04-02,17.61,12.63,6.9
1980-04-03,17.61,12.52,6.9
1980-04-04,17.61,,6.9
1980-04-07,17.61,12.13,6.9
1980-04-08,17.61,12.21,6.9
1980-04-09,17.61,12.06,6.9
1980-04-10,17.61,12.06,6.9
1980-04-11,17.61,11.79,6.9
1980-04-14,17.61,11.62,6.9
1980-04-15,17.61,11.57,6.9
1980-04-16,17.61,10.9,6.9
1980-04-17,17.61,11.13,6.9
1980-04-18,17.61,11.05,6.9
1980-04-21,17.61,10.9,6.9
1980-04-22,17.61,10.82,6.9
1980-04-23,17.61,10.89,6.9
1980-04-24,17.61,10.96,6.9
1980-04-25,17.61,10.95,6.9
1980-04-28,17.61,10.63,6.9
1980-04-29,17.61,10.67,6.9
1980-04-30,17.61,10.76,6.9
1980-05-01,10.98,10.57,7.5
1980-05-02,10.98,10.24,7.5
1980-05-05,10.98,10.18,7.5
1980-05-06,10.98,9.8,7.5
1980-05-07,10.98,9.96,7.5
1980-05-08,10.98,10.18,7.5
1980-05-09,10.98,10.3,7.5
1980-05-12,10.98,10.3,7.5
1980-05-13,10.98,10.13,7.5
1980-05-14,10.98,10.14,7.5
1980-05-15,10.98,10.31,7.5
1980-05-16,10.98,10.37,7.5
1980-05-19,10.98,10.53,7.5
1980-05-20,10.98,10.22,7.5
1980-05-21,10.98,10.08,7.5
1980-05-22,10.98,10.1,7.5
1980-05-23,10.98,9.85,7.5
1980-05-26,10.98,,7.5
1980-05-27,10.98,9.96,7.5
1980-05-28,10.98,10.1,7.5
1980-05-29,10.98,10.24,7.5
1980-05-30,10.98,10.25,7.5
1980-06-01,9.47,,7.6
1980-06-02,9.47,10.31,7.6
1980-06-03,9.47,10.16,7.6
1980-06-04,9.47,10.07,7.6
1980-06-05,9.47,10.02,7.6
1980-06-06,9.47,9.81,7.6
1980-06-09,9.47,9.73,7.6
1980-06-10,9.47,9.83,7.6
1980-06-11,9.47,9.7,7.6
1980-06-12,9.47,9.53,7.6
1980-06-13,9.47,9.51,7.6
1980-06-16,9.47,9.47,7.6
1980-06-17,9.47,9.49,7.6
1980-06-18,9.47,9.56,7.6
1980-06-19,9.47,9.56,7.6
1980-06-20,9.47,9.49,7.6
1980-06-23,9.47,9.63,7.6
1980-06-24,9.47,9.68,7.6
1980-06-25,9.47,9.79,7.6
1980-06-26,9.47,9.87,7.6
1980-06-27,9.47,10.04,7.6
1980-06-30,9.47,10.09,7.6
1980-07-01,9.03,10.13,7.8
1980-07-02,9.03,10.19,7.8
1980-07-03,9.03,10.01,7.8
1980-07-04,9.03,,7.8
1980-07-07,9.03,10.2,7.8
1980-07-08,9.03,10.09,7.8
1980-07-09,9.03,10.14,7.8
1980-07-10,9.03,10.21,7.8
1980-07-11,9.03,10.28,7.8
1980-07-14,9.03,10.33,7.8
1980-07-15,9.03,10.17,7.8
1980-07-16,9.03,10.07,7.8
1980-07-17,9.03,10.21,7.8
1980-07-18,9.03,10.2,7.8
1980-07-21,9.03,10.13,7.8
1980-07-22,9.03,10.18,7.8
1980-07-23,9.03,10.12,7.8
1980-07-24,9.03,10.24,7.8
1980-07-25,9.03,10.35,7.8
1980-07-28,9.03,10.46,7.8
1980-07-29,9.03,10.45,7.8
1980-07-30,9.03,10.53,7.8
1980-07-31,9.03,10.76,7.8
1980-08-01,9.61,10.76,7.7
1980-08-04,9.61,10.69,7.7
1980-08-05,9.61,10.7,7.7
1980-08-06,9.61,10.8,7.7
1980-08-07,9.61,10.71,7.7
1980-08-08,9.61,10.87,7.7
1980-08-11,9.61,11.03,7.7
1980-08-12,9.61,10.98,7.7
1980-08-13,9.61,10.89,7.7
1980-08-14,9.61,10.9,7.7
1980-08-15,9.61,10.86,7.7
1980-08-18,9.61,11.13,7.7
1980-08-19,9.61,11.24,7.7
1980-08-20,9.61,11.22,7.7
1980-08-21,9.61,11.3,7.7
1980-08-22,9.61,11.13,7.7
1980-08-25,9.61,11.4,7.7
1980-08-26,9.61,11.42,7.7
1980-08-27,9.61,11.67,7.7
1980-08-28,9.61,11.89,7.7
1980-08-29,9.61,11.55,7.7
1980-09-01,10.87,,7.5
1980-09-02,10.87,11.32,7.5
1980-09-03,10.87,11.08,7.5
1980-09-04,10.87,11.16,7.5
1980-09-05,10.87,11.21,7.5
1980-09-08,10.87,11.29,7.5
1980-09-09,10.87,11.19,7.5
1980-09-10,10.87,11.14,7.5
1980-09-11,10.87,11.32,7.5
1980-09-12,10.87,11.37,7.5
1980-09-15,10.87,11.62,7.5
1980-09-16,10.87,11.52,7.5
1980-09-17,10.87,11.57,7.5
1980-09-18,10.87,11.53,7.5
1980-09-19,10.87,11.33,7.5
1980-09-22,10.87,11.69,7.5
1980-09-23,10.87,11.76,7.5
1980-09-24,10.87,11.75,7.5
1980-09-25,10.87,11.91,7.5
1980-09-26,10.87,11.99,7.5
1980-09-29,10.87,12.07,7.5
1980-09-30,10.87,11.86,7.5
1980-10-01,12.81,11.78,7.5
1980-10-02,12.81,11.83,7.5
1980-10-03,12.81,11.4,7.5
1980-10-06,12.81,11.35,7.5
1980-10-07,12.81,11.43,7.5
1980-10-08,12.81,11.51,7.5
1980-10-09,12.81,11.39,7.5
1980-10-10,12.81,11.44,7.5
1980-10-13,12.81,,7.5
1980-10-14,12.81,11.37,7.5
1980-10-15,12.81,11.29,7.5
1980-10-16,12.81,11.47,7.5
1980-10-17,12.81,11.62,7.5
1980-10-20,12.81,11.64,7.5
1980-10-21,12.81,11.7,7.5
1980-10-22,12.81,11.88,7.5
1980-10-23,12.81,11.82,7.5
1980-10-24,12.81,11.74,7.5
1980-10-27,12.81,12.13,7.5
1980-10-28,12.81,12.32,7.5
1980-10-29,12.81,12.48,7.5
1980-10-30,12.81,12.48,7.5
1980-10-31,12.81,12.46,7.5
1980-11-01,15.85,,7.5
1980-11-03,15.85,12.46,7.5
1980-11-04,15.85,,7.5
1980-11-05,15.85,12.61,7.5
1980-11-06,15.85,13.04,7.5
1980-11-07,15.85,12.66,7.5
1980-11-10,15.85,12.78,7.5
1980-11-11,15.85,,7.5
1980-11-12,15.85,12.47,7.5
1980-11-13,15.85,12.49,7.5
1980-11-14,15.85,12.79,7.5
1980-11-17,15.85,12.95,7.5
1980-11-18,15.85,12.62,7.5
1980-11-19,15.85,12.51,7.5
1980-11-20,15.85,12.59,7.5
1980-11-21,15.85,12.8,7.5
1980-11-24,15.85,12.76,7.5
1980-11-25,15.85,12.74,7.5
1980-11-26,15.85,12.65,7.5
1980-11-27,15.85,,7.5
1980-11-28,15.85,12.72,7.5
1980-12-01,18.9,12.92,7.2
1980-12-02,18.9,12.95,7.2
1980-12-03,18.9,12.92,7.2
1980-12-04,18.9,12.91,7.2
1980-12-05,18.9,12.85,7.2
1980-12-08,18.9,12.91,7.2
1980-12-09,18.9,13.1,7.2
1980-12-10,18.9,13.15,7.2
1980-12-11,18.9,13.57,7.2
1980-12-12,18.9,13.21,7.2
1980-12-15,18.9,13.25,7.2
1980-12-16,18.9,13.51,7.2
1980-12-17,18.9,13.28,7.2
1980-12-18,18.9,13.22,7.2
1980-12-19,18.9,12.64,7.2
1980-12-22,18.9,12.14,7.2
1980-12-23,18.9,12.35,7.2
1980-12-24,18.9,12.42,7.2
1980-12-25,18.9,,7.2
1980-12-26,18.9,12.25,7.2
1980-12-29,18.9,12.2,7.2
1980-12-30,18.9,12.39,7.2
1980-12-31,18.9,12.43,7.2
1981-01-01,19.08,,7.5
1981-01-02,19.08,12.42,7.5
1981-01-05,19.08,12.15,7.5
1981-01-06,19.08,12.11,7.5
1981-01-07,19.08,12.38,7.5
1981-01-08,19.08,12.35,7.5
1981-01-09,19.08,12.57,7.5
1981-01-12,19.08,12.45,7.5
1981-01-13,19.08,12.53,7.5
1981-01-14,19.08,12.53,7.5
1981-01-15,19.08,12.62,7.5
1981-01-16,19.08,12.53,7.5
1981-01-19,19.08,12.64,7.5
1981-01-20,19.08,12.5,7.5
1981-01-21,19.08,12.77,7.5
1981-01-22,19.08,12.87,7.5
1981-01-23,19.08,12.84,7.5
1981-01-26,19.08,12.7,7.5
1981-01-27,19.08,12.73,7.5
1981-01-28,19.08,12.77,7.5
1981-01-29,19.08,12.8,7.5
1981-01-30,19.08,12.68,7.5
1981-02-01,15.93,,7.4
1981-02-02,15.93,12.86,7.4
1981-02-03,15.93,12.98,7.4
1981-02-04,15.93,12.86,7.4
1981-02-05,15.93,12.95,7.4
1981-02-06,15.93,13.09,7.4
1981-02-09,15.93,13.21,7.4
1981-02-10,15.93,13.27,7.4
1981-02-11,15.93,13.42,7.4
1981-02-12,15.93,,7.4
1981-02-13,15.93,13.65,7.4
1981-02-16,15.93,,7.4
1981-02-17,15.93,13.33,7.4
1981-02-18,15.93,13.3,7.4
1981-02-19,15.93,13.09,7.4
1981-02-20,15.93,12.9,7.4
1981-02-23,15.93,13.19,7.4
1981-02-24,15.93,13.21,7.4
1981-02-25,15.93,13.29,7.4
1981-02-26,15.93,13.47,7.4
1981-02-27,15.93,13.43,7.4
1981-03-01,14.7,,7.4
1981-03-02,14.7,13.62,7.4
1981-03-03,14.7,13.43,7.4
1981-03-04,14.7,13.45,7.4
1981-03-05,14.7,13.43,7.4
1981-03-06,14.7,13.2,7.4
1981-03-09,14.7,13.09,7.4
1981-03-10,14.7,13.08,7.4
1981-03-11,14.7,13.12,7.4
1981-03-12,14.7,13.03,7.4
1981-03-13,14.7,12.86,7.4
1981-03-16,14.7,12.85,7.4
1981-03-17,14.7,12.68,7.4
1981-03-18,14.7,12.58,7.4
1981-03-19,14.7,12.67,7.4
1981-03-20,14.7,12.77,7.4
1981-03-23,14.7,13.13,7.4
1981-03-24,14.7,13.3,7.4
1981-03-25,14.7,13.21,7.4
1981-03-26,14.7,13.34,7.4
1981-03-27,14.7,13.36,7.4
1981-03-30,14.7,13.22,7.4
1981-03-31,14.7,13.13,7.4
1981-04-01,15.72,13.14,7.2
1981-04-02,15.72,13.25,7.2
1981-04-03,15.72,13.4,7.2
1981-04-06,15.72,13.74,7.2
1981-04-07,15.72,13.41,7.2
1981-04-08,15.72,13.61,7.2
1981-04-09,15.72,13.45,7.2
1981-04-10,15.72,13.59,7.2
1981-04-13,15.72,13.68,7.2
1981-04-14,15.72,13.58,7.2
1981-04-15,15.72,13.74,7.2
1981-04-16,15.72,13.79,7.2
1981-04-17,15.72,,7.2
1981-04-20,15.72,13.69,7.2
1981-04-21,15.72,13.73,7.2
1981-04-22,15.72,13.78,7.2
1981-04-23,15.72,13.8,7.2
1981-04-24,15.72,13.88,7.2
1981-04-27,15.72,13.92,7.2
1981-04-28,15.72,13.93,7.2
1981-04-29,15.72,14.05,7.2
1981-04-30,15.72,14.11,7.2
1981-05-01,18.52,14.05,7.5
1981-05-04,18.52,14.47,7.5
1981-05-05,18.52,14.69,7.5
1981-05-06,18.52,14.56,7.5
1981-05-07,18.52,14.33,7.5
1981-05-08,18.52,14.23,7.5
1981-05-11,18.52,14.34,7.5
1981-05-12,18.52,14.46,7.5
1981-05-13,18.52,14.49,7.5
1981-05-14,18.52,14.24,7.5
1981-05-15,18.52,14.07,7.5
1981-05-18,18.52,13.8,7.5
1981-05-19,18.52,13.95,7.5
1981-05-20,18.52,14.0,7.5
1981-05-21,18.52,14.05,7.5
1981-05-22,18.52,13.82,7.5
1981-05-25,18.52,,7.5
1981-05-26,18.52,13.67,7.5
1981-05-27,18.52,13.71,7.5
1981-05-28,18.52,13.56,7.5
1981-05-29,18.52,13.5,7.5
1981-06-01,19.1,13.46,7.5
1981-06-02,19.1,13.58,7.5
1981-06-03,19.1,13.55,7.5
1981-06-04,19.1,13.51,7.5
1981-06-05,19.1,13.56,7.5
1981-06-08,19.1,13.36,7.5
1981-06-09,19.1,13.37,7.5
1981-06-10,19.1,13.31,7.5
1981-06-11,19.1,13.32,7.5
1981-06-12,19.1,13.35,7.5
1981-06-15,19.1,13.09,7.5
1981-06-16,19.1,13.08,7.5
1981-06-17,19.1,13.23,7.5
1981-06-18,19.1,13.57,7.5
1981-06-19,19.1,13.46,7.5
1981-06-22,19.1,13.44,7.5
1981-06-23,19.1,13.56,7.5
1981-06-24,19.1,13.66,7.5
1981-06-25,19.1,13.7,7.5
1981-06-26,19.1,13.69,7.5
1981-06-29,19.1,13.68,7.5
1981-06-30,19.1,13.86,7.5
1981-07-01,19.04,14.04,7.2
1981-07-02,19.04,13.95,7.2
1981-07-03,19.04,,7.2
1981-07-06,19.04,13.81,7.2
1981-07-07,19.04,14.04,7.2
1981-07-08,19.04,14.11,7.2
1981-07-09,19.04,14.12,7.2
1981-07-10,19.04,13.94,7.2
1981-07-13,19.04,13.99,7.2
1981-07-14,19.04,14.15,7.2
1981-07-15,19.04,14.07,7.2
1981-07-16,19.04,14.11,7.2
1981-07-17,19.04,14.09,7.2
1981-07-20,19.04,14.59,7.2
1981-07-21,19.04,14.61,7.2
1981-07-22,19.04,14.63,7.2
1981-07-23,19.04,14.57,7.2
1981-07-24,19.04,14.41,7.2
1981-07-27,19.04,14.43,7.2
1981-07-28,19.04,14.53,7.2
1981-07-29,19.04,14.61,7.2
1981-07-30,19.04,14.71,7.2
1981-07-31,19.04,14.67,7.2
1981-08-01,17.82,,7.4
1981-08-03,17.82,14.95,7.4
1981-08-04,17.82,14.95,7.4
1981-08-05,17.82,14.91,7.4
1981-08-06,17.82,14.86,7.4
1981-08-07,17.82,14.83,7.4
1981-08-10,17.82,14.65,7.4
1981-08-11,17.82,14.4,7.4
1981-08-12,17.82,14.61,7.4
1981-08-13,17.82,14.65,7.4
1981-08-14,17.82,14.74,7.4
1981-08-17,17.82,14.71,7.4
1981-08-18,17.82,14.79,7.4
1981-08-19,17.82,14.77,7.4
1981-08-20,17.82,14.89,7.4
1981-08-21,17.82,14.97,7.4
1981-08-24,17.82,15.32,7.4
1981-08-25,17.82,15.35,7.4
1981-08-26,17.82,15.31,7.4
1981-08-27,17.82,15.36,7.4
1981-08-28,17.82,15.25,7.4
1981-08-31,17.82,15.41,7.4
1981-09-01,15.87,15.41,7.6
1981-09-02,15.87,15.4,7.6
1981-09-03,15.87,15.48,7.6
1981-09-04,15.87,15.51,7.6
1981-09-07,15.87,,7.6
1981-09-08,15.87,15.59,7.6
1981-09-09,15.87,15.53,7.6
1981-09-10,15.87,15.3,7.6
1981-09-11,15.87,15.05,7.6
1981-09-14,15.87,15.2,7.6
1981-09-15,15.87,15.08,7.6
1981-09-16,15.87,15.11,7.6
1981-09-17,15.87,14.95,7.6
1981-09-18,15.87,14.91,7.6
1981-09-21,15.87,14.78,7.6
1981-09-22,15.87,15.03,7.6
1981-09-23,15.87,15.23,7.6
1981-09-24,15.87,15.31,7.6
1981-09-25,15.87,15.68,7.6
1981-09-28,15.87,15.65,7.6
1981-09-29,15.87,15.76,7.6
1981-09-30,15.87,15.84,7.6
1981-10-01,15.08,15.75,7.9
1981-10-02,15.08,15.41,7.9
1981-10-05,15.08,15.19,7.9
1981-10-06,15.08,15.14,7.9
1981-10-07,15.08,15.04,7.9
1981-10-08,15.08,15.0,7.9
1981-10-09,15.08,14.73,7.9
1981-10-12,15.08,,7.9
1981-10-13,15.08,14.83,7.9
1981-10-14,15.08,14.87,7.9
1981-10-15,15.08,14.88,7.9
1981-10-16,15.08,14.94,7.9
1981-10-19,15.08,14.95,7.9
1981-10-20,15.08,15.09,7.9
1981-10-21,15.08,15.34,7.9
1981-10-22,15.08,15.38,7.9
1981-10-23,15.08,15.3,7.9
1981-10-26,15.08,15.6,7.9
1981-10-27,15.08,15.54,7.9
1981-10-28,15.08,15.44,7.9
1981-10-29,15.08,15.06,7.9
1981-10-30,15.08,14.63,7.9
1981-11-01,13.31,,8.3
1981-11-02,13.31,14.57,8.3
1981-11-03,13.31,,8.3
1981-11-04,13.31,14.18,8.3
1981-11-05,13.31,14.19,8.3
1981-11-06,13.31,13.94,8.3
1981-11-09,13.31,13.39,8.3
1981-11-10,13.31,13.4,8.3
1981-11-11,13.31,,8.3
1981-11-12,13.31,13.19,8.3
1981-11-13,13.31,13.18,8.3
1981-11-16,13.31,13.07,8.3
1981-11-17,13.31,13.18,8.3
1981-11-18,13.31,13.0,8.3
1981-11-19,13.31,13.04,8.3
1981-11-20,13.31,13.14,8.3
1981-11-23,13.31,13.44,8.3
1981-11-24,13.31,13.13,8.3
1981-11-25,13.31,12.98,8.3
1981-11-26,13.31,,8.3
1981-11-27,13.31,12.92,8.3
1981-11-30,13.31,13.13,8.3
1981-12-01,12.37,13.37,8.5
1981-12-02,12.37,13.49,8.5
1981-12-03,12.37,13.45,8.5
1981-12-04,12.37,13.15,8.5
1981-12-07,12.37,13.5,8.5
1981-12-08,12.37,13.5,8.5
1981-12-09,12.37,13.64,8.5
1981-12-10,12.37,13.8,8.5
1981-12-11,12.37,13.84,8.5
1981-12-14,12.37,13.62,8.5
1981-12-15,12.37,13.55,8.5
1981-12-16,12.37,13.53,8.5
1981-12-17,12.37,13.71,8.5
1981-12-18,12.37,13.51,8.5
1981-12-21,12.37,13.83,8.5
1981-12-22,12.37,14.02,8.5
1981-12-23,12.37,14.14,8.5
1981-12-24,12.37,14.01,8.5
1981-12-25,12.37,,8.5
1981-12-28,12.37,14.01,8.5
1981-12-29,12.37,14.12,8.5
1981-12-30,12.37,14.17,8.5
1981-12-31,12.37,13.98,8.5
1982-01-01,13.22,,8.6
1982-01-04,13.22,14.19,8.6
1982-01-05,13.22,14.44,8.6
1982-01-06,13.22,14.59,8.6
1982-01-07,13.22,14.63,8.6
1982-01-08,13.22,14.48,8.6
1982-01-11,13.22,14.81,8.6
1982-01-12,13.22,14.62,8.6
1982-01-13,13.22,14.83,8.6
1982-01-14,13.22,14.7,8.6
1982-01-15,13.22,14.82,8.6
1982-01-18,13.22,14.75,8.6
1982-01-19,13.22,14.8,8.6
1982-01-20,13.22,14.81,8.6
1982-01-21,13.22,14.62,8.6
1982-01-22,13.22,14.69,8.6
1982-01-25,13.22,14.62,8.6
1982-01-26,13.22,14.54,8.6
1982-01-27,13.22,14.51,8.6
1982-01-28,13.22,14.29,8.6
1982-01-29,13.22,14.14,8.6
1982-02-01,14.78,14.58,8.9
1982-02-02,14.78,14.47,8.9
1982-02-03,14.78,14.69,8.9
1982-02-04,14.78,14.76,8.9
1982-02-05,14.78,14.65,8.9
1982-02-08,14.78,14.88,8.9
1982-02-09,14.78,14.95,8.9
1982-02-10,14.78,14.81,8.9
1982-02-11,14.78,14.71,8.9
1982-02-12,14.78,,8.9
1982-02-15,14.78,,8.9
1982-02-16,14.78,14.53,8.9
1982-02-17,14.78,14.5,8.9
1982-02-18,14.78,14.28,8.9
1982-02-19,14.78,14.24,8.9
1982-02-22,14.78,13.87,8.9
1982-02-23,14.78,13.93,8.9
1982-02-24,14.78,13.87,8.9
1982-02-25,14.78,13.91,8.9
1982-02-26,14.78,14.03,8.9
1982-03-01,14.68,13.85,9.0
1982-03-02,14.68,13.74,9.0
1982-03-03,14.68,13.69,9.0
1982-03-04,14.68,13.61,9.0
1982-03-05,14.68,13.59,9.0
1982-03-08,14.68,13.67,9.0
1982-03-09,14.68,13.69,9.0
1982-03-10,14.68,13.73,9.0
1982-03-11,14.68,13.95,9.0
1982-03-12,14.68,13.97,9.0
1982-03-15,14.68,13.96,9.0
1982-03-16,14.68,13.91,9.0
1982-03-17,14.68,13.88,9.0
1982-03-18,14.68,13.87,9.0
1982-03-19,14.68,13.89,9.0
1982-03-22,14.68,13.74,9.0
1982-03-23,14.68,13.72,9.0
1982-03-24,14.68,13.91,9.0
1982-03-25,14.68,13.9,9.0
1982-03-26,14.68,14.01,9.0
1982-03-29,14.68,14.16,9.0
1982-03-30,14.68,14.19,9.0
1982-03-31,14.68,14.18,9.0
1982-04-01,14.94,14.1,9.3
1982-04-02,14.94,14.1,9.3
1982-04-05,14.94,14.16,9.3
1982-04-06,14.94,14.18,9.3
1982-04-07,14.94,14.18,9.3
1982-04-08,14.94,13.98,9.3
1982-04-09,14.94,,9.3
1982-04-12,14.94,13.83,9.3
1982-04-13,14.94,13.83,9.3
1982-04-14,14.94,13.95,9.3
1982-04-15,14.94,13.91,9.3
1982-04-16,14.94,13.71,9.3
1982-04-19,14.94,13.66,9.3
1982-04-20,14.94,13.72,9.3
1982-04-21,14.94,13.69,9.3
1982-04-22,14.94,13.71,9.3
1982-04-23,14.94,13.69,9.3
1982-04-26,14.94,13.7,9.3
1982-04-27,14.94,13.7,9.3
1982-04-28,14.94,13.77,9.3
1982-04-29,14.94,13.87,9.3
1982-04-30,14.94,13.87,9.3
1982-05-01,14.45,,9.4
1982-05-03,14.45,13.95,9.4
1982-05-04,14.45,13.87,9.4
1982-05-05,14.45,13.8,9.4
1982-05-06,14.45,13.54,9.4
1982-05-07,14.45,13.48,9.4
1982-05-10,14.45,13.49,9.4
1982-05-11,14.45,13.46,9.4
1982-05-12,14.45,13.59,9.4
1982-05-13,14.45,13.62,9.4
1982-05-14,14.45,13.48,9.4
1982-05-17,14.45,13.57,9.4
1982-05-18,14.45,13.6,9.4
1982-05-19,14.45,13.64,9.4
1982-05-20,14.45,13.53,9.4
1982-05-21,14.45,13.52,9.4
1982-05-24,14.45,13.58,9.4
1982-05-25,14.45,13.62,9.4
1982-05-26,14.45,13.68,9.4
1982-05-27,14.45,13.72,9.4
1982-05-28,14.45,13.71,9.4
1982-05-31,14.45,,9.4
1982-06-01,14.15,13.93,9.6
1982-06-02,14.15,13.86,9.6
1982-06-03,14.15,13.9,9.6
1982-06-04,14.15,13.98,9.6
1982-06-07,14.15,13.94,9.6
1982-06-08,14.15,13.98,9.6
1982-06-09,14.15,13.99,9.6
1982-06-10,14.15,14.02,9.6
1982-06-11,14.15,13.93,9.6
1982-06-14,14.15,14.21,9.6
1982-06-15,14.15,14.21,9.6
1982-06-16,14.15,14.26,9.6
1982-06-17,14.15,14.48,9.6
1982-06-18,14.15,14.62,9.6
1982-06-21,14.15,14.63,9.6
1982-06-22,14.15,14.66,9.6
1982-06-23,14.15,14.74,9.6
1982-06-24,14.15,14.71,9.6
1982-06-25,14.15,14.76,9.6
1982-06-28,14.15,14.73,9.6
1982-06-29,14.15,14.61,9.6
1982-06-30,14.15,14.44,9.6
1982-07-01,12.59,14.4,9.8
1982-07-02,12.59,14.5,9.8
1982-07-05,12.59,,9.8
1982-07-06,12.59,14.48,9.8
1982-07-07,12.59,14.49,9.8
1982-07-08,12.59,14.19,9.8
1982-07-09,12.59,14.03,9.8
1982-07-12,12.59,13.87,9.8
1982-07-13,12.59,14.02,9.8
1982-07-14,12.59,14.1,9.8
1982-07-15,12.59,13.96,9.8
1982-07-16,12.59,13.7,9.8
1982-07-19,12.59,13.68,9.8
1982-07-20,12.59,13.53,9.8
1982-07-21,12.59,13.6,9.8
1982-07-22,12.59,13.51,9.8
1982-07-23,12.59,13.56,9.8
1982-07-26,12.59,13.91,9.8
1982-07-27,12.59,13.86,9.8
1982-07-28,12.59,13.97,9.8
1982-07-29,12.59,13.83,9.8
1982-07-30,12.59,13.68,9.8
1982-08-01,10.12,,9.8
1982-08-02,10.12,13.41,9.8
1982-08-03,10.12,13.51,9.8
1982-08-04,10.12,13.68,9.8
1982-08-05,10.12,13.7,9.8
1982-08-06,10.12,13.85,9.8
1982-08-09,10.12,13.7,9.8
1982-08-10,10.12,13.69,9.8
1982-08-11,10.12,13.71,9.8
1982-08-12,10.12,13.55,9.8
1982-08-13,10.12,13.2,9.8
1982-08-16,10.12,13.09,9.8
1982-08-17,10.12,12.65,9.8
1982-08-18,10.12,12.57,9.8
1982-08-19,10.12,12.47,9.8
1982-08-20,10.12,12.24,9.8
1982-08-23,10.12,12.47,9.8
1982-08-24,10.12,12.35,9.8
1982-08-25,10.12,12.43,9.8
1982-08-26,10.12,12.55,9.8
1982-08-27,10.12,12.77,9.8
1982-08-30,10.12,12.81,9.8
1982-08-31,10.12,12.81,9.8
1982-09-01,10.31,12.76,10.1
1982-09-02,10.31,12.6,10.1
1982-09-03,10.31,12.47,10.1
1982-09-06,10.31,,10.1
1982-09-07,10.31,12.53,10.1
1982-09-08,10.31,12.51,10.1
1982-09-09,10.31,12.53,10.1
1982-09-10,10.31,12.73,10.1
1982-09-13,10.31,12.63,10.1
1982-09-14,10.31,12.56,10.1
1982-09-15,10.31,12.6,10.1
1982-09-16,10.31,12.6,10.1
1982-09-17,10.31,12.51,10.1
1982-09-20,10.31,12.47,10.1
1982-09-21,10.31,12.18,10.1
1982-09-22,10.31,12.04,10.1
1982-09-23,10.31,11.94,10.1
1982-09-24,10.31,12.09,10.1
1982-09-27,10.31,11.99,10.1
1982-09-28,10.31,11.85,10.1
1982-09-29,10.31,11.8,10.1
1982-09-30,10.31,11.73,10.1
1982-10-01,9.71,11.51,10.4
1982-10-04,9.71,11.72,10.4
1982-10-05,9.71,11.69,10.4
1982-10-06,9.71,11.5,10.4
1982-10-07,9.71,10.91,10.4
1982-10-08,9.71,10.83,10.4
1982-10-11,9.71,,10.4
1982-10-12,9.71,10.53,10.4
1982-10-13,9.71,10.39,10.4
1982-10-14,9.71,10.61,10.4
1982-10-15,9.71,10.75,10.4
1982-10-18,9.71,10.58,10.4
1982-10-19,9.71,10.56,10.4
1982-10-20,9.71,10.69,10.4
1982-10-21,9.71,10.69,10.4
1982-10-22,9.71,10.81,10.4
1982-10-25,9.71,11.11,10.4
1982-10-26,9.71,10.87,10.4
1982-10-27,9.71,10.9,10.4
1982-10-28,9.71,10.77,10.4
1982-10-29,9.71,10.71,10.4
1982-11-01,9.2,10.56,10.8
1982-11-02,9.2,,10.8
1982-11-03,9.2,10.46,10.8
1982-11-04,9.2,10.42,10.8
1982-11-05,9.2,10.48,10.8
1982-11-08,9.2,10.55,10.8
1982-11-09,9.2,10.51,10.8
1982-11-10,9.2,10.48,10.8
1982-11-11,9.2,,10.8
1982-11-12,9.2,10.58,10.8
1982-11-15,9.2,10.65,10.8
1982-11-16,9.2,10.67,10.8
1982-11-17,9.2,10.59,10.8
1982-11-18,9.2,10.46,10.8
1982-11-19,9.2,10.42,10.8
1982-11-22,9.2,10.43,10.8
1982-11-23,9.2,10.53,10.8
1982-11-24,9.2,10.59,10.8
1982-11-25,9.2,,10.8
1982-11-26,9.2,10.51,10.8
1982-11-29,9.2,10.78,10.8
1982-11-30,9.2,10.79,10.8
1982-12-01,8.95,10.74,10.8
1982-12-02,8.95,10.68,10.8
1982-12-03,8.95,10.47,10.8
1982-12-06,8.95,10.46,10.8
1982-12-07,8.95,10.48,10.8
1982-12-08,8.95,10.62,10.8
1982-12-09,8.95,10.58,10.8
1982-12-10,8.95,10.66,10.8
1982-12-13,8.95,10.61,10.8
1982-12-14,8.95,10.46,10.8
1982-12-15,8.95,10.5,10.8
1982-12-16,8.95,10.59,10.8
1982-12-17,8.95,10.64,10.8
1982-12-20,8.95,10.7,10.8
1982-12-21,8.95,10.54,10.8
1982-12-22,8.95,10.53,10.8
1982-12-23,8.95,10.47,10.8
1982-12-24,8.95,,10.8
1982-12-27,8.95,10.44,10.8
1982-12-28,8.95,10.44,10.8
1982-12-29,8.95,10.47,10.8
1982-12-30,8.95,10.44,10.8
1982-12-31,8.95,10.36,10.8
1983-01-01,8.68,,10.4
1983-01-03,8.68,10.32,10.4
1983-01-04,8.68,10.37,10.4
1983-01-05,8.68,10.35,10.4
1983-01-06,8.68,10.39,10.4
1983-01-07,8.68,10.36,10.4
1983-01-10,8.68,10.38,10.4
1983-01-11,8.68,10.34,10.4
1983-01-12,8.68,10.32,10.4
1983-01-13,8.68,10.27,10.4
1983-01-14,8.68,10.28,10.4
1983-01-17,8.68,10.28,10.4
1983-01-18,8.68,10.3,10.4
1983-01-19,8.68,10.41,10.4
1983-01-20,8.68,10.43,10.4
1983-01-21,8.68,10.61,10.4
1983-01-24,8.68,10.7,10.4
1983-01-25,8.68,10.62,10.4
1983-01-26,8.68,10.69,10.4
1983-01-27,8.68,10.67,10.4
1983-01-28,8.68,10.71,10.4
1983-01-31,8.68,10.8,10.4
1983-02-01,8.51,10.78,10.4
1983-02-02,8.51,10.88,10.4
1983-02-03,8.51,10.93,10.4
1983-02-04,8.51,10.99,10.4
1983-02-07,8.51,10.96,10.4
1983-02-08,8.51,10.99,10.4
1983-02-09,8.51,11.0,10.4
1983-02-10,8.51,10.83,10.4
1983-02-11,8.51,10.8,10.4
1983-02-14,8.51,10.8,10.4
1983-02-15,8.51,10.84,10.4
1983-02-16,8.51,10.81,10.4
1983-02-17,8.51,10.71,10.4
1983-02-18,8.51,10.6,10.4
1983-02-21,8.51,,10.4
1983-02-22,8.51,10.46,10.4
1983-02-23,8.51,10.44,10.4
1983-02-24,8.51,10.42,10.4
1983-02-25,8.51,10.26,10.4
1983-02-28,8.51,10.27,10.4
1983-03-01,8.77,10.22,10.3
1983-03-02,8.77,10.26,10.3
1983-03-03,8.77,10.23,10.3
1983-03-04,8.77,10.27,10.3
1983-03-07,8.77,10.43,10.3
1983-03-08,8.77,10.52,10.3
1983-03-09,8.77,10.48,10.3
1983-03-10,8.77,10.55,10.3
1983-03-11,8.77,10.59,10.3
1983-03-14,8.77,10.48,10.3
1983-03-15,8.77,10.46,10.3
1983-03-16,8.77,10.53,10.3
1983-03-17,8.77,10.56,10.3
1983-03-18,8.77,10.58,10.3
1983-03-21,8.77,10.6,10.3
1983-03-22,8.77,10.62,10.3
1983-03-23,8.77,10.58,10.3
1983-03-24,8.77,10.58,10.3
1983-03-25,8.77,10.64,10.3
1983-03-28,8.77,10.66,10.3
1983-03-29,8.77,10.6,10.3
1983-03-30,8.77,10.59,10.3
1983-03-31,8.77,10.62,10.3
1983-04-01,8.8,,10.2
1983-04-04,8.8,10.6,10.2
1983-04-05,8.8,10.49,10.2
1983-04-06,8.8,10.49,10.2
1983-04-07,8.8,10.51,10.2
1983-04-08,8.8,10.51,10.2
1983-04-11,8.8,10.41,10.2
1983-04-12,8.8,10.42,10.2
1983-04-13,8.8,10.39,10.2
1983-04-14,8.8,10.29,10.2
1983-04-15,8.8,10.33,10.2
1983-04-18,8.8,10.29,10.2
1983-04-19,8.8,10.39,10.2
1983-04-20,8.8,10.39,10.2
1983-04-21,8.8,10.43,10.2
1983-04-22,8.8,10.42,10.2
1983-04-25,8.8,10.4,10.2
1983-04-26,8.8,10.37,10.2
1983-04-27,8.8,10.29,10.2
1983-04-28,8.8,10.31,10.2
1983-04-29,8.8,10.27,10.2
1983-05-01,8.63,,10.1
1983-05-02,8.63,10.26,10.1
1983-05-03,8.63,10.26,10.1
1983-05-04,8.63,10.12,10.1
1983-05-05,8.63,10.16,10.1
1983-05-06,8.63,10.13,10.1
1983-05-09,8.63,10.25,10.1
1983-05-10,8.63,10.16,10.1
1983-05-11,8.63,10.18,10.1
1983-05-12,8.63,10.23,10.1
1983-05-13,8.63,10.22,10.1
1983-05-16,8.63,10.37,10.1
1983-05-17,8.63,10.41,10.1
1983-05-18,8.63,10.43,10.1
1983-05-19,8.63,10.49,10.1
1983-05-20,8.63,10.54,10.1
1983-05-23,8.63,10.57,10.1
1983-05-24,8.63,10.56,10.1
1983-05-25,8.63,10.58,10.1
1983-05-26,8.63,10.63,10.1
1983-05-27,8.63,10.62,10.1
1983-05-30,8.63,,10.1
1983-05-31,8.63,10.81,10.1
1983-06-01,8.98,10.77,10.1
1983-06-02,8.98,10.78,10.1
1983-06-03,8.98,10.79,10.1
1983-06-06,8.98,10.79,10.1
1983-06-07,8.98,10.85,10.1
1983-06-08,8.98,10.92,10.1
1983-06-09,8.98,10.88,10.1
1983-06-10,8.98,10.89,10.1
1983-06-13,8.98,10.75,10.1
1983-06-14,8.98,10.77,10.1
1983-06-15,8.98,10.72,10.1
1983-06-16,8.98,10.64,10.1
1983-06-17,8.98,10.68,10.1
1983-06-20,8.98,10.8,10.1
1983-06-21,8.98,10.79,10.1
1983-06-22,8.98,10.83,10.1
1983-06-23,8.98,10.9,10.1
1983-06-24,8.98,11.02,10.1
1983-06-27,8.98,11.11,10.1
1983-06-28,8.98,11.04,10.1
1983-06-29,8.98,10.99,10.1
1983-06-30,8.98,10.96,10.1
1983-07-01,9.37,10.93,9.4
1983-07-04,9.37,,9.4
1983-07-05,9.37,11.21,9.4
1983-07-06,9.37,11.16,9.4
1983-07-07,9.37,11.29,9.4
1983-07-08,9.37,11.33,9.4
1983-07-11,9.37,11.28,9.4
1983-07-12,9.37,11.42,9.4
1983-07-13,9.37,11.4,9.4
1983-07-14,9.37,11.38,9.4
1983-07-15,9.37,11.51,9.4
1983-07-18,9.37,11.41,9.4
1983-07-19,9.37,11.36,9.4
1983-07-20,9.37,11.28,9.4
1983-07-21,9.37,11.32,9.4
1983-07-22,9.37,11.43,9.4
1983-07-25,9.37,11.41,9.4
1983-07-26,9.37,11.49,9.4
1983-07-27,9.37,11.51,9.4
1983-07-28,9.37,11.66,9.4
1983-07-29,9.37,11.76,9.4
1983-08-01,9.56,11.8,9.5
1983-08-02,9.56,11.82,9.5
1983-08-03,9.56,11.92,9.5
1983-08-04,9.56,12.12,9.5
1983-08-05,9.56,12.1,9.5
1983-08-08,9.56,12.2,9.5
1983-08-09,9.56,12.13,9.5
1983-08-10,9.56,12.17,9.5
1983-08-11,9.56,12.04,9.5
1983-08-12,9.56,11.96,9.5
1983-08-15,9.56,11.76,9.5
1983-08-16,9.56,11.71,9.5
1983-08-17,9.56,11.65,9.5
1983-08-18,9.56,11.7,9.5
1983-08-19,9.56,11.72,9.5
1983-08-22,9.56,11.54,9.5
1983-08-23,9.56,11.57,9.5
1983-08-24,9.56,11.54,9.5
1983-08-25,9.56,11.62,9.5
1983-08-26,9.56,11.65,9.5
1983-08-29,9.56,11.86,9.5
1983-08-30,9.56,11.9,9.5
1983-08-31,9.56,11.98,9.5
1983-09-01,9.45,11.97,9.2
1983-09-02,9.45,12.01,9.2
1983-09-05,9.45,,9.2
1983-09-06,9.45,11.85,9.2
1983-09-07,9.45,11.7,9.2
1983-09-08,9.45,11.77,9.2
1983-09-09,9.45,11.73,9.2
1983-09-12,9.45,11.56,9.2
1983-09-13,9.45,11.63,9.2
1983-09-14,9.45,11.76,9.2
1983-09-15,9.45,11.82,9.2
1983-09-16,9.45,11.68,9.2
1983-09-19,9.45,11.66,9.2
1983-09-20,9.45,11.57,9.2
1983-09-21,9.45,11.64,9.2
1983-09-22,9.45,11.6,9.2
1983-09-23,9.45,11.49,9.2
1983-09-26,9.45,11.41,9.2
1983-09-27,9.45,11.45,9.2
1983-09-28,9.45,11.49,9.2
1983-09-29,9.45,11.5,9.2
1983-09-30,9.45,11.44,9.2
1983-10-01,9.48,,8.8
1983-10-03,9.48,11.47,8.8
1983-10-04,9.48,11.46,8.8
1983-10-05,9.48,11.35,8.8
1983-10-06,9.48,11.31,8.8
1983-10-07,9.48,11.33,8.8
1983-10-10,9.48,,8.8
1983-10-11,9.48,11.57,8.8
1983-10-12,9.48,11.59,8.8
1983-10-13,9.48,11.65,8.8
1983-10-14,9.48,11.58,8.8
1983-10-17,9.48,11.47,8.8
1983-10-18,9.48,11.49,8.8
1983-10-19,9.48,11.49,8.8
1983-10-20,9.48,11.47,8.8
1983-10-21,9.48,11.43,8.8
1983-10-24,9.48,11.66,8.8
1983-10-25,9.48,11.7,8.8
1983-10-26,9.48,11.72,8.8
1983-10-27,9.48,11.66,8.8
1983-10-28,9.48,11.68,8.8
1983-10-31,9.48,11.74,8.8
1983-11-01,9.34,11.69,8.5
1983-11-02,9.34,11.7,8.5
1983-11-03,9.34,11.75,8.5
1983-11-04,9.34,11.85,8.5
1983-11-07,9.34,11.85,8.5
1983-11-08,9.34,,8.5
1983-11-09,9.34,11.84,8.5
1983-11-10,9.34,11.71,8.5
1983-11-11,9.34,,8.5
1983-11-14,9.34,11.68,8.5
1983-11-15,9.34,11.7,8.5
1983-11-16,9.34,11.7,8.5
1983-11-17,9.34,11.72,8.5
1983-11-18,9.34,11.72,8.5
1983-11-21,9.34,11.65,8.5
1983-11-22,9.34,11.57,8.5
1983-11-23,9.34,11.59,8.5
1983-11-24,9.34,,8.5
1983-11-25,9.34,11.55,8.5
1983-11-28,9.34,11.63,8.5
1983-11-29,9.34,11.58,8.5
1983-11-30,9.34,11.63,8.5
1983-12-01,9.47,11.63,8.3
1983-12-02,9.47,11.75,8.3
1983-12-05,9.47,11.78,8.3
1983-12-06,9.47,11.76,8.3
1983-12-07,9.47,11.79,8.3
1983-12-08,9.47,11.89,8.3
1983-12-09,9.47,11.9,8.3
1983-12-12,9.47,11.87,8.3
1983-12-13,9.47,11.95,8.3
1983-12-14,9.47,11.97,8.3
1983-12-15,9.47,11.96,8.3
1983-12-16,9.47,11.88,8.3
1983-12-19,9.47,11.87,8.3
1983-12-20,9.47,11.86,8.3
1983-12-21,9.47,11.83,8.3
1983-12-22,9.47,11.77,8.3
1983-12-23,9.47,11.79,8.3
1983-12-26,9.47,,8.3
1983-12-27,9.47,11.75,8.3
1983-12-28,9.47,11.81,8.3
1983-12-29,9.47,11.79,8.3
1983-12-30,9.47,11.82,8.3
1984-01-01,9.56,,8.0
1984-01-02,9.56,,8.0
1984-01-03,9.56,11.86,8.0
1984-01-04,9.56,11.78,8.0
1984-01-05,9.56,11.77,8.0
1984-01-06,9.56,11.73,8.0
1984-01-09,9.56,11.75,8.0
1984-01-10,9.56,11.71,8.0
1984-01-11,9.56,11.76,8.0
1984-01-12,9.56,11.76,8.0
1984-01-13,9.56,11.59,8.0
1984-01-16,9.56,11.54,8.0
1984-01-17,9.56,11.57,8.0
1984-01-18,9.56,11.61,8.0
1984-01-19,9.56,11.6,8.0
1984-01-20,9.56,11.64,8.0
1984-01-23,9.56,11.63,8.0
1984-01-24,9.56,11.63,8.0
1984-01-25,9.56,11.64,8.0
1984-01-26,9.56,11.63,8.0
1984-01-27,9.56,11.63,8.0
1984-01-30,9.56,11.66,8.0
1984-01-31,9.56,11.67,8.0
1984-02-01,9.59,11.64,7.8
1984-02-02,9.59,11.6,7.8
1984-02-03,9.59,11.6,7.8
1984-02-06,9.59,11.7,7.8
1984-02-07,9.59,11.71,7.8
1984-02-08,9.59,11.72,7.8
1984-02-09,9.59,11.73,7.8
1984-02-10,9.59,11.83,7.8
1984-02-13,9.59,,7.8
1984-02-14,9.59,11.85,7.8
1984-02-15,9.59,11.81,7.8
1984-02-16,9.59,11.83,7.8
1984-02-17,9.59,11.92,7.8
1984-02-20,9.59,,7.8
1984-02-21,9.59,11.91,7.8
1984-02-22,9.59,11.93,7.8
1984-02-23,9.59,12.05,7.8
1984-02-24,9.59,11.99,7.8
1984-02-27,9.59,12.05,7.8
1984-02-28,9.59,12.09,7.8
1984-02-29,9.59,12.04,7.8
1984-03-01,9.91,12.07,7.8
1984-03-02,9.91,11.99,7.8
1984-03-05,9.91,12.07,7.8
1984-03-06,9.91,12.09,7.8
1984-03-07,9.91,12.22,7.8
1984-03-08,9.91,12.24,7.8
1984-03-09,9.91,12.28,7.8
1984-03-12,9.91,12.24,7.8
1984-03-13,9.91,12.27,7.8
1984-03-14,9.91,12.31,7.8
1984-03-15,9.91,12.31,7.8
1984-03-16,9.91,12.34,7.8
1984-03-19,9.91,12.45,7.8
1984-03-20,9.91,12.44,7.8
1984-03-21,9.91,12.45,7.8
1984-03-22,9.91,12.49,7.8
1984-03-23,9.91,12.48,7.8
1984-03-26,9.91,12.46,7.8
1984-03-27,9.91,12.46,7.8
1984-03-28,9.91,12.42,7.8
1984-03-29,9.91,12.41,7.8
1984-03-30,9.91,12.53,7.8
1984-04-01,10.29,,7.7
1984-04-02,10.29,12.56,7.7
1984-04-03,10.29,12.65,7.7
1984-04-04,10.29,12.67,7.7
1984-04-05,10.29,12.65,7.7
1984-04-06,10.29,12.51,7.7
1984-04-09,10.29,12.47,7.7
1984-04-10,10.29,12.52,7.7
1984-04-11,10.29,12.5,7.7
1984-04-12,10.29,12.4,7.7
1984-04-13,10.29,12.57,7.7
1984-04-16,10.29,12.61,7.7
1984-04-17,10.29,12.57,7.7
1984-04-18,10.29,12.7,7.7
1984-04-19,10.29,12.77,7.7
1984-04-20,10.29,,7.7
1984-04-23,10.29,12.8,7.7
1984-04-24,10.29,12.75,7.7
1984-04-25,10.29,12.69,7.7
1984-04-26,10.29,12.67,7.7
1984-04-27,10.29,12.79,7.7
1984-04-30,10.29,12.82,7.7
1984-05-01,10.32,12.82,7.4
1984-05-02,10.32,12.86,7.4
1984-05-03,10.32,12.89,7.4
1984-05-04,10.32,13.07,7.4
1984-05-07,10.32,13.13,7.4
1984-05-08,10.32,13.09,7.4
1984-05-09,10.32,13.21,7.4
1984-05-10,10.32,13.25,7.4
1984-05-11,10.32,13.46,7.4
1984-05-14,10.32,13.58,7.4
1984-05-15,10.32,13.48,7.4
1984-05-16,10.32,13.41,7.4
1984-05-17,10.32,13.54,7.4
1984-05-18,10.32,13.45,7.4
1984-05-21,10.32,13.43,7.4
1984-05-22,10.32,13.52,7.4
1984-05-23,10.32,13.54,7.4
1984-05-24,10.32,13.72,7.4
1984-05-25,10.32,13.75,7.4
1984-05-28,10.32,,7.4
1984-05-29,10.32,13.89,7.4
1984-05-30,10.32,13.99,7.4
1984-05-31,10.32,13.91,7.4
1984-06-01,11.06,13.63,7.2
1984-06-04,11.06,13.42,7.2
1984-06-05,11.06,13.37,7.2
1984-06-06,11.06,13.54,7.2
1984-06-07,11.06,13.54,7.2
1984-06-08,11.06,13.46,7.2
1984-06-11,11.06,13.58,7.2
1984-06-12,11.06,13.54,7.2
1984-06-13,11.06,13.44,7.2
1984-06-14,11.06,13.39,7.2
1984-06-15,11.06,13.21,7.2
1984-06-18,11.06,13.27,7.2
1984-06-19,11.06,13.38,7.2
1984-06-20,11.06,13.65,7.2
1984-06-21,11.06,13.72,7.2
1984-06-22,11.06,13.74,7.2
1984-06-25,11.06,13.75,7.2
1984-06-26,11.06,13.79,7.2
1984-06-27,11.06,13.76,7.2
1984-06-28,11.06,13.8,7.2
1984-06-29,11.06,13.84,7.2
1984-07-01,11.23,,7.5
1984-07-02,11.23,13.87,7.5
1984-07-03,11.23,13.8,7.5
1984-07-04,11.23,,7.5
1984-07-05,11.23,13.77,7.5
1984-07-06,11.23,13.75,7.5
1984-07-09,11.23,13.48,7.5
1984-07-10,11.23,13.53,7.5
1984-07-11,11.23,13.55,7.5
1984-07-12,11.23,13.42,7.5
1984-07-13,11.23,13.3,7.5
1984-07-16,11.23,13.32,7.5
1984-07-17,11.23,13.37,7.5
1984-07-18,11.23,13.32,7.5
1984-07-19,11.23,13.25,7.5
1984-07-20,11.23,13.36,7.5
1984-07-23,11.23,13.35,7.5
1984-07-24,11.23,13.31,7.5
1984-07-25,11.23,13.06,7.5
1984-07-26,11.23,12.89,7.5
1984-07-27,11.23,12.95,7.5
1984-07-30,11.23,13.05,7.5
1984-07-31,11.23,12.91,7.5
1984-08-01,11.64,12.81,7.5
1984-08-02,11.64,12.74,7.5
1984-08-03,11.64,12.61,7.5
1984-08-06,11.64,12.73,7.5
1984-08-07,11.64,12.69,7.5
1984-08-08,11.64,12.66,7.5
1984-08-09,11.64,12.61,7.5
1984-08-10,11.64,12.68,7.5
1984-08-13,11.64,12.74,7.5
1984-08-14,11.64,12.67,7.5
1984-08-15,11.64,12.74,7.5
1984-08-16,11.64,12.7,7.5
1984-08-17,11.64,12.7,7.5
1984-08-20,11.64,12.69,7.5
1984-08-21,11.64,12.62,7.5
1984-08-22,11.64,12.65,7.5
1984-08-23,11.64,12.69,7.5
1984-08-24,11.64,12.66,7.5
1984-08-27,11.64,12.81,7.5
1984-08-28,11.64,12.81,7.5
1984-08-29,11.64,12.83,7.5
1984-08-30,11.64,12.84,7.5
1984-08-31,11.64,12.79,7.5
1984-09-01,11.3,,7.3
1984-09-03,11.3,,7.3
1984-09-04,11.3,12.88,7.3
1984-09-05,11.3,12.92,7.3
1984-09-06,11.3,12.81,7.3
1984-09-07,11.3,12.7,7.3
1984-09-10,11.3,12.62,7.3
1984-09-11,11.3,12.54,7.3
1984-09-12,11.3,12.55,7.3
1984-09-13,11.3,12.44,7.3
1984-09-14,11.3,12.42,7.3
1984-09-17,11.3,12.4,7.3
1984-09-18,11.3,12.35,7.3
1984-09-19,11.3,12.25,7.3
1984-09-20,11.3,12.28,7.3
1984-09-21,11.3,12.45,7.3
1984-09-24,11.3,12.52,7.3
1984-09-25,11.3,12.56,7.3
1984-09-26,11.3,12.46,7.3
1984-09-27,11.3,12.31,7.3
1984-09-28,11.3,12.47,7.3
1984-10-01,9.99,12.54,7.4
1984-10-02,9.99,12.54,7.4
1984-10-03,9.99,12.54,7.4
1984-10-04,9.99,12.52,7.4
1984-10-05,9.99,12.39,7.4
1984-10-08,9.99,,7.4
1984-10-09,9.99,12.36,7.4
1984-10-10,9.99,12.36,7.4
1984-10-11,9.99,12.31,7.4
1984-10-12,9.99,12.28,7.4
1984-10-15,9.99,12.34,7.4
1984-10-16,9.99,12.32,7.4
1984-10-17,9.99,12.28,7.4
1984-10-18,9.99,12.09,7.4
1984-10-19,9.99,11.93,7.4
1984-10-22,9.99,11.9,7.4
1984-10-23,9.99,11.78,7.4
1984-10-24,9.99,11.74,7.4
1984-10-25,9.99,11.83,7.4
1984-10-26,9.99,11.99,7.4
1984-10-29,9.99,11.95,7.4
1984-10-30,9.99,11.75,7.4
1984-10-31,9.99,11.79,7.4
1984-11-01,9.43,11.66,7.2
1984-11-02,9.43,11.66,7.2
1984-11-05,9.43,11.6,7.2
1984-11-06,9.43,,7.2
1984-11-07,9.43,11.72,7.2
1984-11-08,9.43,11.81,7.2
1984-11-09,9.43,11.71,7.2
1984-11-12,9.43,,7.2
1984-11-13,9.43,11.78,7.2
1984-11-14,9.43,11.81,7.2
1984-11-15,9.43,11.73,7.2
1984-11-16,9.43,11.69,7.2
1984-11-19,9.43,11.61,7.2
1984-11-20,9.43,11.53,7.2
1984-11-21,9.43,11.39,7.2
1984-11-22,9.43,,7.2
1984-11-23,9.43,11.24,7.2
1984-11-26,9.43,11.28,7.2
1984-11-27,9.43,11.28,7.2
1984-11-28,9.43,11.38,7.2
1984-11-29,9.43,11.42,7.2
1984-11-30,9.43,11.58,7.2
1984-12-01,8.38,,7.3
1984-12-03,8.38,11.56,7.3
1984-12-04,8.38,11.52,7.3
1984-12-05,8.38,11.52,7.3
1984-12-06,8.38,11.61,7.3
1984-12-07,8.38,11.7,7.3
1984-12-10,8.38,11.66,7.3
1984-12-11,8.38,11.57,7.3
1984-12-12,8.38,11.54,7.3
1984-12-13,8.38,11.7,7.3
1984-12-14,8.38,11.56,7.3
1984-12-17,8.38,11.49,7.3
1984-12-18,8.38,11.29,7.3
1984-12-19,8.38,11.34,7.3
1984-12-20,8.38,11.37,7.3
1984-12-21,8.38,11.34,7.3
1984-12-24,8.38,11.31,7.3
1984-12-25,8.38,,7.3
1984-12-26,8.38,11.45,7.3
1984-12-27,8.38,11.45,7.3
1984-12-28,8.38,11.46,7.3
1984-12-31,8.38,11.55,7.3
1985-01-01,8.35,,7.3
1985-01-02,8.35,11.7,7.3
1985-01-03,8.35,11.62,7.3
1985-01-04,8.35,11.67,7.3
1985-01-07,8.35,11.5,7.3
1985-01-08,8.35,11.45,7.3
1985-01-09,8.35,11.47,7.3
1985-01-10,8.35,11.48,7.3
1985-01-11,8.35,11.59,7.3
1985-01-14,8.35,11.6,7.3
1985-01-15,8.35,11.49,7.3
1985-01-16,8.35,11.51,7.3
1985-01-17,8.35,11.48,7.3
1985-01-18,8.35,11.39,7.3
1985-01-21,8.35,,7.3
1985-01-22,8.35,11.27,7.3
1985-01-23,8.35,11.21,7.3
1985-01-24,8.35,11.06,7.3
1985-01-25,8.35,11.11,7.3
1985-01-28,8.35,11.11,7.3
1985-01-29,8.35,11.11,7.3
1985-01-30,8.35,11.08,7.3
1985-01-31,8.35,11.17,7.3
1985-02-01,8.5,11.29,7.2
1985-02-04,8.5,11.35,7.2
1985-02-05,8.5,11.3,7.2
1985-02-06,8.5,11.4,7.2
1985-02-07,8.5,11.41,7.2
1985-02-08,8.5,11.37,7.2
1985-02-11,8.5,11.42,7.2
1985-02-12,8.5,,7.2
1985-02-13,8.5,11.39,7.2
1985-02-14,8.5,11.29,7.2
1985-02-15,8.5,11.38,7.2
1985-02-18,8.5,,7.2
1985-02-19,8.5,11.37,7.2
1985-02-20,8.5,11.52,7.2
1985-02-21,8.5,11.64,7.2
1985-02-22,8.5,11.76,7.2
1985-02-25,8.5,11.75,7.2
1985-02-26,8.5,11.72,7.2
1985-02-27,8.5,11.89,7.2
1985-02-28,8.5,11.91,7.2
1985-03-01,8.58,11.86,7.2
1985-03-04,8.58,11.93,7.2
1985-03-05,8.58,11.86,7.2
1985-03-06,8.58,11.92,7.2
1985-03-07,8.58,11.94,7.2
1985-03-08,8.58,11.71,7.2
1985-03-11,8.58,11.72,7.2
1985-03-12,8.58,11.78,7.2
1985-03-13,8.58,11.9,7.2
1985-03-14,8.58,11.92,7.2
1985-03-15,8.58,11.93,7.2
1985-03-18,8.58,12.02,7.2
1985-03-19,8.58,11.99,7.2
1985-03-20,8.58,11.91,7.2
1985-03-21,8.58,11.82,7.2
1985-03-22,8.58,11.88,7.2
1985-03-25,8.58,11.86,7.2
1985-03-26,8.58,11.77,7.2
1985-03-27,8.58,11.84,7.2
1985-03-28,8.58,11.75,7.2
1985-03-29,8.58,11.65,7.2
1985-04-01,8.27,11.66,7.3
1985-04-02,8.27,11.7,7.3
1985-04-03,8.27,11.73,7.3
1985-04-04,8.27,11.75,7.3
1985-04-05,8.27,,7.3
1985-04-08,8.27,11.77,7.3
1985-04-09,8.27,11.66,7.3
1985-04-10,8.27,11.58,7.3
1985-04-11,8.27,11.42,7.3
1985-04-12,8.27,11.43,7.3
1985-04-15,8.27,11.37,7.3
1985-04-16,8.27,11.25,7.3
1985-04-17,8.27,11.29,7.3
1985-04-18,8.27,11.13,7.3
1985-04-19,8.27,11.16,7.3
1985-04-22,8.27,11.13,7.3
1985-04-23,8.27,11.25,7.3
1985-04-24,8.27,11.25,7.3
1985-04-25,8.27,11.37,7.3
1985-04-26,8.27,11.35,7.3
1985-04-29,8.27,11.47,7.3
1985-04-30,8.27,11.41,7.3
1985-05-01,7.97,11.27,7.2
1985-05-02,7.97,11.29,7.2
1985-05-03,7.97,11.21,7.2
1985-05-06,7.97,11.19,7.2
1985-05-07,7.97,11.17,7.2
1985-05-08,7.97,11.26,7.2
1985-05-09,7.97,11.2,7.2
1985-05-10,7.97,11.04,7.2
1985-05-13,7.97,11.04,7.2
1985-05-14,7.97,10.87,7.2
1985-05-15,7.97,10.89,7.2
1985-05-16,7.97,10.81,7.2
1985-05-17,7.97,10.84,7.2
1985-05-20,7.97,10.56,7.2
1985-05-21,7.97,10.6,7.2
1985-05-22,7.97,10.62,7.2
1985-05-23,7.97,10.64,7.2
1985-05-24,7.97,10.57,7.2
1985-05-27,7.97,,7.2
1985-05-28,7.97,10.43,7.2
1985-05-29,7.97,10.46,7.2
1985-05-30,7.97,10.39,7.2
1985-05-31,7.97,10.28,7.2
1985-06-01,7.53,,7.4
1985-06-03,7.53,10.05,7.4
1985-06-04,7.53,10.05,7.4
1985-06-05,7.53,9.83,7.4
1985-06-06,7.53,9.89,7.4
1985-06-07,7.53,10.19,7.4
1985-06-10,7.53,10.16,7.4
1985-06-11,7.53,10.08,7.4
1985-06-12,7.53,10.16,7.4
1985-06-13,7.53,10.21,7.4
1985-06-14,7.53,9.98,7.4
1985-06-17,7.53,9.97,7.4
1985-06-18,7.53,9.9,7.4
1985-06-19,7.53,10.04,7.4
1985-06-20,7.53,10.14,7.4
1985-06-21,7.53,10.34,7.4
1985-06-24,7.53,10.45,7.4
1985-06-25,7.53,10.5,7.4
1985-06-26,7.53,10.54,7.4
1985-06-27,7.53,10.39,7.4
1985-06-28,7.53,10.25,7.4
1985-07-01,7.88,10.19,7.4
1985-07-02,7.88,10.2,7.4
1985-07-03,7.88,10.23,7.4
1985-07-04,7.88,,7.4
1985-07-05,7.88,9.93,7.4
1985-07-08,7.88,10.05,7.4
1985-07-09,7.88,10.05,7.4
1985-07-10,7.88,10.07,7.4
1985-07-11,7.88,10.22,7.4
1985-07-12,7.88,10.23,7.4
1985-07-15,7.88,10.22,7.4
1985-07-16,7.88,10.15,7.4
1985-07-17,7.88,10.12,7.4
1985-07-18,7.88,10.3,7.4
1985-07-19,7.88,10.34,7.4
1985-07-22,7.88,10.46,7.4
1985-07-23,7.88,10.47,7.4
1985-07-24,7.88,10.51,7.4
1985-07-25,7.88,10.52,7.4
1985-07-26,7.88,10.59,7.4
1985-07-29,7.88,10.67,7.4
1985-07-30,7.88,10.66,7.4
1985-07-31,7.88,10.57,7.4
1985-08-01,7.9,10.51,7.1
1985-08-02,7.9,10.66,7.1
1985-08-05,7.9,10.64,7.1
1985-08-06,7.9,10.65,7.1
1985-08-07,7.9,10.55,7.1
1985-08-08,7.9,10.43,7.1
1985-08-09,7.9,10.37,7.1
1985-08-12,7.9,10.38,7.1
1985-08-13,7.9,10.46,7.1
1985-08-14,7.9,10.38,7.1
1985-08-15,7.9,10.36,7.1
1985-08-16,7.9,10.26,7.1
1985-08-19,7.9,10.23,7.1
1985-08-20,7.9,10.2,7.1
1985-08-21,7.9,10.12,7.1
1985-08-22,7.9,10.1,7.1
1985-08-23,7.9,10.14,7.1
1985-08-26,7.9,10.18,7.1
1985-08-27,7.9,10.12,7.1
1985-08-28,7.9,10.16,7.1
1985-08-29,7.9,10.12,7.1
1985-08-30,7.9,10.28,7.1
1985-09-01,7.92,,7.1
1985-09-02,7.92,,7.1
1985-09-03,7.92,10.24,7.1
1985-09-04,7.92,10.16,7.1
1985-09-05,7.92,10.27,7.1
1985-09-06,7.92,10.5,7.1
1985-09-09,7.92,10.49,7.1
1985-09-10,7.92,10.48,7.1
1985-09-11,7.92,10.51,7.1
1985-09-12,7.92,10.52,7.1
1985-09-13,7.92,10.4,7.1
1985-09-16,7.92,10.37,7.1
1985-09-17,7.92,10.41,7.1
1985-09-18,7.92,10.43,7.1
1985-09-19,7.92,10.43,7.1
1985-09-20,7.92,10.36,7.1
1985-09-23,7.92,10.39,7.1
1985-09-24,7.92,10.33,7.1
1985-09-25,7.92,10.27,7.1
1985-09-26,7.92,10.22,7.1
1985-09-27,7.92,,7.1
1985-09-30,7.92,10.31,7.1
1985-10-01,7.99,10.29,7.1
1985-10-02,7.99,10.3,7.1
1985-10-03,7.99,10.32,7.1
1985-10-04,7.99,10.36,7.1
1985-10-07,7.99,10.42,7.1
1985-10-08,7.99,10.36,7.1
1985-10-09,7.99,10.37,7.1
1985-10-10,7.99,10.35,7.1
1985-10-11,7.99,10.34,7.1
1985-10-14,7.99,,7.1
1985-10-15,7.99,10.3,7.1
1985-10-16,7.99,10.25,7.1
1985-10-17,7.99,10.21,7.1
1985-10-18,7.99,10.17,7.1
1985-10-21,7.99,10.18,7.1
1985-10-22,7.99,10.12,7.1
1985-10-23,7.99,10.14,7.1
1985-10-24,7.99,10.15,7.1
1985-10-25,7.99,10.21,7.1
1985-10-28,7.99,10.28,7.1
1985-10-29,7.99,10.11,7.1
1985-10-30,7.99,9.97,7.1
1985-10-31,7.99,10.01,7.1
1985-11-01,8.05,9.98,7.0
1985-11-04,8.05,9.98,7.0
1985-11-05,8.05,9.93,7.0
1985-11-06,8.05,9.93,7.0
1985-11-07,8.05,9.91,7.0
1985-11-08,8.05,9.84,7.0
1985-11-11,8.05,,7.0
1985-11-12,8.05,9.74,7.0
1985-11-13,8.05,9.78,7.0
1985-11-14,8.05,9.84,7.0
1985-11-15,8.05,9.92,7.0
1985-11-18,8.05,9.72,7.0
1985-11-19,8.05,9.73,7.0
1985-11-20,8.05,9.72,7.0
1985-11-21,8.05,9.58,7.0
1985-11-22,8.05,9.66,7.0
1985-11-25,8.05,9.68,7.0
1985-11-26,8.05,9.68,7.0
1985-11-27,8.05,9.64,7.0
1985-11-28,8.05,,7.0
1985-11-29,8.05,9.59,7.0
1985-12-01,8.27,,7.0
1985-12-02,8.27,9.69,7.0
1985-12-03,8.27,9.68,7.0
1985-12-04,8.27,9.63,7.0
1985-12-05,8.27,9.62,7.0
1985-12-06,8.27,9.65,7.0
1985-12-09,8.27,9.49,7.0
1985-12-10,8.27,9.36,7.0
1985-12-11,8.27,9.2,7.0
1985-12-12,8.27,9.27,7.0
1985-12-13,8.27,9.21,7.0
1985-12-16,8.27,9.16,7.0
1985-12-17,8.27,9.04,7.0
1985-12-18,8.27,9.11,7.0
1985-12-19,8.27,9.1,7.0
1985-12-20,8.27,9.04,7.0
1985-12-23,8.27,9.08,7.0
1985-12-24,8.27,9.07,7.0
1985-12-25,8.27,,7.0
1985-12-26,8.27,9.04,7.0
1985-12-27,8.27,8.99,7.0
1985-12-30,8.27,9.01,7.0
1985-12-31,8.27,9.0,7.0
1986-01-01,8.14,,6.7
1986-01-02,8.14,9.04,6.7
1986-01-03,8.14,9.05,6.7
1986-01-06,8.14,9.07,6.7
1986-01-07,8.14,8.94,6.7
1986-01-08,8.14,9.13,6.7
1986-01-09,8.14,9.27,6.7
1986-01-10,8.14,9.39,6.7
1986-01-13,8.14,9.49,6.7
1986-01-14,8.14,9.43,6.7
1986-01-15,8.14,9.31,6.7
1986-01-16,8.14,9.3,6.7
1986-01-17,8.14,9.24,6.7
1986-01-20,8.14,,6.7
1986-01-21,8.14,9.22,6.7
1986-01-22,8.14,9.28,6.7
1986-01-23,8.14,9.23,6.7
1986-01-24,8.14,9.23,6.7
1986-01-27,8.14,9.13,6.7
1986-01-28,8.14,9.05,6.7
1986-01-29,8.14,9.09,6.7
1986-01-30,8.14,9.1,6.7
1986-01-31,8.14,9.08,6.7
1986-02-01,7.86,,7.2
1986-02-03,7.86,9.02,7.2
1986-02-04,7.86,8.96,7.2
1986-02-05,7.86,8.97,7.2
1986-02-06,7.86,9.03,7.2
1986-02-07,7.86,9.11,7.2
1986-02-10,7.86,9.0,7.2
1986-02-11,7.86,8.93,7.2
1986-02-12,7.86,8.91,7.2
1986-02-13,7.86,8.85,7.2
1986-02-14,7.86,8.68,7.2
1986-02-17,7.86,,7.2
1986-02-18,7.86,8.64,7.2
1986-02-19,7.86,8.7,7.2
1986-02-20,7.86,8.67,7.2
1986-02-21,7.86,8.48,7.2
1986-02-24,7.86,8.39,7.2
1986-02-25,7.86,8.4,7.2
1986-02-26,7.86,8.36,7.2
1986-02-27,7.86,8.15,7.2
1986-02-28,7.86,8.13,7.2
1986-03-01,7.48,,7.2
1986-03-03,7.48,7.99,7.2
1986-03-04,7.48,7.93,7.2
1986-03-05,7.48,8.12,7.2
1986-03-06,7.48,8.04,7.2
1986-03-07,7.48,7.96,7.2
1986-03-10,7.48,7.76,7.2
1986-03-11,7.48,7.7,7.2
1986-03-12,7.48,7.68,7.2
1986-03-13,7.48,7.75,7.2
1986-03-14,7.48,7.72,7.2
1986-03-17,7.48,7.77,7.2
1986-03-18,7.48,7.83,7.2
1986-03-19,7.48,7.82,7.2
1986-03-20,7.48,7.78,7.2
1986-03-21,7.48,7.8,7.2
1986-03-24,7.48,7.7,7.2
1986-03-25,7.48,7.7,7.2
1986-03-26,7.48,7.64,7.2
1986-03-27,7.48,7.49,7.2
1986-03-28,7.48,,7.2
1986-03-31,7.48,7.39,7.2
1986-04-01,6.99,7.37,7.1
1986-04-02,6.99,7.33,7.1
1986-04-03,6.99,7.41,7.1
1986-04-04,6.99,7.45,7.1
1986-04-07,6.99,7.43,7.1
1986-04-08,6.99,7.31,7.1
1986-04-09,6.99,7.27,7.1
1986-04-10,6.99,7.23,7.1
1986-04-11,6.99,7.29,7.1
1986-04-14,6.99,7.19,7.1
1986-04-15,6.99,7.22,7.1
1986-04-16,6.99,6.98,7.1
1986-04-17,6.99,7.03,7.1
1986-04-18,6.99,7.09,7.1
1986-04-21,6.99,7.04,7.1
1986-04-22,6.99,7.25,7.1
1986-04-23,6.99,7.36,7.1
1986-04-24,6.99,7.51,7.1
1986-04-25,6.99,7.58,7.1
1986-04-28,6.99,7.48,7.1
1986-04-29,6.99,7.38,7.1
1986-04-30,6.99,7.38,7.1
1986-05-01,6.85,7.45,7.2
1986-05-02,6.85,7.51,7.2
1986-05-05,6.85,7.45,7.2
1986-05-06,6.85,7.46,7.2
1986-05-07,6.85,7.43,7.2
1986-05-08,6.85,7.4,7.2
1986-05-09,6.85,7.48,7.2
1986-05-12,6.85,7.67,7.2
1986-05-13,6.85,7.63,7.2
1986-05-14,6.85,7.66,7.2
1986-05-15,6.85,7.79,7.2
1986-05-16,6.85,7.99,7.2
1986-05-19,6.85,7.98,7.2
1986-05-20,6.85,7.88,7.2
1986-05-21,6.85,7.9,7.2
1986-05-22,6.85,7.88,7.2
1986-05-23,6.85,7.84,7.2
1986-05-26,6.85,,7.2
1986-05-27,6.85,7.73,7.2
1986-05-28,6.85,7.73,7.2
1986-05-29,6.85,7.99,7.2
1986-05-30,6.85,8.05,7.2
1986-06-01,6.92,,7.2
1986-06-02,6.92,8.32,7.2
1986-06-03,6.92,8.19,7.2
1986-06-04,6.92,8.39,7.2
1986-06-05,6.92,8.31,7.2
1986-06-06,6.92,7.95,7.2
1986-06-09,6.92,8.13,7.2
1986-06-10,6.92,8.07,7.2
1986-06-11,6.92,8.01,7.2
1986-06-12,6.92,7.98,7.2
1986-06-13,6.92,7.73,7.2
1986-06-16,6.92,7.63,7.2
1986-06-17,6.92,7.63,7.2
1986-06-18,6.92,7.57,7.2
1986-06-19,6.92,7.69,7.2
1986-06-20,6.92,7.6,7.2
1986-06-23,6.92,7.55,7.2
1986-06-24,6.92,7.47,7.2
1986-06-25,6.92,7.42,7.2
1986-06-26,6.92,7.42,7.2
1986-06-27,6.92,7.38,7.2
1986-06-30,6.92,7.35,7.2
1986-07-01,6.56,7.37,7.0
1986-07-02,6.56,7.37,7.0
1986-07-03,6.56,7.31,7.0
1986-07-04,6.56,,7.0
1986-07-07,6.56,7.31,7.0
1986-07-08,6.56,7.44,7.0
1986-07-09,6.56,7.31,7.0
1986-07-10,6.56,7.31,7.0
1986-07-11,6.56,7.3,7.0
1986-07-14,6.56,7.25,7.0
1986-07-15,6.56,7.16,7.0
1986-07-16,6.56,7.2,7.0
1986-07-17,6.56,7.18,7.0
1986-07-18,6.56,7.16,7.0
1986-07-21,6.56,7.14,7.0
1986-07-22,6.56,7.2,7.0
1986-07-23,6.56,7.29,7.0
1986-07-24,6.56,7.35,7.0
1986-07-25,6.56,7.33,7.0
1986-07-28,6.56,7.53,7.0
1986-07-29,6.56,7.41,7.0
1986-07-30,6.56,7.41,7.0
1986-07-31,6.56,7.34,7.0
1986-08-01,6.17,7.34,6.9
1986-08-04,6.17,7.33,6.9
1986-08-05,6.17,7.39,6.9
1986-08-06,6.17,7.47,6.9
1986-08-07,6.17,7.45,6.9
1986-08-08,6.17,7.3,6.9
1986-08-11,6.17,7.25,6.9
1986-08-12,6.17,7.23,6.9
1986-08-13,6.17,7.15,6.9
1986-08-14,6.17,7.16,6.9
1986-08-15,6.17,7.14,6.9
1986-08-18,6.17,7.14,6.9
1986-08-19,6.17,7.02,6.9
1986-08-20,6.17,7.0,6.9
1986-08-21,6.17,6.96,6.9
1986-08-22,6.17,7.07,6.9
1986-08-25,6.17,7.06,6.9
1986-08-26,6.17,6.97,6.9
1986-08-27,6.17,7.06,6.9
1986-08-28,6.17,7.04,6.9
1986-08-29,6.17,6.95,6.9
1986-09-01,5.89,,7.0
1986-09-02,5.89,7.03,7.0
1986-09-03,5.89,7.2,7.0
1986-09-04,5.89,7.15,7.0
1986-09-05,5.89,7.32,7.0
1986-09-08,5.89,7.38,7.0
1986-09-09,5.89,7.35,7.0
1986-09-10,5.89,7.35,7.0
1986-09-11,5.89,7.57,7.0
1986-09-12,5.89,7.63,7.0
1986-09-15,5.89,7.53,7.0
1986-09-16,5.89,7.53,7.0
1986-09-17,5.89,7.46,7.0
1986-09-18,5.89,7.62,7.0
1986-09-19,5.89,7.67,7.0
1986-09-22,5.89,7.62,7.0
1986-09-23,5.89,7.58,7.0
1986-09-24,5.89,7.48,7.0
1986-09-25,5.89,7.47,7.0
1986-09-26,5.89,7.47,7.0
1986-09-29,5.89,7.54,7.0
1986-09-30,5.89,7.45,7.0
1986-10-01,5.85,7.41,7.0
1986-10-02,5.85,7.45,7.0
1986-10-03,5.85,7.31,7.0
1986-10-06,5.85,7.28,7.0
1986-10-07,5.85,7.28,7.0
1986-10-08,5.85,7.31,7.0
1986-10-09,5.85,7.33,7.0
1986-10-10,5.85,7.36,7.0
1986-10-13,5.85,,7.0
1986-10-14,5.85,7.49,7.0
1986-10-15,5.85,7.51,7.0
1986-10-16,5.85,7.53,7.0
1986-10-17,5.85,7.57,7.0
1986-10-20,5.85,7.66,7.0
1986-10-21,5.85,7.57,7.0
1986-10-22,5.85,7.49,7.0
1986-10-23,5.85,7.43,7.0
1986-10-24,5.85,7.47,7.0
1986-10-27,5.85,7.42,7.0
1986-10-28,5.85,7.45,7.0
1986-10-29,5.85,7.41,7.0
1986-10-30,5.85,7.31,7.0
1986-10-31,5.85,7.34,7.0
1986-11-01,6.04,,6.9
1986-11-03,6.04,7.29,6.9
1986-11-04,6.04,7.31,6.9
1986-11-05,6.04,7.24,6.9
1986-11-06,6.04,7.32,6.9
1986-11-07,6.04,7.4,6.9
1986-11-10,6.04,7.38,6.9
1986-11-11,6.04,,6.9
1986-11-12,6.04,7.35,6.9
1986-11-13,6.04,7.33,6.9
1986-11-14,6.04,7.29,6.9
1986-11-17,6.04,7.22,6.9
1986-11-18,6.04,7.27,6.9
1986-11-19,6.04,7.19,6.9
1986-11-20,6.04,7.19,6.9
1986-11-21,6.04,7.17,6.9
1986-11-24,6.04,7.11,6.9
1986-11-25,6.04,7.15,6.9
1986-11-26,6.04,7.15,6.9
1986-11-27,6.04,,6.9
1986-11-28,6.04,7.15,6.9
1986-12-01,6.91,7.18,6.6
1986-12-02,6.91,7.08,6.6
1986-12-03,6.91,7.06,6.6
1986-12-04,6.91,7.01,6.6
1986-12-05,6.91,7.12,6.6
1986-12-08,6.91,7.1,6.6
1986-12-09,6.91,7.07,6.6
1986-12-10,6.91,7.05,6.6
1986-12-11,6.91,7.12,6.6
1986-12-12,6.91,7.13,6.6
1986-12-15,6.91,7.15,6.6
1986-12-16,6.91,7.12,6.6
1986-12-17,6.91,7.12,6.6
1986-12-18,6.91,7.11,6.6
1986-12-19,6.91,7.1,6.6
1986-12-22,6.91,7.1,6.6
1986-12-23,6.91,7.08,6.6
1986-12-24,6.91,7.07,6.6
1986-12-25,6.91,,6.6
1986-12-26,6.91,7.08,6.6
1986-12-29,6.91,7.17,6.6
1986-12-30,6.91,7.23,6.6
1986-12-31,6.91,7.23,6.6
1987-01-01,6.43,,6.6
1987-01-02,6.43,7.18,6.6
1987-01-05,6.43,7.08,6.6
1987-01-06,6.43,7.08,6.6
1987-01-07,6.43,7.05,6.6
1987-01-08,6.43,7.04,6.6
1987-01-09,6.43,7.01,6.6
1987-01-12,6.43,7.05,6.6
1987-01-13,6.43,7.1,6.6
1987-01-14,6.43,7.11,6.6
1987-01-15,6.43,7.08,6.6
1987-01-16,6.43,7.03,6.6
1987-01-19,6.43,,6.6
1987-01-20,6.43,7.01,6.6
1987-01-21,6.43,7.01,6.6
1987-01-22,6.43,7.03,6.6
1987-01-23,6.43,7.06,6.6
1987-01-26,6.43,7.17,6.6
1987-01-27,6.43,7.16,6.6
1987-01-28,6.43,7.13,6.6
1987-01-29,6.43,7.13,6.6
1987-01-30,6.43,7.18,6.6
1987-02-01,6.1,,6.6
1987-02-02,6.1,7.23,6.6
1987-02-03,6.1,7.25,6.6
1987-02-04,6.1,7.23,6.6
1987-02-05,6.1,7.2,6.6
1987-02-06,6.1,7.19,6.6
1987-02-09,6.1,7.25,6.6
1987-02-10,6.1,7.33,6.6
1987-02-11,6.1,7.37,6.6
1987-02-12,6.1,7.31,6.6
1987-02-13,6.1,7.28,6.6
1987-02-16,6.1,,6.6
1987-02-17,6.1,7.33,6.6
1987-02-18,6.1,7.3,6.6
1987-02-19,6.1,7.23,6.6
1987-02-20,6.1,7.24,6.6
1987-02-23,6.1,7.23,6.6
1987-02-24,6.1,7.18,6.6
1987-02-25,6.1,7.21,6.6
1987-02-26,6.1,7.21,6.6
1987-02-27,6.1,7.19,6.6
1987-03-01,6.13,,6.6
1987-03-02,6.13,7.17,6.6
1987-03-03,6.13,7.21,6.6
1987-03-04,6.13,7.14,6.6
1987-03-05,6.13,7.16,6.6
1987-03-06,6.13,7.23,6.6
1987-03-09,6.13,7.23,6.6
1987-03-10,6.13,7.23,6.6
1987-03-11,6.13,7.23,6.6
1987-03-12,6.13,7.22,6.6
1987-03-13,6.13,7.19,6.6
1987-03-16,6.13,7.22,6.6
1987-03-17,6.13,7.2,6.6
1987-03-18,6.13,7.21,6.6
1987-03-19,6.13,7.21,6.6
1987-03-20,6.13,7.22,6.6
1987-03-23,6.13,7.25,6.6
1987-03-24,6.13,7.27,6.6
1987-03-25,6.13,7.26,6.6
1987-03-26,6.13,7.24,6.6
1987-03-27,6.13,7.33,6.6
1987-03-30,6.13,7.54,6.6
1987-03-31,6.13,7.51,6.6
1987-04-01,6.37,7.59,6.3
1987-04-02,6.37,7.59,6.3
1987-04-03,6.37,7.59,6.3
1987-04-06,6.37,7.54,6.3
1987-04-07,6.37,7.62,6.3
1987-04-08,6.37,7.61,6.3
1987-04-09,6.37,7.78,6.3
1987-04-10,6.37,7.98,6.3
1987-04-13,6.37,8.07,6.3
1987-04-14,6.37,8.28,6.3
1987-04-15,6.37,8.1,6.3
1987-04-16,6.37,8.03,6.3
1987-04-17,6.37,,6.3
1987-04-20,6.37,8.2,6.3
1987-04-21,6.37,8.19,6.3
1987-04-22,6.37,8.24,6.3
1987-04-23,6.37,8.39,6.3
1987-04-24,6.37,8.47,6.3
1987-04-27,6.37,8.37,6.3
1987-04-28,6.37,8.28,6.3
1987-04-29,6.37,8.35,6.3
1987-04-30,6.37,8.21,6.3
1987-05-01,6.85,8.39,6.3
1987-05-04,6.85,8.52,6.3
1987-05-05,6.85,8.45,6.3
1987-05-06,6.85,8.54,6.3
1987-05-07,6.85,8.5,6.3
1987-05-08,6.85,8.43,6.3
1987-05-11,6.85,8.57,6.3
1987-05-12,6.85,8.55,6.3
1987-05-13,6.85,8.55,6.3
1987-05-14,6.85,8.57,6.3
1987-05-15,6.85,8.8,6.3
1987-05-18,6.85,8.73,6.3
1987-05-19,6.85,8.89,6.3
1987-05-20,6.85,8.92,6.3
1987-05-21,6.85,8.87,6.3
1987-05-22,6.85,8.78,6.3
1987-05-25,6.85,,6.3
1987-05-26,6.85,8.55,6.3
1987-05-27,6.85,8.6,6.3
1987-05-28,6.85,8.56,6.3
1987-05-29,6.85,8.49,6.3
1987-06-01,6.73,8.45,6.2
1987-06-02,6.73,8.72,6.2
1987-06-03,6.73,8.64,6.2
1987-06-04,6.73,8.58,6.2
1987-06-05,6.73,8.5,6.2
1987-06-08,6.73,8.53,6.2
1987-06-09,6.73,8.56,6.2
1987-06-10,6.73,8.56,6.2
1987-06-11,6.73,8.52,6.2
1987-06-12,6.73,8.32,6.2
1987-06-15,6.73,8.28,6.2
1987-06-16,6.73,8.28,6.2
1987-06-17,6.73,8.23,6.2
1987-06-18,6.73,8.27,6.2
1987-06-19,6.73,8.3,6.2
1987-06-22,6.73,8.23,6.2
1987-06-23,6.73,8.23,6.2
1987-06-24,6.73,8.31,6.2
1987-06-25,6.73,8.25,6.2
1987-06-26,6.73,8.37,6.2
1987-06-29,6.73,8.34,6.2
1987-06-30,6.73,8.38,6.2
1987-07-01,6.58,8.36,6.1
1987-07-02,6.58,8.3,6.1
1987-07-03,6.58,,6.1
1987-07-06,6.58,8.29,6.1
1987-07-07,6.58,8.28,6.1
1987-07-08,6.58,8.32,6.1
1987-07-09,6.58,8.37,6.1
1987-07-10,6.58,8.32,6.1
1987-07-13,6.58,8.38,6.1
1987-07-14,6.58,8.33,6.1
1987-07-15,6.58,8.43,6.1
1987-07-16,6.58,8.41,6.1
1987-07-17,6.58,8.36,6.1
1987-07-20,6.58,8.41,6.1
1987-07-21,6.58,8.49,6.1
1987-07-22,6.58,8.54,6.1
1987-07-23,6.58,8.56,6.1
1987-07-24,6.58,8.58,6.1
1987-07-27,6.58,8.6,6.1
1987-07-28,6.58,8.62,6.1
1987-07-29,6.58,8.61,6.1
1987-07-30,6.58,8.61,6.1
1987-07-31,6.58,8.66,6.1
1987-08-01,6.73,,6.0
1987-08-03,6.73,8.81,6.0
1987-08-04,6.73,8.81,6.0
1987-08-05,6.73,8.71,6.0
1987-08-06,6.73,8.73,6.0
1987-08-07,6.73,8.7,6.0
1987-08-10,6.73,8.74,6.0
1987-08-11,6.73,8.73,6.0
1987-08-12,6.73,8.72,6.0
1987-08-13,6.73,8.63,6.0
1987-08-14,6.73,8.58,6.0
1987-08-17,6.73,8.56,6.0
1987-08-18,6.73,8.73,6.0
1987-08-19,6.73,8.77,6.0
1987-08-20,6.73,8.74,6.0
1987-08-21,6.73,8.77,6.0
1987-08-24,6.73,8.78,6.0
1987-08-25,6.73,8.73,6.0
1987-08-26,6.73,8.79,6.0
1987-08-27,6.73,8.92,6.0
1987-08-28,6.73,9.02,6.0
1987-08-31,6.73,9.0,6.0
1987-09-01,7.22,9.05,5.9
1987-09-02,7.22,9.28,5.9
1987-09-03,7.22,9.29,5.9
1987-09-04,7.22,9.3,5.9
1987-09-07,7.22,,5.9
1987-09-08,7.22,9.5,5.9
1987-09-09,7.22,9.48,5.9
1987-09-10,7.22,9.42,5.9
1987-09-11,7.22,9.33,5.9
1987-09-14,7.22,9.34,5.9
1987-09-15,7.22,9.44,5.9
1987-09-16,7.22,9.52,5.9
1987-09-17,7.22,9.48,5.9
1987-09-18,7.22,9.38,5.9
1987-09-21,7.22,9.45,5.9
1987-09-22,7.22,9.37,5.9
1987-09-23,7.22,9.4,5.9
1987-09-24,7.22,9.51,5.9
1987-09-25,7.22,9.53,5.9
1987-09-28,7.22,9.52,5.9
1987-09-29,7.22,9.64,5.9
1987-09-30,7.22,9.63,5.9
1987-10-01,7.29,9.66,6.0
1987-10-02,7.29,9.6,6.0
1987-10-05,7.29,9.69,6.0
1987-10-06,7.29,9.72,6.0
1987-10-07,7.29,9.71,6.0
1987-10-08,7.29,9.86,6.0
1987-10-09,7.29,9.94,6.0
1987-10-12,7.29,,6.0
1987-10-13,7.29,9.9,6.0
1987-10-14,7.29,10.13,6.0
1987-10-15,7.29,10.18,6.0
1987-10-16,7.29,10.23,6.0
1987-10-19,7.29,10.15,6.0
1987-10-20,7.29,9.4,6.0
1987-10-21,7.29,9.3,6.0
1987-10-22,7.29,8.97,6.0
1987-10-23,7.29,8.98,6.0
1987-10-26,7.29,8.8,6.0
1987-10-27,7.29,8.92,6.0
1987-10-28,7.29,9.01,6.0
1987-10-29,7.29,8.89,6.0
1987-10-30,7.29,8.88,6.0
1987-11-01,6.69,,5.8
1987-11-02,6.69,8.98,5.8
1987-11-03,6.69,8.91,5.8
1987-11-04,6.69,8.85,5.8
1987-11-05,6.69,8.72,5.8
1987-11-06,6.69,8.76,5.8
1987-11-09,6.69,8.78,5.8
1987-11-10,6.69,8.79,5.8
1987-11-11,6.69,,5.8
1987-11-12,6.69,8.8,5.8
1987-11-13,6.69,8.84,5.8
1987-11-16,6.69,8.82,5.8
1987-11-17,6.69,8.86,5.8
1987-11-18,6.69,8.85,5.8
1987-11-19,6.69,8.83,5.8
1987-11-20,6.69,8.79,5.8
1987-11-23,6.69,8.8,5.8
1987-11-24,6.69,8.89,5.8
1987-11-25,6.69,8.98,5.8
1987-11-26,6.69,,5.8
1987-11-27,6.69,9.11,5.8
1987-11-30,6.69,8.99,5.8
1987-12-01,6.77,9.01,5.7
1987-12-02,6.77,9.01,5.7
1987-12-03,6.77,8.94,5.7
1987-12-04,6.77,8.94,5.7
1987-12-07,6.77,9.07,5.7
1987-12-08,6.77,9.09,5.7
1987-12-09,6.77,9.05,5.7
1987-12-10,6.77,9.23,5.7
1987-12-11,6.77,9.28,5.7
1987-12-14,6.77,9.23,5.7
1987-12-15,6.77,9.09,5.7
1987-12-16,6.77,9.0,5.7
1987-12-17,6.77,9.03,5.7
1987-12-18,6.77,8.89,5.7
1987-12-21,6.77,8.88,5.7
1987-12-22,6.77,8.95,5.7
1987-12-23,6.77,8.83,5.7
1987-12-24,6.77,8.82,5.7
1987-12-25,6.77,,5.7
1987-12-28,6.77,8.93,5.7
1987-12-29,6.77,8.85,5.7
1987-12-30,6.77,8.78,5.7
1987-12-31,6.77,8.83,5.7
1988-01-01,6.83,,5.7
1988-01-04,6.83,8.83,5.7
1988-01-05,6.83,8.76,5.7
1988-01-06,6.83,8.82,5.7
1988-01-07,6.83,8.83,5.7
1988-01-08,6.83,8.97,5.7
1988-01-11,6.83,8.94,5.7
1988-01-12,6.83,8.93,5.7
1988-01-13,6.83,8.87,5.7
1988-01-14,6.83,8.86,5.7
1988-01-15,6.83,8.6,5.7
1988-01-18,6.83,,5.7
1988-01-19,6.83,8.65,5.7
1988-01-20,6.83,8.61,5.7
1988-01-21,6.83,8.53,5.7
1988-01-22,6.83,8.49,5.7
1988-01-25,6.83,8.45,5.7
1988-01-26,6.83,8.54,5.7
1988-01-27,6.83,8.38,5.7
1988-01-28,6.83,8.33,5.7
1988-01-29,6.83,8.26,5.7
1988-02-01,6.58,8.26,5.7
1988-02-02,6.58,8.18,5.7
1988-02-03,6.58,8.21,5.7
1988-02-04,6.58,8.24,5.7
1988-02-05,6.58,8.12,5.7
1988-02-08,6.58,8.19,5.7
1988-02-09,6.58,8.16,5.7
1988-02-10,6.58,8.11,5.7
1988-02-11,6.58,8.16,5.7
1988-02-12,6.58,8.28,5.7
1988-02-15,6.58,,5.7
1988-02-16,6.58,8.31,5.7
1988-02-17,6.58,8.32,5.7
1988-02-18,6.58,8.28,5.7
1988-02-19,6.58,8.26,5.7
1988-02-22,6.58,8.24,5.7
1988-02-23,6.58,8.17,5.7
1988-02-24,6.58,8.18,5.7
1988-02-25,6.58,8.23,5.7
1988-02-26,6.58,8.18,5.7
1988-02-29,6.58,8.16,5.7
1988-03-01,6.58,8.15,5.7
1988-03-02,6.58,8.13,5.7
1988-03-03,6.58,8.12,5.7
1988-03-04,6.58,8.28,5.7
1988-03-07,6.58,8.3,5.7
1988-03-08,6.58,8.33,5.7
1988-03-09,6.58,8.32,5.7
1988-03-10,6.58,8.35,5.7
1988-03-11,6.58,8.29,5.7
1988-03-14,6.58,8.29,5.7
1988-03-15,6.58,8.3,5.7
1988-03-16,6.58,8.36,5.7
1988-03-17,6.58,8.3,5.7
1988-03-18,6.58,8.41,5.7
1988-03-21,6.58,8.47,5.7
1988-03-22,6.58,8.46,5.7
1988-03-23,6.58,8.47,5.7
1988-03-24,6.58,8.51,5.7
1988-03-25,6.58,8.47,5.7
1988-03-28,6.58,8.58,5.7
1988-03-29,6.58,8.56,5.7
1988-03-30,6.58,8.57,5.7
1988-03-31,6.58,8.57,5.7
1988-04-01,6.87,,5.4
1988-04-04,6.87,8.68,5.4
1988-04-05,6.87,8.67,5.4
1988-04-06,6.87,8.61,5.4
1988-04-07,6.87,8.6,5.4
1988-04-08,6.87,8.52,5.4
1988-04-11,6.87,8.59,5.4
1988-04-12,6.87,8.57,5.4
1988-04-13,6.87,8.56,5.4
1988-04-14,6.87,8.67,5.4
1988-04-15,6.87,8.74,5.4
1988-04-18,6.87,8.81,5.4
1988-04-19,6.87,8.81,5.4
1988-04-20,6.87,8.83,5.4
1988-04-21,6.87,8.82,5.4
1988-04-22,6.87,8.78,5.4
1988-04-25,6.87,8.78,5.4
1988-04-26,6.87,8.8,5.4
1988-04-27,6.87,8.8,5.4
1988-04-28,6.87,8.86,5.4
1988-04-29,6.87,8.87,5.4
1988-05-01,7.09,,5.6
1988-05-02,7.09,8.94,5.6
1988-05-03,7.09,8.89,5.6
1988-05-04,7.09,8.9,5.6
1988-05-05,7.09,8.92,5.6
1988-05-06,7.09,9.01,5.6
1988-05-09,7.09,9.03,5.6
1988-05-10,7.09,9.07,5.6
1988-05-11,7.09,9.05,5.6
1988-05-12,7.09,9.04,5.6
1988-05-13,7.09,9.0,5.6
1988-05-16,7.09,9.01,5.6
1988-05-17,7.09,9.12,5.6
1988-05-18,7.09,9.19,5.6
1988-05-19,7.09,9.18,5.6
1988-05-20,7.09,9.22,5.6
1988-05-23,7.09,9.23,5.6
1988-05-24,7.09,9.22,5.6
1988-05-25,7.09,9.2,5.6
1988-05-26,7.09,9.21,5.6
1988-05-27,7.09,9.24,5.6
1988-05-30,7.09,,5.6
1988-05-31,7.09,9.2,5.6
1988-06-01,7.51,9.03,5.4
1988-06-02,7.51,9.07,5.4
1988-06-03,7.51,8.97,5.4
1988-06-06,7.51,8.97,5.4
1988-06-07,7.51,9.02,5.4
1988-06-08,7.51,8.92,5.4
1988-06-09,7.51,8.96,5.4
1988-06-10,7.51,8.92,5.4
1988-06-13,7.51,8.91,5.4
1988-06-14,7.51,8.69,5.4
1988-06-15,7.51,8.71,5.4
1988-06-16,7.51,8.89,5.4
1988-06-17,7.51,9.02,5.4
1988-06-20,7.51,9.02,5.4
1988-06-21,7.51,9.03,5.4
1988-06-22,7.51,8.9,5.4
1988-06-23,7.51,8.88,5.4
1988-06-24,7.51,8.85,5.4
1988-06-27,7.51,8.94,5.4
1988-06-28,7.51,8.87,5.4
1988-06-29,7.51,8.88,5.4
1988-06-30,7.51,8.82,5.4
1988-07-01,7.75,8.77,5.4
1988-07-04,7.75,,5.4
1988-07-05,7.75,8.82,5.4
1988-07-06,7.75,8.91,5.4
1988-07-07,7.75,8.95,5.4
1988-07-08,7.75,9.04,5.4
1988-07-11,7.75,9.02,5.4
1988-07-12,7.75,9.08,5.4
1988-07-13,7.75,9.12,5.4
1988-07-14,7.75,9.12,5.4
1988-07-15,7.75,9.08,5.4
1988-07-18,7.75,9.15,5.4
1988-07-19,7.75,9.1,5.4
1988-07-20,7.75,9.11,5.4
1988-07-21,7.75,9.16,5.4
1988-07-22,7.75,9.11,5.4
1988-07-25,7.75,9.07,5.4
1988-07-26,7.75,9.09,5.4
1988-07-27,7.75,9.14,5.4
1988-07-28,7.75,9.16,5.4
1988-07-29,7.75,9.12,5.4
1988-08-01,8.01,9.07,5.6
1988-08-02,8.01,9.0,5.6
1988-08-03,8.01,9.04,5.6
1988-08-04,8.01,8.99,5.6
1988-08-05,8.01,9.12,5.6
1988-08-08,8.01,9.12,5.6
1988-08-09,8.01,9.2,5.6
1988-08-10,8.01,9.3,5.6
1988-08-11,8.01,9.35,5.6
1988-08-12,8.01,9.36,5.6
1988-08-15,8.01,9.37,5.6
1988-08-16,8.01,9.35,5.6
1988-08-17,8.01,9.38,5.6
1988-08-18,8.01,9.35,5.6
1988-08-19,8.01,9.35,5.6
1988-08-22,8.01,9.37,5.6
1988-08-23,8.01,9.32,5.6
1988-08-24,8.01,9.34,5.6
1988-08-25,8.01,9.41,5.6
1988-08-26,8.01,9.38,5.6
1988-08-29,8.01,9.3,5.6
1988-08-30,8.01,9.27,5.6
1988-08-31,8.01,9.25,5.6
1988-09-01,8.19,9.25,5.4
1988-09-02,8.19,9.0,5.4
1988-09-05,8.19,,5.4
1988-09-06,8.19,8.99,5.4
1988-09-07,8.19,8.99,5.4
1988-09-08,8.19,8.99,5.4
1988-09-09,8.19,8.93,5.4
1988-09-12,8.19,8.97,5.4
1988-09-13,8.19,8.94,5.4
1988-09-14,8.19,8.88,5.4
1988-09-15,8.19,8.91,5.4
1988-09-16,8.19,8.93,5.4
1988-09-19,8.19,8.97,5.4
1988-09-20,8.19,8.97,5.4
1988-09-21,8.19,8.93,5.4
1988-09-22,8.19,8.95,5.4
1988-09-23,8.19,8.97,5.4
1988-09-26,8.19,9.0,5.4
1988-09-27,8.19,9.04,5.4
1988-09-28,8.19,9.06,5.4
1988-09-29,8.19,8.98,5.4
1988-09-30,8.19,8.87,5.4
1988-10-01,8.3,,5.4
1988-10-03,8.3,8.84,5.4
1988-10-04,8.3,8.87,5.4
1988-10-05,8.3,8.87,5.4
1988-10-06,8.3,8.87,5.4
1988-10-07,8.3,8.7,5.4
1988-10-10,8.3,,5.4
1988-10-11,8.3,8.75,5.4
1988-10-12,8.3,8.84,5.4
1988-10-13,8.3,8.84,5.4
1988-10-14,8.3,8.81,5.4
1988-10-17,8.3,8.79,5.4
1988-10-18,8.3,8.78,5.4
1988-10-19,8.3,8.82,5.4
1988-10-20,8.3,8.79,5.4
1988-10-21,8.3,8.83,5.4
1988-10-24,8.3,8.83,5.4
1988-10-25,8.3,8.83,5.4
1988-10-26,8.3,8.79,5.4
1988-10-27,8.3,8.72,5.4
1988-10-28,8.3,8.69,5.4
1988-10-31,8.3,8.65,5.4
1988-11-01,8.35,8.68,5.3
1988-11-02,8.35,8.73,5.3
1988-11-03,8.35,8.69,5.3
1988-11-04,8.35,8.85,5.3
1988-11-07,8.35,8.91,5.3
1988-11-08,8.35,8.91,5.3
1988-11-09,8.35,8.91,5.3
1988-11-10,8.35,8.9,5.3
1988-11-11,8.35,,5.3
1988-11-14,8.35,8.91,5.3
1988-11-15,8.35,8.92,5.3
1988-11-16,8.35,9.0,5.3
1988-11-17,8.35,9.06,5.3
1988-11-18,8.35,9.05,5.3
1988-11-21,8.35,9.04,5.3
1988-11-22,8.35,9.09,5.3
1988-11-23,8.35,9.08,5.3
1988-11-24,8.35,,5.3
1988-11-25,8.35,9.17,5.3
1988-11-28,8.35,9.16,5.3
1988-11-29,8.35,9.13,5.3
1988-11-30,8.35,9.06,5.3
1988-12-01,8.76,9.01,5.3
1988-12-02,8.76,9.18,5.3
1988-12-05,8.76,9.13,5.3
1988-12-06,8.76,8.95,5.3
1988-12-07,8.76,9.0,5.3
1988-12-08,8.76,9.02,5.3
1988-12-09,8.76,9.07,5.3
1988-12-12,8.76,9.08,5.3
1988-12-13,8.76,9.15,5.3
1988-12-14,8.76,9.19,5.3
1988-12-15,8.76,9.19,5.3
1988-12-16,8.76,9.17,5.3
1988-12-19,8.76,9.15,5.3
1988-12-20,8.76,9.08,5.3
1988-12-21,8.76,9.07,5.3
1988-12-22,8.76,9.07,5.3
1988-12-23,8.76,9.05,5.3
1988-12-26,8.76,,5.3
1988-12-27,8.76,9.13,5.3
1988-12-28,8.76,9.21,5.3
1988-12-29,8.76,9.18,5.3
1988-12-30,8.76,9.14,5.3
1989-01-01,9.12,,5.4
1989-01-02,9.12,,5.4
1989-01-03,9.12,9.23,5.4
1989-01-04,9.12,9.22,5.4
1989-01-05,9.12,9.27,5.4
1989-01-06,9.12,9.25,5.4
1989-01-09,9.12,9.23,5.4
1989-01-10,9.12,9.24,5.4
1989-01-11,9.12,9.24,5.4
1989-01-12,9.12,9.14,5.4
1989-01-13,9.12,9.06,5.4
1989-01-16,9.12,,5.4
1989-01-17,9.12,9.06,5.4
1989-01-18,9.12,8.99,5.4
1989-01-19,9.12,9.0,5.4
1989-01-20,9.12,9.03,5.4
1989-01-23,9.12,9.0,5.4
1989-01-24,9.12,8.93,5.4
1989-01-25,9.12,8.99,5.4
1989-01-26,9.12,8.99,5.4
1989-01-27,9.12,8.95,5.4
1989-01-30,9.12,9.0,5.4
1989-01-31,9.12,9.01,5.4
1989-02-01,9.36,8.99,5.2
1989-02-02,9.36,8.98,5.2
1989-02-03,9.36,9.01,5.2
1989-02-06,9.36,9.01,5.2
1989-02-07,9.36,8.96,5.2
1989-02-08,9.36,8.95,5.2
1989-02-09,9.36,9.13,5.2
1989-02-10,9.36,9.19,5.2
1989-02-13,9.36,9.2,5.2
1989-02-14,9.36,9.23,5.2
1989-02-15,9.36,9.22,5.2
1989-02-16,9.36,9.21,5.2
1989-02-17,9.36,9.2,5.2
1989-02-20,9.36,,5.2
1989-02-21,9.36,9.22,5.2
1989-02-22,9.36,9.29,5.2
1989-02-23,9.36,9.36,5.2
1989-02-24,9.36,9.38,5.2
1989-02-27,9.36,9.36,5.2
1989-02-28,9.36,9.32,5.2
1989-03-01,9.85,9.36,5.0
1989-03-02,9.85,9.31,5.0
1989-03-03,9.85,9.31,5.0
1989-03-06,9.85,9.26,5.0
1989-03-07,9.85,9.26,5.0
1989-03-08,9.85,9.23,5.0
1989-03-09,9.85,9.24,5.0
1989-03-10,9.85,9.34,5.0
1989-03-13,9.85,9.35,5.0
1989-03-14,9.85,9.32,5.0
1989-03-15,9.85,9.31,5.0
1989-03-16,9.85,9.3,5.0
1989-03-17,9.85,9.49,5.0
1989-03-20,9.85,9.53,5.0
1989-03-21,9.85,9.53,5.0
1989-03-22,9.85,9.45,5.0
1989-03-23,9.85,9.43,5.0
1989-03-24,9.85,,5.0
1989-03-27,9.85,9.44,5.0
1989-03-28,9.85,9.41,5.0
1989-03-29,9.85,9.36,5.0
1989-03-30,9.85,9.34,5.0
1989-03-31,9.85,9.3,5.0
1989-04-01,9.84,,5.2
1989-04-03,9.84,9.21,5.2
1989-04-04,9.84,9.17,5.2
1989-04-05,9.84,9.17,5.2
1989-04-06,9.84,9.2,5.2
1989-04-07,9.84,9.27,5.2
1989-04-10,9.84,9.27,5.2
1989-04-11,9.84,9.27,5.2
1989-04-12,9.84,9.29,5.2
1989-04-13,9.84,9.34,5.2
1989-04-14,9.84,9.18,5.2
1989-04-17,9.84,9.2,5.2
1989-04-18,9.84,9.06,5.2
1989-04-19,9.84,9.08,5.2
1989-04-20,9.84,9.2,5.2
1989-04-21,9.84,9.15,5.2
1989-04-24,9.84,9.15,5.2
1989-04-25,9.84,9.12,5.2
1989-04-26,9.84,9.11,5.2
1989-04-27,9.84,9.05,5.2
1989-04-28,9.84,9.02,5.2
1989-05-01,9.81,9.14,5.2
1989-05-02,9.81,9.08,5.2
1989-05-03,9.81,9.06,5.2
1989-05-04,9.81,9.06,5.2
1989-05-05,9.81,8.99,5.2
1989-05-08,9.81,9.04,5.2
1989-05-09,9.81,9.15,5.2
1989-05-10,9.81,9.16,5.2
1989-05-11,9.81,9.1,5.2
1989-05-12,9.81,8.81,5.2
1989-05-15,9.81,8.82,5.2
1989-05-16,9.81,8.82,5.2
1989-05-17,9.81,8.8,5.2
1989-05-18,9.81,8.78,5.2
1989-05-19,9.81,8.71,5.2
1989-05-22,9.81,8.58,5.2
1989-05-23,9.81,8.6,5.2
1989-05-24,9.81,8.63,5.2
1989-05-25,9.81,8.67,5.2
1989-05-26,9.81,8.66,5.2
1989-05-29,9.81,,5.2
1989-05-30,9.81,8.64,5.2
1989-05-31,9.81,8.6,5.2
1989-06-01,9.53,8.61,5.3
1989-06-02,9.53,8.43,5.3
1989-06-05,9.53,8.36,5.3
1989-06-06,9.53,8.36,5.3
1989-06-07,9.53,8.27,5.3
1989-06-08,9.53,8.27,5.3
1989-06-09,9.53,8.15,5.3
1989-06-12,9.53,8.16,5.3
1989-06-13,9.53,8.25,5.3
1989-06-14,9.53,8.2,5.3
1989-06-15,9.53,8.33,5.3
1989-06-16,9.53,8.35,5.3
1989-06-19,9.53,8.37,5.3
1989-06-20,9.53,8.31,5.3
1989-06-21,9.53,8.37,5.3
1989-06-22,9.53,8.38,5.3
1989-06-23,9.53,8.25,5.3
1989-06-26,9.53,8.18,5.3
1989-06-27,9.53,8.11,5.3
1989-06-28,9.53,8.17,5.3
1989-06-29,9.53,8.12,5.3
1989-06-30,9.53,8.1,5.3
1989-07-01,9.24,,5.2
1989-07-03,9.24,8.09,5.2
1989-07-04,9.24,,5.2
1989-07-05,9.24,8.11,5.2
1989-07-06,9.24,8.08,5.2
1989-07-07,9.24,8.02,5.2
1989-07-10,9.24,7.99,5.2
1989-07-11,9.24,8.0,5.2
1989-07-12,9.24,8.0,5.2
1989-07-13,9.24,8.0,5.2
1989-07-14,9.24,8.04,5.2
1989-07-17,9.24,8.05,5.2
1989-07-18,9.24,8.13,5.2
1989-07-19,9.24,8.09,5.2
1989-07-20,9.24,8.01,5.2
1989-07-21,9.24,8.07,5.2
1989-07-24,9.24,8.05,5.2
1989-07-25,9.24,8.01,5.2
1989-07-26,9.24,8.02,5.2
1989-07-27,9.24,7.92,5.2
1989-07-28,9.24,7.87,5.2
1989-07-31,9.24,7.82,5.2
1989-08-01,8.99,7.74,5.2
1989-08-02,8.99,7.76,5.2
1989-08-03,8.99,7.8,5.2
1989-08-04,8.99,8.0,5.2
1989-08-07,8.99,8.03,5.2
1989-08-08,8.99,8.0,5.2
1989-08-09,8.99,8.05,5.2
1989-08-10,8.99,8.02,5.2
1989-08-11,8.99,8.09,5.2
1989-08-14,8.99,8.24,5.2
1989-08-15,8.99,8.21,5.2
1989-08-16,8.99,8.12,5.2
1989-08-17,8.99,8.18,5.2
1989-08-18,8.99,8.15,5.2
1989-08-21,8.99,8.2,5.2
1989-08-22,8.99,8.29,5.2
1989-08-23,8.99,8.25,5.2
1989-08-24,8.99,8.2,5.2
1989-08-25,8.99,8.21,5.2
1989-08-28,8.99,8.27,5.2
1989-08-29,8.99,8.27,5.2
1989-08-30,8.99,8.25,5.2
1989-08-31,8.99,8.26,5.2
1989-09-01,9.02,8.19,5.3
1989-09-04,9.02,,5.3
1989-09-05,9.02,8.19,5.3
1989-09-06,9.02,8.17,5.3
1989-09-07,9.02,8.17,5.3
1989-09-08,9.02,8.14,5.3
1989-09-11,9.02,8.13,5.3
1989-09-12,9.02,8.13,5.3
1989-09-13,9.02,8.18,5.3
1989-09-14,9.02,8.13,5.3
1989-09-15,9.02,8.09,5.3
1989-09-18,9.02,8.1,5.3
1989-09-19,9.02,8.09,5.3
1989-09-20,9.02,8.15,5.3
1989-09-21,9.02,8.2,5.3
1989-09-22,9.02,8.22,5.3
1989-09-25,9.02,8.32,5.3
1989-09-26,9.02,8.3,5.3
1989-09-27,9.02,8.3,5.3
1989-09-28,9.02,8.3,5.3
1989-09-29,9.02,8.31,5.3
1989-10-01,8.84,,5.3
1989-10-02,8.84,8.28,5.3
1989-10-03,8.84,8.23,5.3
1989-10-04,8.84,8.22,5.3
1989-10-05,8.84,8.15,5.3
1989-10-06,8.84,8.03,5.3
1989-10-09,8.84,,5.3
1989-10-10,8.84,8.03,5.3
1989-10-11,8.84,8.07,5.3
1989-10-12,8.84,8.04,5.3
1989-10-13,8.84,7.87,5.3
1989-10-16,8.84,7.98,5.3
1989-10-17,8.84,8.0,5.3
1989-10-18,8.84,8.01,5.3
1989-10-19,8.84,7.96,5.3
1989-10-20,8.84,7.98,5.3
1989-10-23,8.84,7.92,5.3
1989-10-24,8.84,7.87,5.3
1989-10-25,8.84,7.86,5.3
1989-10-26,8.84,7.88,5.3
1989-10-27,8.84,7.94,5.3
1989-10-30,8.84,7.92,5.3
1989-10-31,8.84,7.92,5.3
1989-11-01,8.55,7.91,5.4
1989-11-02,8.55,7.87,5.4
1989-11-03,8.55,7.96,5.4
1989-11-06,8.55,8.0,5.4
1989-11-07,8.55,7.9,5.4
1989-11-08,8.55,7.87,5.4
1989-11-09,8.55,7.9,5.4
1989-11-10,8.55,7.92,5.4
1989-11-13,8.55,7.89,5.4
1989-11-14,8.55,7.87,5.4
1989-11-15,8.55,7.82,5.4
1989-11-16,8.55,7.82,5.4
1989-11-17,8.55,7.88,5.4
1989-11-20,8.55,7.86,5.4
1989-11-21,8.55,7.85,5.4
1989-11-22,8.55,7.81,5.4
1989-11-23,8.55,,5.4
1989-11-24,8.55,7.8,5.4
1989-11-27,8.55,7.85,5.4
1989-11-28,8.55,7.86,5.4
1989-11-29,8.55,7.88,5.4
1989-11-30,8.55,7.84,5.4
1989-12-01,8.45,7.81,5.4
1989-12-04,8.45,7.82,5.4
1989-12-05,8.45,7.82,5.4
1989-12-06,8.45,7.85,5.4
1989-12-07,8.45,7.88,5.4
1989-12-08,8.45,7.82,5.4
1989-12-11,8.45,7.83,5.4
1989-12-12,8.45,7.84,5.4
1989-12-13,8.45,7.82,5.4
1989-12-14,8.45,7.79,5.4
1989-12-15,8.45,7.8,5.4
1989-12-18,8.45,7.77,5.4
1989-12-19,8.45,7.78,5.4
1989-12-20,8.45,7.77,5.4
1989-12-21,8.45,7.77,5.4
1989-12-22,8.45,7.82,5.4
1989-12-25,8.45,,5.4
1989-12-26,8.45,7.95,5.4
1989-12-27,8.45,7.94,5.4
1989-12-28,8.45,7.91,5.4
1989-12-29,8.45,7.93,5.4
1990-01-01,8.23,,5.4
1990-01-02,8.23,7.94,5.4
1990-01-03,8.23,7.99,5.4
1990-01-04,8.23,7.98,5.4
1990-01-05,8.23,7.99,5.4
1990-01-08,8.23,8.02,5.4
1990-01-09,8.23,8.02,5.4
1990-01-10,8.23,8.03,5.4
1990-01-11,8.23,8.04,5.4
1990-01-12,8.23,8.1,5.4
1990-01-15,8.23,,5.4
1990-01-16,8.23,8.2,5.4
1990-01-17,8.23,8.19,5.4
1990-01-18,8.23,8.32,5.4
1990-01-19,8.23,8.26,5.4
1990-01-22,8.23,8.27,5.4
1990-01-23,8.23,8.26,5.4
1990-01-24,8.23,8.38,5.4
1990-01-25,8.23,8.42,5.4
1990-01-26,8.23,8.49,5.4
1990-01-29,8.23,8.5,5.4
1990-01-30,8.23,8.51,5.4
1990-01-31,8.23,8.43,5.4
1990-02-01,8.24,8.42,5.3
1990-02-02,8.24,8.5,5.3
1990-02-05,8.24,8.53,5.3
1990-02-06,8.24,8.57,5.3
1990-02-07,8.24,8.52,5.3
1990-02-08,8.24,8.49,5.3
1990-02-09,8.24,8.31,5.3
1990-02-12,8.24,8.4,5.3
1990-02-13,8.24,8.35,5.3
1990-02-14,8.24,8.36,5.3
1990-02-15,8.24,8.43,5.3
1990-02-16,8.24,8.42,5.3
1990-02-19,8.24,,5.3
1990-02-20,8.24,8.62,5.3
1990-02-21,8.24,8.62,5.3
1990-02-22,8.24,8.54,5.3
1990-02-23,8.24,8.53,5.3
1990-02-26,8.24,8.46,5.3
1990-02-27,8.24,8.41,5.3
1990-02-28,8.24,8.51,5.3
1990-03-01,8.28,8.59,5.2
1990-03-02,8.28,8.54,5.2
1990-03-05,8.28,8.65,5.2
1990-03-06,8.28,8.59,5.2
1990-03-07,8.28,8.58,5.2
1990-03-08,8.28,8.57,5.2
1990-03-09,8.28,8.65,5.2
1990-03-12,8.28,8.63,5.2
1990-03-13,8.28,8.73,5.2
1990-03-14,8.28,8.65,5.2
1990-03-15,8.28,8.66,5.2
1990-03-16,8.28,8.59,5.2
1990-03-19,8.28,8.59,5.2
1990-03-20,8.28,8.54,5.2
1990-03-21,8.28,8.55,5.2
1990-03-22,8.28,8.53,5.2
1990-03-23,8.28,8.52,5.2
1990-03-26,8.28,8.51,5.2
1990-03-27,8.28,8.52,5.2
1990-03-28,8.28,8.51,5.2
1990-03-29,8.28,8.6,5.2
1990-03-30,8.28,8.65,5.2
1990-04-01,8.26,,5.4
1990-04-02,8.26,8.65,5.4
1990-04-03,8.26,8.63,5.4
1990-04-04,8.26,8.55,5.4
1990-04-05,8.26,8.57,5.4
1990-04-06,8.26,8.56,5.4
1990-04-09,8.26,8.59,5.4
1990-04-10,8.26,8.6,5.4
1990-04-11,8.26,8.63,5.4
1990-04-12,8.26,8.64,5.4
1990-04-13,8.26,,5.4
1990-04-16,8.26,8.68,5.4
1990-04-17,8.26,8.77,5.4
1990-04-18,8.26,8.86,5.4
1990-04-19,8.26,8.87,5.4
1990-04-20,8.26,8.95,5.4
1990-04-23,8.26,8.98,5.4
1990-04-24,8.26,9.0,5.4
1990-04-25,8.26,9.01,5.4
1990-04-26,8.26,9.07,5.4
1990-04-27,8.26,9.06,5.4
1990-04-30,8.26,9.04,5.4
1990-05-01,8.18,9.08,5.4
1990-05-02,8.18,9.09,5.4
1990-05-03,8.18,9.04,5.4
1990-05-04,8.18,8.84,5.4
1990-05-07,8.18,8.87,5.4
1990-05-08,8.18,8.84,5.4
1990-05-09,8.18,8.88,5.4
1990-05-10,8.18,8.82,5.4
1990-05-11,8.18,8.64,5.4
1990-05-14,8.18,8.61,5.4
1990-05-15,8.18,8.65,5.4
1990-05-16,8.18,8.68,5.4
1990-05-17,8.18,8.69,5.4
1990-05-18,8.18,8.75,5.4
1990-05-21,8.18,8.74,5.4
1990-05-22,8.18,8.65,5.4
1990-05-23,8.18,8.61,5.4
1990-05-24,8.18,8.63,5.4
1990-05-25,8.18,8.69,5.4
1990-05-28,8.18,,5.4
1990-05-29,8.18,8.66,5.4
1990-05-30,8.18,8.62,5.4
1990-05-31,8.18,8.6,5.4
1990-06-01,8.29,8.44,5.2
1990-06-04,8.29,8.44,5.2
1990-06-05,8.29,8.47,5.2
1990-06-06,8.29,8.46,5.2
1990-06-07,8.29,8.46,5.2
1990-06-08,8.29,8.46,5.2
1990-06-11,8.29,8.48,5.2
1990-06-12,8.29,8.48,5.2
1990-06-13,8.29,8.4,5.2
1990-06-14,8.29,8.38,5.2
1990-06-15,8.29,8.46,5.2
1990-06-18,8.29,8.5,5.2
1990-06-19,8.29,8.51,5.2
1990-06-20,8.29,8.55,5.2
1990-06-21,8.29,8.52,5.2
1990-06-22,8.29,8.51,5.2
1990-06-25,8.29,8.58,5.2
1990-06-26,8.29,8.56,5.2
1990-06-27,8.29,8.52,5.2
1990-06-28,8.29,8.47,5.2
1990-06-29,8.29,8.43,5.2
1990-07-01,8.15,,5.5
1990-07-02,8.15,8.43,5.5
1990-07-03,8.15,8.4,5.5
1990-07-04,8.15,,5.5
1990-07-05,8.15,8.42,5.5
1990-07-06,8.15,8.51,5.5
1990-07-09,8.15,8.57,5.5
1990-07-10,8.15,8.57,5.5
1990-07-11,8.15,8.57,5.5
1990-07-12,8.15,8.5,5.5
1990-07-13,8.15,8.45,5.5
1990-07-16,8.15,8.44,5.5
1990-07-17,8.15,8.44,5.5
1990-07-18,8.15,8.5,5.5
1990-07-19,8.15,8.51,5.5
1990-07-20,8.15,8.48,5.5
1990-07-23,8.15,8.48,5.5
1990-07-24,8.15,8.53,5.5
1990-07-25,8.15,8.49,5.5
1990-07-26,8.15,8.49,5.5
1990-07-27,8.15,8.42,5.5
1990-07-30,8.15,8.34,5.5
1990-07-31,8.15,8.36,5.5
1990-08-01,8.13,8.29,5.7
1990-08-02,8.13,8.41,5.7
1990-08-03,8.13,8.43,5.7
1990-08-06,8.13,8.71,5.7
1990-08-07,8.13,8.78,5.7
1990-08-08,8.13,8.77,5.7
1990-08-09,8.13,8.66,5.7
1990-08-10,8.13,8.68,5.7
1990-08-13,8.13,8.71,5.7
1990-08-14,8.13,8.66,5.7
1990-08-15,8.13,8.64,5.7
1990-08-16,8.13,8.76,5.7
1990-08-17,8.13,8.8,5.7
1990-08-20,8.13,8.81,5.7
1990-08-21,8.13,8.84,5.7
1990-08-22,8.13,8.91,5.7
1990-08-23,8.13,9.0,5.7
1990-08-24,8.13,9.05,5.7
1990-08-27,8.13,8.9,5.7
1990-08-28,8.13,8.94,5.7
1990-08-29,8.13,8.84,5.7
1990-08-30,8.13,8.86,5.7
1990-08-31,8.13,8.86,5.7
1990-09-01,8.2,,5.9
1990-09-03,8.2,,5.9
1990-09-04,8.2,8.9,5.9
1990-09-05,8.2,8.86,5.9
1990-09-06,8.2,8.84,5.9
1990-09-07,8.2,8.81,5.9
1990-09-10,8.2,8.85,5.9
1990-09-11,8.2,8.83,5.9
1990-09-12,8.2,8.82,5.9
1990-09-13,8.2,8.82,5.9
1990-09-14,8.2,8.87,5.9
1990-09-17,8.2,8.9,5.9
1990-09-18,8.2,8.9,5.9
1990-09-19,8.2,8.88,5.9
1990-09-20,8.2,8.91,5.9
1990-09-21,8.2,8.99,5.9
1990-09-24,8.2,9.04,5.9
1990-09-25,8.2,9.02,5.9
1990-09-26,8.2,9.0,5.9
1990-09-27,8.2,8.91,5.9
1990-09-28,8.2,8.82,5.9
1990-10-01,8.11,8.71,5.9
1990-10-02,8.11,8.69,5.9
1990-10-03,8.11,8.71,5.9
1990-10-04,8.11,8.67,5.9
1990-10-05,8.11,8.65,5.9
1990-10-08,8.11,,5.9
1990-10-09,8.11,8.83,5.9
1990-10-10,8.11,8.89,5.9
1990-10-11,8.11,8.92,5.9
1990-10-12,8.11,8.84,5.9
1990-10-15,8.11,8.8,5.9
1990-10-16,8.11,8.79,5.9
1990-10-17,8.11,8.76,5.9
1990-10-18,8.11,8.71,5.9
1990-10-19,8.11,8.62,5.9
1990-10-22,8.11,8.63,5.9
1990-10-23,8.11,8.65,5.9
1990-10-24,8.11,8.66,5.9
1990-10-25,8.11,8.62,5.9
1990-10-26,8.11,8.63,5.9
1990-10-29,8.11,8.7,5.9
1990-10-30,8.11,8.7,5.9
1990-10-31,8.11,8.65,5.9
1990-11-01,7.81,8.57,6.2
1990-11-02,7.81,8.57,6.2
1990-11-05,7.81,8.5,6.2
1990-11-06,7.81,8.52,6.2
1990-11-07,7.81,8.57,6.2
1990-11-08,7.81,8.58,6.2
1990-11-09,7.81,8.49,6.2
1990-11-12,7.81,,6.2
1990-11-13,7.81,8.37,6.2
1990-11-14,7.81,8.36,6.2
1990-11-15,7.81,8.37,6.2
1990-11-16,7.81,8.3,6.2
1990-11-19,7.81,8.35,6.2
1990-11-20,7.81,8.31,6.2
1990-11-21,7.81,8.27,6.2
1990-11-22,7.81,,6.2
1990-11-23,7.81,8.28,6.2
1990-11-26,7.81,8.27,6.2
1990-11-27,7.81,8.28,6.2
1990-11-28,7.81,8.3,6.2
1990-11-29,7.81,8.32,6.2
1990-11-30,7.81,8.26,6.2
1990-12-01,7.31,,6.3
1990-12-03,7.31,8.22,6.3
1990-12-04,7.31,8.2,6.3
1990-12-05,7.31,8.16,6.3
1990-12-06,7.31,8.18,6.3
1990-12-07,7.31,8.03,6.3
1990-12-10,7.31,7.98,6.3
1990-12-11,7.31,7.94,6.3
1990-12-12,7.31,7.91,6.3
1990-12-13,7.31,7.98,6.3
1990-12-14,7.31,8.05,6.3
1990-12-17,7.31,8.02,6.3
1990-12-18,7.31,7.99,6.3
1990-12-19,7.31,8.0,6.3
1990-12-20,7.31,8.05,6.3
1990-12-21,7.31,8.11,6.3
1990-12-24,7.31,8.2,6.3
1990-12-25,7.31,,6.3
1990-12-26,7.31,8.15,6.3
1990-12-27,7.31,8.11,6.3
1990-12-28,7.31,8.14,6.3
1990-12-31,7.31,8.08,6.3
1991-01-01,6.91,,6.4
1991-01-02,6.91,7.97,6.4
1991-01-03,6.91,7.93,6.4
1991-01-04,6.91,8.02,6.4
1991-01-07,6.91,8.13,6.4
1991-01-08,6.91,8.16,6.4
1991-01-09,6.91,8.25,6.4
1991-01-10,6.91,8.16,6.4
1991-01-11,6.91,8.2,6.4
1991-01-14,6.91,8.23,6.4
1991-01-15,6.91,8.22,6.4
1991-01-16,6.91,8.24,6.4
1991-01-17,6.91,8.05,6.4
1991-01-18,6.91,8.03,6.4
1991-01-21,6.91,,6.4
1991-01-22,6.91,8.07,6.4
1991-01-23,6.91,8.04,6.4
1991-01-24,6.91,8.0,6.4
1991-01-25,6.91,8.06,6.4
1991-01-28,6.91,8.06,6.4
1991-01-29,6.91,8.03,6.4
1991-01-30,6.91,8.05,6.4
1991-01-31,6.91,8.03,6.4
1991-02-01,6.25,7.91,6.6
1991-02-04,6.25,7.88,6.6
1991-02-05,6.25,7.85,6.6
1991-02-06,6.25,7.79,6.6
1991-02-07,6.25,7.82,6.6
1991-02-08,6.25,7.77,6.6
1991-02-11,6.25,7.78,6.6
1991-02-12,6.25,7.78,6.6
1991-02-13,6.25,7.78,6.6
1991-02-14,6.25,7.8,6.6
1991-02-15,6.25,7.78,6.6
1991-02-18,6.25,,6.6
1991-02-19,6.25,7.8,6.6
1991-02-20,6.25,7.84,6.6
1991-02-21,6.25,7.88,6.6
1991-02-22,6.25,7.91,6.6
1991-02-25,6.25,7.91,6.6
1991-02-26,6.25,7.96,6.6
1991-02-27,6.25,7.98,6.6
1991-02-28,6.25,8.02,6.6
1991-03-01,6.12,8.12,6.8
1991-03-04,6.12,8.12,6.8
1991-03-05,6.12,8.08,6.8
1991-03-06,6.12,8.11,6.8
1991-03-07,6.12,8.07,6.8
1991-03-08,6.12,8.13,6.8
1991-03-11,6.12,8.06,6.8
1991-03-12,6.12,8.09,6.8
1991-03-13,6.12,8.02,6.8
1991-03-14,6.12,8.02,6.8
1991-03-15,6.12,8.1,6.8
1991-03-18,6.12,8.15,6.8
1991-03-19,6.12,8.25,6.8
1991-03-20,6.12,8.2,6.8
1991-03-21,6.12,8.16,6.8
1991-03-22,6.12,8.13,6.8
1991-03-25,6.12,8.13,6.8
1991-03-26,6.12,8.13,6.8
1991-03-27,6.12,8.08,6.8
1991-03-28,6.12,8.05,6.8
1991-03-29,6.12,,6.8
1991-04-01,5.91,8.07,6.7
1991-04-02,5.91,8.03,6.7
1991-04-03,5.91,8.05,6.7
1991-04-04,5.91,8.0,6.7
1991-04-05,5.91,7.99,6.7
1991-04-08,5.91,7.98,6.7
1991-04-09,5.91,8.03,6.7
1991-04-10,5.91,8.1,6.7
1991-04-11,5.91,8.09,6.7
1991-04-12,5.91,7.98,6.7
1991-04-15,5.91,7.95,6.7
1991-04-16,5.91,7.97,6.7
1991-04-17,5.91,7.95,6.7
1991-04-18,5.91,8.02,6.7
1991-04-19,5.91,8.1,6.7
1991-04-22,5.91,8.15,6.7
1991-04-23,5.91,8.12,6.7
1991-04-24,5.91,8.06,6.7
1991-04-25,5.91,8.07,6.7
1991-04-26,5.91,8.06,6.7
1991-04-29,5.91,8.07,6.7
1991-04-30,5.91,8.02,6.7
1991-05-01,5.78,8.01,6.9
1991-05-02,5.78,7.97,6.9
1991-05-03,5.78,8.04,6.9
1991-05-06,5.78,8.05,6.9
1991-05-07,5.78,8.06,6.9
1991-05-08,5.78,8.04,6.9
1991-05-09,5.78,8.02,6.9
1991-05-10,5.78,8.12,6.9
1991-05-13,5.78,8.07,6.9
1991-05-14,5.78,8.14,6.9
1991-05-15,5.78,8.13,6.9
1991-05-16,5.78,8.12,6.9
1991-05-17,5.78,8.08,6.9
1991-05-20,5.78,8.1,6.9
1991-05-21,5.78,8.06,6.9
1991-05-22,5.78,8.06,6.9
1991-05-23,5.78,8.1,6.9
1991-05-24,5.78,8.1,6.9
1991-05-27,5.78,,6.9
1991-05-28,5.78,8.07,6.9
1991-05-29,5.78,8.07,6.9
1991-05-30,5.78,8.02,6.9
1991-05-31,5.78,8.06,6.9
1991-06-01,5.9,,6.9
1991-06-03,5.9,8.14,6.9
1991-06-04,5.9,8.14,6.9
1991-06-05,5.9,8.19,6.9
1991-06-06,5.9,8.23,6.9
1991-06-07,5.9,8.29,6.9
1991-06-10,5.9,8.29,6.9
1991-06-11,5.9,8.29,6.9
1991-06-12,5.9,8.36,6.9
1991-06-13,5.9,8.34,6.9
1991-06-14,5.9,8.29,6.9
1991-06-17,5.9,8.3,6.9
1991-06-18,5.9,8.32,6.9
1991-06-19,5.9,8.33,6.9
1991-06-20,5.9,8.3,6.9
1991-06-21,5.9,8.32,6.9
1991-06-24,5.9,8.33,6.9
1991-06-25,5.9,8.33,6.9
1991-06-26,5.9,8.33,6.9
1991-06-27,5.9,8.32,6.9
1991-06-28,5.9,8.24,6.9
1991-07-01,5.82,8.26,6.8
1991-07-02,5.82,8.27,6.8
1991-07-03,5.82,8.26,6.8
1991-07-04,5.82,,6.8
1991-07-05,5.82,8.34,6.8
1991-07-08,5.82,8.34,6.8
1991-07-09,5.82,8.36,6.8
1991-07-10,5.82,8.35,6.8
1991-07-11,5.82,8.3,6.8
1991-07-12,5.82,8.26,6.8
1991-07-15,5.82,8.26,6.8
1991-07-16,5.82,8.27,6.8
1991-07-17,5.82,8.3,6.8
1991-07-18,5.82,8.31,6.8
1991-07-19,5.82,8.28,6.8
1991-07-22,5.82,8.28,6.8
1991-07-23,5.82,8.31,6.8
1991-07-24,5.82,8.24,6.8
1991-07-25,5.82,8.2,6.8
1991-07-26,5.82,8.2,6.8
1991-07-29,5.82,8.2,6.8
1991-07-30,5.82,8.21,6.8
1991-07-31,5.82,8.2,6.8
1991-08-01,5.66,8.2,6.9
1991-08-02,5.66,8.06,6.9
1991-08-05,5.66,8.04,6.9
1991-08-06,5.66,7.97,6.9
1991-08-07,5.66,7.93,6.9
1991-08-08,5.66,7.98,6.9
1991-08-09,5.66,7.98,6.9
1991-08-12,5.66,7.95,6.9
1991-08-13,5.66,7.91,6.9
1991-08-14,5.66,7.82,6.9
1991-08-15,5.66,7.84,6.9
1991-08-16,5.66,7.84,6.9
1991-08-19,5.66,7.83,6.9
1991-08-20,5.66,7.81,6.9
1991-08-21,5.66,7.8,6.9
1991-08-22,5.66,7.78,6.9
1991-08-23,5.66,7.88,6.9
1991-08-26,5.66,7.91,6.9
1991-08-27,5.66,7.89,6.9
1991-08-28,5.66,7.82,6.9
1991-08-29,5.66,7.74,6.9
1991-08-30,5.66,7.82,6.9
1991-09-01,5.45,,6.9
1991-09-02,5.45,,6.9
1991-09-03,5.45,7.81,6.9
1991-09-04,5.45,7.81,6.9
1991-09-05,5.45,7.83,6.9
1991-09-06,5.45,7.76,6.9
1991-09-09,5.45,7.73,6.9
1991-09-10,5.45,7.73,6.9
1991-09-11,5.45,7.74,6.9
1991-09-12,5.45,7.67,6.9
1991-09-13,5.45,7.66,6.9
1991-09-16,5.45,7.63,6.9
1991-09-17,5.45,7.62,6.9
1991-09-18,5.45,7.62,6.9
1991-09-19,5.45,7.61,6.9
1991-09-20,5.45,7.57,6.9
1991-09-23,5.45,7.55,6.9
1991-09-24,5.45,7.56,6.9
1991-09-25,5.45,7.58,6.9
1991-09-26,5.45,7.56,6.9
1991-09-27,5.45,7.49,6.9
1991-09-30,5.45,7.47,6.9
1991-10-01,5.21,7.45,7.0
1991-10-02,5.21,7.47,7.0
1991-10-03,5.21,7.47,7.0
1991-10-04,5.21,7.39,7.0
1991-10-07,5.21,7.4,7.0
1991-10-08,5.21,7.43,7.0
1991-10-09,5.21,7.51,7.0
1991-10-10,5.21,7.58,7.0
1991-10-11,5.21,7.49,7.0
1991-10-14,5.21,,7.0
1991-10-15,5.21,7.46,7.0
1991-10-16,5.21,7.45,7.0
1991-10-17,5.21,7.55,7.0
1991-10-18,5.21,7.53,7.0
1991-10-21,5.21,7.62,7.0
1991-10-22,5.21,7.67,7.0
1991-10-23,5.21,7.69,7.0
1991-10-24,5.21,7.65,7.0
1991-10-25,5.21,7.68,7.0
1991-10-28,5.21,7.65,7.0
1991-10-29,5.21,7.51,7.0
1991-10-30,5.21,7.48,7.0
1991-10-31,5.21,7.47,7.0
1991-11-01,4.81,7.48,7.0
1991-11-04,4.81,7.5,7.0
1991-11-05,4.81,7.56,7.0
1991-11-06,4.81,7.51,7.0
1991-11-07,4.81,7.43,7.0
1991-11-08,4.81,7.41,7.0
1991-11-11,4.81,,7.0
1991-11-12,4.81,7.37,7.0
1991-11-13,4.81,7.41,7.0
1991-11-14,4.81,7.35,7.0
1991-11-15,4.81,7.33,7.0
1991-11-18,4.81,7.33,7.0
1991-11-19,4.81,7.37,7.0
1991-11-20,4.81,7.38,7.0
1991-11-21,4.81,7.39,7.0
1991-11-22,4.81,7.44,7.0
1991-11-25,4.81,7.45,7.0
1991-11-26,4.81,7.42,7.0
1991-11-27,4.81,7.42,7.0
1991-11-28,4.81,,7.0
1991-11-29,4.81,7.38,7.0
1991-12-01,4.43,,7.3
1991-12-02,4.43,7.32,7.3
1991-12-03,4.43,7.28,7.3
1991-12-04,4.43,7.17,7.3
1991-12-05,4.43,7.21,7.3
1991-12-06,4.43,7.26,7.3
1991-12-09,4.43,7.22,7.3
1991-12-10,4.43,7.21,7.3
1991-12-11,4.43,7.22,7.3
1991-12-12,4.43,7.19,7.3
1991-12-13,4.43,7.22,7.3
1991-12-16,4.43,7.21,7.3
1991-12-17,4.43,7.18,7.3
1991-12-18,4.43,7.19,7.3
1991-12-19,4.43,7.11,7.3
1991-12-20,4.43,6.97,7.3
1991-12-23,4.43,6.88,7.3
1991-12-24,4.43,6.88,7.3
1991-12-25,4.43,,7.3
1991-12-26,4.43,6.85,7.3
1991-12-27,4.43,6.82,7.3
1991-12-30,4.43,6.76,7.3
1991-12-31,4.43,6.71,7.3
1992-01-01,4.03,,7.3
1992-01-02,4.03,6.78,7.3
1992-01-03,4.03,6.85,7.3
1992-01-06,4.03,6.82,7.3
1992-01-07,4.03,6.76,7.3
1992-01-08,4.03,6.77,7.3
1992-01-09,4.03,6.79,7.3
1992-01-10,4.03,6.85,7.3
1992-01-13,4.03,6.92,7.3
1992-01-14,4.03,7.03,7.3
1992-01-15,4.03,7.05,7.3
1992-01-16,4.03,7.13,7.3
1992-01-17,4.03,7.09,7.3
1992-01-20,4.03,,7.3
1992-01-21,4.03,7.03,7.3
1992-01-22,4.03,7.09,7.3
1992-01-23,4.03,7.2,7.3
1992-01-24,4.03,7.25,7.3
1992-01-27,4.03,7.24,7.3
1992-01-28,4.03,7.16,7.3
1992-01-29,4.03,7.25,7.3
1992-01-30,4.03,7.31,7.3
1992-01-31,4.03,7.31,7.3
1992-02-01,4.06,,7.4
1992-02-03,4.06,7.36,7.4
1992-02-04,4.06,7.29,7.4
1992-02-05,4.06,7.21,7.4
1992-02-06,4.06,7.2,7.4
1992-02-07,4.06,7.2,7.4
1992-02-10,4.06,7.21,7.4
1992-02-11,4.06,7.23,7.4
1992-02-12,4.06,7.3,7.4
1992-02-13,4.06,7.4,7.4
1992-02-14,4.06,7.41,7.4
1992-02-17,4.06,,7.4
1992-02-18,4.06,7.47,7.4
1992-02-19,4.06,7.42,7.4
1992-02-20,4.06,7.41,7.4
1992-02-21,4.06,7.45,7.4
1992-02-24,4.06,7.47,7.4
1992-02-25,4.06,7.44,7.4
1992-02-26,4.06,7.33,7.4
1992-02-27,4.06,7.35,7.4
1992-02-28,4.06,7.27,7.4
1992-03-01,3.98,,7.4
1992-03-02,3.98,7.38,7.4
1992-03-03,3.98,7.43,7.4
1992-03-04,3.98,7.43,7.4
1992-03-05,3.98,7.51,7.4
1992-03-06,3.98,7.48,7.4
1992-03-09,3.98,7.42,7.4
1992-03-10,3.98,7.43,7.4
1992-03-11,3.98,7.51,7.4
1992-03-12,3.98,7.62,7.4
1992-03-13,3.98,7.71,7.4
1992-03-16,3.98,7.69,7.4
1992-03-17,3.98,7.62,7.4
1992-03-18,3.98,7.62,7.4
1992-03-19,3.98,7.57,7.4
1992-03-20,3.98,7.64,7.4
1992-03-23,3.98,7.62,7.4
1992-03-24,3.98,7.53,7.4
1992-03-25,3.98,7.53,7.4
1992-03-26,3.98,7.57,7.4
1992-03-27,3.98,7.54,7.4
1992-03-30,3.98,7.54,7.4
1992-03-31,3.98,7.54,7.4
1992-04-01,3.73,7.46,7.4
1992-04-02,3.73,7.47,7.4
1992-04-03,3.73,7.42,7.4
1992-04-06,3.73,7.41,7.4
1992-04-07,3.73,7.41,7.4
1992-04-08,3.73,7.44,7.4
1992-04-09,3.73,7.35,7.4
1992-04-10,3.73,7.37,7.4
1992-04-13,3.73,7.33,7.4
1992-04-14,3.73,7.35,7.4
1992-04-15,3.73,7.37,7.4
1992-04-16,3.73,7.45,7.4
1992-04-17,3.73,,7.4
1992-04-20,3.73,7.59,7.4
1992-04-21,3.73,7.58,7.4
1992-04-22,3.73,7.57,7.4
1992-04-23,3.73,7.59,7.4
1992-04-24,3.73,7.55,7.4
1992-04-27,3.73,7.6,7.4
1992-04-28,3.73,7.57,7.4
1992-04-29,3.73,7.6,7.4
1992-04-30,3.73,7.61,7.4
1992-05-01,3.82,7.56,7.6
1992-05-04,3.82,7.58,7.6
1992-05-05,3.82,7.56,7.6
1992-05-06,3.82,7.46,7.6
1992-05-07,3.82,7.49,7.6
1992-05-08,3.82,7.41,7.6
1992-05-11,3.82,7.4,7.6
1992-05-12,3.82,7.36,7.6
1992-05-13,3.82,7.34,7.6
1992-05-14,3.82,7.34,7.6
1992-05-15,3.82,7.28,7.6
1992-05-18,3.82,7.28,7.6
1992-05-19,3.82,7.2,7.6
1992-05-20,3.82,7.25,7.6
1992-05-21,3.82,7.39,7.6
1992-05-22,3.82,7.35,7.6
1992-05-25,3.82,,7.6
1992-05-26,3.82,7.46,7.6
1992-05-27,3.82,7.44,7.6
1992-05-28,3.82,7.36,7.6
1992-05-29,3.82,7.33,7.6
1992-06-01,3.76,7.39,7.8
1992-06-02,3.76,7.35,7.8
1992-06-03,3.76,7.34,7.8
1992-06-04,3.76,7.34,7.8
1992-06-05,3.76,7.31,7.8
1992-06-08,3.76,7.31,7.8
1992-06-09,3.76,7.33,7.8
1992-06-10,3.76,7.35,7.8
1992-06-11,3.76,7.33,7.8
1992-06-12,3.76,7.29,7.8
1992-06-15,3.76,7.28,7.8
1992-06-16,3.76,7.24,7.8
1992-06-17,3.76,7.23,7.8
1992-06-18,3.76,7.19,7.8
1992-06-19,3.76,7.24,7.8
1992-06-22,3.76,7.24,7.8
1992-06-23,3.76,7.25,7.8
1992-06-24,3.76,7.2,7.8
1992-06-25,3.76,7.14,7.8
1992-06-26,3.76,7.15,7.8
1992-06-29,3.76,7.12,7.8
1992-06-30,3.76,7.14,7.8
1992-07-01,3.25,7.1,7.7
1992-07-02,3.25,6.93,7.7
1992-07-03,3.25,,7.7
1992-07-06,3.25,6.9,7.7
1992-07-07,3.25,6.87,7.7
1992-07-08,3.25,6.91,7.7
1992-07-09,3.25,6.91,7.7
1992-07-10,3.25,6.93,7.7
1992-07-13,3.25,6.97,7.7
1992-07-14,3.25,6.97,7.7
1992-07-15,3.25,6.9,7.7
1992-07-16,3.25,6.87,7.7
1992-07-17,3.25,6.9,7.7
1992-07-20,3.25,6.9,7.7
1992-07-21,3.25,6.89,7.7
1992-07-22,3.25,6.85,7.7
1992-07-23,3.25,6.72,7.7
1992-07-24,3.25,6.73,7.7
1992-07-27,3.25,6.69,7.7
1992-07-28,3.25,6.63,7.7
1992-07-29,3.25,6.6,7.7
1992-07-30,3.25,6.69,7.7
1992-07-31,3.25,6.72,7.7
1992-08-01,3.3,,7.6
1992-08-03,3.3,6.72,7.6
1992-08-04,3.3,6.66,7.6
1992-08-05,3.3,6.64,7.6
1992-08-06,3.3,6.65,7.6
1992-08-07,3.3,6.57,7.6
1992-08-10,3.3,6.52,7.6
1992-08-11,3.3,6.5,7.6
1992-08-12,3.3,6.48,7.6
1992-08-13,3.3,6.55,7.6
1992-08-14,3.3,6.53,7.6
1992-08-17,3.3,6.56,7.6
1992-08-18,3.3,6.48,7.6
1992-08-19,3.3,6.47,7.6
1992-08-20,3.3,6.46,7.6
1992-08-21,3.3,6.53,7.6
1992-08-24,3.3,6.68,7.6
1992-08-25,3.3,6.73,7.6
1992-08-26,3.3,6.68,7.6
1992-08-27,3.3,6.64,7.6
1992-08-28,3.3,6.63,7.6
1992-08-31,3.3,6.62,7.6
1992-09-01,3.22,6.56,7.6
1992-09-02,3.22,6.54,7.6
1992-09-03,3.22,6.54,7.6
1992-09-04,3.22,6.4,7.6
1992-09-07,3.22,,7.6
1992-09-08,3.22,6.29,7.6
1992-09-09,3.22,6.31,7.6
1992-09-10,3.22,6.31,7.6
1992-09-11,3.22,6.37,7.6
1992-09-14,3.22,6.32,7.6
1992-09-15,3.22,6.4,7.6
1992-09-16,3.22,6.41,7.6
1992-09-17,3.22,6.4,7.6
1992-09-18,3.22,6.41,7.6
1992-09-21,3.22,6.42,7.6
1992-09-22,3.22,6.5,7.6
1992-09-23,3.22,6.54,7.6
1992-09-24,3.22,6.48,7.6
1992-09-25,3.22,6.41,7.6
1992-09-28,3.22,6.37,7.6
1992-09-29,3.22,6.37,7.6
1992-09-30,3.22,6.37,7.6
1992-10-01,3.1,6.23,7.3
1992-10-02,3.1,6.26,7.3
1992-10-05,3.1,6.24,7.3
1992-10-06,3.1,6.3,7.3
1992-10-07,3.1,6.46,7.3
1992-10-08,3.1,6.41,7.3
1992-10-09,3.1,6.52,7.3
1992-10-12,3.1,,7.3
1992-10-13,3.1,6.51,7.3
1992-10-14,3.1,6.51,7.3
1992-10-15,3.1,6.53,7.3
1992-10-16,3.1,6.6,7.3
1992-10-19,3.1,6.69,7.3
1992-10-20,3.1,6.86,7.3
1992-10-21,3.1,6.8,7.3
1992-10-22,3.1,6.74,7.3
1992-10-23,3.1,6.83,7.3
1992-10-26,3.1,6.83,7.3
1992-10-27,3.1,6.78,7.3
1992-10-28,3.1,6.76,7.3
1992-10-29,3.1,6.71,7.3
1992-10-30,3.1,6.8,7.3
1992-11-01,3.09,,7.4
1992-11-02,3.09,6.88,7.4
1992-11-03,3.09,6.87,7.4
1992-11-04,3.09,6.89,7.4
1992-11-05,3.09,6.87,7.4
1992-11-06,3.09,6.97,7.4
1992-11-09,3.09,7.0,7.4
1992-11-10,3.09,6.91,7.4
1992-11-11,3.09,,7.4
1992-11-12,3.09,6.79,7.4
1992-11-13,3.09,6.82,7.4
1992-11-16,3.09,6.9,7.4
1992-11-17,3.09,6.86,7.4
1992-11-18,3.09,6.78,7.4
1992-11-19,3.09,6.81,7.4
1992-11-20,3.09,6.84,7.4
1992-11-23,3.09,6.86,7.4
1992-11-24,3.09,6.82,7.4
1992-11-25,3.09,6.84,7.4
1992-11-26,3.09,,7.4
1992-11-27,3.09,6.93,7.4
1992-11-30,3.09,6.95,7.4
1992-12-01,2.92,6.94,7.4
1992-12-02,2.92,6.93,7.4
1992-12-03,2.92,6.91,7.4
1992-12-04,2.92,6.84,7.4
1992-12-07,2.92,6.78,7.4
1992-12-08,2.92,6.73,7.4
1992-12-09,2.92,6.76,7.4
1992-12-10,2.92,6.77,7.4
1992-12-11,2.92,6.8,7.4
1992-12-14,2.92,6.83,7.4
1992-12-15,2.92,6.83,7.4
1992-12-16,2.92,6.77,7.4
1992-12-17,2.92,6.77,7.4
1992-12-18,2.92,6.76,7.4
1992-12-21,2.92,6.71,7.4
1992-12-22,2.92,6.65,7.4
1992-12-23,2.92,6.68,7.4
1992-12-24,2.92,6.69,7.4
1992-12-25,2.92,,7.4
1992-12-28,2.92,6.72,7.4
1992-12-29,2.92,6.69,7.4
1992-12-30,2.92,6.68,7.4
1992-12-31,2.92,6.7,7.4
1993-01-01,3.02,,7.3
1993-01-04,3.02,6.6,7.3
1993-01-05,3.02,6.61,7.3
1993-01-06,3.02,6.63,7.3
1993-01-07,3.02,6.76,7.3
1993-01-08,3.02,6.75,7.3
1993-01-11,3.02,6.71,7.3
1993-01-12,3.02,6.72,7.3
1993-01-13,3.02,6.71,7.3
1993-01-14,3.02,6.65,7.3
1993-01-15,3.02,6.6,7.3
1993-01-18,3.02,,7.3
1993-01-19,3.02,6.59,7.3
1993-01-20,3.02,6.61,7.3
1993-01-21,3.02,6.6,7.3
1993-01-22,3.02,6.57,7.3
1993-01-25,3.02,6.48,7.3
1993-01-26,3.02,6.5,7.3
1993-01-27,3.02,6.48,7.3
1993-01-28,3.02,6.44,7.3
1993-01-29,3.02,6.39,7.3
1993-02-01,3.03,6.38,7.1
1993-02-02,3.03,6.46,7.1
1993-02-03,3.03,6.45,7.1
1993-02-04,3.03,6.39,7.1
1993-02-05,3.03,6.32,7.1
1993-02-08,3.03,6.37,7.1
1993-02-09,3.03,6.41,7.1
1993-02-10,3.03,6.4,7.1
1993-02-11,3.03,6.37,7.1
1993-02-12,3.03,6.35,7.1
1993-02-15,3.03,,7.1
1993-02-16,3.03,6.34,7.1
1993-02-17,3.03,6.28,7.1
1993-02-18,3.03,6.17,7.1
1993-02-19,3.03,6.15,7.1
1993-02-22,3.03,6.09,7.1
1993-02-23,3.03,5.92,7.1
1993-02-24,3.03,6.01,7.1
1993-02-25,3.03,6.03,7.1
1993-02-26,3.03,6.03,7.1
1993-03-01,3.07,5.94,7.0
1993-03-02,3.07,5.95,7.0
1993-03-03,3.07,5.88,7.0
1993-03-04,3.07,5.83,7.0
1993-03-05,3.07,5.9,7.0
1993-03-08,3.07,5.85,7.0
1993-03-09,3.07,5.91,7.0
1993-03-10,3.07,5.97,7.0
1993-03-11,3.07,5.96,7.0
1993-03-12,3.07,6.11,7.0
1993-03-15,3.07,6.17,7.0
1993-03-16,3.07,6.06,7.0
1993-03-17,3.07,6.02,7.0
1993-03-18,3.07,5.93,7.0
1993-03-19,3.07,5.95,7.0
1993-03-22,3.07,5.96,7.0
1993-03-23,3.07,5.91,7.0
1993-03-24,3.07,5.95,7.0
1993-03-25,3.07,5.98,7.0
1993-03-26,3.07,6.09,7.0
1993-03-29,3.07,6.06,7.0
1993-03-30,3.07,6.02,7.0
1993-03-31,3.07,6.03,7.0
1993-04-01,2.96,6.06,7.1
1993-04-02,2.96,6.16,7.1
1993-04-05,2.96,6.13,7.1
1993-04-06,2.96,6.08,7.1
1993-04-07,2.96,6.07,7.1
1993-04-08,2.96,5.97,7.1
1993-04-09,2.96,,7.1
1993-04-12,2.96,5.92,7.1
1993-04-13,2.96,5.93,7.1
1993-04-14,2.96,5.9,7.1
1993-04-15,2.96,5.88,7.1
1993-04-16,2.96,5.89,7.1
1993-04-19,2.96,5.87,7.1
1993-04-20,2.96,5.87,7.1
1993-04-21,2.96,5.86,7.1
1993-04-22,2.96,5.85,7.1
1993-04-23,2.96,5.89,7.1
1993-04-26,2.96,5.94,7.1
1993-04-27,2.96,6.02,7.1
1993-04-28,2.96,6.03,7.1
1993-04-29,2.96,5.99,7.1
1993-04-30,2.96,6.05,7.1
1993-05-01,3.0,,7.1
1993-05-03,3.0,5.96,7.1
1993-05-04,3.0,5.92,7.1
1993-05-05,3.0,5.93,7.1
1993-05-06,3.0,5.89,7.1
1993-05-07,3.0,5.92,7.1
1993-05-10,3.0,5.89,7.1
1993-05-11,3.0,5.89,7.1
1993-05-12,3.0,5.96,7.1
1993-05-13,3.0,6.02,7.1
1993-05-14,3.0,6.03,7.1
1993-05-17,3.0,6.07,7.1
1993-05-18,3.0,6.15,7.1
1993-05-19,3.0,6.11,7.1
1993-05-20,3.0,6.09,7.1
1993-05-21,3.0,6.16,7.1
1993-05-24,3.0,6.16,7.1
1993-05-25,3.0,6.17,7.1
1993-05-26,3.0,6.12,7.1
1993-05-27,3.0,6.11,7.1
1993-05-28,3.0,6.16,7.1
1993-05-31,3.0,,7.1
1993-06-01,3.04,6.07,7.0
1993-06-02,3.04,6.06,7.0
1993-06-03,3.04,6.02,7.0
1993-06-04,3.04,6.11,7.0
1993-06-07,3.04,6.08,7.0
1993-06-08,3.04,6.09,7.0
1993-06-09,3.04,6.07,7.0
1993-06-10,3.04,6.07,7.0
1993-06-11,3.04,5.97,7.0
1993-06-14,3.04,5.97,7.0
1993-06-15,3.04,5.96,7.0
1993-06-16,3.04,5.96,7.0
1993-06-17,3.04,5.93,7.0
1993-06-18,3.04,5.97,7.0
1993-06-21,3.04,5.92,7.0
1993-06-22,3.04,5.91,7.0
1993-06-23,3.04,5.91,7.0
1993-06-24,3.04,5.88,7.0
1993-06-25,3.04,5.84,7.0
1993-06-28,3.04,5.8,7.0
1993-06-29,3.04,5.79,7.0
1993-06-30,3.04,5.8,7.0
1993-07-01,3.06,5.8,6.9
1993-07-02,3.06,5.76,6.9
1993-07-05,3.06,,6.9
1993-07-06,3.06,5.8,6.9
1993-07-07,3.06,5.8,6.9
1993-07-08,3.06,5.78,6.9
1993-07-09,3.06,5.76,6.9
1993-07-12,3.06,5.75,6.9
1993-07-13,3.06,5.78,6.9
1993-07-14,3.06,5.72,6.9
1993-07-15,3.06,5.72,6.9
1993-07-16,3.06,5.71,6.9
1993-07-19,3.06,5.71,6.9
1993-07-20,3.06,5.75,6.9
1993-07-21,3.06,5.83,6.9
1993-07-22,3.06,5.9,6.9
1993-07-23,3.06,5.95,6.9
1993-07-26,3.06,5.93,6.9
1993-07-27,3.06,5.92,6.9
1993-07-28,3.06,5.9,6.9
1993-07-29,3.06,5.81,6.9
1993-07-30,3.06,5.83,6.9
1993-08-01,3.03,,6.8
1993-08-02,3.03,5.85,6.8
1993-08-03,3.03,5.83,6.8
1993-08-04,3.03,5.87,6.8
1993-08-05,3.03,5.86,6.8
1993-08-06,3.03,5.86,6.8
1993-08-09,3.03,5.82,6.8
1993-08-10,3.03,5.82,6.8
1993-08-11,3.03,5.75,6.8
1993-08-12,3.03,5.77,6.8
1993-08-13,3.03,5.72,6.8
1993-08-16,3.03,5.68,6.8
1993-08-17,3.03,5.7,6.8
1993-08-18,3.03,5.69,6.8
1993-08-19,3.03,5.64,6.8
1993-08-20,3.03,5.61,6.8
1993-08-23,3.03,5.6,6.8
1993-08-24,3.03,5.54,6.8
1993-08-25,3.03,5.51,6.8
1993-08-26,3.03,5.42,6.8
1993-08-27,3.03,5.48,6.8
1993-08-30,3.03,5.44,6.8
1993-08-31,3.03,5.45,6.8
1993-09-01,3.09,5.46,6.7
1993-09-02,3.09,5.41,6.7
1993-09-03,3.09,5.31,6.7
1993-09-06,3.09,,6.7
1993-09-07,3.09,5.23,6.7
1993-09-08,3.09,5.23,6.7
1993-09-09,3.09,5.35,6.7
1993-09-10,3.09,5.29,6.7
1993-09-13,3.09,5.26,6.7
1993-09-14,3.09,5.37,6.7
1993-09-15,3.09,5.39,6.7
1993-09-16,3.09,5.37,6.7
1993-09-17,3.09,5.38,6.7
1993-09-20,3.09,5.42,6.7
1993-09-21,3.09,5.47,6.7
1993-09-22,3.09,5.45,6.7
1993-09-23,3.09,5.42,6.7
1993-09-24,3.09,5.42,6.7
1993-09-27,3.09,5.3,6.7
1993-09-28,3.09,5.28,6.7
1993-09-29,3.09,5.35,6.7
1993-09-30,3.09,5.4,6.7
1993-10-01,2.99,5.34,6.8
1993-10-04,2.99,5.34,6.8
1993-10-05,2.99,5.35,6.8
1993-10-06,2.99,5.35,6.8
1993-10-07,2.99,5.33,6.8
1993-10-08,2.99,5.26,6.8
1993-10-11,2.99,,6.8
1993-10-12,2.99,5.27,6.8
1993-10-13,2.99,5.27,6.8
1993-10-14,2.99,5.23,6.8
1993-10-15,2.99,5.19,6.8
1993-10-18,2.99,5.27,6.8
1993-10-19,2.99,5.27,6.8
1993-10-20,2.99,5.26,6.8
1993-10-21,2.99,5.35,6.8
1993-10-22,2.99,5.42,6.8
1993-10-25,2.99,5.47,6.8
1993-10-26,2.99,5.43,6.8
1993-10-27,2.99,5.44,6.8
1993-10-28,2.99,5.41,6.8
1993-10-29,2.99,5.43,6.8
1993-11-01,3.02,5.56,6.6
1993-11-02,3.02,5.63,6.6
1993-11-03,3.02,5.67,6.6
1993-11-04,3.02,5.67,6.6
1993-11-05,3.02,5.75,6.6
1993-11-08,3.02,5.7,6.6
1993-11-09,3.02,5.64,6.6
1993-11-10,3.02,5.72,6.6
1993-11-11,3.02,,6.6
1993-11-12,3.02,5.66,6.6
1993-11-15,3.02,5.69,6.6
1993-11-16,3.02,5.66,6.6
1993-11-17,3.02,5.65,6.6
1993-11-18,3.02,5.72,6.6
1993-11-19,3.02,5.84,6.6
1993-11-22,3.02,5.89,6.6
1993-11-23,3.02,5.82,6.6
1993-11-24,3.02,5.84,6.6
1993-11-25,3.02,,6.6
1993-11-26,3.02,5.78,6.6
1993-11-29,3.02,5.76,6.6
1993-11-30,3.02,5.83,6.6
1993-12-01,2.96,5.82,6.5
1993-12-02,2.96,5.81,6.5
1993-12-03,2.96,5.8,6.5
1993-12-06,2.96,5.72,6.5
1993-12-07,2.96,5.71,6.5
1993-12-08,2.96,5.71,6.5
1993-12-09,2.96,5.68,6.5
1993-12-10,2.96,5.73,6.5
1993-12-13,2.96,5.78,6.5
1993-12-14,2.96,5.82,6.5
1993-12-15,2.96,5.83,6.5
1993-12-16,2.96,5.84,6.5
1993-12-17,2.96,5.81,6.5
1993-12-20,2.96,5.83,6.5
1993-12-21,2.96,5.85,6.5
1993-12-22,2.96,5.74,6.5
1993-12-23,2.96,5.72,6.5
1993-12-24,2.96,,6.5
1993-12-27,2.96,5.72,6.5
1993-12-28,2.96,5.72,6.5
1993-12-29,2.96,5.74,6.5
1993-12-30,2.96,5.82,6.5
1993-12-31,2.96,5.83,6.5
1994-01-01,3.05,,6.6
1994-01-03,3.05,5.92,6.6
1994-01-04,3.05,5.88,6.6
1994-01-05,3.05,5.9,6.6
1994-01-06,3.05,5.84,6.6
1994-01-07,3.05,5.7,6.6
1994-01-10,3.05,5.67,6.6
1994-01-11,3.05,5.67,6.6
1994-01-12,3.05,5.6,6.6
1994-01-13,3.05,5.71,6.6
1994-01-14,3.05,5.78,6.6
1994-01-17,3.05,,6.6
1994-01-18,3.05,5.74,6.6
1994-01-19,3.05,5.76,6.6
1994-01-20,3.05,5.71,6.6
1994-01-21,3.05,5.73,6.6
1994-01-24,3.05,5.74,6.6
1994-01-25,3.05,5.78,6.6
1994-01-26,3.05,5.77,6.6
1994-01-27,3.05,5.73,6.6
1994-01-28,3.05,5.68,6.6
1994-01-31,3.05,5.7,6.6
1994-02-01,3.25,5.77,6.6
1994-02-02,3.25,5.77,6.6
1994-02-03,3.25,5.81,6.6
1994-02-04,3.25,5.94,6.6
1994-02-07,3.25,5.96,6.6
1994-02-08,3.25,6.01,6.6
1994-02-09,3.25,5.92,6.6
1994-02-10,3.25,5.91,6.6
1994-02-11,3.25,5.88,6.6
1994-02-14,3.25,5.9,6.6
1994-02-15,3.25,5.88,6.6
1994-02-16,3.25,5.89,6.6
1994-02-17,3.25,6.0,6.6
1994-02-18,3.25,6.09,6.6
1994-02-21,3.25,,6.6
1994-02-22,3.25,6.05,6.6
1994-02-23,3.25,6.13,6.6
1994-02-24,3.25,6.22,6.6
1994-02-25,3.25,6.21,6.6
1994-02-28,3.25,6.15,6.6
1994-03-01,3.34,6.28,6.5
1994-03-02,3.34,6.3,6.5
1994-03-03,3.34,6.35,6.5
1994-03-04,3.34,6.38,6.5
1994-03-07,3.34,6.32,6.5
1994-03-08,3.34,6.38,6.5
1994-03-09,3.34,6.38,6.5
1994-03-10,3.34,6.48,6.5
1994-03-11,3.34,6.46,6.5
1994-03-14,3.34,6.5,6.5
1994-03-15,3.34,6.47,6.5
1994-03-16,3.34,6.4,6.5
1994-03-17,3.34,6.4,6.5
1994-03-18,3.34,6.49,6.5
1994-03-21,3.34,6.55,6.5
1994-03-22,3.34,6.44,6.5
1994-03-23,3.34,6.44,6.5
1994-03-24,3.34,6.58,6.5
1994-03-25,3.34,6.61,6.5
1994-03-28,3.34,6.63,6.5
1994-03-29,3.34,6.71,6.5
1994-03-30,3.34,6.78,6.5
1994-03-31,3.34,6.77,6.5
1994-04-01,3.56,,6.4
1994-04-04,3.56,7.16,6.4
1994-04-05,3.56,6.97,6.4
1994-04-06,3.56,6.93,6.4
1994-04-07,3.56,6.86,6.4
1994-04-08,3.56,6.94,6.4
1994-04-11,3.56,6.92,6.4
1994-04-12,3.56,6.87,6.4
1994-04-13,3.56,6.93,6.4
1994-04-14,3.56,6.97,6.4
1994-04-15,3.56,6.97,6.4
1994-04-18,3.56,7.14,6.4
1994-04-19,3.56,7.1,6.4
1994-04-20,3.56,7.05,6.4
1994-04-21,3.56,6.91,6.4
1994-04-22,3.56,6.93,6.4
1994-04-25,3.56,6.86,6.4
1994-04-26,3.56,6.86,6.4
1994-04-27,3.56,,6.4
1994-04-28,3.56,7.04,6.4
1994-04-29,3.56,7.06,6.4
1994-05-01,4.01,,6.1
1994-05-02,4.01,7.09,6.1
1994-05-03,4.01,7.13,6.1
1994-05-04,4.01,7.14,6.1
1994-05-05,4.01,7.11,6.1
1994-05-06,4.01,7.35,6.1
1994-05-09,4.01,7.49,6.1
1994-05-10,4.01,7.33,6.1
1994-05-11,4.01,7.4,6.1
1994-05-12,4.01,7.36,6.1
1994-05-13,4.01,7.29,6.1
1994-05-16,4.01,7.24,6.1
1994-05-17,4.01,7.03,6.1
1994-05-18,4.01,7.03,6.1
1994-05-19,4.01,6.96,6.1
1994-05-20,4.01,7.02,6.1
1994-05-23,4.01,7.19,6.1
1994-05-24,4.01,7.17,6.1
1994-05-25,4.01,7.14,6.1
1994-05-26,4.01,7.09,6.1
1994-05-27,4.01,7.12,6.1
1994-05-30,4.01,,6.1
1994-05-31,4.01,7.17,6.1
1994-06-01,4.25,7.12,6.1
1994-06-02,4.25,7.07,6.1
1994-06-03,4.25,6.98,6.1
1994-06-06,4.25,6.91,6.1
1994-06-07,4.25,6.95,6.1
1994-06-08,4.25,6.96,6.1
1994-06-09,4.25,6.98,6.1
1994-06-10,4.25,7.03,6.1
1994-06-13,4.25,7.07,6.1
1994-06-14,4.25,7.0,6.1
1994-06-15,4.25,7.1,6.1
1994-06-16,4.25,7.07,6.1
1994-06-17,4.25,7.14,6.1
1994-06-20,4.25,7.16,6.1
1994-06-21,4.25,7.22,6.1
1994-06-22,4.25,7.13,6.1
1994-06-23,4.25,7.1,6.1
1994-06-24,4.25,7.22,6.1
1994-06-27,4.25,7.18,6.1
1994-06-28,4.25,7.26,6.1
1994-06-29,4.25,7.24,6.1
1994-06-30,4.25,7.34,6.1
1994-07-01,4.26,7.34,6.1
1994-07-04,4.26,,6.1
1994-07-05,4.26,7.31,6.1
1994-07-06,4.26,7.32,6.1
1994-07-07,4.26,7.3,6.1
1994-07-08,4.26,7.42,6.1
1994-07-11,4.26,7.47,6.1
1994-07-12,4.26,7.43,6.1
1994-07-13,4.26,7.41,6.1
1994-07-14,4.26,7.25,6.1
1994-07-15,4.26,7.25,6.1
1994-07-18,4.26,7.2,6.1
1994-07-19,4.26,7.15,6.1
1994-07-20,4.26,7.25,6.1
1994-07-21,4.26,7.27,6.1
1994-07-22,4.26,7.29,6.1
1994-07-25,4.26,7.27,6.1
1994-07-26,4.26,7.28,6.1
1994-07-27,4.26,7.34,6.1
1994-07-28,4.26,7.29,6.1
1994-07-29,4.26,7.12,6.1
1994-08-01,4.47,7.13,6.0
1994-08-02,4.47,7.11,6.0
1994-08-03,4.47,7.09,6.0
1994-08-04,4.47,7.12,6.0
1994-08-05,4.47,7.28,6.0
1994-08-08,4.47,7.28,6.0
1994-08-09,4.47,7.33,6.0
1994-08-10,4.47,7.3,6.0
1994-08-11,4.47,7.36,6.0
1994-08-12,4.47,7.27,6.0
1994-08-15,4.47,7.3,6.0
1994-08-16,4.47,7.19,6.0
1994-08-17,4.47,7.15,6.0
1994-08-18,4.47,7.28,6.0
1994-08-19,4.47,7.27,6.0
1994-08-22,4.47,7.31,6.0
1994-08-23,4.47,7.28,6.0
1994-08-24,4.47,7.22,6.0
1994-08-25,4.47,7.29,6.0
1994-08-26,4.47,7.24,6.0
1994-08-29,4.47,7.24,6.0
1994-08-30,4.47,7.2,6.0
1994-08-31,4.47,7.19,6.0
1994-09-01,4.73,7.19,5.9
1994-09-02,4.73,7.21,5.9
1994-09-05,4.73,,5.9
1994-09-06,4.73,7.27,5.9
1994-09-07,4.73,7.29,5.9
1994-09-08,4.73,7.3,5.9
1994-09-09,4.73,7.44,5.9
1994-09-12,4.73,7.46,5.9
1994-09-13,4.73,7.44,5.9
1994-09-14,4.73,7.41,5.9
1994-09-15,4.73,7.35,5.9
1994-09-16,4.73,7.52,5.9
1994-09-19,4.73,7.49,5.9
1994-09-20,4.73,7.53,5.9
1994-09-21,4.73,7.56,5.9
1994-09-22,4.73,7.56,5.9
1994-09-23,4.73,7.57,5.9
1994-09-26,4.73,7.57,5.9
1994-09-27,4.73,7.61,5.9
1994-09-28,4.73,7.57,5.9
1994-09-29,4.73,7.64,5.9
1994-09-30,4.73,7.62,5.9
1994-10-01,4.76,,5.8
1994-10-03,4.76,7.66,5.8
1994-10-04,4.76,7.7,5.8
1994-10-05,4.76,7.77,5.8
1994-10-06,4.76,7.78,5.8
1994-10-07,4.76,7.7,5.8
1994-10-10,4.76,,5.8
1994-10-11,4.76,7.65,5.8
1994-10-12,4.76,7.69,5.8
1994-10-13,4.76,7.64,5.8
1994-10-14,4.76,7.61,5.8
1994-10-17,4.76,7.62,5.8
1994-10-18,4.76,7.64,5.8
1994-10-19,4.76,7.68,5.8
1994-10-20,4.76,7.8,5.8
1994-10-21,4.76,7.81,5.8
1994-10-24,4.76,7.86,5.8
1994-10-25,4.76,7.88,5.8
1994-10-26,4.76,7.88,5.8
1994-10-27,4.76,7.88,5.8
1994-10-28,4.76,7.82,5.8
1994-10-31,4.76,7.81,5.8
1994-11-01,5.29,7.91,5.6
1994-11-02,5.29,7.96,5.6
1994-11-03,5.29,7.96,5.6
1994-11-04,5.29,8.04,5.6
1994-11-07,5.29,8.05,5.6
1994-11-08,5.29,8.01,5.6
1994-11-09,5.29,7.94,5.6
1994-11-10,5.29,7.98,5.6
1994-11-11,5.29,,5.6
1994-11-14,5.29,7.94,5.6
1994-11-15,5.29,7.92,5.6
1994-11-16,5.29,7.97,5.6
1994-11-17,5.29,8.03,5.6
1994-11-18,5.29,8.01,5.6
1994-11-21,5.29,8.03,5.6
1994-11-22,5.29,8.0,5.6
1994-11-23,5.29,7.81,5.6
1994-11-24,5.29,,5.6
1994-11-25,5.29,7.8,5.6
1994-11-28,5.29,7.88,5.6
1994-11-29,5.29,7.95,5.6
1994-11-30,5.29,7.91,5.6
1994-12-01,5.45,7.92,5.5
1994-12-02,5.45,7.81,5.5
1994-12-05,5.45,7.83,5.5
1994-12-06,5.45,7.73,5.5
1994-12-07,5.45,7.81,5.5
1994-12-08,5.45,7.79,5.5
1994-12-09,5.45,7.79,5.5
1994-12-12,5.45,7.85,5.5
1994-12-13,5.45,7.83,5.5
1994-12-14,5.45,7.8,5.5
1994-12-15,5.45,7.79,5.5
1994-12-16,5.45,7.81,5.5
1994-12-19,5.45,7.81,5.5
1994-12-20,5.45,7.81,5.5
1994-12-21,5.45,7.8,5.5
1994-12-22,5.45,7.84,5.5
1994-12-23,5.45,7.85,5.5
1994-12-26,5.45,,5.5
1994-12-27,5.45,7.76,5.5
1994-12-28,5.45,7.8,5.5
1994-12-29,5.45,7.82,5.5
1994-12-30,5.45,7.84,5.5
1995-01-01,5.53,,5.6
1995-01-02,5.53,,5.6
1995-01-03,5.53,7.88,5.6
1995-01-04,5.53,7.82,5.6
1995-01-05,5.53,7.88,5.6
1995-01-06,5.53,7.87,5.6
1995-01-09,5.53,7.89,5.6
1995-01-10,5.53,7.84,5.6
1995-01-11,5.53,7.79,5.6
1995-01-12,5.53,7.8,5.6
1995-01-13,5.53,7.69,5.6
1995-01-16,5.53,,5.6
1995-01-17,5.53,7.7,5.6
1995-01-18,5.53,7.71,5.6
1995-01-19,5.53,7.74,5.6
1995-01-20,5.53,7.82,5.6
1995-01-23,5.53,7.83,5.6
1995-01-24,5.53,7.86,5.6
1995-01-25,5.53,7.8,5.6
1995-01-26,5.53,7.76,5.6
1995-01-27,5.53,7.66,5.6
1995-01-30,5.53,7.65,5.6
1995-01-31,5.53,7.6,5.6
1995-02-01,5.92,7.66,5.4
1995-02-02,5.92,7.68,5.4
1995-02-03,5.92,7.49,5.4
1995-02-06,5.92,7.53,5.4
1995-02-07,5.92,7.52,5.4
1995-02-08,5.92,7.53,5.4
1995-02-09,5.92,7.58,5.4
1995-02-10,5.92,7.62,5.4
1995-02-13,5.92,7.61,5.4
1995-02-14,5.92,7.51,5.4
1995-02-15,5.92,7.45,5.4
1995-02-16,5.92,7.4,5.4
1995-02-17,5.92,7.43,5.4
1995-02-20,5.92,,5.4
1995-02-21,5.92,7.44,5.4
1995-02-22,5.92,7.34,5.4
1995-02-23,5.92,7.34,5.4
1995-02-24,5.92,7.33,5.4
1995-02-27,5.92,7.24,5.4
1995-02-28,5.92,7.22,5.4
1995-03-01,5.98,7.23,5.4
1995-03-02,5.98,7.3,5.4
1995-03-03,5.98,7.36,5.4
1995-03-06,5.98,7.41,5.4
1995-03-07,5.98,7.44,5.4
1995-03-08,5.98,7.36,5.4
1995-03-09,5.98,7.3,5.4
1995-03-10,5.98,7.23,5.4
1995-03-13,5.98,7.19,5.4
1995-03-14,5.98,7.09,5.4
1995-03-15,5.98,7.09,5.4
1995-03-16,5.98,7.05,5.4
1995-03-17,5.98,7.12,5.4
1995-03-20,5.98,7.12,5.4
1995-03-21,5.98,7.16,5.4
1995-03-22,5.98,7.21,5.4
1995-03-23,5.98,7.21,5.4
1995-03-24,5.98,7.09,5.4
1995-03-27,5.98,7.05,5.4
1995-03-28,5.98,7.16,5.4
1995-03-29,5.98,7.16,5.4
1995-03-30,5.98,7.18,5.4
1995-03-31,5.98,7.2,5.4
1995-04-01,6.05,,5.8
1995-04-03,6.05,7.14,5.8
1995-04-04,6.05,7.12,5.8
1995-04-05,6.05,7.12,5.8
1995-04-06,6.05,7.09,5.8
1995-04-07,6.05,7.11,5.8
1995-04-10,6.05,7.12,5.8
1995-04-11,6.05,7.09,5.8
1995-04-12,6.05,7.06,5.8
1995-04-13,6.05,7.03,5.8
1995-04-14,6.05,,5.8
1995-04-17,6.05,7.04,5.8
1995-04-18,6.05,7.04,5.8
1995-04-19,6.05,7.06,5.8
1995-04-20,6.05,7.02,5.8
1995-04-21,6.05,7.01,5.8
1995-04-24,6.05,7.01,5.8
1995-04-25,6.05,7.01,5.8
1995-04-26,6.05,7.01,5.8
1995-04-27,6.05,7.04,5.8
1995-04-28,6.05,7.07,5.8
1995-05-01,6.01,7.09,5.6
1995-05-02,6.01,7.04,5.6
1995-05-03,6.01,6.96,5.6
1995-05-04,6.01,6.85,5.6
1995-05-05,6.01,6.69,5.6
1995-05-08,6.01,6.7,5.6
1995-05-09,6.01,6.61,5.6
1995-05-10,6.01,6.66,5.6
1995-05-11,6.01,6.68,5.6
1995-05-12,6.01,6.67,5.6
1995-05-15,6.01,6.62,5.6
1995-05-16,6.01,6.57,5.6
1995-05-17,6.01,6.53,5.6
1995-05-18,6.01,6.61,5.6
1995-05-19,6.01,6.61,5.6
1995-05-22,6.01,6.63,5.6
1995-05-23,6.01,6.57,5.6
1995-05-24,6.01,6.44,5.6
1995-05-25,6.01,6.39,5.6
1995-05-26,6.01,6.4,5.6
1995-05-29,6.01,,5.6
1995-05-30,6.01,6.3,5.6
1995-05-31,6.01,6.3,5.6
1995-06-01,6.0,6.2,5.6
1995-06-02,6.0,6.1,5.6
1995-06-05,6.0,6.08,5.6
1995-06-06,6.0,6.08,5.6
1995-06-07,6.0,6.2,5.6
1995-06-08,6.0,6.22,5.6
1995-06-09,6.0,6.4,5.6
1995-06-12,6.0,6.37,5.6
1995-06-13,6.0,6.14,5.6
1995-06-14,6.0,6.15,5.6
1995-06-15,6.0,6.18,5.6
1995-06-16,6.0,6.21,5.6
1995-06-19,6.0,6.13,5.6
1995-06-20,6.0,6.16,5.6
1995-06-21,6.0,6.13,5.6
1995-06-22,6.0,6.04,5.6
1995-06-23,6.0,6.06,5.6
1995-06-26,6.0,6.11,5.6
1995-06-27,6.0,6.15,5.6
1995-06-28,6.0,6.1,5.6
1995-06-29,6.0,6.28,5.6
1995-06-30,6.0,6.21,5.6
1995-07-01,5.85,,5.7
1995-07-03,5.85,6.21,5.7
1995-07-04,5.85,,5.7
1995-07-05,5.85,6.19,5.7
1995-07-06,5.85,6.05,5.7
1995-07-07,5.85,6.04,5.7
1995-07-10,5.85,6.04,5.7
1995-07-11,5.85,6.09,5.7
1995-07-12,5.85,6.1,5.7
1995-07-13,5.85,6.09,5.7
1995-07-14,5.85,6.15,5.7
1995-07-17,5.85,6.22,5.7
1995-07-18,5.85,6.25,5.7
1995-07-19,5.85,6.43,5.7
1995-07-20,5.85,6.43,5.7
1995-07-21,5.85,6.53,5.7
1995-07-24,5.85,6.46,5.7
1995-07-25,5.85,6.43,5.7
1995-07-26,5.85,6.48,5.7
1995-07-27,5.85,6.43,5.7
1995-07-28,5.85,6.49,5.7
1995-07-31,5.85,6.45,5.7
1995-08-01,5.74,6.5,5.7
1995-08-02,5.74,6.44,5.7
1995-08-03,5.74,6.53,5.7
1995-08-04,5.74,6.5,5.7
1995-08-07,5.74,6.48,5.7
1995-08-08,5.74,6.47,5.7
1995-08-09,5.74,6.47,5.7
1995-08-10,5.74,6.51,5.7
1995-08-11,5.74,6.59,5.7
1995-08-14,5.74,6.59,5.7
1995-08-15,5.74,6.57,5.7
1995-08-16,5.74,6.54,5.7
1995-08-17,5.74,6.57,5.7
1995-08-18,5.74,6.57,5.7
1995-08-21,5.74,6.54,5.7
1995-08-22,5.74,6.57,5.7
1995-08-23,5.74,6.6,5.7
1995-08-24,5.74,6.5,5.7
1995-08-25,5.74,6.38,5.7
1995-08-28,5.74,6.34,5.7
1995-08-29,5.74,6.36,5.7
1995-08-30,5.74,6.33,5.7
1995-08-31,5.74,6.28,5.7
1995-09-01,5.8,6.22,5.6
1995-09-04,5.8,,5.6
1995-09-05,5.8,6.18,5.6
1995-09-06,5.8,6.17,5.6
1995-09-07,5.8,6.21,5.6
1995-09-08,5.8,6.24,5.6
1995-09-11,5.8,6.24,5.6
1995-09-12,5.8,6.16,5.6
1995-09-13,5.8,6.18,5.6
1995-09-14,5.8,6.08,5.6
1995-09-15,5.8,6.11,5.6
1995-09-18,5.8,6.17,5.6
1995-09-19,5.8,6.14,5.6
1995-09-20,5.8,6.1,5.6
1995-09-21,5.8,6.21,5.6
1995-09-22,5.8,6.25,5.6
1995-09-25,5.8,6.26,5.6
1995-09-26,5.8,6.28,5.6
1995-09-27,5.8,6.3,5.6
1995-09-28,5.8,6.28,5.6
1995-09-29,5.8,6.17,5.6
1995-10-01,5.76,,5.5
1995-10-02,5.76,6.15,5.5
1995-10-03,5.76,6.13,5.5
1995-10-04,5.76,6.12,5.5
1995-10-05,5.76,6.06,5.5
1995-10-06,5.76,6.06,5.5
1995-10-09,5.76,,5.5
1995-10-10,5.76,6.07,5.5
1995-10-11,5.76,6.09,5.5
1995-10-12,5.76,6.07,5.5
1995-10-13,5.76,5.97,5.5
1995-10-16,5.76,5.97,5.5
1995-10-17,5.76,5.97,5.5
1995-10-18,5.76,5.99,5.5
1995-10-19,5.76,5.98,5.5
1995-10-20,5.76,6.04,5.5
1995-10-23,5.76,6.07,5.5
1995-10-24,5.76,6.02,5.5
1995-10-25,5.76,6.0,5.5
1995-10-26,5.76,6.06,5.5
1995-10-27,5.76,6.05,5.5
1995-10-30,5.76,6.04,5.5
1995-10-31,5.76,6.03,5.5
1995-11-01,5.8,5.98,5.6
1995-11-02,5.8,5.92,5.6
1995-11-03,5.8,5.94,5.6
1995-11-06,5.8,5.96,5.6
1995-11-07,5.8,5.99,5.6
1995-11-08,5.8,5.92,5.6
1995-11-09,5.8,5.97,5.6
1995-11-10,5.8,6.0,5.6
1995-11-13,5.8,5.98,5.6
1995-11-14,5.8,5.97,5.6
1995-11-15,5.8,6.0,5.6
1995-11-16,5.8,5.93,5.6
1995-11-17,5.8,5.92,5.6
1995-11-20,5.8,5.93,5.6
1995-11-21,5.8,5.92,5.6
1995-11-22,5.8,5.93,5.6
1995-11-23,5.8,,5.6
1995-11-24,5.8,5.91,5.6
1995-11-27,5.8,5.88,5.6
1995-11-28,5.8,5.88,5.6
1995-11-29,5.8,5.85,5.6
1995-11-30,5.8,5.76,5.6
1995-12-01,5.6,5.71,5.6
1995-12-04,5.6,5.63,5.6
1995-12-05,5.6,5.65,5.6
1995-12-06,5.6,5.67,5.6
1995-12-07,5.6,5.72,5.6
1995-12-08,5.6,5.73,5.6
1995-12-11,5.6,5.71,5.6
1995-12-12,5.6,5.72,5.6
1995-12-13,5.6,5.74,5.6
1995-12-14,5.6,5.74,5.6
1995-12-15,5.6,5.75,5.6
1995-12-18,5.6,5.85,5.6
1995-12-19,5.6,5.81,5.6
1995-12-20,5.6,5.76,5.6
1995-12-21,5.6,5.77,5.6
1995-12-22,5.6,5.71,5.6
1995-12-25,5.6,,5.6
1995-12-26,5.6,5.69,5.6
1995-12-27,5.6,5.66,5.6
1995-12-28,5.6,5.63,5.6
1995-12-29,5.6,5.58,5.6
1996-01-01,5.56,,5.6
1996-01-02,5.56,5.6,5.6
1996-01-03,5.56,5.58,5.6
1996-01-04,5.56,5.65,5.6
1996-01-05,5.56,5.69,5.6
1996-01-08,5.56,5.68,5.6
1996-01-09,5.56,5.7,5.6
1996-01-10,5.56,5.8,5.6
1996-01-11,5.56,5.78,5.6
1996-01-12,5.56,5.75,5.6
1996-01-15,5.56,,5.6
1996-01-16,5.56,5.66,5.6
1996-01-17,5.56,5.58,5.6
1996-01-18,5.56,5.53,5.6
1996-01-19,5.56,5.54,5.6
1996-01-22,5.56,5.61,5.6
1996-01-23,5.56,5.66,5.6
1996-01-24,5.56,5.62,5.6
1996-01-25,5.56,5.7,5.6
1996-01-26,5.56,5.65,5.6
1996-01-29,5.56,5.69,5.6
1996-01-30,5.56,5.63,5.6
1996-01-31,5.56,5.6,5.6
1996-02-01,5.22,5.63,5.5
1996-02-02,5.22,5.66,5.5
1996-02-05,5.22,5.7,5.5
1996-02-06,5.22,5.68,5.5
1996-02-07,5.22,5.66,5.5
1996-02-08,5.22,5.66,5.5
1996-02-09,5.22,5.66,5.5
1996-02-12,5.22,5.61,5.5
1996-02-13,5.22,5.58,5.5
1996-02-14,5.22,5.62,5.5
1996-02-15,5.22,5.7,5.5
1996-02-16,5.22,5.76,5.5
1996-02-19,5.22,,5.5
1996-02-20,5.22,6.01,5.5
1996-02-21,5.22,5.98,5.5
1996-02-22,5.22,5.92,5.5
1996-02-23,5.22,5.97,5.5
1996-02-26,5.22,6.01,5.5
1996-02-27,5.22,6.06,5.5
1996-02-28,5.22,6.11,5.5
1996-02-29,5.22,6.13,5.5
1996-03-01,5.31,5.99,5.5
1996-03-04,5.31,5.92,5.5
1996-03-05,5.31,5.96,5.5
1996-03-06,5.31,6.05,5.5
1996-03-07,5.31,6.07,5.5
1996-03-08,5.31,6.41,5.5
1996-03-11,5.31,6.33,5.5
1996-03-12,5.31,6.36,5.5
1996-03-13,5.31,6.35,5.5
1996-03-14,5.31,6.36,5.5
1996-03-15,5.31,6.46,5.5
1996-03-18,5.31,6.43,5.5
1996-03-19,5.31,6.41,5.5
1996-03-20,5.31,6.34,5.5
1996-03-21,5.31,6.28,5.5
1996-03-22,5.31,6.32,5.5
1996-03-25,5.31,6.26,5.5
1996-03-26,5.31,6.25,5.5
1996-03-27,5.31,6.34,5.5
1996-03-28,5.31,6.41,5.5
1996-03-29,5.31,6.34,5.5
1996-04-01,5.22,6.31,5.6
1996-04-02,5.22,6.25,5.6
1996-04-03,5.22,6.27,5.6
1996-04-04,5.22,6.33,5.6
1996-04-05,5.22,6.57,5.6
1996-04-08,5.22,6.63,5.6
1996-04-09,5.22,6.56,5.6
1996-04-10,5.22,6.63,5.6
1996-04-11,5.22,6.68,5.6
1996-04-12,5.22,6.52,5.6
1996-04-15,5.22,6.47,5.6
1996-04-16,5.22,6.48,5.6
1996-04-17,5.22,6.52,5.6
1996-04-18,5.22,6.58,5.6
1996-04-19,5.22,6.53,5.6
1996-04-22,5.22,6.48,5.6
1996-04-23,5.22,6.52,5.6
1996-04-24,5.22,6.57,5.6
1996-04-25,5.22,6.56,5.6
1996-04-26,5.22,6.54,5.6
1996-04-29,5.22,6.59,5.6
1996-04-30,5.22,6.66,5.6
1996-05-01,5.24,6.68,5.6
1996-05-02,5.24,6.85,5.6
1996-05-03,5.24,6.9,5.6
1996-05-06,5.24,6.86,5.6
1996-05-07,5.24,6.87,5.6
1996-05-08,5.24,6.78,5.6
1996-05-09,5.24,6.84,5.6
1996-05-10,5.24,6.75,5.6
1996-05-13,5.24,6.72,5.6
1996-05-14,5.24,6.66,5.6
1996-05-15,5.24,6.65,5.6
1996-05-16,5.24,6.7,5.6
1996-05-17,5.24,6.65,5.6
1996-05-20,5.24,6.62,5.6
1996-05-21,5.24,6.65,5.6
1996-05-22,5.24,6.63,5.6
1996-05-23,5.24,6.68,5.6
1996-05-24,5.24,6.65,5.6
1996-05-27,5.24,,5.6
1996-05-28,5.24,6.67,5.6
1996-05-29,5.24,6.77,5.6
1996-05-30,5.24,6.78,5.6
1996-05-31,5.24,6.85,5.6
1996-06-01,5.27,,5.3
1996-06-03,5.27,6.87,5.3
1996-06-04,5.27,6.86,5.3
1996-06-05,5.27,6.82,5.3
1996-06-06,5.27,6.76,5.3
1996-06-07,5.27,6.93,5.3
1996-06-10,5.27,6.97,5.3
1996-06-11,5.27,6.99,5.3
1996-06-12,5.27,7.03,5.3
1996-06-13,5.27,7.01,5.3
1996-06-14,5.27,6.95,5.3
1996-06-17,5.27,6.9,5.3
1996-06-18,5.27,6.93,5.3
1996-06-19,5.27,6.96,5.3
1996-06-20,5.27,6.98,5.3
1996-06-21,5.27,6.96,5.3
1996-06-24,5.27,6.94,5.3
1996-06-25,5.27,6.91,5.3
1996-06-26,5.27,6.91,5.3
1996-06-27,5.27,6.83,5.3
1996-06-28,5.27,6.73,5.3
1996-07-01,5.4,6.74,5.5
1996-07-02,5.4,6.8,5.5
1996-07-03,5.4,6.78,5.5
1996-07-04,5.4,,5.5
1996-07-05,5.4,7.06,5.5
1996-07-08,5.4,7.05,5.5
1996-07-09,5.4,7.0,5.5
1996-07-10,5.4,6.95,5.5
1996-07-11,5.4,6.9,5.5
1996-07-12,5.4,6.85,5.5
1996-07-15,5.4,6.89,5.5
1996-07-16,5.4,6.84,5.5
1996-07-17,5.4,6.83,5.5
1996-07-18,5.4,6.72,5.5
1996-07-19,5.4,6.78,5.5
1996-07-22,5.4,6.84,5.5
1996-07-23,5.4,6.8,5.5
1996-07-24,5.4,6.87,5.5
1996-07-25,5.4,6.87,5.5
1996-07-26,5.4,6.85,5.5
1996-07-29,5.4,6.93,5.5
1996-07-30,5.4,6.89,5.5
1996-07-31,5.4,6.8,5.5
1996-08-01,5.22,6.65,5.1
1996-08-02,5.22,6.51,5.1
1996-08-05,5.22,6.53,5.1
1996-08-06,5.22,6.54,5.1
1996-08-07,5.22,6.55,5.1
1996-08-08,5.22,6.56,5.1
1996-08-09,5.22,6.5,5.1
1996-08-12,5.22,6.49,5.1
1996-08-13,5.22,6.57,5.1
1996-08-14,5.22,6.58,5.1
1996-08-15,5.22,6.62,5.1
1996-08-16,5.22,6.56,5.1
1996-08-19,5.22,6.59,5.1
1996-08-20,5.22,6.59,5.1
1996-08-21,5.22,6.61,5.1
1996-08-22,5.22,6.62,5.1
1996-08-23,5.22,6.72,5.1
1996-08-26,5.22,6.8,5.1
1996-08-27,5.22,6.78,5.1
1996-08-28,5.22,6.79,5.1
1996-08-29,5.22,6.86,5.1
1996-08-30,5.22,6.96,5.1
1996-09-01,5.3,,5.2
1996-09-02,5.3,,5.2
1996-09-03,5.3,6.92,5.2
1996-09-04,5.3,6.94,5.2
1996-09-05,5.3,6.98,5.2
1996-09-06,5.3,6.94,5.2
1996-09-09,5.3,6.9,5.2
1996-09-10,5.3,6.94,5.2
1996-09-11,5.3,6.94,5.2
1996-09-12,5.3,6.88,5.2
1996-09-13,5.3,6.74,5.2
1996-09-16,5.3,6.73,5.2
1996-09-17,5.3,6.81,5.2
1996-09-18,5.3,6.83,5.2
1996-09-19,5.3,6.87,5.2
1996-09-20,5.3,6.85,5.2
1996-09-23,5.3,6.83,5.2
1996-09-24,5.3,6.77,5.2
1996-09-25,5.3,6.71,5.2
1996-09-26,5.3,6.66,5.2
1996-09-27,5.3,6.68,5.2
1996-09-30,5.3,6.72,5.2
1996-10-01,5.24,6.65,5.2
1996-10-02,5.24,6.61,5.2
1996-10-03,5.24,6.61,5.2
1996-10-04,5.24,6.48,5.2
1996-10-07,5.24,6.53,5.2
1996-10-08,5.24,6.53,5.2
1996-10-09,5.24,6.55,5.2
1996-10-10,5.24,6.61,5.2
1996-10-11,5.24,6.55,5.2
1996-10-14,5.24,,5.2
1996-10-15,5.24,6.56,5.2
1996-10-16,5.24,6.57,5.2
1996-10-17,5.24,6.51,5.2
1996-10-18,5.24,6.5,5.2
1996-10-21,5.24,6.52,5.2
1996-10-22,5.24,6.56,5.2
1996-10-23,5.24,6.56,5.2
1996-10-24,5.24,6.57,5.2
1996-10-25,5.24,6.54,5.2
1996-10-28,5.24,6.56,5.2
1996-10-29,5.24,6.4,5.2
1996-10-30,5.24,6.4,5.2
1996-10-31,5.24,6.37,5.2
1996-11-01,5.31,6.38,5.4
1996-11-04,5.31,6.36,5.4
1996-11-05,5.31,6.28,5.4
1996-11-06,5.31,6.3,5.4
1996-11-07,5.31,6.26,5.4
1996-11-08,5.31,6.29,5.4
1996-11-11,5.31,,5.4
1996-11-12,5.31,6.19,5.4
1996-11-13,5.31,6.2,5.4
1996-11-14,5.31,6.15,5.4
1996-11-15,5.31,6.19,5.4
1996-11-18,5.31,6.2,5.4
1996-11-19,5.31,6.17,5.4
1996-11-20,5.31,6.14,5.4
1996-11-21,5.31,6.15,5.4
1996-11-22,5.31,6.15,5.4
1996-11-25,5.31,6.13,5.4
1996-11-26,5.31,6.13,5.4
1996-11-27,5.31,6.14,5.4
1996-11-28,5.31,,5.4
1996-11-29,5.31,6.06,5.4
1996-12-01,5.29,,5.4
1996-12-02,5.29,6.08,5.4
1996-12-03,5.29,6.06,5.4
1996-12-04,5.29,6.11,5.4
1996-12-05,5.29,6.22,5.4
1996-12-06,5.29,6.26,5.4
1996-12-09,5.29,6.21,5.4
1996-12-10,5.29,6.23,5.4
1996-12-11,5.29,6.38,5.4
1996-12-12,5.29,6.4,5.4
1996-12-13,5.29,6.33,5.4
1996-12-16,5.29,6.39,5.4
1996-12-17,5.29,6.42,5.4
1996-12-18,5.29,6.46,5.4
1996-12-19,5.29,6.36,5.4
1996-12-20,5.29,6.35,5.4
1996-12-23,5.29,6.34,5.4
1996-12-24,5.29,6.36,5.4
1996-12-25,5.29,,5.4
1996-12-26,5.29,6.35,5.4
1996-12-27,5.29,6.3,5.4
1996-12-30,5.29,6.31,5.4
1996-12-31,5.29,6.43,5.4
1997-01-01,5.25,,5.3
1997-01-02,5.25,6.54,5.3
1997-01-03,5.25,6.52,5.3
1997-01-06,5.25,6.54,5.3
1997-01-07,5.25,6.57,5.3
1997-01-08,5.25,6.6,5.3
1997-01-09,5.25,6.52,5.3
1997-01-10,5.25,6.63,5.3
1997-01-13,5.25,6.63,5.3
1997-01-14,5.25,6.53,5.3
1997-01-15,5.25,6.53,5.3
1997-01-16,5.25,6.57,5.3
1997-01-17,5.25,6.56,5.3
1997-01-20,5.25,,5.3
1997-01-21,5.25,6.52,5.3
1997-01-22,5.25,6.56,5.3
1997-01-23,5.25,6.6,5.3
1997-01-24,5.25,6.64,5.3
1997-01-27,5.25,6.69,5.3
1997-01-28,5.25,6.64,5.3
1997-01-29,5.25,6.63,5.3
1997-01-30,5.25,6.61,5.3
1997-01-31,5.25,6.53,5.3
1997-02-01,5.19,,5.2
1997-02-03,5.19,6.47,5.2
1997-02-04,5.19,6.45,5.2
1997-02-05,5.19,6.47,5.2
1997-02-06,5.19,6.49,5.2
1997-02-07,5.19,6.43,5.2
1997-02-10,5.19,6.43,5.2
1997-02-11,5.19,6.43,5.2
1997-02-12,5.19,6.39,5.2
1997-02-13,5.19,6.32,5.2
1997-02-14,5.19,6.28,5.2
1997-02-17,5.19,,5.2
1997-02-18,5.19,6.28,5.2
1997-02-19,5.19,6.3,5.2
1997-02-20,5.19,6.38,5.2
1997-02-21,5.19,6.36,5.2
1997-02-24,5.19,6.39,5.2
1997-02-25,5.19,6.4,5.2
1997-02-26,5.19,6.56,5.2
1997-02-27,5.19,6.58,5.2
1997-02-28,5.19,6.56,5.2
1997-03-01,5.39,,5.2
1997-03-03,5.39,6.58,5.2
1997-03-04,5.39,6.6,5.2
1997-03-05,5.39,6.6,5.2
1997-03-06,5.39,6.62,5.2
1997-03-07,5.39,6.57,5.2
1997-03-10,5.39,6.56,5.2
1997-03-11,5.39,6.57,5.2
1997-03-12,5.39,6.6,5.2
1997-03-13,5.39,6.72,5.2
1997-03-14,5.39,6.71,5.2
1997-03-17,5.39,6.72,5.2
1997-03-18,5.39,6.72,5.2
1997-03-19,5.39,6.74,5.2
1997-03-20,5.39,6.75,5.2
1997-03-21,5.39,6.74,5.2
1997-03-24,5.39,6.72,5.2
1997-03-25,5.39,6.75,5.2
1997-03-26,5.39,6.8,5.2
1997-03-27,5.39,6.9,5.2
1997-03-28,5.39,,5.2
1997-03-31,5.39,6.92,5.2
1997-04-01,5.51,6.9,5.1
1997-04-02,5.51,6.88,5.1
1997-04-03,5.51,6.86,5.1
1997-04-04,5.51,6.92,5.1
1997-04-07,5.51,6.87,5.1
1997-04-08,5.51,6.91,5.1
1997-04-09,5.51,6.91,5.1
1997-04-10,5.51,6.91,5.1
1997-04-11,5.51,6.98,5.1
1997-04-14,5.51,6.98,5.1
1997-04-15,5.51,6.88,5.1
1997-04-16,5.51,6.9,5.1
1997-04-17,5.51,6.86,5.1
1997-04-18,5.51,6.84,5.1
1997-04-21,5.51,6.87,5.1
1997-04-22,5.51,6.84,5.1
1997-04-23,5.51,6.89,5.1
1997-04-24,5.51,6.93,5.1
1997-04-25,5.51,6.94,5.1
1997-04-28,5.51,6.92,5.1
1997-04-29,5.51,6.77,5.1
1997-04-30,5.51,6.72,5.1
1997-05-01,5.5,6.69,4.9
1997-05-02,5.5,6.68,4.9
1997-05-05,5.5,6.67,4.9
1997-05-06,5.5,6.67,4.9
1997-05-07,5.5,6.76,4.9
1997-05-08,5.5,6.72,4.9
1997-05-09,5.5,6.67,4.9
1997-05-12,5.5,6.65,4.9
1997-05-13,5.5,6.71,4.9
1997-05-14,5.5,6.68,4.9
1997-05-15,5.5,6.67,4.9
1997-05-16,5.5,6.7,4.9
1997-05-19,5.5,6.71,4.9
1997-05-20,5.5,6.7,4.9
1997-05-21,5.5,6.74,4.9
1997-05-22,5.5,6.76,4.9
1997-05-23,5.5,6.74,4.9
1997-05-26,5.5,,4.9
1997-05-27,5.5,6.79,4.9
1997-05-28,5.5,6.8,4.9
1997-05-29,5.5,6.75,4.9
1997-05-30,5.5,6.67,4.9
1997-06-01,5.56,,5.0
1997-06-02,5.56,6.66,5.0
1997-06-03,5.56,6.63,5.0
1997-06-04,5.56,6.62,5.0
1997-06-05,5.56,6.62,5.0
1997-06-06,5.56,6.51,5.0
1997-06-09,5.56,6.55,5.0
1997-06-10,5.56,6.57,5.0
1997-06-11,5.56,6.56,5.0
1997-06-12,5.56,6.48,5.0
1997-06-13,5.56,6.43,5.0
1997-06-16,5.56,6.4,5.0
1997-06-17,5.56,6.43,5.0
1997-06-18,5.56,6.4,5.0
1997-06-19,5.56,6.4,5.0
1997-06-20,5.56,6.37,5.0
1997-06-23,5.56,6.4,5.0
1997-06-24,5.56,6.42,5.0
1997-06-25,5.56,6.45,5.0
1997-06-26,5.56,6.5,5.0
1997-06-27,5.56,6.46,5.0
1997-06-30,5.56,6.51,5.0
1997-07-01,5.52,6.45,4.9
1997-07-02,5.52,6.42,4.9
1997-07-03,5.52,6.31,4.9
1997-07-04,5.52,,4.9
1997-07-07,5.52,6.27,4.9
1997-07-08,5.52,6.27,4.9
1997-07-09,5.52,6.25,4.9
1997-07-10,5.52,6.26,4.9
1997-07-11,5.52,6.23,4.9
1997-07-14,5.52,6.26,4.9
1997-07-15,5.52,6.26,4.9
1997-07-16,5.52,6.2,4.9
1997-07-17,5.52,6.19,4.9
1997-07-18,5.52,6.24,4.9
1997-07-21,5.52,6.27,4.9
1997-07-22,5.52,6.15,4.9
1997-07-23,5.52,6.14,4.9
1997-07-24,5.52,6.16,4.9
1997-07-25,5.52,6.18,4.9
1997-07-28,5.52,6.16,4.9
1997-07-29,5.52,6.11,4.9
1997-07-30,5.52,6.05,4.9
1997-07-31,5.52,6.02,4.9
1997-08-01,5.54,6.2,4.8
1997-08-04,5.54,6.23,4.8
1997-08-05,5.54,6.23,4.8
1997-08-06,5.54,6.21,4.8
1997-08-07,5.54,6.24,4.8
1997-08-08,5.54,6.38,4.8
1997-08-11,5.54,6.36,4.8
1997-08-12,5.54,6.39,4.8
1997-08-13,5.54,6.36,4.8
1997-08-14,5.54,6.27,4.8
1997-08-15,5.54,6.27,4.8
1997-08-18,5.54,6.21,4.8
1997-08-19,5.54,6.21,4.8
1997-08-20,5.54,6.24,4.8
1997-08-21,5.54,6.3,4.8
1997-08-22,5.54,6.38,4.8
1997-08-25,5.54,6.39,4.8
1997-08-26,5.54,6.38,4.8
1997-08-27,5.54,6.38,4.8
1997-08-28,5.54,6.3,4.8
1997-08-29,5.54,6.34,4.8
1997-09-01,5.54,,4.9
1997-09-02,5.54,6.31,4.9
1997-09-03,5.54,6.33,4.9
1997-09-04,5.54,6.33,4.9
1997-09-05,5.54,6.37,4.9
1997-09-08,5.54,6.33,4.9
1997-09-09,5.54,6.34,4.9
1997-09-10,5.54,6.37,4.9
1997-09-11,5.54,6.39,4.9
1997-09-12,5.54,6.29,4.9
1997-09-15,5.54,6.28,4.9
1997-09-16,5.54,6.11,4.9
1997-09-17,5.54,6.1,4.9
1997-09-18,5.54,6.11,4.9
1997-09-19,5.54,6.09,4.9
1997-09-22,5.54,6.06,4.9
1997-09-23,5.54,6.1,4.9
1997-09-24,5.54,6.04,4.9
1997-09-25,5.54,6.13,4.9
1997-09-26,5.54,6.08,4.9
1997-09-29,5.54,6.1,4.9
1997-09-30,5.54,6.12,4.9
1997-10-01,5.5,6.04,4.7
1997-10-02,5.5,6.01,4.7
1997-10-03,5.5,6.01,4.7
1997-10-06,5.5,5.96,4.7
1997-10-07,5.5,5.94,4.7
1997-10-08,5.5,6.08,4.7
1997-10-09,5.5,6.09,4.7
1997-10-10,5.5,6.15,4.7
1997-10-13,5.5,,4.7
1997-10-14,5.5,6.07,4.7
1997-10-15,5.5,6.1,4.7
1997-10-16,5.5,6.09,4.7
1997-10-17,5.5,6.17,4.7
1997-10-20,5.5,6.15,4.7
1997-10-21,5.5,6.14,4.7
1997-10-22,5.5,6.12,4.7
1997-10-23,5.5,6.04,4.7
1997-10-24,5.5,6.01,4.7
1997-10-27,5.5,5.91,4.7
1997-10-28,5.5,5.98,4.7
1997-10-29,5.5,5.91,4.7
1997-10-30,5.5,5.84,4.7
1997-10-31,5.5,5.84,4.7
1997-11-01,5.52,,4.6
1997-11-03,5.52,5.91,4.6
1997-11-04,5.52,5.95,4.6
1997-11-05,5.52,5.95,4.6
1997-11-06,5.52,5.9,4.6
1997-11-07,5.52,5.9,4.6
1997-11-10,5.52,5.91,4.6
1997-11-11,5.52,,4.6
1997-11-12,5.52,5.89,4.6
1997-11-13,5.52,5.87,4.6
1997-11-14,5.52,5.86,4.6
1997-11-17,5.52,5.85,4.6
1997-11-18,5.52,5.85,4.6
1997-11-19,5.52,5.82,4.6
1997-11-20,5.52,5.84,4.6
1997-11-21,5.52,5.82,4.6
1997-11-24,5.52,5.86,4.6
1997-11-25,5.52,5.85,4.6
1997-11-26,5.52,5.86,4.6
1997-11-27,5.52,,4.6
1997-11-28,5.52,5.86,4.6
1997-12-01,5.5,5.86,4.7
1997-12-02,5.5,5.86,4.7
1997-12-03,5.5,5.83,4.7
1997-12-04,5.5,5.84,4.7
1997-12-05,5.5,5.92,4.7
1997-12-08,5.5,5.96,4.7
1997-12-09,5.5,5.95,4.7
1997-12-10,5.5,5.9,4.7
1997-12-11,5.5,5.82,4.7
1997-12-12,5.5,5.74,4.7
1997-12-15,5.5,5.78,4.7
1997-12-16,5.5,5.77,4.7
1997-12-17,5.5,5.81,4.7
1997-12-18,5.5,5.76,4.7
1997-12-19,5.5,5.72,4.7
1997-12-22,5.5,5.72,4.7
1997-12-23,5.5,5.73,4.7
1997-12-24,5.5,5.76,4.7
1997-12-25,5.5,,4.7
1997-12-26,5.5,5.75,4.7
1997-12-29,5.5,5.76,4.7
1997-12-30,5.5,5.8,4.7
1997-12-31,5.5,5.75,4.7
1998-01-01,5.56,,4.6
1998-01-02,5.56,5.67,4.6
1998-01-05,5.56,5.52,4.6
1998-01-06,5.56,5.49,4.6
1998-01-07,5.56,5.55,4.6
1998-01-08,5.56,5.49,4.6
1998-01-09,5.56,5.4,4.6
1998-01-12,5.56,5.39,4.6
1998-01-13,5.56,5.41,4.6
1998-01-14,5.56,5.45,4.6
1998-01-15,5.56,5.48,4.6
1998-01-16,5.56,5.54,4.6
1998-01-19,5.56,,4.6
1998-01-20,5.56,5.57,4.6
1998-01-21,5.56,5.54,4.6
1998-01-22,5.56,5.56,4.6
1998-01-23,5.56,5.7,4.6
1998-01-26,5.56,5.63,4.6
1998-01-27,5.56,5.7,4.6
1998-01-28,5.56,5.69,4.6
1998-01-29,5.56,5.58,4.6
1998-01-30,5.56,5.53,4.6
1998-02-01,5.51,,4.6
1998-02-02,5.51,5.57,4.6
1998-02-03,5.51,5.56,4.6
1998-02-04,5.51,5.57,4.6
1998-02-05,5.51,5.62,4.6
1998-02-06,5.51,5.62,4.6
1998-02-09,5.51,5.65,4.6
1998-02-10,5.51,5.64,4.6
1998-02-11,5.51,5.53,4.6
1998-02-12,5.51,5.52,4.6
1998-02-13,5.51,5.49,4.6
1998-02-16,5.51,,4.6
1998-02-17,5.51,5.44,4.6
1998-02-18,5.51,5.49,4.6
1998-02-19,5.51,5.51,4.6
1998-02-20,5.51,5.54,4.6
1998-02-23,5.51,5.58,4.6
1998-02-24,5.51,5.69,4.6
1998-02-25,5.51,5.63,4.6
1998-02-26,5.51,5.65,4.6
1998-02-27,5.51,5.62,4.6
1998-03-01,5.49,,4.7
1998-03-02,5.49,5.72,4.7
1998-03-03,5.49,5.77,4.7
1998-03-04,5.49,5.76,4.7
1998-03-05,5.49,5.78,4.7
1998-03-06,5.49,5.73,4.7
1998-03-09,5.49,5.67,4.7
1998-03-10,5.49,5.67,4.7
1998-03-11,5.49,5.63,4.7
1998-03-12,5.49,5.56,4.7
1998-03-13,5.49,5.58,4.7
1998-03-16,5.49,5.54,4.7
1998-03-17,5.49,5.56,4.7
1998-03-18,5.49,5.58,4.7
1998-03-19,5.49,5.58,4.7
1998-03-20,5.49,5.57,4.7
1998-03-23,5.49,5.57,4.7
1998-03-24,5.49,5.58,4.7
1998-03-25,5.49,5.64,4.7
1998-03-26,5.49,5.68,4.7
1998-03-27,5.49,5.68,4.7
1998-03-30,5.49,5.72,4.7
1998-03-31,5.49,5.67,4.7
1998-04-01,5.45,5.62,4.3
1998-04-02,5.45,5.56,4.3
1998-04-03,5.45,5.47,4.3
1998-04-06,5.45,5.51,4.3
1998-04-07,5.45,5.53,4.3
1998-04-08,5.45,5.58,4.3
1998-04-09,5.45,5.59,4.3
1998-04-10,5.45,,4.3
1998-04-13,5.45,5.66,4.3
1998-04-14,5.45,5.63,4.3
1998-04-15,5.45,5.6,4.3
1998-04-16,5.45,5.59,4.3
1998-04-17,5.45,5.59,4.3
1998-04-20,5.45,5.65,4.3
1998-04-21,5.45,5.68,4.3
1998-04-22,5.45,5.68,4.3
1998-04-23,5.45,5.69,4.3
1998-04-24,5.45,5.67,4.3
1998-04-27,5.45,5.8,4.3
1998-04-28,5.45,5.8,4.3
1998-04-29,5.45,5.81,4.3
1998-04-30,5.45,5.68,4.3
1998-05-01,5.49,5.67,4.4
1998-05-04,5.49,5.67,4.4
1998-05-05,5.49,5.7,4.4
1998-05-06,5.49,5.67,4.4
1998-05-07,5.49,5.67,4.4
1998-05-08,5.49,5.71,4.4
1998-05-11,5.49,5.79,4.4
1998-05-12,5.49,5.7,4.4
1998-05-13,5.49,5.64,4.4
1998-05-14,5.49,5.67,4.4
1998-05-15,5.49,5.68,4.4
1998-05-18,5.49,5.64,4.4
1998-05-19,5.49,5.65,4.4
1998-05-20,5.49,5.61,4.4
1998-05-21,5.49,5.65,4.4
1998-05-22,5.49,5.64,4.4
1998-05-25,5.49,,4.4
1998-05-26,5.49,5.59,4.4
1998-05-27,5.49,5.56,4.4
1998-05-28,5.49,5.58,4.4
1998-05-29,5.49,5.56,4.4
1998-06-01,5.56,5.53,4.5
1998-06-02,5.56,5.56,4.5
1998-06-03,5.56,5.57,4.5
1998-06-04,5.56,5.59,4.5
1998-06-05,5.56,5.58,4.5
1998-06-08,5.56,5.58,4.5
1998-06-09,5.56,5.59,4.5
1998-06-10,5.56,5.51,4.5
1998-06-11,5.56,5.44,4.5
1998-06-12,5.56,5.43,4.5
1998-06-15,5.56,5.38,4.5
1998-06-16,5.56,5.45,4.5
1998-06-17,5.56,5.54,4.5
1998-06-18,5.56,5.5,4.5
1998-06-19,5.56,5.47,4.5
1998-06-22,5.56,5.46,4.5
1998-06-23,5.56,5.45,4.5
1998-06-24,5.56,5.46,4.5
1998-06-25,5.56,5.46,4.5
1998-06-26,5.56,5.46,4.5
1998-06-29,5.56,5.47,4.5
1998-06-30,5.56,5.44,4.5
1998-07-01,5.54,5.44,4.5
1998-07-02,5.54,5.42,4.5
1998-07-03,5.54,,4.5
1998-07-06,5.54,5.39,4.5
1998-07-07,5.54,5.42,4.5
1998-07-08,5.54,5.43,4.5
1998-07-09,5.54,5.41,4.5
1998-07-10,5.54,5.42,4.5
1998-07-13,5.54,5.46,4.5
1998-07-14,5.54,5.49,4.5
1998-07-15,5.54,5.48,4.5
1998-07-16,5.54,5.5,4.5
1998-07-17,5.54,5.51,4.5
1998-07-20,5.54,5.48,4.5
1998-07-21,5.54,5.45,4.5
1998-07-22,5.54,5.46,4.5
1998-07-23,5.54,5.45,4.5
1998-07-24,5.54,5.45,4.5
1998-07-27,5.54,5.47,4.5
1998-07-28,5.54,5.5,4.5
1998-07-29,5.54,5.52,4.5
1998-07-30,5.54,5.5,4.5
1998-07-31,5.54,5.5,4.5
1998-08-01,5.55,,4.5
1998-08-03,5.55,5.46,4.5
1998-08-04,5.55,5.43,4.5
1998-08-05,5.55,5.43,4.5
1998-08-06,5.55,5.44,4.5
1998-08-07,5.55,5.4,4.5
1998-08-10,5.55,5.41,4.5
1998-08-11,5.55,5.37,4.5
1998-08-12,5.55,5.4,4.5
1998-08-13,5.55,5.44,4.5
1998-08-14,5.55,5.4,4.5
1998-08-17,5.55,5.4,4.5
1998-08-18,5.55,5.41,4.5
1998-08-19,5.55,5.42,4.5
1998-08-20,5.55,5.38,4.5
1998-08-21,5.55,5.32,4.5
1998-08-24,5.55,5.3,4.5
1998-08-25,5.55,5.25,4.5
1998-08-26,5.55,5.26,4.5
1998-08-27,5.55,5.12,4.5
1998-08-28,5.55,5.09,4.5
1998-08-31,5.55,5.05,4.5
1998-09-01,5.51,5.05,4.6
1998-09-02,5.51,5.1,4.6
1998-09-03,5.51,5.03,4.6
1998-09-04,5.51,5.02,4.6
1998-09-07,5.51,,4.6
1998-09-08,5.51,5.04,4.6
1998-09-09,5.51,4.95,4.6
1998-09-10,5.51,4.76,4.6
1998-09-11,5.51,4.85,4.6
1998-09-14,5.51,4.87,4.6
1998-09-15,5.51,4.9,4.6
1998-09-16,5.51,4.88,4.6
1998-09-17,5.51,4.8,4.6
1998-09-18,5.51,4.7,4.6
1998-09-21,5.51,4.69,4.6
1998-09-22,5.51,4.73,4.6
1998-09-23,5.51,4.69,4.6
1998-09-24,5.51,4.64,4.6
1998-09-25,5.51,4.6,4.6
1998-09-28,5.51,4.61,4.6
1998-09-29,5.51,4.59,4.6
1998-09-30,5.51,4.44,4.6
1998-10-01,5.07,4.33,4.5
1998-10-02,5.07,4.31,4.5
1998-10-05,5.07,4.16,4.5
1998-10-06,5.07,4.24,4.5
1998-10-07,5.07,4.34,4.5
1998-10-08,5.07,4.56,4.5
1998-10-09,5.07,4.77,4.5
1998-10-12,5.07,,4.5
1998-10-13,5.07,4.73,4.5
1998-10-14,5.07,4.58,4.5
1998-10-15,5.07,4.58,4.5
1998-10-16,5.07,4.44,4.5
1998-10-19,5.07,4.47,4.5
1998-10-20,5.07,4.57,4.5
1998-10-21,5.07,4.59,4.5
1998-10-22,5.07,4.62,4.5
1998-10-23,5.07,4.7,4.5
1998-10-26,5.07,4.73,4.5
1998-10-27,5.07,4.63,4.5
1998-10-28,5.07,4.6,4.5
1998-10-29,5.07,4.54,4.5
1998-10-30,5.07,4.64,4.5
1998-11-01,4.83,,4.4
1998-11-02,4.83,4.77,4.4
1998-11-03,4.83,4.78,4.4
1998-11-04,4.83,4.83,4.4
1998-11-05,4.83,4.82,4.4
1998-11-06,4.83,4.93,4.4
1998-11-09,4.83,4.88,4.4
1998-11-10,4.83,4.81,4.4
1998-11-11,4.83,,4.4
1998-11-12,4.83,4.77,4.4
1998-11-13,4.83,4.82,4.4
1998-11-16,4.83,4.85,4.4
1998-11-17,4.83,4.87,4.4
1998-11-18,4.83,4.85,4.4
1998-11-19,4.83,4.85,4.4
1998-11-20,4.83,4.82,4.4
1998-11-23,4.83,4.84,4.4
1998-11-24,4.83,4.85,4.4
1998-11-25,4.83,4.83,4.4
1998-11-26,4.83,,4.4
1998-11-27,4.83,4.81,4.4
1998-11-30,4.83,4.74,4.4
1998-12-01,4.68,4.67,4.4
1998-12-02,4.68,4.59,4.4
1998-12-03,4.68,4.58,4.4
1998-12-04,4.68,4.62,4.4
1998-12-07,4.68,4.69,4.4
1998-12-08,4.68,4.6,4.4
1998-12-09,4.68,4.56,4.4
1998-12-10,4.68,4.53,4.4
1998-12-11,4.68,4.61,4.4
1998-12-14,4.68,4.58,4.4
1998-12-15,4.68,4.62,4.4
1998-12-16,4.68,4.58,4.4
1998-12-17,4.68,4.58,4.4
1998-12-18,4.68,4.58,4.4
1998-12-21,4.68,4.64,4.4
1998-12-22,4.68,4.7,4.4
1998-12-23,4.68,4.81,4.4
1998-12-24,4.68,4.86,4.4
1998-12-25,4.68,,4.4
1998-12-28,4.68,4.78,4.4
1998-12-29,4.68,4.71,4.4
1998-12-30,4.68,4.65,4.4
1998-12-31,4.68,4.65,4.4
1999-01-01,4.63,,4.3
1999-01-04,4.63,4.69,4.3
1999-01-05,4.63,4.74,4.3
1999-01-06,4.63,4.73,4.3
1999-01-07,4.63,4.77,4.3
1999-01-08,4.63,4.86,4.3
1999-01-11,4.63,4.9,4.3
1999-01-12,4.63,4.82,4.3
1999-01-13,4.63,4.74,4.3
1999-01-14,4.63,4.63,4.3
1999-01-15,4.63,4.66,4.3
1999-01-18,4.63,,4.3
1999-01-19,4.63,4.71,4.3
1999-01-20,4.63,4.76,4.3
1999-01-21,4.63,4.7,4.3
1999-01-22,4.63,4.64,4.3
1999-01-25,4.63,4.67,4.3
1999-01-26,4.63,4.69,4.3
1999-01-27,4.63,4.68,4.3
1999-01-28,4.63,4.67,4.3
1999-01-29,4.63,4.66,4.3
1999-02-01,4.76,4.75,4.4
1999-02-02,4.76,4.79,4.4
1999-02-03,4.76,4.83,4.4
1999-02-04,4.76,4.89,4.4
1999-02-05,4.76,4.94,4.4
1999-02-08,4.76,4.94,4.4
1999-02-09,4.76,4.91,4.4
1999-02-10,4.76,4.9,4.4
1999-02-11,4.76,4.93,4.4
1999-02-12,4.76,5.06,4.4
1999-02-15,4.76,,4.4
1999-02-16,4.76,5.03,4.4
1999-02-17,4.76,4.98,4.4
1999-02-18,4.76,5.04,4.4
1999-02-19,4.76,5.07,4.4
1999-02-22,4.76,5.03,4.4
1999-02-23,4.76,5.1,4.4
1999-02-24,4.76,5.18,4.4
1999-02-25,4.76,5.32,4.4
1999-02-26,4.76,5.29,4.4
1999-03-01,4.81,5.4,4.2
1999-03-02,4.81,5.35,4.2
1999-03-03,4.81,5.39,4.2
1999-03-04,4.81,5.41,4.2
1999-03-05,4.81,5.34,4.2
1999-03-08,4.81,5.29,4.2
1999-03-09,4.81,5.18,4.2
1999-03-10,4.81,5.2,4.2
1999-03-11,4.81,5.21,4.2
1999-03-12,4.81,5.16,4.2
1999-03-15,4.81,5.15,4.2
1999-03-16,4.81,5.11,4.2
1999-03-17,4.81,5.14,4.2
1999-03-18,4.81,5.11,4.2
1999-03-19,4.81,5.17,4.2
1999-03-22,4.81,5.21,4.2
1999-03-23,4.81,5.2,4.2
1999-03-24,4.81,5.17,4.2
1999-03-25,4.81,5.21,4.2
1999-03-26,4.81,5.21,4.2
1999-03-29,4.81,5.28,4.2
1999-03-30,4.81,5.21,4.2
1999-03-31,4.81,5.25,4.2
1999-04-01,4.74,5.27,4.3
1999-04-02,4.74,5.2,4.3
1999-04-05,4.74,5.2,4.3
1999-04-06,4.74,5.13,4.3
1999-04-07,4.74,5.14,4.3
1999-04-08,4.74,5.03,4.3
1999-04-09,4.74,5.05,4.3
1999-04-12,4.74,5.06,4.3
1999-04-13,4.74,5.12,4.3
1999-04-14,4.74,5.13,4.3
1999-04-15,4.74,5.18,4.3
1999-04-16,4.74,5.23,4.3
1999-04-19,4.74,5.18,4.3
1999-04-20,4.74,5.16,4.3
1999-04-21,4.74,5.17,4.3
1999-04-22,4.74,5.25,4.3
1999-04-23,4.74,5.26,4.3
1999-04-26,4.74,5.23,4.3
1999-04-27,4.74,5.22,4.3
1999-04-28,4.74,5.27,4.3
1999-04-29,4.74,5.22,4.3
1999-04-30,4.74,5.36,4.3
1999-05-01,4.74,,4.2
1999-05-03,4.74,5.38,4.2
1999-05-04,4.74,5.42,4.2
1999-05-05,4.74,5.4,4.2
1999-05-06,4.74,5.52,4.2
1999-05-07,4.74,5.54,4.2
1999-05-10,4.74,5.54,4.2
1999-05-11,4.74,5.59,4.2
1999-05-12,4.74,5.51,4.2
1999-05-13,4.74,5.41,4.2
1999-05-14,4.74,5.62,4.2
1999-05-17,4.74,5.66,4.2
1999-05-18,4.74,5.68,4.2
1999-05-19,4.74,5.6,4.2
1999-05-20,4.74,5.6,4.2
1999-05-21,4.74,5.52,4.2
1999-05-24,4.74,5.5,4.2
1999-05-25,4.74,5.49,4.2
1999-05-26,4.74,5.55,4.2
1999-05-27,4.74,5.62,4.2
1999-05-28,4.74,5.64,4.2
1999-05-31,4.74,,4.2
1999-06-01,4.76,5.78,4.3
1999-06-02,4.76,5.8,4.3
1999-06-03,4.76,5.8,4.3
1999-06-04,4.76,5.82,4.3
1999-06-07,4.76,5.81,4.3
1999-06-08,4.76,5.83,4.3
1999-06-09,4.76,5.87,4.3
1999-06-10,4.76,5.92,4.3
1999-06-11,4.76,6.02,4.3
1999-06-14,4.76,5.98,4.3
1999-06-15,4.76,5.98,4.3
1999-06-16,4.76,5.94,4.3
1999-06-17,4.76,5.79,4.3
1999-06-18,4.76,5.84,4.3
1999-06-21,4.76,5.9,4.3
1999-06-22,4.76,5.94,4.3
1999-06-23,4.76,6.0,4.3
1999-06-24,4.76,6.05,4.3
1999-06-25,4.76,6.02,4.3
1999-06-28,4.76,5.96,4.3
1999-06-29,4.76,5.93,4.3
1999-06-30,4.76,5.81,4.3
1999-07-01,4.99,5.85,4.3
1999-07-02,4.99,5.82,4.3
1999-07-05,4.99,,4.3
1999-07-06,4.99,5.88,4.3
1999-07-07,4.99,5.92,4.3
1999-07-08,4.99,5.85,4.3
1999-07-09,4.99,5.84,4.3
1999-07-12,4.99,5.74,4.3
1999-07-13,4.99,5.71,4.3
1999-07-14,4.99,5.74,4.3
1999-07-15,4.99,5.72,4.3
1999-07-16,4.99,5.68,4.3
1999-07-19,4.99,5.66,4.3
1999-07-20,4.99,5.65,4.3
1999-07-21,4.99,5.66,4.3
1999-07-22,4.99,5.78,4.3
1999-07-23,4.99,5.84,4.3
1999-07-26,4.99,5.86,4.3
1999-07-27,4.99,5.82,4.3
1999-07-28,4.99,5.81,4.3
1999-07-29,4.99,5.88,4.3
1999-07-30,4.99,5.92,4.3
1999-08-01,5.07,,4.2
1999-08-02,5.07,5.92,4.2
1999-08-03,5.07,5.95,4.2
1999-08-04,5.07,5.96,4.2
1999-08-05,5.07,5.88,4.2
1999-08-06,5.07,6.02,4.2
1999-08-09,5.07,6.13,4.2
1999-08-10,5.07,6.16,4.2
1999-08-11,5.07,6.05,4.2
1999-08-12,5.07,6.08,4.2
1999-08-13,5.07,5.98,4.2
1999-08-16,5.07,5.98,4.2
1999-08-17,5.07,5.89,4.2
1999-08-18,5.07,5.88,4.2
1999-08-19,5.07,5.9,4.2
1999-08-20,5.07,5.88,4.2
1999-08-23,5.07,5.89,4.2
1999-08-24,5.07,5.85,4.2
1999-08-25,5.07,5.73,4.2
1999-08-26,5.07,5.75,4.2
1999-08-27,5.07,5.85,4.2
1999-08-30,5.07,5.95,4.2
1999-08-31,5.07,5.98,4.2
1999-09-01,5.22,5.99,4.2
1999-09-02,5.22,6.03,4.2
1999-09-03,5.22,5.89,4.2
1999-09-06,5.22,,4.2
1999-09-07,5.22,5.95,4.2
1999-09-08,5.22,5.93,4.2
1999-09-09,5.22,5.97,4.2
1999-09-10,5.22,5.89,4.2
1999-09-13,5.22,5.92,4.2
1999-09-14,5.22,5.96,4.2
1999-09-15,5.22,5.94,4.2
1999-09-16,5.22,5.9,4.2
1999-09-17,5.22,5.87,4.2
1999-09-20,5.22,5.91,4.2
1999-09-21,5.22,5.94,4.2
1999-09-22,5.22,5.92,4.2
1999-09-23,5.22,5.87,4.2
1999-09-24,5.22,5.75,4.2
1999-09-27,5.22,5.83,4.2
1999-09-28,5.22,5.89,4.2
1999-09-29,5.22,5.97,4.2
1999-09-30,5.22,5.9,4.2
1999-10-01,5.2,6.0,4.1
1999-10-04,5.2,5.95,4.1
1999-10-05,5.2,6.02,4.1
1999-10-06,5.2,6.04,4.1
1999-10-07,5.2,6.05,4.1
1999-10-08,5.2,6.04,4.1
1999-10-11,5.2,,4.1
1999-10-12,5.2,6.07,4.1
1999-10-13,5.2,6.12,4.1
1999-10-14,5.2,6.17,4.1
1999-10-15,5.2,6.09,4.1
1999-10-18,5.2,6.12,4.1
1999-10-19,5.2,6.18,4.1
1999-10-20,5.2,6.19,4.1
1999-10-21,5.2,6.2,4.1
1999-10-22,5.2,6.21,4.1
1999-10-25,5.2,6.22,4.1
1999-10-26,5.2,6.24,4.1
1999-10-27,5.2,6.19,4.1
1999-10-28,5.2,6.12,4.1
1999-10-29,5.2,6.02,4.1
1999-11-01,5.42,6.06,4.1
1999-11-02,5.42,6.04,4.1
1999-11-03,5.42,6.01,4.1
1999-11-04,5.42,5.95,4.1
1999-11-05,5.42,5.92,4.1
1999-11-08,5.42,5.95,4.1
1999-11-09,5.42,5.97,4.1
1999-11-10,5.42,6.0,4.1
1999-11-11,5.42,,4.1
1999-11-12,5.42,5.93,4.1
1999-11-15,5.42,5.94,4.1
1999-11-16,5.42,5.97,4.1
1999-11-17,5.42,6.04,4.1
1999-11-18,5.42,6.06,4.1
1999-11-19,5.42,6.07,4.1
1999-11-22,5.42,6.09,4.1
1999-11-23,5.42,6.08,4.1
1999-11-24,5.42,6.09,4.1
1999-11-25,5.42,,4.1
1999-11-26,5.42,6.12,4.1
1999-11-29,5.42,6.21,4.1
1999-11-30,5.42,6.18,4.1
1999-12-01,5.3,6.21,4.0
1999-12-02,5.3,6.24,4.0
1999-12-03,5.3,6.17,4.0
1999-12-06,5.3,6.16,4.0
1999-12-07,5.3,6.11,4.0
1999-12-08,5.3,6.15,4.0
1999-12-09,5.3,6.14,4.0
1999-12-10,5.3,6.08,4.0
1999-12-13,5.3,6.11,4.0
1999-12-14,5.3,6.22,4.0
1999-12-15,5.3,6.25,4.0
1999-12-16,5.3,6.31,4.0
1999-12-17,5.3,6.3,4.0
1999-12-20,5.3,6.36,4.0
1999-12-21,5.3,6.38,4.0
1999-12-22,5.3,6.39,4.0
1999-12-23,5.3,6.41,4.0
1999-12-24,5.3,,4.0
1999-12-27,5.3,6.4,4.0
1999-12-28,5.3,6.43,4.0
1999-12-29,5.3,6.4,4.0
1999-12-30,5.3,6.39,4.0
1999-12-31,5.3,6.45,4.0
2000-01-01,5.45,,4.0
2000-01-03,5.45,6.58,4.0
2000-01-04,5.45,6.49,4.0
2000-01-05,5.45,6.62,4.0
2000-01-06,5.45,6.57,4.0
2000-01-07,5.45,6.52,4.0
2000-01-10,5.45,6.57,4.0
2000-01-11,5.45,6.67,4.0
2000-01-12,5.45,6.72,4.0
2000-01-13,5.45,6.63,4.0
2000-01-14,5.45,6.69,4.0
2000-01-17,5.45,,4.0
2000-01-18,5.45,6.75,4.0
2000-01-19,5.45,6.73,4.0
2000-01-20,5.45,6.79,4.0
2000-01-21,5.45,6.79,4.0
2000-01-24,5.45,6.69,4.0
2000-01-25,5.45,6.7,4.0
2000-01-26,5.45,6.69,4.0
2000-01-27,5.45,6.68,4.0
2000-01-28,5.45,6.66,4.0
2000-01-31,5.45,6.68,4.0
2000-02-01,5.73,6.62,4.1
2000-02-02,5.73,6.6,4.1
2000-02-03,5.73,6.49,4.1
2000-02-04,5.73,6.53,4.1
2000-02-07,5.73,6.64,4.1
2000-02-08,5.73,6.59,4.1
2000-02-09,5.73,6.56,4.1
2000-02-10,5.73,6.67,4.1
2000-02-11,5.73,6.63,4.1
2000-02-14,5.73,6.56,4.1
2000-02-15,5.73,6.56,4.1
2000-02-16,5.73,6.56,4.1
2000-02-17,5.73,6.58,4.1
2000-02-18,5.73,6.49,4.1
2000-02-21,5.73,,4.1
2000-02-22,5.73,6.36,4.1
2000-02-23,5.73,6.44,4.1
2000-02-24,5.73,6.36,4.1
2000-02-25,5.73,6.36,4.1
2000-02-28,5.73,6.37,4.1
2000-02-29,5.73,6.42,4.1
2000-03-01,5.85,6.39,4.0
2000-03-02,5.85,6.4,4.0
2000-03-03,5.85,6.39,4.0
2000-03-06,5.85,6.42,4.0
2000-03-07,5.85,6.39,4.0
2000-03-08,5.85,6.38,4.0
2000-03-09,5.85,6.35,4.0
2000-03-10,5.85,6.39,4.0
2000-03-13,5.85,6.36,4.0
2000-03-14,5.85,6.31,4.0
2000-03-15,5.85,6.29,4.0
2000-03-16,5.85,6.26,4.0
2000-03-17,5.85,6.2,4.0
2000-03-20,5.85,6.18,4.0
2000-03-21,5.85,6.13,4.0
2000-03-22,5.85,6.13,4.0
2000-03-23,5.85,6.08,4.0
2000-03-24,5.85,6.2,4.0
2000-03-27,5.85,6.21,4.0
2000-03-28,5.85,6.17,4.0
2000-03-29,5.85,6.18,4.0
2000-03-30,5.85,6.06,4.0
2000-03-31,5.85,6.03,4.0
2000-04-01,6.02,,3.8
2000-04-03,6.02,6.0,3.8
2000-04-04,6.02,5.9,3.8
2000-04-05,6.02,5.9,3.8
2000-04-06,6.02,5.93,3.8
2000-04-07,6.02,5.86,3.8
2000-04-10,6.02,5.8,3.8
2000-04-11,6.02,5.89,3.8
2000-04-12,6.02,5.97,3.8
2000-04-13,6.02,5.94,3.8
2000-04-14,6.02,5.85,3.8
2000-04-17,6.02,6.01,3.8
2000-04-18,6.02,6.05,3.8
2000-04-19,6.02,5.99,3.8
2000-04-20,6.02,5.99,3.8
2000-04-21,6.02,,3.8
2000-04-24,6.02,6.0,3.8
2000-04-25,6.02,6.14,3.8
2000-04-26,6.02,6.14,3.8
2000-04-27,6.02,6.23,3.8
2000-04-28,6.02,6.23,3.8
2000-05-01,6.27,6.29,4.0
2000-05-02,6.27,6.32,4.0
2000-05-03,6.27,6.4,4.0
2000-05-04,6.27,6.46,4.0
2000-05-05,6.27,6.51,4.0
2000-05-08,6.27,6.57,4.0
2000-05-09,6.27,6.53,4.0
2000-05-10,6.27,6.47,4.0
2000-05-11,6.27,6.43,4.0
2000-05-12,6.27,6.51,4.0
2000-05-15,6.27,6.47,4.0
2000-05-16,6.27,6.43,4.0
2000-05-17,6.27,6.48,4.0
2000-05-18,6.27,6.56,4.0
2000-05-19,6.27,6.51,4.0
2000-05-22,6.27,6.44,4.0
2000-05-23,6.27,6.45,4.0
2000-05-24,6.27,6.47,4.0
2000-05-25,6.27,6.39,4.0
2000-05-26,6.27,6.33,4.0
2000-05-29,6.27,,4.0
2000-05-30,6.27,6.38,4.0
2000-05-31,6.27,6.29,4.0
2000-06-01,6.53,6.2,4.0
2000-06-02,6.53,6.15,4.0
2000-06-05,6.53,6.12,4.0
2000-06-06,6.53,6.14,4.0
2000-06-07,6.53,6.13,4.0
2000-06-08,6.53,6.13,4.0
2000-06-09,6.53,6.13,4.0
2000-06-12,6.53,6.09,4.0
2000-06-13,6.53,6.11,4.0
2000-06-14,6.53,6.06,4.0
2000-06-15,6.53,6.05,4.0
2000-06-16,6.53,5.99,4.0
2000-06-19,6.53,6.0,4.0
2000-06-20,6.53,6.03,4.0
2000-06-21,6.53,6.11,4.0
2000-06-22,6.53,6.12,4.0
2000-06-23,6.53,6.19,4.0
2000-06-26,6.53,6.11,4.0
2000-06-27,6.53,6.1,4.0
2000-06-28,6.53,6.11,4.0
2000-06-29,6.53,6.04,4.0
2000-06-30,6.53,6.03,4.0
2000-07-01,6.54,,4.0
2000-07-03,6.54,6.0,4.0
2000-07-04,6.54,,4.0
2000-07-05,6.54,5.99,4.0
2000-07-06,6.54,6.05,4.0
2000-07-07,6.54,6.01,4.0
2000-07-10,6.54,6.04,4.0
2000-07-11,6.54,6.06,4.0
2000-07-12,6.54,6.09,4.0
2000-07-13,6.54,6.01,4.0
2000-07-14,6.54,6.1,4.0
2000-07-17,6.54,6.17,4.0
2000-07-18,6.54,6.16,4.0
2000-07-19,6.54,6.16,4.0
2000-07-20,6.54,6.01,4.0
2000-07-21,6.54,6.01,4.0
2000-07-24,6.54,6.04,4.0
2000-07-25,6.54,6.04,4.0
2000-07-26,6.54,6.04,4.0
2000-07-27,6.54,6.02,4.0
2000-07-28,6.54,6.04,4.0
2000-07-31,6.54,6.04,4.0
2000-08-01,6.5,6.0,4.1
2000-08-02,6.5,5.98,4.1
2000-08-03,6.5,5.95,4.1
2000-08-04,6.5,5.91,4.1
2000-08-07,6.5,5.97,4.1
2000-08-08,6.5,5.93,4.1
2000-08-09,6.5,5.81,4.1
2000-08-10,6.5,5.76,4.1
2000-08-11,6.5,5.79,4.1
2000-08-14,6.5,5.78,4.1
2000-08-15,6.5,5.81,4.1
2000-08-16,6.5,5.83,4.1
2000-08-17,6.5,5.81,4.1
2000-08-18,6.5,5.78,4.1
2000-08-21,6.5,5.79,4.1
2000-08-22,6.5,5.78,4.1
2000-08-23,6.5,5.73,4.1
2000-08-24,6.5,5.73,4.1
2000-08-25,6.5,5.73,4.1
2000-08-28,6.5,5.78,4.1
2000-08-29,6.5,5.81,4.1
2000-08-30,6.5,5.81,4.1
2000-08-31,6.5,5.73,4.1
2000-09-01,6.52,5.68,3.9
2000-09-04,6.52,,3.9
2000-09-05,6.52,5.69,3.9
2000-09-06,6.52,5.72,3.9
2000-09-07,6.52,5.76,3.9
2000-09-08,6.52,5.73,3.9
2000-09-11,6.52,5.77,3.9
2000-09-12,6.52,5.78,3.9
2000-09-13,6.52,5.74,3.9
2000-09-14,6.52,5.79,3.9
2000-09-15,6.52,5.84,3.9
2000-09-18,6.52,5.88,3.9
2000-09-19,6.52,5.86,3.9
2000-09-20,6.52,5.91,3.9
2000-09-21,6.52,5.88,3.9
2000-09-22,6.52,5.85,3.9
2000-09-25,6.52,5.84,3.9
2000-09-26,6.52,5.81,3.9
2000-09-27,6.52,5.83,3.9
2000-09-28,6.52,5.82,3.9
2000-09-29,6.52,5.8,3.9
2000-10-01,6.51,,3.9
2000-10-02,6.51,5.83,3.9
2000-10-03,6.51,5.87,3.9
2000-10-04,6.51,5.9,3.9
2000-10-05,6.51,5.87,3.9
2000-10-06,6.51,5.82,3.9
2000-10-09,6.51,,3.9
2000-10-10,6.51,5.8,3.9
2000-10-11,6.51,5.77,3.9
2000-10-12,6.51,5.73,3.9
2000-10-13,6.51,5.73,3.9
2000-10-16,6.51,5.74,3.9
2000-10-17,6.51,5.68,3.9
2000-10-18,6.51,5.66,3.9
2000-10-19,6.51,5.66,3.9
2000-10-20,6.51,5.64,3.9
2000-10-23,6.51,5.59,3.9
2000-10-24,6.51,5.63,3.9
2000-10-25,6.51,5.67,3.9
2000-10-26,6.51,5.69,3.9
2000-10-27,6.51,5.72,3.9
2000-10-30,6.51,5.74,3.9
2000-10-31,6.51,5.77,3.9
2000-11-01,6.51,5.74,3.9
2000-11-02,6.51,5.74,3.9
2000-11-03,6.51,5.83,3.9
2000-11-06,6.51,5.87,3.9
2000-11-07,6.51,5.87,3.9
2000-11-08,6.51,5.87,3.9
2000-11-09,6.51,5.82,3.9
2000-11-10,6.51,5.82,3.9
2000-11-13,6.51,5.77,3.9
2000-11-14,6.51,5.76,3.9
2000-11-15,6.51,5.72,3.9
2000-11-16,6.51,5.68,3.9
2000-11-17,6.51,5.71,3.9
2000-11-20,6.51,5.68,3.9
2000-11-21,6.51,5.67,3.9
2000-11-22,6.51,5.62,3.9
2000-11-23,6.51,,3.9
2000-11-24,6.51,5.63,3.9
2000-11-27,6.51,5.64,3.9
2000-11-28,6.51,5.59,3.9
2000-11-29,6.51,5.55,3.9
2000-11-30,6.51,5.48,3.9
2000-12-01,6.4,5.52,3.9
2000-12-04,6.4,5.53,3.9
2000-12-05,6.4,5.43,3.9
2000-12-06,6.4,5.32,3.9
2000-12-07,6.4,5.32,3.9
2000-12-08,6.4,5.35,3.9
2000-12-11,6.4,5.37,3.9
2000-12-12,6.4,5.36,3.9
2000-12-13,6.4,5.29,3.9
2000-12-14,6.4,5.23,3.9
2000-12-15,6.4,5.2,3.9
2000-12-18,6.4,5.17,3.9
2000-12-19,6.4,5.19,3.9
2000-12-20,6.4,5.08,3.9
2000-12-21,6.4,5.03,3.9
2000-12-22,6.4,5.02,3.9
2000-12-25,6.4,,3.9
2000-12-26,6.4,5.04,3.9
2000-12-27,6.4,5.11,3.9
2000-12-28,6.4,5.13,3.9
2000-12-29,6.4,5.12,3.9
2001-01-01,5.98,,4.2
2001-01-02,5.98,4.92,4.2
2001-01-03,5.98,5.14,4.2
2001-01-04,5.98,5.03,4.2
2001-01-05,5.98,4.93,4.2
2001-01-08,5.98,4.94,4.2
2001-01-09,5.98,4.98,4.2
2001-01-10,5.98,5.1,4.2
2001-01-11,5.98,5.14,4.2
2001-01-12,5.98,5.25,4.2
2001-01-15,5.98,,4.2
2001-01-16,5.98,5.24,4.2
2001-01-17,5.98,5.19,4.2
2001-01-18,5.98,5.12,4.2
2001-01-19,5.98,5.19,4.2
2001-01-22,5.98,5.25,4.2
2001-01-23,5.98,5.3,4.2
2001-01-24,5.98,5.33,4.2
2001-01-25,5.98,5.29,4.2
2001-01-26,5.98,5.29,4.2
2001-01-29,5.98,5.32,4.2
2001-01-30,5.98,5.24,4.2
2001-01-31,5.98,5.19,4.2
2001-02-01,5.49,5.1,4.2
2001-02-02,5.49,5.17,4.2
2001-02-05,5.49,5.18,4.2
2001-02-06,5.49,5.22,4.2
2001-02-07,5.49,5.1,4.2
2001-02-08,5.49,5.1,4.2
2001-02-09,5.49,5.03,4.2
2001-02-12,5.49,5.05,4.2
2001-02-13,5.49,5.07,4.2
2001-02-14,5.49,5.13,4.2
2001-02-15,5.49,5.19,4.2
2001-02-16,5.49,5.11,4.2
2001-02-19,5.49,,4.2
2001-02-20,5.49,5.11,4.2
2001-02-21,5.49,5.14,4.2
2001-02-22,5.49,5.15,4.2
2001-02-23,5.49,5.1,4.2
2001-02-26,5.49,5.05,4.2
2001-02-27,5.49,4.96,4.2
2001-02-28,5.49,4.92,4.2
2001-03-01,5.31,4.87,4.3
2001-03-02,5.31,4.95,4.3
2001-03-05,5.31,4.98,4.3
2001-03-06,5.31,4.99,4.3
2001-03-07,5.31,4.92,4.3
2001-03-08,5.31,4.89,4.3
2001-03-09,5.31,4.95,4.3
2001-03-12,5.31,4.92,4.3
2001-03-13,5.31,4.95,4.3
2001-03-14,5.31,4.84,4.3
2001-03-15,5.31,4.81,4.3
2001-03-16,5.31,4.78,4.3
2001-03-19,5.31,4.82,4.3
2001-03-20,5.31,4.78,4.3
2001-03-21,5.31,4.77,4.3
2001-03-22,5.31,4.73,4.3
2001-03-23,5.31,4.8,4.3
2001-03-26,5.31,4.85,4.3
2001-03-27,5.31,5.0,4.3
2001-03-28,5.31,4.97,4.3
2001-03-29,5.31,4.98,4.3
2001-03-30,5.31,4.93,4.3
2001-04-01,4.8,,4.4
2001-04-02,4.8,4.98,4.4
2001-04-03,4.8,4.94,4.4
2001-04-04,4.8,4.94,4.4
2001-04-05,4.8,4.98,4.4
2001-04-06,4.8,4.89,4.4
2001-04-09,4.8,4.93,4.4
2001-04-10,4.8,5.09,4.4
2001-04-11,4.8,5.12,4.4
2001-04-12,4.8,5.17,4.4
2001-04-13,4.8,,4.4
2001-04-16,4.8,5.28,4.4
2001-04-17,4.8,5.21,4.4
2001-04-18,4.8,5.14,4.4
2001-04-19,4.8,5.27,4.4
2001-04-20,4.8,5.29,4.4
2001-04-23,4.8,5.2,4.4
2001-04-24,4.8,5.22,4.4
2001-04-25,4.8,5.28,4.4
2001-04-26,4.8,5.2,4.4
2001-04-27,4.8,5.34,4.4
2001-04-30,4.8,5.35,4.4
2001-05-01,4.21,5.3,4.3
2001-05-02,4.21,5.31,4.3
2001-05-03,4.21,5.22,4.3
2001-05-04,4.21,5.21,4.3
2001-05-07,4.21,5.21,4.3
2001-05-08,4.21,5.24,4.3
2001-05-09,4.21,5.2,4.3
2001-05-10,4.21,5.31,4.3
2001-05-11,4.21,5.51,4.3
2001-05-14,4.21,5.46,4.3
2001-05-15,4.21,5.5,4.3
2001-05-16,4.21,5.48,4.3
2001-05-17,4.21,5.46,4.3
2001-05-18,4.21,5.41,4.3
2001-05-21,4.21,5.41,4.3
2001-05-22,4.21,5.42,4.3
2001-05-23,4.21,5.41,4.3
2001-05-24,4.21,5.52,4.3
2001-05-25,4.21,5.52,4.3
2001-05-28,4.21,,4.3
2001-05-29,4.21,5.54,4.3
2001-05-30,4.21,5.54,4.3
2001-05-31,4.21,5.43,4.3
2001-06-01,3.97,5.39,4.5
2001-06-04,3.97,5.35,4.5
2001-06-05,3.97,5.29,4.5
2001-06-06,3.97,5.27,4.5
2001-06-07,3.97,5.33,4.5
2001-06-08,3.97,5.38,4.5
2001-06-11,3.97,5.32,4.5
2001-06-12,3.97,5.27,4.5
2001-06-13,3.97,5.28,4.5
2001-06-14,3.97,5.26,4.5
2001-06-15,3.97,5.27,4.5
2001-06-18,3.97,5.27,4.5
2001-06-19,3.97,5.26,4.5
2001-06-20,3.97,5.24,4.5
2001-06-21,3.97,5.22,4.5
2001-06-22,3.97,5.14,4.5
2001-06-25,3.97,5.16,4.5
2001-06-26,3.97,5.24,4.5
2001-06-27,3.97,5.26,4.5
2001-06-28,3.97,5.35,4.5
2001-06-29,3.97,5.42,4.5
2001-07-01,3.77,,4.6
2001-07-02,3.77,5.37,4.6
2001-07-03,3.77,5.41,4.6
2001-07-04,3.77,,4.6
2001-07-05,3.77,5.44,4.6
2001-07-06,3.77,5.41,4.6
2001-07-09,3.77,5.37,4.6
2001-07-10,3.77,5.32,4.6
2001-07-11,3.77,5.31,4.6
2001-07-12,3.77,5.27,4.6
2001-07-13,3.77,5.27,4.6
2001-07-16,3.77,5.21,4.6
2001-07-17,3.77,5.22,4.6
2001-07-18,3.77,5.12,4.6
2001-07-19,3.77,5.13,4.6
2001-07-20,3.77,5.15,4.6
2001-07-23,3.77,5.13,4.6
2001-07-24,3.77,5.13,4.6
2001-07-25,3.77,5.2,4.6
2001-07-26,3.77,5.19,4.6
2001-07-27,3.77,5.13,4.6
2001-07-30,3.77,5.11,4.6
2001-07-31,3.77,5.07,4.6
2001-08-01,3.65,5.11,4.9
2001-08-02,3.65,5.17,4.9
2001-08-03,3.65,5.2,4.9
2001-08-06,3.65,5.19,4.9
2001-08-07,3.65,5.2,4.9
2001-08-08,3.65,4.99,4.9
2001-08-09,3.65,5.04,4.9
2001-08-10,3.65,4.99,4.9
2001-08-13,3.65,4.97,4.9
2001-08-14,3.65,4.97,4.9
2001-08-15,3.65,5.0,4.9
2001-08-16,3.65,4.95,4.9
2001-08-17,3.65,4.84,4.9
2001-08-20,3.65,4.91,4.9
2001-08-21,3.65,4.87,4.9
2001-08-22,3.65,4.91,4.9
2001-08-23,3.65,4.89,4.9
2001-08-24,3.65,4.93,4.9
2001-08-27,3.65,4.94,4.9
2001-08-28,3.65,4.85,4.9
2001-08-29,3.65,4.78,4.9
2001-08-30,3.65,4.79,4.9
2001-08-31,3.65,4.85,4.9
2001-09-01,3.07,,5.0
2001-09-03,3.07,,5.0
2001-09-04,3.07,4.99,5.0
2001-09-05,3.07,4.97,5.0
2001-09-06,3.07,4.86,5.0
2001-09-07,3.07,4.8,5.0
2001-09-10,3.07,4.84,5.0
2001-09-11,3.07,,5.0
2001-09-12,3.07,,5.0
2001-09-13,3.07,4.64,5.0
2001-09-14,3.07,4.57,5.0
2001-09-17,3.07,4.63,5.0
2001-09-18,3.07,4.72,5.0
2001-09-19,3.07,4.69,5.0
2001-09-20,3.07,4.75,5.0
2001-09-21,3.07,4.7,5.0
2001-09-24,3.07,4.73,5.0
2001-09-25,3.07,4.72,5.0
2001-09-26,3.07,4.65,5.0
2001-09-27,3.07,4.58,5.0
2001-09-28,3.07,4.6,5.0
2001-10-01,2.49,4.55,5.3
2001-10-02,2.49,4.53,5.3
2001-10-03,2.49,4.5,5.3
2001-10-04,2.49,4.53,5.3
2001-10-05,2.49,4.52,5.3
2001-10-08,2.49,,5.3
2001-10-09,2.49,4.62,5.3
2001-10-10,2.49,4.61,5.3
2001-10-11,2.49,4.69,5.3
2001-10-12,2.49,4.68,5.3
2001-10-15,2.49,4.62,5.3
2001-10-16,2.49,4.59,5.3
2001-10-17,2.49,4.59,5.3
2001-10-18,2.49,4.58,5.3
2001-10-19,2.49,4.63,5.3
2001-10-22,2.49,4.63,5.3
2001-10-23,2.49,4.66,5.3
2001-10-24,2.49,4.61,5.3
2001-10-25,2.49,4.56,5.3
2001-10-26,2.49,4.53,5.3
2001-10-29,2.49,4.5,5.3
2001-10-30,2.49,4.44,5.3
2001-10-31,2.49,4.3,5.3
2001-11-01,2.09,4.24,5.5
2001-11-02,2.09,4.37,5.5
2001-11-05,2.09,4.31,5.5
2001-11-06,2.09,4.3,5.5
2001-11-07,2.09,4.22,5.5
2001-11-08,2.09,4.32,5.5
2001-11-09,2.09,4.34,5.5
2001-11-12,2.09,,5.5
2001-11-13,2.09,4.41,5.5
2001-11-14,2.09,4.54,5.5
2001-11-15,2.09,4.79,5.5
2001-11-16,2.09,4.91,5.5
2001-11-19,2.09,4.8,5.5
2001-11-20,2.09,4.88,5.5
2001-11-21,2.09,4.98,5.5
2001-11-22,2.09,,5.5
2001-11-23,2.09,5.04,5.5
2001-11-26,2.09,5.05,5.5
2001-11-27,2.09,4.98,5.5
2001-11-28,2.09,4.98,5.5
2001-11-29,2.09,4.79,5.5
2001-11-30,2.09,4.78,5.5
2001-12-01,1.82,,5.7
2001-12-03,1.82,4.75,5.7
2001-12-04,1.82,4.7,5.7
2001-12-05,1.82,4.92,5.7
2001-12-06,1.82,5.04,5.7
2001-12-07,1.82,5.2,5.7
2001-12-10,1.82,5.17,5.7
2001-12-11,1.82,5.13,5.7
2001-12-12,1.82,5.02,5.7
2001-12-13,1.82,5.13,5.7
2001-12-14,1.82,5.24,5.7
2001-12-17,1.82,5.26,5.7
2001-12-18,1.82,5.16,5.7
2001-12-19,1.82,5.08,5.7
2001-12-20,1.82,5.08,5.7
2001-12-21,1.82,5.12,5.7
2001-12-24,1.82,5.18,5.7
2001-12-25,1.82,,5.7
2001-12-26,1.82,5.22,5.7
2001-12-27,1.82,5.13,5.7
2001-12-28,1.82,5.15,5.7
2001-12-31,1.82,5.07,5.7
2002-01-01,1.73,,5.7
2002-01-02,1.73,5.2,5.7
2002-01-03,1.73,5.16,5.7
2002-01-04,1.73,5.18,5.7
2002-01-07,1.73,5.09,5.7
2002-01-08,1.73,5.1,5.7
2002-01-09,1.73,5.1,5.7
2002-01-10,1.73,5.0,5.7
2002-01-11,1.73,4.92,5.7
2002-01-14,1.73,4.91,5.7
2002-01-15,1.73,4.88,5.7
2002-01-16,1.73,4.88,5.7
2002-01-17,1.73,4.98,5.7
2002-01-18,1.73,4.94,5.7
2002-01-21,1.73,,5.7
2002-01-22,1.73,4.96,5.7
2002-01-23,1.73,5.05,5.7
2002-01-24,1.73,5.07,5.7
2002-01-25,1.73,5.1,5.7
2002-01-28,1.73,5.12,5.7
2002-01-29,1.73,5.02,5.7
2002-01-30,1.73,5.02,5.7
2002-01-31,1.73,5.07,5.7
2002-02-01,1.74,5.02,5.7
2002-02-04,1.74,4.94,5.7
2002-02-05,1.74,4.92,5.7
2002-02-06,1.74,4.92,5.7
2002-02-07,1.74,4.93,5.7
2002-02-08,1.74,4.9,5.7
2002-02-11,1.74,4.91,5.7
2002-02-12,1.74,4.97,5.7
2002-02-13,1.74,5.01,5.7
2002-02-14,1.74,4.95,5.7
2002-02-15,1.74,4.86,5.7
2002-02-18,1.74,,5.7
2002-02-19,1.74,4.88,5.7
2002-02-20,1.74,4.88,5.7
2002-02-21,1.74,4.88,5.7
2002-02-22,1.74,4.84,5.7
2002-02-25,1.74,4.86,5.7
2002-02-26,1.74,4.93,5.7
2002-02-27,1.74,4.84,5.7
2002-02-28,1.74,4.88,5.7
2002-03-01,1.73,4.98,5.7
2002-03-04,1.73,5.02,5.7
2002-03-05,1.73,5.02,5.7
2002-03-06,1.73,5.06,5.7
2002-03-07,1.73,5.22,5.7
2002-03-08,1.73,5.33,5.7
2002-03-11,1.73,5.33,5.7
2002-03-12,1.73,5.32,5.7
2002-03-13,1.73,5.28,5.7
2002-03-14,1.73,5.4,5.7
2002-03-15,1.73,5.35,5.7
2002-03-18,1.73,5.32,5.7
2002-03-19,1.73,5.33,5.7
2002-03-20,1.73,5.4,5.7
2002-03-21,1.73,5.39,5.7
2002-03-22,1.73,5.4,5.7
2002-03-25,1.73,5.41,5.7
2002-03-26,1.73,5.35,5.7
2002-03-27,1.73,5.35,5.7
2002-03-28,1.73,5.42,5.7
2002-03-29,1.73,,5.7
2002-04-01,1.75,5.44,5.9
2002-04-02,1.75,5.36,5.9
2002-04-03,1.75,5.3,5.9
2002-04-04,1.75,5.28,5.9
2002-04-05,1.75,5.22,5.9
2002-04-08,1.75,5.25,5.9
2002-04-09,1.75,5.22,5.9
2002-04-10,1.75,5.24,5.9
2002-04-11,1.75,5.22,5.9
2002-04-12,1.75,5.18,5.9
2002-04-15,1.75,5.15,5.9
2002-04-16,1.75,5.2,5.9
2002-04-17,1.75,5.24,5.9
2002-04-18,1.75,5.23,5.9
2002-04-19,1.75,5.21,5.9
2002-04-22,1.75,5.19,5.9
2002-04-23,1.75,5.18,5.9
2002-04-24,1.75,5.11,5.9
2002-04-25,1.75,5.1,5.9
2002-04-26,1.75,5.08,5.9
2002-04-29,1.75,5.13,5.9
2002-04-30,1.75,5.11,5.9
2002-05-01,1.75,5.08,5.8
2002-05-02,1.75,5.13,5.8
2002-05-03,1.75,5.08,5.8
2002-05-06,1.75,5.1,5.8
2002-05-07,1.75,5.09,5.8
2002-05-08,1.75,5.24,5.8
2002-05-09,1.75,5.2,5.8
2002-05-10,1.75,5.15,5.8
2002-05-13,1.75,5.23,5.8
2002-05-14,1.75,5.32,5.8
2002-05-15,1.75,5.28,5.8
2002-05-16,1.75,5.2,5.8
2002-05-17,1.75,5.27,5.8
2002-05-20,1.75,5.21,5.8
2002-05-21,1.75,5.18,5.8
2002-05-22,1.75,5.13,5.8
2002-05-23,1.75,5.16,5.8
2002-05-24,1.75,5.16,5.8
2002-05-27,1.75,,5.8
2002-05-28,1.75,5.16,5.8
2002-05-29,1.75,5.11,5.8
2002-05-30,1.75,5.06,5.8
2002-05-31,1.75,5.08,5.8
2002-06-01,1.75,,5.8
2002-06-03,1.75,5.06,5.8
2002-06-04,1.75,5.04,5.8
2002-06-05,1.75,5.08,5.8
2002-06-06,1.75,5.04,5.8
2002-06-07,1.75,5.1,5.8
2002-06-10,1.75,5.07,5.8
2002-06-11,1.75,5.02,5.8
2002-06-12,1.75,4.98,5.8
2002-06-13,1.75,4.94,5.8
2002-06-14,1.75,4.83,5.8
2002-06-17,1.75,4.89,5.8
2002-06-18,1.75,4.88,5.8
2002-06-19,1.75,4.76,5.8
2002-06-20,1.75,4.85,5.8
2002-06-21,1.75,4.79,5.8
2002-06-24,1.75,4.87,5.8
2002-06-25,1.75,4.88,5.8
2002-06-26,1.75,4.75,5.8
2002-06-27,1.75,4.84,5.8
2002-06-28,1.75,4.86,5.8
2002-07-01,1.73,4.85,5.8
2002-07-02,1.73,4.77,5.8
2002-07-03,1.73,4.78,5.8
2002-07-04,1.73,,5.8
2002-07-05,1.73,4.9,5.8
2002-07-08,1.73,4.84,5.8
2002-07-09,1.73,4.78,5.8
2002-07-10,1.73,4.66,5.8
2002-07-11,1.73,4.66,5.8
2002-07-12,1.73,4.63,5.8
2002-07-15,1.73,4.66,5.8
2002-07-16,1.73,4.75,5.8
2002-07-17,1.73,4.71,5.8
2002-07-18,1.73,4.66,5.8
2002-07-19,1.73,4.61,5.8
2002-07-22,1.73,4.51,5.8
2002-07-23,1.73,4.47,5.8
2002-07-24,1.73,4.49,5.8
2002-07-25,1.73,4.43,5.8
2002-07-26,1.73,4.43,5.8
2002-07-29,1.73,4.62,5.8
2002-07-30,1.73,4.65,5.8
2002-07-31,1.73,4.51,5.8
2002-08-01,1.74,4.47,5.7
2002-08-02,1.74,4.33,5.7
2002-08-05,1.74,4.29,5.7
2002-08-06,1.74,4.42,5.7
2002-08-07,1.74,4.35,5.7
2002-08-08,1.74,4.4,5.7
2002-08-09,1.74,4.27,5.7
2002-08-12,1.74,4.22,5.7
2002-08-13,1.74,4.12,5.7
2002-08-14,1.74,4.06,5.7
2002-08-15,1.74,4.17,5.7
2002-08-16,1.74,4.32,5.7
2002-08-19,1.74,4.29,5.7
2002-08-20,1.74,4.17,5.7
2002-08-21,1.74,4.2,5.7
2002-08-22,1.74,4.3,5.7
2002-08-23,1.74,4.25,5.7
2002-08-26,1.74,4.22,5.7
2002-08-27,1.74,4.29,5.7
2002-08-28,1.74,4.22,5.7
2002-08-29,1.74,4.16,5.7
2002-08-30,1.74,4.14,5.7
2002-09-01,1.75,,5.7
2002-09-02,1.75,,5.7
2002-09-03,1.75,3.98,5.7
2002-09-04,1.75,3.96,5.7
2002-09-05,1.75,3.91,5.7
2002-09-06,1.75,4.05,5.7
2002-09-09,1.75,4.05,5.7
2002-09-10,1.75,4.0,5.7
2002-09-11,1.75,4.07,5.7
2002-09-12,1.75,3.98,5.7
2002-09-13,1.75,3.92,5.7
2002-09-16,1.75,3.9,5.7
2002-09-17,1.75,3.87,5.7
2002-09-18,1.75,3.86,5.7
2002-09-19,1.75,3.79,5.7
2002-09-20,1.75,3.79,5.7
2002-09-23,1.75,3.7,5.7
2002-09-24,1.75,3.69,5.7
2002-09-25,1.75,3.77,5.7
2002-09-26,1.75,3.79,5.7
2002-09-27,1.75,3.69,5.7
2002-09-30,1.75,3.63,5.7
2002-10-01,1.75,3.72,5.7
2002-10-02,1.75,3.71,5.7
2002-10-03,1.75,3.7,5.7
2002-10-04,1.75,3.69,5.7
2002-10-07,1.75,3.64,5.7
2002-10-08,1.75,3.65,5.7
2002-10-09,1.75,3.61,5.7
2002-10-10,1.75,3.68,5.7
2002-10-11,1.75,3.83,5.7
2002-10-14,1.75,,5.7
2002-10-15,1.75,4.07,5.7
2002-10-16,1.75,4.06,5.7
2002-10-17,1.75,4.16,5.7
2002-10-18,1.75,4.14,5.7
2002-10-21,1.75,4.24,5.7
2002-10-22,1.75,4.27,5.7
2002-10-23,1.75,4.26,5.7
2002-10-24,1.75,4.16,5.7
2002-10-25,1.75,4.12,5.7
2002-10-28,1.75,4.1,5.7
2002-10-29,1.75,3.97,5.7
2002-10-30,1.75,3.99,5.7
2002-10-31,1.75,3.93,5.7
2002-11-01,1.34,4.01,5.9
2002-11-04,1.34,4.07,5.9
2002-11-05,1.34,4.1,5.9
2002-11-06,1.34,4.09,5.9
2002-11-07,1.34,3.88,5.9
2002-11-08,1.34,3.85,5.9
2002-11-11,1.34,,5.9
2002-11-12,1.34,3.84,5.9
2002-11-13,1.34,3.84,5.9
2002-11-14,1.34,4.03,5.9
2002-11-15,1.34,4.05,5.9
2002-11-18,1.34,4.02,5.9
2002-11-19,1.34,3.99,5.9
2002-11-20,1.34,4.08,5.9
2002-11-21,1.34,4.14,5.9
2002-11-22,1.34,4.18,5.9
2002-11-25,1.34,4.19,5.9
2002-11-26,1.34,4.08,5.9
2002-11-27,1.34,4.26,5.9
2002-11-28,1.34,,5.9
2002-11-29,1.34,4.22,5.9
2002-12-01,1.24,,6.0
2002-12-02,1.24,4.22,6.0
2002-12-03,1.24,4.24,6.0
2002-12-04,1.24,4.18,6.0
2002-12-05,1.24,4.13,6.0
2002-12-06,1.24,4.09,6.0
2002-12-09,1.24,4.06,6.0
2002-12-10,1.24,4.06,6.0
2002-12-11,1.24,4.01,6.0
2002-12-12,1.24,4.01,6.0
2002-12-13,1.24,4.07,6.0
2002-12-16,1.24,4.15,6.0
2002-12-17,1.24,4.13,6.0
2002-12-18,1.24,4.06,6.0
2002-12-19,1.24,3.96,6.0
2002-12-20,1.24,3.97,6.0
2002-12-23,1.24,3.98,6.0
2002-12-24,1.24,3.95,6.0
2002-12-25,1.24,,6.0
2002-12-26,1.24,3.93,6.0
2002-12-27,1.24,3.83,6.0
2002-12-30,1.24,3.82,6.0
2002-12-31,1.24,3.83,6.0
2003-01-01,1.24,,5.8
2003-01-02,1.24,4.07,5.8
2003-01-03,1.24,4.05,5.8
2003-01-06,1.24,4.09,5.8
2003-01-07,1.24,4.04,5.8
2003-01-08,1.24,4.0,5.8
2003-01-09,1.24,4.19,5.8
2003-01-10,1.24,4.16,5.8
2003-01-13,1.24,4.15,5.8
2003-01-14,1.24,4.1,5.8
2003-01-15,1.24,4.1,5.8
2003-01-16,1.24,4.1,5.8
2003-01-17,1.24,4.05,5.8
2003-01-20,1.24,,5.8
2003-01-21,1.24,4.01,5.8
2003-01-22,1.24,3.95,5.8
2003-01-23,1.24,3.98,5.8
2003-01-24,1.24,3.94,5.8
2003-01-27,1.24,3.98,5.8
2003-01-28,1.24,4.0,5.8
2003-01-29,1.24,4.06,5.8
2003-01-30,1.24,4.0,5.8
2003-01-31,1.24,4.0,5.8
2003-02-01,1.26,,5.9
2003-02-03,1.26,4.01,5.9
2003-02-04,1.26,3.96,5.9
2003-02-05,1.26,4.02,5.9
2003-02-06,1.26,3.97,5.9
2003-02-07,1.26,3.96,5.9
2003-02-10,1.26,3.99,5.9
2003-02-11,1.26,3.98,5.9
2003-02-12,1.26,3.93,5.9
2003-02-13,1.26,3.89,5.9
2003-02-14,1.26,3.95,5.9
2003-02-17,1.26,,5.9
2003-02-18,1.26,3.94,5.9
2003-02-19,1.26,3.88,5.9
2003-02-20,1.26,3.85,5.9
2003-02-21,1.26,3.9,5.9
2003-02-24,1.26,3.86,5.9
2003-02-25,1.26,3.81,5.9
2003-02-26,1.26,3.78,5.9
2003-02-27,1.26,3.76,5.9
2003-02-28,1.26,3.71,5.9
2003-03-01,1.25,,5.9
2003-03-03,1.25,3.68,5.9
2003-03-04,1.25,3.65,5.9
2003-03-05,1.25,3.63,5.9
2003-03-06,1.25,3.67,5.9
2003-03-07,1.25,3.63,5.9
2003-03-10,1.25,3.59,5.9
2003-03-11,1.25,3.6,5.9
2003-03-12,1.25,3.6,5.9
2003-03-13,1.25,3.74,5.9
2003-03-14,1.25,3.72,5.9
2003-03-17,1.25,3.82,5.9
2003-03-18,1.25,3.91,5.9
2003-03-19,1.25,3.98,5.9
2003-03-20,1.25,4.01,5.9
2003-03-21,1.25,4.11,5.9
2003-03-24,1.25,3.98,5.9
2003-03-25,1.25,3.97,5.9
2003-03-26,1.25,3.96,5.9
2003-03-27,1.25,3.95,5.9
2003-03-28,1.25,3.92,5.9
2003-03-31,1.25,3.83,5.9
2003-04-01,1.26,3.84,6.0
2003-04-02,1.26,3.94,6.0
2003-04-03,1.26,3.93,6.0
2003-04-04,1.26,3.96,6.0
2003-04-07,1.26,4.03,6.0
2003-04-08,1.26,3.95,6.0
2003-04-09,1.26,3.93,6.0
2003-04-10,1.26,3.95,6.0
2003-04-11,1.26,4.0,6.0
2003-04-14,1.26,4.04,6.0
2003-04-15,1.26,3.98,6.0
2003-04-16,1.26,3.96,6.0
2003-04-17,1.26,3.98,6.0
2003-04-18,1.26,,6.0
2003-04-21,1.26,4.0,6.0
2003-04-22,1.26,4.01,6.0
2003-04-23,1.26,4.02,6.0
2003-04-24,1.26,3.93,6.0
2003-04-25,1.26,3.91,6.0
2003-04-28,1.26,3.92,6.0
2003-04-29,1.26,3.96,6.0
2003-04-30,1.26,3.89,6.0
2003-05-01,1.26,3.88,6.1
2003-05-02,1.26,3.94,6.1
2003-05-05,1.26,3.92,6.1
2003-05-06,1.26,3.84,6.1
2003-05-07,1.26,3.72,6.1
2003-05-08,1.26,3.7,6.1
2003-05-09,1.26,3.69,6.1
2003-05-12,1.26,3.64,6.1
2003-05-13,1.26,3.63,6.1
2003-05-14,1.26,3.53,6.1
2003-05-15,1.26,3.53,6.1
2003-05-16,1.26,3.46,6.1
2003-05-19,1.26,3.46,6.1
2003-05-20,1.26,3.38,6.1
2003-05-21,1.26,3.39,6.1
2003-05-22,1.26,3.34,6.1
2003-05-23,1.26,3.34,6.1
2003-05-26,1.26,,6.1
2003-05-27,1.26,3.41,6.1
2003-05-28,1.26,3.44,6.1
2003-05-29,1.26,3.34,6.1
2003-05-30,1.26,3.37,6.1
2003-06-01,1.22,,6.3
2003-06-02,1.22,3.43,6.3
2003-06-03,1.22,3.34,6.3
2003-06-04,1.22,3.3,6.3
2003-06-05,1.22,3.34,6.3
2003-06-06,1.22,3.37,6.3
2003-06-09,1.22,3.29,6.3
2003-06-10,1.22,3.2,6.3
2003-06-11,1.22,3.21,6.3
2003-06-12,1.22,3.18,6.3
2003-06-13,1.22,3.13,6.3
2003-06-16,1.22,3.18,6.3
2003-06-17,1.22,3.27,6.3
2003-06-18,1.22,3.37,6.3
2003-06-19,1.22,3.35,6.3
2003-06-20,1.22,3.4,6.3
2003-06-23,1.22,3.32,6.3
2003-06-24,1.22,3.29,6.3
2003-06-25,1.22,3.38,6.3
2003-06-26,1.22,3.55,6.3
2003-06-27,1.22,3.58,6.3
2003-06-30,1.22,3.54,6.3
2003-07-01,1.01,3.56,6.2
2003-07-02,1.01,3.56,6.2
2003-07-03,1.01,3.67,6.2
2003-07-04,1.01,,6.2
2003-07-07,1.01,3.74,6.2
2003-07-08,1.01,3.75,6.2
2003-07-09,1.01,3.73,6.2
2003-07-10,1.01,3.7,6.2
2003-07-11,1.01,3.66,6.2
2003-07-14,1.01,3.74,6.2
2003-07-15,1.01,3.94,6.2
2003-07-16,1.01,3.97,6.2
2003-07-17,1.01,3.98,6.2
2003-07-18,1.01,4.0,6.2
2003-07-21,1.01,4.19,6.2
2003-07-22,1.01,4.17,6.2
2003-07-23,1.01,4.12,6.2
2003-07-24,1.01,4.2,6.2
2003-07-25,1.01,4.22,6.2
2003-07-28,1.01,4.31,6.2
2003-07-29,1.01,4.42,6.2
2003-07-30,1.01,4.34,6.2
2003-07-31,1.01,4.49,6.2
2003-08-01,1.03,4.44,6.1
2003-08-04,1.03,4.35,6.1
2003-08-05,1.03,4.47,6.1
2003-08-06,1.03,4.32,6.1
2003-08-07,1.03,4.3,6.1
2003-08-08,1.03,4.27,6.1
2003-08-11,1.03,4.38,6.1
2003-08-12,1.03,4.37,6.1
2003-08-13,1.03,4.58,6.1
2003-08-14,1.03,4.55,6.1
2003-08-15,1.03,4.55,6.1
2003-08-18,1.03,4.49,6.1
2003-08-19,1.03,4.38,6.1
2003-08-20,1.03,4.45,6.1
2003-08-21,1.03,4.53,6.1
2003-08-22,1.03,4.48,6.1
2003-08-25,1.03,4.53,6.1
2003-08-26,1.03,4.5,6.1
2003-08-27,1.03,4.54,6.1
2003-08-28,1.03,4.42,6.1
2003-08-29,1.03,4.45,6.1
2003-09-01,1.01,,6.1
2003-09-02,1.01,4.61,6.1
2003-09-03,1.01,4.6,6.1
2003-09-04,1.01,4.52,6.1
2003-09-05,1.01,4.35,6.1
2003-09-08,1.01,4.41,6.1
2003-09-09,1.01,4.37,6.1
2003-09-10,1.01,4.28,6.1
2003-09-11,1.01,4.35,6.1
2003-09-12,1.01,4.27,6.1
2003-09-15,1.01,4.28,6.1
2003-09-16,1.01,4.29,6.1
2003-09-17,1.01,4.2,6.1
2003-09-18,1.01,4.19,6.1
2003-09-19,1.01,4.17,6.1
2003-09-22,1.01,4.26,6.1
2003-09-23,1.01,4.24,6.1
2003-09-24,1.01,4.16,6.1
2003-09-25,1.01,4.12,6.1
2003-09-26,1.01,4.04,6.1
2003-09-29,1.01,4.09,6.1
2003-09-30,1.01,3.96,6.1
2003-10-01,1.01,3.96,6.0
2003-10-02,1.01,4.03,6.0
2003-10-03,1.01,4.21,6.0
2003-10-06,1.01,4.17,6.0
2003-10-07,1.01,4.27,6.0
2003-10-08,1.01,4.27,6.0
2003-10-09,1.01,4.32,6.0
2003-10-10,1.01,4.29,6.0
2003-10-13,1.01,,6.0
2003-10-14,1.01,4.37,6.0
2003-10-15,1.01,4.43,6.0
2003-10-16,1.01,4.47,6.0
2003-10-17,1.01,4.41,6.0
2003-10-20,1.01,4.41,6.0
2003-10-21,1.01,4.38,6.0
2003-10-22,1.01,4.29,6.0
2003-10-23,1.01,4.34,6.0
2003-10-24,1.01,4.24,6.0
2003-10-27,1.01,4.3,6.0
2003-10-28,1.01,4.23,6.0
2003-10-29,1.01,4.31,6.0
2003-10-30,1.01,4.36,6.0
2003-10-31,1.01,4.33,6.0
2003-11-01,1.0,,5.8
2003-11-03,1.0,4.4,5.8
2003-11-04,1.0,4.33,5.8
2003-11-05,1.0,4.38,5.8
2003-11-06,1.0,4.45,5.8
2003-11-07,1.0,4.48,5.8
2003-11-10,1.0,4.49,5.8
2003-11-11,1.0,,5.8
2003-11-12,1.0,4.44,5.8
2003-11-13,1.0,4.3,5.8
2003-11-14,1.0,4.22,5.8
2003-11-17,1.0,4.18,5.8
2003-11-18,1.0,4.17,5.8
2003-11-19,1.0,4.24,5.8
2003-11-20,1.0,4.16,5.8
2003-11-21,1.0,4.15,5.8
2003-11-24,1.0,4.23,5.8
2003-11-25,1.0,4.19,5.8
2003-11-26,1.0,4.25,5.8
2003-11-27,1.0,,5.8
2003-11-28,1.0,4.34,5.8
2003-12-01,0.98,4.4,5.7
2003-12-02,0.98,4.38,5.7
2003-12-03,0.98,4.41,5.7
2003-12-04,0.98,4.38,5.7
2003-12-05,0.98,4.23,5.7
2003-12-08,0.98,4.29,5.7
2003-12-09,0.98,4.32,5.7
2003-12-10,0.98,4.3,5.7
2003-12-11,0.98,4.27,5.7
2003-12-12,0.98,4.26,5.7
2003-12-15,0.98,4.28,5.7
2003-12-16,0.98,4.24,5.7
2003-12-17,0.98,4.19,5.7
2003-12-18,0.98,4.16,5.7
2003-12-19,0.98,4.15,5.7
2003-12-22,0.98,4.18,5.7
2003-12-23,0.98,4.28,5.7
2003-12-24,0.98,4.2,5.7
2003-12-25,0.98,,5.7
2003-12-26,0.98,4.17,5.7
2003-12-29,0.98,4.24,5.7
2003-12-30,0.98,4.29,5.7
2003-12-31,0.98,4.27,5.7
2004-01-01,1.0,,5.7
2004-01-02,1.0,4.38,5.7
2004-01-05,1.0,4.41,5.7
2004-01-06,1.0,4.29,5.7
2004-01-07,1.0,4.27,5.7
2004-01-08,1.0,4.27,5.7
2004-01-09,1.0,4.11,5.7
2004-01-12,1.0,4.11,5.7
2004-01-13,1.0,4.05,5.7
2004-01-14,1.0,4.01,5.7
2004-01-15,1.0,3.99,5.7
2004-01-16,1.0,4.04,5.7
2004-01-19,1.0,,5.7
2004-01-20,1.0,4.08,5.7
2004-01-21,1.0,4.05,5.7
2004-01-22,1.0,3.99,5.7
2004-01-23,1.0,4.09,5.7
2004-01-26,1.0,4.16,5.7
2004-01-27,1.0,4.11,5.7
2004-01-28,1.0,4.22,5.7
2004-01-29,1.0,4.22,5.7
2004-01-30,1.0,4.16,5.7
2004-02-01,1.01,,5.6
2004-02-02,1.01,4.18,5.6
2004-02-03,1.01,4.13,5.6
2004-02-04,1.01,4.15,5.6
2004-02-05,1.01,4.2,5.6
2004-02-06,1.01,4.12,5.6
2004-02-09,1.01,4.09,5.6
2004-02-10,1.01,4.13,5.6
2004-02-11,1.01,4.05,5.6
2004-02-12,1.01,4.1,5.6
2004-02-13,1.01,4.05,5.6
2004-02-16,1.01,,5.6
2004-02-17,1.01,4.05,5.6
2004-02-18,1.01,4.05,5.6
2004-02-19,1.01,4.05,5.6
2004-02-20,1.01,4.1,5.6
2004-02-23,1.01,4.05,5.6
2004-02-24,1.01,4.04,5.6
2004-02-25,1.01,4.02,5.6
2004-02-26,1.01,4.05,5.6
2004-02-27,1.01,3.99,5.6
2004-03-01,1.0,4.0,5.8
2004-03-02,1.0,4.05,5.8
2004-03-03,1.0,4.07,5.8
2004-03-04,1.0,4.04,5.8
2004-03-05,1.0,3.85,5.8
2004-03-08,1.0,3.78,5.8
2004-03-09,1.0,3.73,5.8
2004-03-10,1.0,3.74,5.8
2004-03-11,1.0,3.74,5.8
2004-03-12,1.0,3.78,5.8
2004-03-15,1.0,3.78,5.8
2004-03-16,1.0,3.7,5.8
2004-03-17,1.0,3.71,5.8
2004-03-18,1.0,3.76,5.8
2004-03-19,1.0,3.8,5.8
2004-03-22,1.0,3.74,5.8
2004-03-23,1.0,3.73,5.8
2004-03-24,1.0,3.73,5.8
2004-03-25,1.0,3.75,5.8
2004-03-26,1.0,3.85,5.8
2004-03-29,1.0,3.91,5.8
2004-03-30,1.0,3.91,5.8
2004-03-31,1.0,3.86,5.8
2004-04-01,1.0,3.91,5.6
2004-04-02,1.0,4.15,5.6
2004-04-05,1.0,4.24,5.6
2004-04-06,1.0,4.19,5.6
2004-04-07,1.0,4.19,5.6
2004-04-08,1.0,4.21,5.6
2004-04-09,1.0,,5.6
2004-04-12,1.0,4.25,5.6
2004-04-13,1.0,4.35,5.6
2004-04-14,1.0,4.4,5.6
2004-04-15,1.0,4.42,5.6
2004-04-16,1.0,4.37,5.6
2004-04-19,1.0,4.39,5.6
2004-04-20,1.0,4.43,5.6
2004-04-21,1.0,4.45,5.6
2004-04-22,1.0,4.4,5.6
2004-04-23,1.0,4.48,5.6
2004-04-26,1.0,4.46,5.6
2004-04-27,1.0,4.43,5.6
2004-04-28,1.0,4.5,5.6
2004-04-29,1.0,4.55,5.6
2004-04-30,1.0,4.53,5.6
2004-05-01,1.0,,5.6
2004-05-03,1.0,4.53,5.6
2004-05-04,1.0,4.56,5.6
2004-05-05,1.0,4.61,5.6
2004-05-06,1.0,4.63,5.6
2004-05-07,1.0,4.79,5.6
2004-05-10,1.0,4.81,5.6
2004-05-11,1.0,4.79,5.6
2004-05-12,1.0,4.83,5.6
2004-05-13,1.0,4.85,5.6
2004-05-14,1.0,4.79,5.6
2004-05-17,1.0,4.7,5.6
2004-05-18,1.0,4.74,5.6
2004-05-19,1.0,4.79,5.6
2004-05-20,1.0,4.72,5.6
2004-05-21,1.0,4.76,5.6
2004-05-24,1.0,4.75,5.6
2004-05-25,1.0,4.73,5.6
2004-05-26,1.0,4.67,5.6
2004-05-27,1.0,4.6,5.6
2004-05-28,1.0,4.66,5.6
2004-05-31,1.0,,5.6
2004-06-01,1.03,4.71,5.6
2004-06-02,1.03,4.74,5.6
2004-06-03,1.03,4.71,5.6
2004-06-04,1.03,4.78,5.6
2004-06-07,1.03,4.78,5.6
2004-06-08,1.03,4.78,5.6
2004-06-09,1.03,4.82,5.6
2004-06-10,1.03,4.81,5.6
2004-06-11,1.03,,5.6
2004-06-14,1.03,4.89,5.6
2004-06-15,1.03,4.69,5.6
2004-06-16,1.03,4.74,5.6
2004-06-17,1.03,4.71,5.6
2004-06-18,1.03,4.72,5.6
2004-06-21,1.03,4.7,5.6
2004-06-22,1.03,4.72,5.6
2004-06-23,1.03,4.71,5.6
2004-06-24,1.03,4.66,5.6
2004-06-25,1.03,4.66,5.6
2004-06-28,1.03,4.76,5.6
2004-06-29,1.03,4.7,5.6
2004-06-30,1.03,4.62,5.6
2004-07-01,1.26,4.57,5.5
2004-07-02,1.26,4.48,5.5
2004-07-05,1.26,,5.5
2004-07-06,1.26,4.49,5.5
2004-07-07,1.26,4.5,5.5
2004-07-08,1.26,4.49,5.5
2004-07-09,1.26,4.49,5.5
2004-07-12,1.26,4.46,5.5
2004-07-13,1.26,4.5,5.5
2004-07-14,1.26,4.5,5.5
2004-07-15,1.26,4.5,5.5
2004-07-16,1.26,4.38,5.5
2004-07-19,1.26,4.38,5.5
2004-07-20,1.26,4.47,5.5
2004-07-21,1.26,4.5,5.5
2004-07-22,1.26,4.48,5.5
2004-07-23,1.26,4.45,5.5
2004-07-26,1.26,4.49,5.5
2004-07-27,1.26,4.62,5.5
2004-07-28,1.26,4.61,5.5
2004-07-29,1.26,4.6,5.5
2004-07-30,1.26,4.5,5.5
2004-08-01,1.43,,5.4
2004-08-02,1.43,4.48,5.4
2004-08-03,1.43,4.45,5.4
2004-08-04,1.43,4.45,5.4
2004-08-05,1.43,4.43,5.4
2004-08-06,1.43,4.24,5.4
2004-08-09,1.43,4.28,5.4
2004-08-10,1.43,4.32,5.4
2004-08-11,1.43,4.3,5.4
2004-08-12,1.43,4.27,5.4
2004-08-13,1.43,4.22,5.4
2004-08-16,1.43,4.26,5.4
2004-08-17,1.43,4.21,5.4
2004-08-18,1.43,4.23,5.4
2004-08-19,1.43,4.22,5.4
2004-08-20,1.43,4.24,5.4
2004-08-23,1.43,4.28,5.4
2004-08-24,1.43,4.28,5.4
2004-08-25,1.43,4.26,5.4
2004-08-26,1.43,4.22,5.4
2004-08-27,1.43,4.23,5.4
2004-08-30,1.43,4.19,5.4
2004-08-31,1.43,4.13,5.4
2004-09-01,1.61,4.13,5.4
2004-09-02,1.61,4.2,5.4
2004-09-03,1.61,4.3,5.4
2004-09-06,1.61,,5.4
2004-09-07,1.61,4.26,5.4
2004-09-08,1.61,4.18,5.4
2004-09-09,1.61,4.22,5.4
2004-09-10,1.61,4.19,5.4
2004-09-13,1.61,4.16,5.4
2004-09-14,1.61,4.15,5.4
2004-09-15,1.61,4.18,5.4
2004-09-16,1.61,4.08,5.4
2004-09-17,1.61,4.14,5.4
2004-09-20,1.61,4.07,5.4
2004-09-21,1.61,4.05,5.4
2004-09-22,1.61,4.0,5.4
2004-09-23,1.61,4.02,5.4
2004-09-24,1.61,4.04,5.4
2004-09-27,1.61,4.01,5.4
2004-09-28,1.61,4.02,5.4
2004-09-29,1.61,4.1,5.4
2004-09-30,1.61,4.14,5.4
2004-10-01,1.76,4.21,5.5
2004-10-04,1.76,4.19,5.5
2004-10-05,1.76,4.18,5.5
2004-10-06,1.76,4.23,5.5
2004-10-07,1.76,4.26,5.5
2004-10-08,1.76,4.15,5.5
2004-10-11,1.76,,5.5
2004-10-12,1.76,4.12,5.5
2004-10-13,1.76,4.09,5.5
2004-10-14,1.76,4.03,5.5
2004-10-15,1.76,4.07,5.5
2004-10-18,1.76,4.07,5.5
2004-10-19,1.76,4.07,5.5
2004-10-20,1.76,4.01,5.5
2004-10-21,1.76,4.01,5.5
2004-10-22,1.76,4.0,5.5
2004-10-25,1.76,3.99,5.5
2004-10-26,1.76,4.01,5.5
2004-10-27,1.76,4.11,5.5
2004-10-28,1.76,4.09,5.5
2004-10-29,1.76,4.05,5.5
2004-11-01,1.93,4.11,5.4
2004-11-02,1.93,4.1,5.4
2004-11-03,1.93,4.09,5.4
2004-11-04,1.93,4.1,5.4
2004-11-05,1.93,4.21,5.4
2004-11-08,1.93,4.22,5.4
2004-11-09,1.93,4.22,5.4
2004-11-10,1.93,4.25,5.4
2004-11-11,1.93,,5.4
2004-11-12,1.93,4.2,5.4
2004-11-15,1.93,4.2,5.4
2004-11-16,1.93,4.21,5.4
2004-11-17,1.93,4.14,5.4
2004-11-18,1.93,4.12,5.4
2004-11-19,1.93,4.2,5.4
2004-11-22,1.93,4.18,5.4
2004-11-23,1.93,4.19,5.4
2004-11-24,1.93,4.2,5.4
2004-11-25,1.93,,5.4
2004-11-26,1.93,4.24,5.4
2004-11-29,1.93,4.34,5.4
2004-11-30,1.93,4.36,5.4
2004-12-01,2.16,4.38,5.4
2004-12-02,2.16,4.4,5.4
2004-12-03,2.16,4.27,5.4
2004-12-06,2.16,4.24,5.4
2004-12-07,2.16,4.23,5.4
2004-12-08,2.16,4.14,5.4
2004-12-09,2.16,4.19,5.4
2004-12-10,2.16,4.16,5.4
2004-12-13,2.16,4.16,5.4
2004-12-14,2.16,4.14,5.4
2004-12-15,2.16,4.09,5.4
2004-12-16,2.16,4.19,5.4
2004-12-17,2.16,4.21,5.4
2004-12-20,2.16,4.21,5.4
2004-12-21,2.16,4.18,5.4
2004-12-22,2.16,4.21,5.4
2004-12-23,2.16,4.23,5.4
2004-12-24,2.16,,5.4
2004-12-27,2.16,4.3,5.4
2004-12-28,2.16,4.31,5.4
2004-12-29,2.16,4.33,5.4
2004-12-30,2.16,4.27,5.4
2004-12-31,2.16,4.24,5.4
2005-01-01,2.28,,5.3
2005-01-03,2.28,4.23,5.3
2005-01-04,2.28,4.29,5.3
2005-01-05,2.28,4.29,5.3
2005-01-06,2.28,4.29,5.3
2005-01-07,2.28,4.29,5.3
2005-01-10,2.28,4.29,5.3
2005-01-11,2.28,4.26,5.3
2005-01-12,2.28,4.25,5.3
2005-01-13,2.28,4.2,5.3
2005-01-14,2.28,4.23,5.3
2005-01-17,2.28,,5.3
2005-01-18,2.28,4.21,5.3
2005-01-19,2.28,4.2,5.3
2005-01-20,2.28,4.17,5.3
2005-01-21,2.28,4.16,5.3
2005-01-24,2.28,4.14,5.3
2005-01-25,2.28,4.2,5.3
2005-01-26,2.28,4.21,5.3
2005-01-27,2.28,4.22,5.3
2005-01-28,2.28,4.16,5.3
2005-01-31,2.28,4.14,5.3
2005-02-01,2.5,4.15,5.4
2005-02-02,2.5,4.15,5.4
2005-02-03,2.5,4.18,5.4
2005-02-04,2.5,4.09,5.4
2005-02-07,2.5,4.07,5.4
2005-02-08,2.5,4.05,5.4
2005-02-09,2.5,4.0,5.4
2005-02-10,2.5,4.07,5.4
2005-02-11,2.5,4.1,5.4
2005-02-14,2.5,4.08,5.4
2005-02-15,2.5,4.1,5.4
2005-02-16,2.5,4.16,5.4
2005-02-17,2.5,4.19,5.4
2005-02-18,2.5,4.27,5.4
2005-02-21,2.5,,5.4
2005-02-22,2.5,4.29,5.4
2005-02-23,2.5,4.27,5.4
2005-02-24,2.5,4.29,5.4
2005-02-25,2.5,4.27,5.4
2005-02-28,2.5,4.36,5.4
2005-03-01,2.63,4.38,5.2
2005-03-02,2.63,4.38,5.2
2005-03-03,2.63,4.39,5.2
2005-03-04,2.63,4.32,5.2
2005-03-07,2.63,4.31,5.2
2005-03-08,2.63,4.38,5.2
2005-03-09,2.63,4.52,5.2
2005-03-10,2.63,4.48,5.2
2005-03-11,2.63,4.56,5.2
2005-03-14,2.63,4.52,5.2
2005-03-15,2.63,4.54,5.2
2005-03-16,2.63,4.52,5.2
2005-03-17,2.63,4.47,5.2
2005-03-18,2.63,4.51,5.2
2005-03-21,2.63,4.53,5.2
2005-03-22,2.63,4.63,5.2
2005-03-23,2.63,4.61,5.2
2005-03-24,2.63,4.6,5.2
2005-03-25,2.63,,5.2
2005-03-28,2.63,4.64,5.2
2005-03-29,2.63,4.6,5.2
2005-03-30,2.63,4.56,5.2
2005-03-31,2.63,4.5,5.2
2005-04-01,2.79,4.46,5.2
2005-04-04,2.79,4.47,5.2
2005-04-05,2.79,4.48,5.2
2005-04-06,2.79,4.44,5.2
2005-04-07,2.79,4.49,5.2
2005-04-08,2.79,4.5,5.2
2005-04-11,2.79,4.45,5.2
2005-04-12,2.79,4.38,5.2
2005-04-13,2.79,4.38,5.2
2005-04-14,2.79,4.37,5.2
2005-04-15,2.79,4.27,5.2
2005-04-18,2.79,4.27,5.2
2005-04-19,2.79,4.21,5.2
2005-04-20,2.79,4.22,5.2
2005-04-21,2.79,4.32,5.2
2005-04-22,2.79,4.26,5.2
2005-04-25,2.79,4.26,5.2
2005-04-26,2.79,4.28,5.2
2005-04-27,2.79,4.25,5.2
2005-04-28,2.79,4.19,5.2
2005-04-29,2.79,4.21,5.2
2005-05-01,3.0,,5.1
2005-05-02,3.0,4.21,5.1
2005-05-03,3.0,4.21,5.1
2005-05-04,3.0,4.2,5.1
2005-05-05,3.0,4.19,5.1
2005-05-06,3.0,4.28,5.1
2005-05-09,3.0,4.29,5.1
2005-05-10,3.0,4.23,5.1
2005-05-11,3.0,4.21,5.1
2005-05-12,3.0,4.18,5.1
2005-05-13,3.0,4.12,5.1
2005-05-16,3.0,4.13,5.1
2005-05-17,3.0,4.12,5.1
2005-05-18,3.0,4.07,5.1
2005-05-19,3.0,4.11,5.1
2005-05-20,3.0,4.13,5.1
2005-05-23,3.0,4.07,5.1
2005-05-24,3.0,4.04,5.1
2005-05-25,3.0,4.08,5.1
2005-05-26,3.0,4.08,5.1
2005-05-27,3.0,4.08,5.1
2005-05-30,3.0,,5.1
2005-05-31,3.0,4.0,5.1
2005-06-01,3.04,3.91,5.0
2005-06-02,3.04,3.89,5.0
2005-06-03,3.04,3.98,5.0
2005-06-06,3.04,3.96,5.0
2005-06-07,3.04,3.92,5.0
2005-06-08,3.04,3.95,5.0
2005-06-09,3.04,3.98,5.0
2005-06-10,3.04,4.05,5.0
2005-06-13,3.04,4.09,5.0
2005-06-14,3.04,4.13,5.0
2005-06-15,3.04,4.12,5.0
2005-06-16,3.04,4.09,5.0
2005-06-17,3.04,4.09,5.0
2005-06-20,3.04,4.11,5.0
2005-06-21,3.04,4.06,5.0
2005-06-22,3.04,3.95,5.0
2005-06-23,3.04,3.96,5.0
2005-06-24,3.04,3.92,5.0
2005-06-27,3.04,3.9,5.0
2005-06-28,3.04,3.97,5.0
2005-06-29,3.04,3.99,5.0
2005-06-30,3.04,3.94,5.0
2005-07-01,3.26,4.06,5.0
2005-07-04,3.26,,5.0
2005-07-05,3.26,4.11,5.0
2005-07-06,3.26,4.08,5.0
2005-07-07,3.26,4.05,5.0
2005-07-08,3.26,4.11,5.0
2005-07-11,3.26,4.11,5.0
2005-07-12,3.26,4.15,5.0
2005-07-13,3.26,4.17,5.0
2005-07-14,3.26,4.19,5.0
2005-07-15,3.26,4.18,5.0
2005-07-18,3.26,4.22,5.0
2005-07-19,3.26,4.2,5.0
2005-07-20,3.26,4.17,5.0
2005-07-21,3.26,4.28,5.0
2005-07-22,3.26,4.23,5.0
2005-07-25,3.26,4.25,5.0
2005-07-26,3.26,4.24,5.0
2005-07-27,3.26,4.27,5.0
2005-07-28,3.26,4.2,5.0
2005-07-29,3.26,4.28,5.0
2005-08-01,3.5,4.32,4.9
2005-08-02,3.5,4.34,4.9
2005-08-03,3.5,4.3,4.9
2005-08-04,3.5,4.32,4.9
2005-08-05,3.5,4.4,4.9
2005-08-08,3.5,4.42,4.9
2005-08-09,3.5,4.41,4.9
2005-08-10,3.5,4.4,4.9
2005-08-11,3.5,4.32,4.9
2005-08-12,3.5,4.24,4.9
2005-08-15,3.5,4.27,4.9
2005-08-16,3.5,4.23,4.9
2005-08-17,3.5,4.28,4.9
2005-08-18,3.5,4.21,4.9
2005-08-19,3.5,4.21,4.9
2005-08-22,3.5,4.22,4.9
2005-08-23,3.5,4.2,4.9
2005-08-24,3.5,4.19,4.9
2005-08-25,3.5,4.18,4.9
2005-08-26,3.5,4.2,4.9
2005-08-29,3.5,4.2,4.9
2005-08-30,3.5,4.16,4.9
2005-08-31,3.5,4.02,4.9
2005-09-01,3.62,4.02,5.0
2005-09-02,3.62,4.03,5.0
2005-09-05,3.62,,5.0
2005-09-06,3.62,4.09,5.0
2005-09-07,3.62,4.15,5.0
2005-09-08,3.62,4.15,5.0
2005-09-09,3.62,4.14,5.0
2005-09-12,3.62,4.18,5.0
2005-09-13,3.62,4.14,5.0
2005-09-14,3.62,4.17,5.0
2005-09-15,3.62,4.22,5.0
2005-09-16,3.62,4.26,5.0
2005-09-19,3.62,4.25,5.0
2005-09-20,3.62,4.26,5.0
2005-09-21,3.62,4.19,5.0
2005-09-22,3.62,4.19,5.0
2005-09-23,3.62,4.25,5.0
2005-09-26,3.62,4.3,5.0
2005-09-27,3.62,4.3,5.0
2005-09-28,3.62,4.26,5.0
2005-09-29,3.62,4.29,5.0
2005-09-30,3.62,4.34,5.0
2005-10-01,3.78,,5.0
2005-10-03,3.78,4.39,5.0
2005-10-04,3.78,4.38,5.0
2005-10-05,3.78,4.36,5.0
2005-10-06,3.78,4.37,5.0
2005-10-07,3.78,4.35,5.0
2005-10-10,3.78,,5.0
2005-10-11,3.78,4.39,5.0
2005-10-12,3.78,4.45,5.0
2005-10-13,3.78,4.48,5.0
2005-10-14,3.78,4.48,5.0
2005-10-17,3.78,4.5,5.0
2005-10-18,3.78,4.49,5.0
2005-10-19,3.78,4.47,5.0
2005-10-20,3.78,4.46,5.0
2005-10-21,3.78,4.39,5.0
2005-10-24,3.78,4.45,5.0
2005-10-25,3.78,4.54,5.0
2005-10-26,3.78,4.6,5.0
2005-10-27,3.78,4.57,5.0
2005-10-28,3.78,4.58,5.0
2005-10-31,3.78,4.57,5.0
2005-11-01,4.0,4.58,5.0
2005-11-02,4.0,4.61,5.0
2005-11-03,4.0,4.65,5.0
2005-11-04,4.0,4.66,5.0
2005-11-07,4.0,4.65,5.0
2005-11-08,4.0,4.57,5.0
2005-11-09,4.0,4.64,5.0
2005-11-10,4.0,4.55,5.0
2005-11-11,4.0,,5.0
2005-11-14,4.0,4.61,5.0
2005-11-15,4.0,4.56,5.0
2005-11-16,4.0,4.49,5.0
2005-11-17,4.0,4.46,5.0
2005-11-18,4.0,4.5,5.0
2005-11-21,4.0,4.46,5.0
2005-11-22,4.0,4.43,5.0
2005-11-23,4.0,4.47,5.0
2005-11-24,4.0,,5.0
2005-11-25,4.0,4.43,5.0
2005-11-28,4.0,4.41,5.0
2005-11-29,4.0,4.48,5.0
2005-11-30,4.0,4.49,5.0
2005-12-01,4.16,4.52,4.9
2005-12-02,4.16,4.52,4.9
2005-12-05,4.16,4.57,4.9
2005-12-06,4.16,4.49,4.9
2005-12-07,4.16,4.52,4.9
2005-12-08,4.16,4.47,4.9
2005-12-09,4.16,4.54,4.9
2005-12-12,4.16,4.56,4.9
2005-12-13,4.16,4.54,4.9
2005-12-14,4.16,4.45,4.9
2005-12-15,4.16,4.47,4.9
2005-12-16,4.16,4.45,4.9
2005-12-19,4.16,4.45,4.9
2005-12-20,4.16,4.47,4.9
2005-12-21,4.16,4.49,4.9
2005-12-22,4.16,4.44,4.9
2005-12-23,4.16,4.38,4.9
2005-12-26,4.16,,4.9
2005-12-27,4.16,4.34,4.9
2005-12-28,4.16,4.38,4.9
2005-12-29,4.16,4.37,4.9
2005-12-30,4.16,4.39,4.9
2006-01-01,4.29,,4.7
2006-01-02,4.29,,4.7
2006-01-03,4.29,4.37,4.7
2006-01-04,4.29,4.36,4.7
2006-01-05,4.29,4.36,4.7
2006-01-06,4.29,4.38,4.7
2006-01-09,4.29,4.38,4.7
2006-01-10,4.29,4.43,4.7
2006-01-11,4.29,4.46,4.7
2006-01-12,4.29,4.42,4.7
2006-01-13,4.29,4.36,4.7
2006-01-16,4.29,,4.7
2006-01-17,4.29,4.34,4.7
2006-01-18,4.29,4.34,4.7
2006-01-19,4.29,4.38,4.7
2006-01-20,4.29,4.37,4.7
2006-01-23,4.29,4.36,4.7
2006-01-24,4.29,4.4,4.7
2006-01-25,4.29,4.49,4.7
2006-01-26,4.29,4.53,4.7
2006-01-27,4.29,4.52,4.7
2006-01-30,4.29,4.54,4.7
2006-01-31,4.29,4.53,4.7
2006-02-01,4.49,4.57,4.8
2006-02-02,4.49,4.57,4.8
2006-02-03,4.49,4.54,4.8
2006-02-06,4.49,4.55,4.8
2006-02-07,4.49,4.57,4.8
2006-02-08,4.49,4.56,4.8
2006-02-09,4.49,4.54,4.8
2006-02-10,4.49,4.59,4.8
2006-02-13,4.49,4.58,4.8
2006-02-14,4.49,4.62,4.8
2006-02-15,4.49,4.61,4.8
2006-02-16,4.49,4.59,4.8
2006-02-17,4.49,4.54,4.8
2006-02-20,4.49,,4.8
2006-02-21,4.49,4.57,4.8
2006-02-22,4.49,4.53,4.8
2006-02-23,4.49,4.56,4.8
2006-02-24,4.49,4.58,4.8
2006-02-27,4.49,4.59,4.8
2006-02-28,4.49,4.55,4.8
2006-03-01,4.59,4.59,4.7
2006-03-02,4.59,4.64,4.7
2006-03-03,4.59,4.68,4.7
2006-03-06,4.59,4.74,4.7
2006-03-07,4.59,4.74,4.7
2006-03-08,4.59,4.73,4.7
2006-03-09,4.59,4.74,4.7
2006-03-10,4.59,4.76,4.7
2006-03-13,4.59,4.77,4.7
2006-03-14,4.59,4.71,4.7
2006-03-15,4.59,4.73,4.7
2006-03-16,4.59,4.65,4.7
2006-03-17,4.59,4.68,4.7
2006-03-20,4.59,4.66,4.7
2006-03-21,4.59,4.71,4.7
2006-03-22,4.59,4.7,4.7
2006-03-23,4.59,4.73,4.7
2006-03-24,4.59,4.67,4.7
2006-03-27,4.59,4.7,4.7
2006-03-28,4.59,4.79,4.7
2006-03-29,4.59,4.81,4.7
2006-03-30,4.59,4.86,4.7
2006-03-31,4.59,4.86,4.7
2006-04-01,4.79,,4.7
2006-04-03,4.79,4.88,4.7
2006-04-04,4.79,4.87,4.7
2006-04-05,4.79,4.84,4.7
2006-04-06,4.79,4.9,4.7
2006-04-07,4.79,4.97,4.7
2006-04-10,4.79,4.97,4.7
2006-04-11,4.79,4.93,4.7
2006-04-12,4.79,4.98,4.7
2006-04-13,4.79,5.05,4.7
2006-04-14,4.79,,4.7
2006-04-17,4.79,5.01,4.7
2006-04-18,4.79,4.99,4.7
2006-04-19,4.79,5.04,4.7
2006-04-20,4.79,5.04,4.7
2006-04-21,4.79,5.01,4.7
2006-04-24,4.79,4.99,4.7
2006-04-25,4.79,5.07,4.7
2006-04-26,4.79,5.12,4.7
2006-04-27,4.79,5.09,4.7
2006-04-28,4.79,5.07,4.7
2006-05-01,4.94,5.14,4.6
2006-05-02,4.94,5.12,4.6
2006-05-03,4.94,5.15,4.6
2006-05-04,4.94,5.16,4.6
2006-05-05,4.94,5.12,4.6
2006-05-08,4.94,5.12,4.6
2006-05-09,4.94,5.13,4.6
2006-05-10,4.94,5.13,4.6
2006-05-11,4.94,5.14,4.6
2006-05-12,4.94,5.19,4.6
2006-05-15,4.94,5.15,4.6
2006-05-16,4.94,5.1,4.6
2006-05-17,4.94,5.16,4.6
2006-05-18,4.94,5.08,4.6
2006-05-19,4.94,5.05,4.6
2006-05-22,4.94,5.04,4.6
2006-05-23,4.94,5.07,4.6
2006-05-24,4.94,5.03,4.6
2006-05-25,4.94,5.07,4.6
2006-05-26,4.94,5.06,4.6
2006-05-29,4.94,,4.6
2006-05-30,4.94,5.09,4.6
2006-05-31,4.94,5.12,4.6
2006-06-01,4.99,5.11,4.6
2006-06-02,4.99,5.0,4.6
2006-06-05,4.99,5.02,4.6
2006-06-06,4.99,5.01,4.6
2006-06-07,4.99,5.02,4.6
2006-06-08,4.99,5.0,4.6
2006-06-09,4.99,4.98,4.6
2006-06-12,4.99,4.99,4.6
2006-06-13,4.99,4.97,4.6
2006-06-14,4.99,5.05,4.6
2006-06-15,4.99,5.1,4.6
2006-06-16,4.99,5.13,4.6
2006-06-19,4.99,5.14,4.6
2006-06-20,4.99,5.15,4.6
2006-06-21,4.99,5.16,4.6
2006-06-22,4.99,5.2,4.6
2006-06-23,4.99,5.23,4.6
2006-06-26,4.99,5.25,4.6
2006-06-27,4.99,5.21,4.6
2006-06-28,4.99,5.25,4.6
2006-06-29,4.99,5.22,4.6
2006-06-30,4.99,5.15,4.6
2006-07-01,5.24,,4.7
2006-07-03,5.24,5.15,4.7
2006-07-04,5.24,,4.7
2006-07-05,5.24,5.23,4.7
2006-07-06,5.24,5.19,4.7
2006-07-07,5.24,5.14,4.7
2006-07-10,5.24,5.13,4.7
2006-07-11,5.24,5.1,4.7
2006-07-12,5.24,5.1,4.7
2006-07-13,5.24,5.08,4.7
2006-07-14,5.24,5.07,4.7
2006-07-17,5.24,5.07,4.7
2006-07-18,5.24,5.13,4.7
2006-07-19,5.24,5.06,4.7
2006-07-20,5.24,5.03,4.7
2006-07-21,5.24,5.05,4.7
2006-07-24,5.24,5.05,4.7
2006-07-25,5.24,5.07,4.7
2006-07-26,5.24,5.04,4.7
2006-07-27,5.24,5.07,4.7
2006-07-28,5.24,5.0,4.7
2006-07-31,5.24,4.99,4.7
2006-08-01,5.25,4.99,4.7
2006-08-02,5.25,4.96,4.7
2006-08-03,5.25,4.96,4.7
2006-08-04,5.25,4.91,4.7
2006-08-07,5.25,4.93,4.7
2006-08-08,5.25,4.93,4.7
2006-08-09,5.25,4.92,4.7
2006-08-10,5.25,4.93,4.7
2006-08-11,5.25,4.97,4.7
2006-08-14,5.25,5.0,4.7
2006-08-15,5.25,4.93,4.7
2006-08-16,5.25,4.87,4.7
2006-08-17,5.25,4.87,4.7
2006-08-18,5.25,4.84,4.7
2006-08-21,5.25,4.82,4.7
2006-08-22,5.25,4.82,4.7
2006-08-23,5.25,4.82,4.7
2006-08-24,5.25,4.81,4.7
2006-08-25,5.25,4.79,4.7
2006-08-28,5.25,4.8,4.7
2006-08-29,5.25,4.79,4.7
2006-08-30,5.25,4.76,4.7
2006-08-31,5.25,4.74,4.7
2006-09-01,5.25,4.73,4.5
2006-09-04,5.25,,4.5
2006-09-05,5.25,4.78,4.5
2006-09-06,5.25,4.8,4.5
2006-09-07,5.25,4.8,4.5
2006-09-08,5.25,4.78,4.5
2006-09-11,5.25,4.8,4.5
2006-09-12,5.25,4.78,4.5
2006-09-13,5.25,4.77,4.5
2006-09-14,5.25,4.79,4.5
2006-09-15,5.25,4.8,4.5
2006-09-18,5.25,4.81,4.5
2006-09-19,5.25,4.74,4.5
2006-09-20,5.25,4.73,4.5
2006-09-21,5.25,4.65,4.5
2006-09-22,5.25,4.6,4.5
2006-09-25,5.25,4.56,4.5
2006-09-26,5.25,4.59,4.5
2006-09-27,5.25,4.6,4.5
2006-09-28,5.25,4.63,4.5
2006-09-29,5.25,4.64,4.5
2006-10-01,5.25,,4.4
2006-10-02,5.25,4.62,4.4
2006-10-03,5.25,4.62,4.4
2006-10-04,5.25,4.57,4.4
2006-10-05,5.25,4.61,4.4
2006-10-06,5.25,4.7,4.4
2006-10-09,5.25,,4.4
2006-10-10,5.25,4.75,4.4
2006-10-11,5.25,4.78,4.4
2006-10-12,5.25,4.79,4.4
2006-10-13,5.25,4.81,4.4
2006-10-16,5.25,4.79,4.4
2006-10-17,5.25,4.78,4.4
2006-10-18,5.25,4.77,4.4
2006-10-19,5.25,4.79,4.4
2006-10-20,5.25,4.79,4.4
2006-10-23,5.25,4.83,4.4
2006-10-24,5.25,4.83,4.4
2006-10-25,5.25,4.78,4.4
2006-10-26,5.25,4.73,4.4
2006-10-27,5.25,4.68,4.4
2006-10-30,5.25,4.68,4.4
2006-10-31,5.25,4.61,4.4
2006-11-01,5.25,4.57,4.5
2006-11-02,5.25,4.6,4.5
2006-11-03,5.25,4.72,4.5
2006-11-06,5.25,4.71,4.5
2006-11-07,5.25,4.66,4.5
2006-11-08,5.25,4.64,4.5
2006-11-09,5.25,4.62,4.5
2006-11-10,5.25,4.59,4.5
2006-11-13,5.25,4.61,4.5
2006-11-14,5.25,4.57,4.5
2006-11-15,5.25,4.61,4.5
2006-11-16,5.25,4.66,4.5
2006-11-17,5.25,4.61,4.5
2006-11-20,5.25,4.6,4.5
2006-11-21,5.25,4.58,4.5
2006-11-22,5.25,4.57,4.5
2006-11-23,5.25,,4.5
2006-11-24,5.25,4.55,4.5
2006-11-27,5.25,4.54,4.5
2006-11-28,5.25,4.51,4.5
2006-11-29,5.25,4.52,4.5
2006-11-30,5.25,4.46,4.5
2006-12-01,5.24,4.43,4.4
2006-12-04,5.24,4.43,4.4
2006-12-05,5.24,4.45,4.4
2006-12-06,5.24,4.48,4.4
2006-12-07,5.24,4.49,4.4
2006-12-08,5.24,4.56,4.4
2006-12-11,5.24,4.52,4.4
2006-12-12,5.24,4.49,4.4
2006-12-13,5.24,4.58,4.4
2006-12-14,5.24,4.6,4.4
2006-12-15,5.24,4.6,4.4
2006-12-18,5.24,4.6,4.4
2006-12-19,5.24,4.6,4.4
2006-12-20,5.24,4.6,4.4
2006-12-21,5.24,4.55,4.4
2006-12-22,5.24,4.63,4.4
2006-12-25,5.24,,4.4
2006-12-26,5.24,4.61,4.4
2006-12-27,5.24,4.66,4.4
2006-12-28,5.24,4.7,4.4
2006-12-29,5.24,4.71,4.4
2007-01-01,5.25,,4.6
2007-01-02,5.25,4.68,4.6
2007-01-03,5.25,4.67,4.6
2007-01-04,5.25,4.62,4.6
2007-01-05,5.25,4.65,4.6
2007-01-08,5.25,4.66,4.6
2007-01-09,5.25,4.66,4.6
2007-01-10,5.25,4.69,4.6
2007-01-11,5.25,4.74,4.6
2007-01-12,5.25,4.77,4.6
2007-01-15,5.25,,4.6
2007-01-16,5.25,4.75,4.6
2007-01-17,5.25,4.79,4.6
2007-01-18,5.25,4.75,4.6
2007-01-19,5.25,4.78,4.6
2007-01-22,5.25,4.76,4.6
2007-01-23,5.25,4.81,4.6
2007-01-24,5.25,4.81,4.6
2007-01-25,5.25,4.87,4.6
2007-01-26,5.25,4.88,4.6
2007-01-29,5.25,4.9,4.6
2007-01-30,5.25,4.88,4.6
2007-01-31,5.25,4.83,4.6
2007-02-01,5.26,4.84,4.5
2007-02-02,5.26,4.83,4.5
2007-02-05,5.26,4.81,4.5
2007-02-06,5.26,4.77,4.5
2007-02-07,5.26,4.74,4.5
2007-02-08,5.26,4.73,4.5
2007-02-09,5.26,4.79,4.5
2007-02-12,5.26,4.8,4.5
2007-02-13,5.26,4.82,4.5
2007-02-14,5.26,4.74,4.5
2007-02-15,5.26,4.7,4.5
2007-02-16,5.26,4.69,4.5
2007-02-19,5.26,,4.5
2007-02-20,5.26,4.68,4.5
2007-02-21,5.26,4.69,4.5
2007-02-22,5.26,4.73,4.5
2007-02-23,5.26,4.68,4.5
2007-02-26,5.26,4.63,4.5
2007-02-27,5.26,4.5,4.5
2007-02-28,5.26,4.56,4.5
2007-03-01,5.26,4.56,4.4
2007-03-02,5.26,4.52,4.4
2007-03-05,5.26,4.51,4.4
2007-03-06,5.26,4.53,4.4
2007-03-07,5.26,4.5,4.4
2007-03-08,5.26,4.51,4.4
2007-03-09,5.26,4.59,4.4
2007-03-12,5.26,4.56,4.4
2007-03-13,5.26,4.5,4.4
2007-03-14,5.26,4.53,4.4
2007-03-15,5.26,4.54,4.4
2007-03-16,5.26,4.55,4.4
2007-03-19,5.26,4.58,4.4
2007-03-20,5.26,4.56,4.4
2007-03-21,5.26,4.53,4.4
2007-03-22,5.26,4.6,4.4
2007-03-23,5.26,4.62,4.4
2007-03-26,5.26,4.6,4.4
2007-03-27,5.26,4.62,4.4
2007-03-28,5.26,4.62,4.4
2007-03-29,5.26,4.64,4.4
2007-03-30,5.26,4.65,4.4
2007-04-01,5.25,,4.5
2007-04-02,5.25,4.65,4.5
2007-04-03,5.25,4.67,4.5
2007-04-04,5.25,4.66,4.5
2007-04-05,5.25,4.68,4.5
2007-04-06,5.25,4.76,4.5
2007-04-09,5.25,4.75,4.5
2007-04-10,5.25,4.73,4.5
2007-04-11,5.25,4.74,4.5
2007-04-12,5.25,4.74,4.5
2007-04-13,5.25,4.76,4.5
2007-04-16,5.25,4.74,4.5
2007-04-17,5.25,4.69,4.5
2007-04-18,5.25,4.66,4.5
2007-04-19,5.25,4.68,4.5
2007-04-20,5.25,4.68,4.5
2007-04-23,5.25,4.66,4.5
2007-04-24,5.25,4.63,4.5
2007-04-25,5.25,4.66,4.5
2007-04-26,5.25,4.69,4.5
2007-04-27,5.25,4.71,4.5
2007-04-30,5.25,4.63,4.5
2007-05-01,5.25,4.64,4.4
2007-05-02,5.25,4.65,4.4
2007-05-03,5.25,4.68,4.4
2007-05-04,5.25,4.65,4.4
2007-05-07,5.25,4.64,4.4
2007-05-08,5.25,4.63,4.4
2007-05-09,5.25,4.67,4.4
2007-05-10,5.25,4.65,4.4
2007-05-11,5.25,4.67,4.4
2007-05-14,5.25,4.69,4.4
2007-05-15,5.25,4.71,4.4
2007-05-16,5.25,4.71,4.4
2007-05-17,5.25,4.76,4.4
2007-05-18,5.25,4.81,4.4
2007-05-21,5.25,4.79,4.4
2007-05-22,5.25,4.83,4.4
2007-05-23,5.25,4.86,4.4
2007-05-24,5.25,4.86,4.4
2007-05-25,5.25,4.86,4.4
2007-05-28,5.25,,4.4
2007-05-29,5.25,4.88,4.4
2007-05-30,5.25,4.88,4.4
2007-05-31,5.25,4.9,4.4
2007-06-01,5.25,4.95,4.6
2007-06-04,5.25,4.93,4.6
2007-06-05,5.25,4.98,4.6
2007-06-06,5.25,4.97,4.6
2007-06-07,5.25,5.11,4.6
2007-06-08,5.25,5.12,4.6
2007-06-11,5.25,5.14,4.6
2007-06-12,5.25,5.26,4.6
2007-06-13,5.25,5.2,4.6
2007-06-14,5.25,5.23,4.6
2007-06-15,5.25,5.16,4.6
2007-06-18,5.25,5.15,4.6
2007-06-19,5.25,5.09,4.6
2007-06-20,5.25,5.14,4.6
2007-06-21,5.25,5.16,4.6
2007-06-22,5.25,5.14,4.6
2007-06-25,5.25,5.09,4.6
2007-06-26,5.25,5.1,4.6
2007-06-27,5.25,5.09,4.6
2007-06-28,5.25,5.12,4.6
2007-06-29,5.25,5.03,4.6
2007-07-01,5.26,,4.7
2007-07-02,5.26,5.0,4.7
2007-07-03,5.26,5.05,4.7
2007-07-04,5.26,,4.7
2007-07-05,5.26,5.16,4.7
2007-07-06,5.26,5.19,4.7
2007-07-09,5.26,5.16,4.7
2007-07-10,5.26,5.03,4.7
2007-07-11,5.26,5.09,4.7
2007-07-12,5.26,5.13,4.7
2007-07-13,5.26,5.11,4.7
2007-07-16,5.26,5.05,4.7
2007-07-17,5.26,5.08,4.7
2007-07-18,5.26,5.02,4.7
2007-07-19,5.26,5.04,4.7
2007-07-20,5.26,4.96,4.7
2007-07-23,5.26,4.97,4.7
2007-07-24,5.26,4.94,4.7
2007-07-25,5.26,4.92,4.7
2007-07-26,5.26,4.79,4.7
2007-07-27,5.26,4.8,4.7
2007-07-30,5.26,4.82,4.7
2007-07-31,5.26,4.78,4.7
2007-08-01,5.02,4.76,4.6
2007-08-02,5.02,4.77,4.6
2007-08-03,5.02,4.71,4.6
2007-08-06,5.02,4.72,4.6
2007-08-07,5.02,4.77,4.6
2007-08-08,5.02,4.84,4.6
2007-08-09,5.02,4.79,4.6
2007-08-10,5.02,4.81,4.6
2007-08-13,5.02,4.78,4.6
2007-08-14,5.02,4.73,4.6
2007-08-15,5.02,4.69,4.6
2007-08-16,5.02,4.6,4.6
2007-08-17,5.02,4.68,4.6
2007-08-20,5.02,4.64,4.6
2007-08-21,5.02,4.6,4.6
2007-08-22,5.02,4.63,4.6
2007-08-23,5.02,4.62,4.6
2007-08-24,5.02,4.63,4.6
2007-08-27,5.02,4.6,4.6
2007-08-28,5.02,4.53,4.6
2007-08-29,5.02,4.57,4.6
2007-08-30,5.02,4.51,4.6
2007-08-31,5.02,4.54,4.6
2007-09-01,4.94,,4.7
2007-09-03,4.94,,4.7
2007-09-04,4.94,4.56,4.7
2007-09-05,4.94,4.48,4.7
2007-09-06,4.94,4.51,4.7
2007-09-07,4.94,4.38,4.7
2007-09-10,4.94,4.34,4.7
2007-09-11,4.94,4.37,4.7
2007-09-12,4.94,4.41,4.7
2007-09-13,4.94,4.49,4.7
2007-09-14,4.94,4.47,4.7
2007-09-17,4.94,4.48,4.7
2007-09-18,4.94,4.5,4.7
2007-09-19,4.94,4.53,4.7
2007-09-20,4.94,4.69,4.7
2007-09-21,4.94,4.64,4.7
2007-09-24,4.94,4.63,4.7
2007-09-25,4.94,4.63,4.7
2007-09-26,4.94,4.63,4.7
2007-09-27,4.94,4.58,4.7
2007-09-28,4.94,4.59,4.7
2007-10-01,4.76,4.56,4.7
2007-10-02,4.76,4.54,4.7
2007-10-03,4.76,4.55,4.7
2007-10-04,4.76,4.54,4.7
2007-10-05,4.76,4.65,4.7
2007-10-08,4.76,,4.7
2007-10-09,4.76,4.67,4.7
2007-10-10,4.76,4.65,4.7
2007-10-11,4.76,4.66,4.7
2007-10-12,4.76,4.7,4.7
2007-10-15,4.76,4.69,4.7
2007-10-16,4.76,4.66,4.7
2007-10-17,4.76,4.57,4.7
2007-10-18,4.76,4.52,4.7
2007-10-19,4.76,4.41,4.7
2007-10-22,4.76,4.42,4.7
2007-10-23,4.76,4.41,4.7
2007-10-24,4.76,4.36,4.7
2007-10-25,4.76,4.37,4.7
2007-10-26,4.76,4.41,4.7
2007-10-29,4.76,4.39,4.7
2007-10-30,4.76,4.4,4.7
2007-10-31,4.76,4.48,4.7
2007-11-01,4.49,4.36,4.7
2007-11-02,4.49,4.31,4.7
2007-11-05,4.49,4.35,4.7
2007-11-06,4.49,4.38,4.7
2007-11-07,4.49,4.34,4.7
2007-11-08,4.49,4.28,4.7
2007-11-09,4.49,4.23,4.7
2007-11-12,4.49,,4.7
2007-11-13,4.49,4.26,4.7
2007-11-14,4.49,4.28,4.7
2007-11-15,4.49,4.17,4.7
2007-11-16,4.49,4.15,4.7
2007-11-19,4.49,4.07,4.7
2007-11-20,4.49,4.06,4.7
2007-11-21,4.49,4.0,4.7
2007-11-22,4.49,,4.7
2007-11-23,4.49,4.01,4.7
2007-11-26,4.49,3.83,4.7
2007-11-27,4.49,3.95,4.7
2007-11-28,4.49,4.03,4.7
2007-11-29,4.49,3.94,4.7
2007-11-30,4.49,3.97,4.7
2007-12-01,4.24,,5.0
2007-12-03,4.24,3.89,5.0
2007-12-04,4.24,3.89,5.0
2007-12-05,4.24,3.92,5.0
2007-12-06,4.24,4.02,5.0
2007-12-07,4.24,4.12,5.0
2007-12-10,4.24,4.15,5.0
2007-12-11,4.24,3.98,5.0
2007-12-12,4.24,4.05,5.0
2007-12-13,4.24,4.18,5.0
2007-12-14,4.24,4.24,5.0
2007-12-17,4.24,4.2,5.0
2007-12-18,4.24,4.14,5.0
2007-12-19,4.24,4.06,5.0
2007-12-20,4.24,4.04,5.0
2007-12-21,4.24,4.18,5.0
2007-12-24,4.24,4.23,5.0
2007-12-25,4.24,,5.0
2007-12-26,4.24,4.3,5.0
2007-12-27,4.24,4.21,5.0
2007-12-28,4.24,4.11,5.0
2007-12-31,4.24,4.04,5.0
2008-01-01,3.94,,5.0
2008-01-02,3.94,3.91,5.0
2008-01-03,3.94,3.91,5.0
2008-01-04,3.94,3.88,5.0
2008-01-07,3.94,3.86,5.0
2008-01-08,3.94,3.86,5.0
2008-01-09,3.94,3.82,5.0
2008-01-10,3.94,3.91,5.0
2008-01-11,3.94,3.82,5.0
2008-01-14,3.94,3.81,5.0
2008-01-15,3.94,3.72,5.0
2008-01-16,3.94,3.74,5.0
2008-01-17,3.94,3.66,5.0
2008-01-18,3.94,3.66,5.0
2008-01-21,3.94,,5.0
2008-01-22,3.94,3.52,5.0
2008-01-23,3.94,3.51,5.0
2008-01-24,3.94,3.68,5.0
2008-01-25,3.94,3.61,5.0
2008-01-28,3.94,3.61,5.0
2008-01-29,3.94,3.69,5.0
2008-01-30,3.94,3.78,5.0
2008-01-31,3.94,3.67,5.0
2008-02-01,2.98,3.62,4.9
2008-02-04,2.98,3.68,4.9
2008-02-05,2.98,3.61,4.9
2008-02-06,2.98,3.61,4.9
2008-02-07,2.98,3.74,4.9
2008-02-08,2.98,3.64,4.9
2008-02-11,2.98,3.62,4.9
2008-02-12,2.98,3.66,4.9
2008-02-13,2.98,3.7,4.9
2008-02-14,2.98,3.85,4.9
2008-02-15,2.98,3.76,4.9
2008-02-18,2.98,,4.9
2008-02-19,2.98,3.89,4.9
2008-02-20,2.98,3.93,4.9
2008-02-21,2.98,3.77,4.9
2008-02-22,2.98,3.79,4.9
2008-02-25,2.98,3.91,4.9
2008-02-26,2.98,3.88,4.9
2008-02-27,2.98,3.85,4.9
2008-02-28,2.98,3.71,4.9
2008-02-29,2.98,3.53,4.9
2008-03-01,2.61,,5.1
2008-03-03,2.61,3.54,5.1
2008-03-04,2.61,3.63,5.1
2008-03-05,2.61,3.7,5.1
2008-03-06,2.61,3.62,5.1
2008-03-07,2.61,3.56,5.1
2008-03-10,2.61,3.46,5.1
2008-03-11,2.61,3.6,5.1
2008-03-12,2.61,3.49,5.1
2008-03-13,2.61,3.56,5.1
2008-03-14,2.61,3.44,5.1
2008-03-17,2.61,3.34,5.1
2008-03-18,2.61,3.48,5.1
2008-03-19,2.61,3.38,5.1
2008-03-20,2.61,3.34,5.1
2008-03-21,2.61,,5.1
2008-03-24,2.61,3.56,5.1
2008-03-25,2.61,3.51,5.1
2008-03-26,2.61,3.51,5.1
2008-03-27,2.61,3.56,5.1
2008-03-28,2.61,3.47,5.1
2008-03-31,2.61,3.45,5.1
2008-04-01,2.28,3.57,5.0
2008-04-02,2.28,3.6,5.0
2008-04-03,2.28,3.61,5.0
2008-04-04,2.28,3.5,5.0
2008-04-07,2.28,3.57,5.0
2008-04-08,2.28,3.58,5.0
2008-04-09,2.28,3.49,5.0
2008-04-10,2.28,3.55,5.0
2008-04-11,2.28,3.49,5.0
2008-04-14,2.28,3.53,5.0
2008-04-15,2.28,3.6,5.0
2008-04-16,2.28,3.72,5.0
2008-04-17,2.28,3.75,5.0
2008-04-18,2.28,3.77,5.0
2008-04-21,2.28,3.75,5.0
2008-04-22,2.28,3.74,5.0
2008-04-23,2.28,3.77,5.0
2008-04-24,2.28,3.87,5.0
2008-04-25,2.28,3.91,5.0
2008-04-28,2.28,3.86,5.0
2008-04-29,2.28,3.85,5.0
2008-04-30,2.28,3.77,5.0
2008-05-01,1.98,3.78,5.4
2008-05-02,1.98,3.89,5.4
2008-05-05,1.98,3.88,5.4
2008-05-06,1.98,3.93,5.4
2008-05-07,1.98,3.87,5.4
2008-05-08,1.98,3.79,5.4
2008-05-09,1.98,3.77,5.4
2008-05-12,1.98,3.78,5.4
2008-05-13,1.98,3.9,5.4
2008-05-14,1.98,3.92,5.4
2008-05-15,1.98,3.83,5.4
2008-05-16,1.98,3.85,5.4
2008-05-19,1.98,3.83,5.4
2008-05-20,1.98,3.78,5.4
2008-05-21,1.98,3.81,5.4
2008-05-22,1.98,3.92,5.4
2008-05-23,1.98,3.85,5.4
2008-05-26,1.98,,5.4
2008-05-27,1.98,3.93,5.4
2008-05-28,1.98,4.03,5.4
2008-05-29,1.98,4.08,5.4
2008-05-30,1.98,4.06,5.4
2008-06-01,2.0,,5.6
2008-06-02,2.0,3.98,5.6
2008-06-03,2.0,3.92,5.6
2008-06-04,2.0,3.98,5.6
2008-06-05,2.0,4.06,5.6
2008-06-06,2.0,3.94,5.6
2008-06-09,2.0,4.02,5.6
2008-06-10,2.0,4.11,5.6
2008-06-11,2.0,4.1,5.6
2008-06-12,2.0,4.23,5.6
2008-06-13,2.0,4.27,5.6
2008-06-16,2.0,4.25,5.6
2008-06-17,2.0,4.23,5.6
2008-06-18,2.0,4.16,5.6
2008-06-19,2.0,4.22,5.6
2008-06-20,2.0,4.16,5.6
2008-06-23,2.0,4.19,5.6
2008-06-24,2.0,4.1,5.6
2008-06-25,2.0,4.12,5.6
2008-06-26,2.0,4.07,5.6
2008-06-27,2.0,3.99,5.6
2008-06-30,2.0,3.99,5.6
2008-07-01,2.01,4.01,5.8
2008-07-02,2.01,3.99,5.8
2008-07-03,2.01,3.99,5.8
2008-07-04,2.01,,5.8
2008-07-07,2.01,3.95,5.8
2008-07-08,2.01,3.91,5.8
2008-07-09,2.01,3.85,5.8
2008-07-10,2.01,3.83,5.8
2008-07-11,2.01,3.96,5.8
2008-07-14,2.01,3.9,5.8
2008-07-15,2.01,3.87,5.8
2008-07-16,2.01,3.97,5.8
2008-07-17,2.01,4.07,5.8
2008-07-18,2.01,4.11,5.8
2008-07-21,2.01,4.09,5.8
2008-07-22,2.01,4.14,5.8
2008-07-23,2.01,4.16,5.8
2008-07-24,2.01,4.03,5.8
2008-07-25,2.01,4.13,5.8
2008-07-28,2.01,4.06,5.8
2008-07-29,2.01,4.09,5.8
2008-07-30,2.01,4.07,5.8
2008-07-31,2.01,3.99,5.8
2008-08-01,2.0,3.97,6.1
2008-08-04,2.0,3.98,6.1
2008-08-05,2.0,4.04,6.1
2008-08-06,2.0,4.06,6.1
2008-08-07,2.0,3.92,6.1
2008-08-08,2.0,3.94,6.1
2008-08-11,2.0,3.99,6.1
2008-08-12,2.0,3.91,6.1
2008-08-13,2.0,3.94,6.1
2008-08-14,2.0,3.89,6.1
2008-08-15,2.0,3.84,6.1
2008-08-18,2.0,3.82,6.1
2008-08-19,2.0,3.83,6.1
2008-08-20,2.0,3.79,6.1
2008-08-21,2.0,3.84,6.1
2008-08-22,2.0,3.87,6.1
2008-08-25,2.0,3.79,6.1
2008-08-26,2.0,3.79,6.1
2008-08-27,2.0,3.77,6.1
2008-08-28,2.0,3.79,6.1
2008-08-29,2.0,3.83,6.1
2008-09-01,1.81,,6.1
2008-09-02,1.81,3.74,6.1
2008-09-03,1.81,3.71,6.1
2008-09-04,1.81,3.64,6.1
2008-09-05,1.81,3.66,6.1
2008-09-08,1.81,3.66,6.1
2008-09-09,1.81,3.62,6.1
2008-09-10,1.81,3.65,6.1
2008-09-11,1.81,3.64,6.1
2008-09-12,1.81,3.74,6.1
2008-09-15,1.81,3.47,6.1
2008-09-16,1.81,3.48,6.1
2008-09-17,1.81,3.41,6.1
2008-09-18,1.81,3.54,6.1
2008-09-19,1.81,3.78,6.1
2008-09-22,1.81,3.83,6.1
2008-09-23,1.81,3.85,6.1
2008-09-24,1.81,3.8,6.1
2008-09-25,1.81,3.88,6.1
2008-09-26,1.81,3.85,6.1
2008-09-29,1.81,3.61,6.1
2008-09-30,1.81,3.85,6.1
2008-10-01,0.97,3.77,6.5
2008-10-02,0.97,3.66,6.5
2008-10-03,0.97,3.63,6.5
2008-10-06,0.97,3.48,6.5
2008-10-07,0.97,3.5,6.5
2008-10-08,0.97,3.72,6.5
2008-10-09,0.97,3.84,6.5
2008-10-10,0.97,3.89,6.5
2008-10-13,0.97,,6.5
2008-10-14,0.97,4.08,6.5
2008-10-15,0.97,4.04,6.5
2008-10-16,0.97,3.99,6.5
2008-10-17,0.97,3.98,6.5
2008-10-20,0.97,3.91,6.5
2008-10-21,0.97,3.76,6.5
2008-10-22,0.97,3.65,6.5
2008-10-23,0.97,3.63,6.5
2008-10-24,0.97,3.76,6.5
2008-10-27,0.97,3.79,6.5
2008-10-28,0.97,3.89,6.5
2008-10-29,0.97,3.93,6.5
2008-10-30,0.97,4.0,6.5
2008-10-31,0.97,4.01,6.5
2008-11-01,0.39,,6.8
2008-11-03,0.39,3.96,6.8
2008-11-04,0.39,3.81,6.8
2008-11-05,0.39,3.73,6.8
2008-11-06,0.39,3.75,6.8
2008-11-07,0.39,3.83,6.8
2008-11-10,0.39,3.82,6.8
2008-11-11,0.39,,6.8
2008-11-12,0.39,3.75,6.8
2008-11-13,0.39,3.84,6.8
2008-11-14,0.39,3.72,6.8
2008-11-17,0.39,3.68,6.8
2008-11-18,0.39,3.53,6.8
2008-11-19,0.39,3.38,6.8
2008-11-20,0.39,3.1,6.8
2008-11-21,0.39,3.2,6.8
2008-11-24,0.39,3.35,6.8
2008-11-25,0.39,3.11,6.8
2008-11-26,0.39,2.99,6.8
2008-11-27,0.39,,6.8
2008-11-28,0.39,2.93,6.8
2008-12-01,0.16,2.72,7.3
2008-12-02,0.16,2.68,7.3
2008-12-03,0.16,2.67,7.3
2008-12-04,0.16,2.55,7.3
2008-12-05,0.16,2.67,7.3
2008-12-08,0.16,2.77,7.3
2008-12-09,0.16,2.67,7.3
2008-12-10,0.16,2.69,7.3
2008-12-11,0.16,2.64,7.3
2008-12-12,0.16,2.6,7.3
2008-12-15,0.16,2.53,7.3
2008-12-16,0.16,2.37,7.3
2008-12-17,0.16,2.2,7.3
2008-12-18,0.16,2.08,7.3
2008-12-19,0.16,2.13,7.3
2008-12-22,0.16,2.16,7.3
2008-12-23,0.16,2.18,7.3
2008-12-24,0.16,2.2,7.3
2008-12-25,0.16,,7.3
2008-12-26,0.16,2.16,7.3
2008-12-29,0.16,2.13,7.3
2008-12-30,0.16,2.11,7.3
2008-12-31,0.16,2.25,7.3
2009-01-01,0.15,,7.8
2009-01-02,0.15,2.46,7.8
2009-01-05,0.15,2.49,7.8
2009-01-06,0.15,2.51,7.8
2009-01-07,0.15,2.52,7.8
2009-01-08,0.15,2.47,7.8
2009-01-09,0.15,2.43,7.8
2009-01-12,0.15,2.34,7.8
2009-01-13,0.15,2.33,7.8
2009-01-14,0.15,2.24,7.8
2009-01-15,0.15,2.23,7.8
2009-01-16,0.15,2.36,7.8
2009-01-19,0.15,,7.8
2009-01-20,0.15,2.4,7.8
2009-01-21,0.15,2.56,7.8
2009-01-22,0.15,2.62,7.8
2009-01-23,0.15,2.65,7.8
2009-01-26,0.15,2.7,7.8
2009-01-27,0.15,2.59,7.8
2009-01-28,0.15,2.71,7.8
2009-01-29,0.15,2.87,7.8
2009-01-30,0.15,2.87,7.8
2009-02-01,0.22,,8.3
2009-02-02,0.22,2.76,8.3
2009-02-03,0.22,2.89,8.3
2009-02-04,0.22,2.95,8.3
2009-02-05,0.22,2.95,8.3
2009-02-06,0.22,3.05,8.3
2009-02-09,0.22,3.07,8.3
2009-02-10,0.22,2.9,8.3
2009-02-11,0.22,2.78,8.3
2009-02-12,0.22,2.75,8.3
2009-02-13,0.22,2.89,8.3
2009-02-16,0.22,,8.3
2009-02-17,0.22,2.64,8.3
2009-02-18,0.22,2.74,8.3
2009-02-19,0.22,2.85,8.3
2009-02-20,0.22,2.78,8.3
2009-02-23,0.22,2.78,8.3
2009-02-24,0.22,2.8,8.3
2009-02-25,0.22,2.95,8.3
2009-02-26,0.22,2.98,8.3
2009-02-27,0.22,3.02,8.3
2009-03-01,0.18,,8.7
2009-03-02,0.18,2.91,8.7
2009-03-03,0.18,2.93,8.7
2009-03-04,0.18,3.01,8.7
2009-03-05,0.18,2.83,8.7
2009-03-06,0.18,2.83,8.7
2009-03-09,0.18,2.89,8.7
2009-03-10,0.18,2.99,8.7
2009-03-11,0.18,2.95,8.7
2009-03-12,0.18,2.89,8.7
2009-03-13,0.18,2.89,8.7
2009-03-16,0.18,2.97,8.7
2009-03-17,0.18,3.02,8.7
2009-03-18,0.18,2.51,8.7
2009-03-19,0.18,2.61,8.7
2009-03-20,0.18,2.65,8.7
2009-03-23,0.18,2.68,8.7
2009-03-24,0.18,2.68,8.7
2009-03-25,0.18,2.81,8.7
2009-03-26,0.18,2.76,8.7
2009-03-27,0.18,2.78,8.7
2009-03-30,0.18,2.73,8.7
2009-03-31,0.18,2.71,8.7
2009-04-01,0.15,2.68,9.0
2009-04-02,0.15,2.77,9.0
2009-04-03,0.15,2.91,9.0
2009-04-06,0.15,2.95,9.0
2009-04-07,0.15,2.93,9.0
2009-04-08,0.15,2.86,9.0
2009-04-09,0.15,2.96,9.0
2009-04-10,0.15,,9.0
2009-04-13,0.15,2.88,9.0
2009-04-14,0.15,2.8,9.0
2009-04-15,0.15,2.82,9.0
2009-04-16,0.15,2.86,9.0
2009-04-17,0.15,2.98,9.0
2009-04-20,0.15,2.88,9.0
2009-04-21,0.15,2.94,9.0
2009-04-22,0.15,2.98,9.0
2009-04-23,0.15,2.96,9.0
2009-04-24,0.15,3.03,9.0
2009-04-27,0.15,2.95,9.0
2009-04-28,0.15,3.05,9.0
2009-04-29,0.15,3.12,9.0
2009-04-30,0.15,3.16,9.0
2009-05-01,0.18,3.21,9.4
2009-05-04,0.18,3.19,9.4
2009-05-05,0.18,3.2,9.4
2009-05-06,0.18,3.18,9.4
2009-05-07,0.18,3.29,9.4
2009-05-08,0.18,3.29,9.4
2009-05-11,0.18,3.17,9.4
2009-05-12,0.18,3.17,9.4
2009-05-13,0.18,3.11,9.4
2009-05-14,0.18,3.1,9.4
2009-05-15,0.18,3.14,9.4
2009-05-18,0.18,3.22,9.4
2009-05-19,0.18,3.25,9.4
2009-05-20,0.18,3.19,9.4
2009-05-21,0.18,3.35,9.4
2009-05-22,0.18,3.45,9.4
2009-05-25,0.18,,9.4
2009-05-26,0.18,3.5,9.4
2009-05-27,0.18,3.71,9.4
2009-05-28,0.18,3.67,9.4
2009-05-29,0.18,3.47,9.4
2009-06-01,0.21,3.71,9.5
2009-06-02,0.21,3.65,9.5
2009-06-03,0.21,3.56,9.5
2009-06-04,0.21,3.72,9.5
2009-06-05,0.21,3.84,9.5
2009-06-08,0.21,3.91,9.5
2009-06-09,0.21,3.86,9.5
2009-06-10,0.21,3.98,9.5
2009-06-11,0.21,3.88,9.5
2009-06-12,0.21,3.81,9.5
2009-06-15,0.21,3.76,9.5
2009-06-16,0.21,3.67,9.5
2009-06-17,0.21,3.68,9.5
2009-06-18,0.21,3.86,9.5
2009-06-19,0.21,3.79,9.5
2009-06-22,0.21,3.72,9.5
2009-06-23,0.21,3.65,9.5
2009-06-24,0.21,3.72,9.5
2009-06-25,0.21,3.55,9.5
2009-06-26,0.21,3.52,9.5
2009-06-29,0.21,3.51,9.5
2009-06-30,0.21,3.53,9.5
2009-07-01,0.16,3.55,9.5
2009-07-02,0.16,3.51,9.5
2009-07-03,0.16,,9.5
2009-07-06,0.16,3.52,9.5
2009-07-07,0.16,3.47,9.5
2009-07-08,0.16,3.33,9.5
2009-07-09,0.16,3.44,9.5
2009-07-10,0.16,3.32,9.5
2009-07-13,0.16,3.38,9.5
2009-07-14,0.16,3.5,9.5
2009-07-15,0.16,3.63,9.5
2009-07-16,0.16,3.59,9.5
2009-07-17,0.16,3.67,9.5
2009-07-20,0.16,3.61,9.5
2009-07-21,0.16,3.5,9.5
2009-07-22,0.16,3.58,9.5
2009-07-23,0.16,3.72,9.5
2009-07-24,0.16,3.7,9.5
2009-07-27,0.16,3.75,9.5
2009-07-28,0.16,3.72,9.5
2009-07-29,0.16,3.69,9.5
2009-07-30,0.16,3.67,9.5
2009-07-31,0.16,3.52,9.5
2009-08-01,0.16,,9.6
2009-08-03,0.16,3.66,9.6
2009-08-04,0.16,3.7,9.6
2009-08-05,0.16,3.8,9.6
2009-08-06,0.16,3.79,9.6
2009-08-07,0.16,3.89,9.6
2009-08-10,0.16,3.8,9.6
2009-08-11,0.16,3.71,9.6
2009-08-12,0.16,3.72,9.6
2009-08-13,0.16,3.59,9.6
2009-08-14,0.16,3.55,9.6
2009-08-17,0.16,3.48,9.6
2009-08-18,0.16,3.51,9.6
2009-08-19,0.16,3.45,9.6
2009-08-20,0.16,3.42,9.6
2009-08-21,0.16,3.56,9.6
2009-08-24,0.16,3.48,9.6
2009-08-25,0.16,3.45,9.6
2009-08-26,0.16,3.44,9.6
2009-08-27,0.16,3.47,9.6
2009-08-28,0.16,3.46,9.6
2009-08-31,0.16,3.4,9.6
2009-09-01,0.15,3.38,9.8
2009-09-02,0.15,3.29,9.8
2009-09-03,0.15,3.33,9.8
2009-09-04,0.15,3.45,9.8
2009-09-07,0.15,,9.8
2009-09-08,0.15,3.47,9.8
2009-09-09,0.15,3.48,9.8
2009-09-10,0.15,3.36,9.8
2009-09-11,0.15,3.34,9.8
2009-09-14,0.15,3.42,9.8
2009-09-15,0.15,3.47,9.8
2009-09-16,0.15,3.48,9.8
2009-09-17,0.15,3.42,9.8
2009-09-18,0.15,3.49,9.8
2009-09-21,0.15,3.49,9.8
2009-09-22,0.15,3.46,9.8
2009-09-23,0.15,3.44,9.8
2009-09-24,0.15,3.4,9.8
2009-09-25,0.15,3.34,9.8
2009-09-28,0.15,3.31,9.8
2009-09-29,0.15,3.31,9.8
2009-09-30,0.15,3.31,9.8
2009-10-01,0.12,3.21,10.0
2009-10-02,0.12,3.24,10.0
2009-10-05,0.12,3.24,10.0
2009-10-06,0.12,3.27,10.0
2009-10-07,0.12,3.21,10.0
2009-10-08,0.12,3.27,10.0
2009-10-09,0.12,3.4,10.0
2009-10-12,0.12,,10.0
2009-10-13,0.12,3.34,10.0
2009-10-14,0.12,3.45,10.0
2009-10-15,0.12,3.49,10.0
2009-10-16,0.12,3.43,10.0
2009-10-19,0.12,3.41,10.0
2009-10-20,0.12,3.35,10.0
2009-10-21,0.12,3.42,10.0
2009-10-22,0.12,3.44,10.0
2009-10-23,0.12,3.51,10.0
2009-10-26,0.12,3.59,10.0
2009-10-27,0.12,3.49,10.0
2009-10-28,0.12,3.44,10.0
2009-10-29,0.12,3.53,10.0
2009-10-30,0.12,3.41,10.0
2009-11-01,0.12,,9.9
2009-11-02,0.12,3.45,9.9
2009-11-03,0.12,3.5,9.9
2009-11-04,0.12,3.57,9.9
2009-11-05,0.12,3.57,9.9
2009-11-06,0.12,3.54,9.9
2009-11-09,0.12,3.52,9.9
2009-11-10,0.12,3.5,9.9
2009-11-11,0.12,,9.9
2009-11-12,0.12,3.45,9.9
2009-11-13,0.12,3.43,9.9
2009-11-16,0.12,3.33,9.9
2009-11-17,0.12,3.33,9.9
2009-11-18,0.12,3.36,9.9
2009-11-19,0.12,3.35,9.9
2009-11-20,0.12,3.36,9.9
2009-11-23,0.12,3.37,9.9
2009-11-24,0.12,3.32,9.9
2009-11-25,0.12,3.28,9.9
2009-11-26,0.12,,9.9
2009-11-27,0.12,3.21,9.9
2009-11-30,0.12,3.21,9.9
2009-12-01,0.12,3.28,9.9
2009-12-02,0.12,3.32,9.9
2009-12-03,0.12,3.39,9.9
2009-12-04,0.12,3.48,9.9
2009-12-07,0.12,3.44,9.9
2009-12-08,0.12,3.4,9.9
2009-12-09,0.12,3.45,9.9
2009-12-10,0.12,3.49,9.9
2009-12-11,0.12,3.55,9.9
2009-12-14,0.12,3.56,9.9
2009-12-15,0.12,3.6,9.9
2009-12-16,0.12,3.61,9.9
2009-12-17,0.12,3.5,9.9
2009-12-18,0.12,3.55,9.9
2009-12-21,0.12,3.69,9.9
2009-12-22,0.12,3.76,9.9
2009-12-23,0.12,3.77,9.9
2009-12-24,0.12,3.82,9.9
2009-12-25,0.12,,9.9
2009-12-28,0.12,3.85,9.9
2009-12-29,0.12,3.82,9.9
2009-12-30,0.12,3.8,9.9
2009-12-31,0.12,3.85,9.9
2010-01-01,0.11,,9.8
2010-01-04,0.11,3.85,9.8
2010-01-05,0.11,3.77,9.8
2010-01-06,0.11,3.85,9.8
2010-01-07,0.11,3.85,9.8
2010-01-08,0.11,3.83,9.8
2010-01-11,0.11,3.85,9.8
2010-01-12,0.11,3.74,9.8
2010-01-13,0.11,3.8,9.8
2010-01-14,0.11,3.76,9.8
2010-01-15,0.11,3.7,9.8
2010-01-18,0.11,,9.8
2010-01-19,0.11,3.73,9.8
2010-01-20,0.11,3.68,9.8
2010-01-21,0.11,3.62,9.8
2010-01-22,0.11,3.62,9.8
2010-01-25,0.11,3.66,9.8
2010-01-26,0.11,3.65,9.8
2010-01-27,0.11,3.66,9.8
2010-01-28,0.11,3.68,9.8
2010-01-29,0.11,3.63,9.8
2010-02-01,0.13,3.68,9.8
2010-02-02,0.13,3.67,9.8
2010-02-03,0.13,3.73,9.8
2010-02-04,0.13,3.62,9.8
2010-02-05,0.13,3.59,9.8
2010-02-08,0.13,3.62,9.8
2010-02-09,0.13,3.67,9.8
2010-02-10,0.13,3.72,9.8
2010-02-11,0.13,3.73,9.8
2010-02-12,0.13,3.69,9.8
2010-02-15,0.13,,9.8
2010-02-16,0.13,3.66,9.8
2010-02-17,0.13,3.74,9.8
2010-02-18,0.13,3.79,9.8
2010-02-19,0.13,3.78,9.8
2010-02-22,0.13,3.8,9.8
2010-02-23,0.13,3.69,9.8
2010-02-24,0.13,3.7,9.8
2010-02-25,0.13,3.64,9.8
2010-02-26,0.13,3.61,9.8
2010-03-01,0.16,3.61,9.9
2010-03-02,0.16,3.62,9.9
2010-03-03,0.16,3.63,9.9
2010-03-04,0.16,3.61,9.9
2010-03-05,0.16,3.69,9.9
2010-03-08,0.16,3.72,9.9
2010-03-09,0.16,3.71,9.9
2010-03-10,0.16,3.73,9.9
2010-03-11,0.16,3.73,9.9
2010-03-12,0.16,3.71,9.9
2010-03-15,0.16,3.71,9.9
2010-03-16,0.16,3.66,9.9
2010-03-17,0.16,3.65,9.9
2010-03-18,0.16,3.68,9.9
2010-03-19,0.16,3.7,9.9
2010-03-22,0.16,3.67,9.9
2010-03-23,0.16,3.69,9.9
2010-03-24,0.16,3.84,9.9
2010-03-25,0.16,3.91,9.9
2010-03-26,0.16,3.86,9.9
2010-03-29,0.16,3.88,9.9
2010-03-30,0.16,3.88,9.9
2010-03-31,0.16,3.84,9.9
2010-04-01,0.2,3.89,9.9
2010-04-02,0.2,3.96,9.9
2010-04-05,0.2,4.01,9.9
2010-04-06,0.2,3.98,9.9
2010-04-07,0.2,3.89,9.9
2010-04-08,0.2,3.91,9.9
2010-04-09,0.2,3.9,9.9
2010-04-12,0.2,3.87,9.9
2010-04-13,0.2,3.84,9.9
2010-04-14,0.2,3.88,9.9
2010-04-15,0.2,3.86,9.9
2010-04-16,0.2,3.79,9.9
2010-04-19,0.2,3.83,9.9
2010-04-20,0.2,3.82,9.9
2010-04-21,0.2,3.77,9.9
2010-04-22,0.2,3.8,9.9
2010-04-23,0.2,3.84,9.9
2010-04-26,0.2,3.83,9.9
2010-04-27,0.2,3.71,9.9
2010-04-28,0.2,3.8,9.9
2010-04-29,0.2,3.76,9.9
2010-04-30,0.2,3.69,9.9
2010-05-01,0.2,,9.6
2010-05-03,0.2,3.72,9.6
2010-05-04,0.2,3.63,9.6
2010-05-05,0.2,3.58,9.6
2010-05-06,0.2,3.41,9.6
2010-05-07,0.2,3.45,9.6
2010-05-10,0.2,3.57,9.6
2010-05-11,0.2,3.56,9.6
2010-05-12,0.2,3.56,9.6
2010-05-13,0.2,3.55,9.6
2010-05-14,0.2,3.44,9.6
2010-05-17,0.2,3.47,9.6
2010-05-18,0.2,3.38,9.6
2010-05-19,0.2,3.36,9.6
2010-05-20,0.2,3.25,9.6
2010-05-21,0.2,3.2,9.6
2010-05-24,0.2,3.23,9.6
2010-05-25,0.2,3.18,9.6
2010-05-26,0.2,3.21,9.6
2010-05-27,0.2,3.34,9.6
2010-05-28,0.2,3.31,9.6
2010-05-31,0.2,,9.6
2010-06-01,0.18,3.29,9.4
2010-06-02,0.18,3.35,9.4
2010-06-03,0.18,3.39,9.4
2010-06-04,0.18,3.2,9.4
2010-06-07,0.18,3.17,9.4
2010-06-08,0.18,3.18,9.4
2010-06-09,0.18,3.2,9.4
2010-06-10,0.18,3.33,9.4
2010-06-11,0.18,3.24,9.4
2010-06-14,0.18,3.28,9.4
2010-06-15,0.18,3.32,9.4
2010-06-16,0.18,3.27,9.4
2010-06-17,0.18,3.21,9.4
2010-06-18,0.18,3.24,9.4
2010-06-21,0.18,3.26,9.4
2010-06-22,0.18,3.18,9.4
2010-06-23,0.18,3.13,9.4
2010-06-24,0.18,3.14,9.4
2010-06-25,0.18,3.12,9.4
2010-06-28,0.18,3.05,9.4
2010-06-29,0.18,2.97,9.4
2010-06-30,0.18,2.97,9.4
2010-07-01,0.18,2.96,9.4
2010-07-02,0.18,3.0,9.4
2010-07-05,0.18,,9.4
2010-07-06,0.18,2.95,9.4
2010-07-07,0.18,3.0,9.4
2010-07-08,0.18,3.04,9.4
2010-07-09,0.18,3.07,9.4
2010-07-12,0.18,3.08,9.4
2010-07-13,0.18,3.15,9.4
2010-07-14,0.18,3.07,9.4
2010-07-15,0.18,3.0,9.4
2010-07-16,0.18,2.96,9.4
2010-07-19,0.18,2.99,9.4
2010-07-20,0.18,2.98,9.4
2010-07-21,0.18,2.9,9.4
2010-07-22,0.18,2.96,9.4
2010-07-23,0.18,3.02,9.4
2010-07-26,0.18,3.03,9.4
2010-07-27,0.18,3.08,9.4
2010-07-28,0.18,3.03,9.4
2010-07-29,0.18,3.03,9.4
2010-07-30,0.18,2.94,9.4
2010-08-01,0.19,,9.5
2010-08-02,0.19,2.99,9.5
2010-08-03,0.19,2.94,9.5
2010-08-04,0.19,2.98,9.5
2010-08-05,0.19,2.94,9.5
2010-08-06,0.19,2.86,9.5
2010-08-09,0.19,2.86,9.5
2010-08-10,0.19,2.79,9.5
2010-08-11,0.19,2.72,9.5
2010-08-12,0.19,2.74,9.5
2010-08-13,0.19,2.68,9.5
2010-08-16,0.19,2.58,9.5
2010-08-17,0.19,2.64,9.5
2010-08-18,0.19,2.64,9.5
2010-08-19,0.19,2.58,9.5
2010-08-20,0.19,2.62,9.5
2010-08-23,0.19,2.6,9.5
2010-08-24,0.19,2.5,9.5
2010-08-25,0.19,2.54,9.5
2010-08-26,0.19,2.5,9.5
2010-08-27,0.19,2.66,9.5
2010-08-30,0.19,2.54,9.5
2010-08-31,0.19,2.47,9.5
2010-09-01,0.19,2.58,9.5
2010-09-02,0.19,2.63,9.5
2010-09-03,0.19,2.72,9.5
2010-09-06,0.19,,9.5
2010-09-07,0.19,2.61,9.5
2010-09-08,0.19,2.66,9.5
2010-09-09,0.19,2.77,9.5
2010-09-10,0.19,2.81,9.5
2010-09-13,0.19,2.74,9.5
2010-09-14,0.19,2.68,9.5
2010-09-15,0.19,2.74,9.5
2010-09-16,0.19,2.77,9.5
2010-09-17,0.19,2.75,9.5
2010-09-20,0.19,2.72,9.5
2010-09-21,0.19,2.61,9.5
2010-09-22,0.19,2.56,9.5
2010-09-23,0.19,2.56,9.5
2010-09-24,0.19,2.62,9.5
2010-09-27,0.19,2.54,9.5
2010-09-28,0.19,2.48,9.5
2010-09-29,0.19,2.52,9.5
2010-09-30,0.19,2.53,9.5
2010-10-01,0.19,2.54,9.4
2010-10-04,0.19,2.5,9.4
2010-10-05,0.19,2.5,9.4
2010-10-06,0.19,2.41,9.4
2010-10-07,0.19,2.41,9.4
2010-10-08,0.19,2.41,9.4
2010-10-11,0.19,,9.4
2010-10-12,0.19,2.44,9.4
2010-10-13,0.19,2.46,9.4
2010-10-14,0.19,2.52,9.4
2010-10-15,0.19,2.59,9.4
2010-10-18,0.19,2.52,9.4
2010-10-19,0.19,2.5,9.4
2010-10-20,0.19,2.51,9.4
2010-10-21,0.19,2.57,9.4
2010-10-22,0.19,2.59,9.4
2010-10-25,0.19,2.59,9.4
2010-10-26,0.19,2.67,9.4
2010-10-27,0.19,2.75,9.4
2010-10-28,0.19,2.69,9.4
2010-10-29,0.19,2.63,9.4
2010-11-01,0.19,2.66,9.8
2010-11-02,0.19,2.63,9.8
2010-11-03,0.19,2.67,9.8
2010-11-04,0.19,2.53,9.8
2010-11-05,0.19,2.58,9.8
2010-11-08,0.19,2.6,9.8
2010-11-09,0.19,2.72,9.8
2010-11-10,0.19,2.65,9.8
2010-11-11,0.19,,9.8
2010-11-12,0.19,2.76,9.8
2010-11-15,0.19,2.92,9.8
2010-11-16,0.19,2.85,9.8
2010-11-17,0.19,2.89,9.8
2010-11-18,0.19,2.9,9.8
2010-11-19,0.19,2.88,9.8
2010-11-22,0.19,2.8,9.8
2010-11-23,0.19,2.77,9.8
2010-11-24,0.19,2.93,9.8
2010-11-25,0.19,,9.8
2010-11-26,0.19,2.87,9.8
2010-11-29,0.19,2.84,9.8
2010-11-30,0.19,2.81,9.8
2010-12-01,0.18,2.97,9.3
2010-12-02,0.18,3.01,9.3
2010-12-03,0.18,3.03,9.3
2010-12-06,0.18,2.95,9.3
2010-12-07,0.18,3.15,9.3
2010-12-08,0.18,3.26,9.3
2010-12-09,0.18,3.23,9.3
2010-12-10,0.18,3.32,9.3
2010-12-13,0.18,3.29,9.3
2010-12-14,0.18,3.49,9.3
2010-12-15,0.18,3.53,9.3
2010-12-16,0.18,3.47,9.3
2010-12-17,0.18,3.33,9.3
2010-12-20,0.18,3.36,9.3
2010-12-21,0.18,3.35,9.3
2010-12-22,0.18,3.36,9.3
2010-12-23,0.18,3.41,9.3
2010-12-24,0.18,,9.3
2010-12-27,0.18,3.36,9.3
2010-12-28,0.18,3.5,9.3
2010-12-29,0.18,3.35,9.3
2010-12-30,0.18,3.38,9.3
2010-12-31,0.18,3.3,9.3
2011-01-01,0.17,,9.1
2011-01-03,0.17,3.36,9.1
2011-01-04,0.17,3.36,9.1
2011-01-05,0.17,3.5,9.1
2011-01-06,0.17,3.44,9.1
2011-01-07,0.17,3.34,9.1
2011-01-10,0.17,3.32,9.1
2011-01-11,0.17,3.37,9.1
2011-01-12,0.17,3.4,9.1
2011-01-13,0.17,3.34,9.1
2011-01-14,0.17,3.35,9.1
2011-01-17,0.17,,9.1
2011-01-18,0.17,3.39,9.1
2011-01-19,0.17,3.37,9.1
2011-01-20,0.17,3.47,9.1
2011-01-21,0.17,3.44,9.1
2011-01-24,0.17,3.43,9.1
2011-01-25,0.17,3.35,9.1
2011-01-26,0.17,3.45,9.1
2011-01-27,0.17,3.42,9.1
2011-01-28,0.17,3.36,9.1
2011-01-31,0.17,3.42,9.1
2011-02-01,0.16,3.48,9.0
2011-02-02,0.16,3.52,9.0
2011-02-03,0.16,3.58,9.0
2011-02-04,0.16,3.68,9.0
2011-02-07,0.16,3.68,9.0
2011-02-08,0.16,3.75,9.0
2011-02-09,0.16,3.65,9.0
2011-02-10,0.16,3.7,9.0
2011-02-11,0.16,3.64,9.0
2011-02-14,0.16,3.62,9.0
2011-02-15,0.16,3.61,9.0
2011-02-16,0.16,3.62,9.0
2011-02-17,0.16,3.58,9.0
2011-02-18,0.16,3.59,9.0
2011-02-21,0.16,,9.0
2011-02-22,0.16,3.46,9.0
2011-02-23,0.16,3.49,9.0
2011-02-24,0.16,3.46,9.0
2011-02-25,0.16,3.42,9.0
2011-02-28,0.16,3.42,9.0
2011-03-01,0.14,3.41,9.0
2011-03-02,0.14,3.46,9.0
2011-03-03,0.14,3.58,9.0
2011-03-04,0.14,3.49,9.0
2011-03-07,0.14,3.51,9.0
2011-03-08,0.14,3.56,9.0
2011-03-09,0.14,3.48,9.0
2011-03-10,0.14,3.37,9.0
2011-03-11,0.14,3.4,9.0
2011-03-14,0.14,3.36,9.0
2011-03-15,0.14,3.33,9.0
2011-03-16,0.14,3.22,9.0
2011-03-17,0.14,3.25,9.0
2011-03-18,0.14,3.28,9.0
2011-03-21,0.14,3.34,9.0
2011-03-22,0.14,3.34,9.0
2011-03-23,0.14,3.36,9.0
2011-03-24,0.14,3.42,9.0
2011-03-25,0.14,3.46,9.0
2011-03-28,0.14,3.47,9.0
2011-03-29,0.14,3.5,9.0
2011-03-30,0.14,3.47,9.0
2011-03-31,0.14,3.47,9.0
2011-04-01,0.1,3.46,9.1
2011-04-04,0.1,3.45,9.1
2011-04-05,0.1,3.5,9.1
2011-04-06,0.1,3.56,9.1
2011-04-07,0.1,3.58,9.1
2011-04-08,0.1,3.59,9.1
2011-04-11,0.1,3.59,9.1
2011-04-12,0.1,3.52,9.1
2011-04-13,0.1,3.49,9.1
2011-04-14,0.1,3.51,9.1
2011-04-15,0.1,3.43,9.1
2011-04-18,0.1,3.4,9.1
2011-04-19,0.1,3.39,9.1
2011-04-20,0.1,3.43,9.1
2011-04-21,0.1,3.42,9.1
2011-04-22,0.1,,9.1
2011-04-25,0.1,3.39,9.1
2011-04-26,0.1,3.34,9.1
2011-04-27,0.1,3.39,9.1
2011-04-28,0.1,3.34,9.1
2011-04-29,0.1,3.32,9.1
2011-05-01,0.09,,9.0
2011-05-02,0.09,3.31,9.0
2011-05-03,0.09,3.28,9.0
2011-05-04,0.09,3.25,9.0
2011-05-05,0.09,3.18,9.0
2011-05-06,0.09,3.19,9.0
2011-05-09,0.09,3.17,9.0
2011-05-10,0.09,3.23,9.0
2011-05-11,0.09,3.19,9.0
2011-05-12,0.09,3.22,9.0
2011-05-13,0.09,3.18,9.0
2011-05-16,0.09,3.15,9.0
2011-05-17,0.09,3.12,9.0
2011-05-18,0.09,3.18,9.0
2011-05-19,0.09,3.17,9.0
2011-05-20,0.09,3.15,9.0
2011-05-23,0.09,3.13,9.0
2011-05-24,0.09,3.12,9.0
2011-05-25,0.09,3.13,9.0
2011-05-26,0.09,3.07,9.0
2011-05-27,0.09,3.07,9.0
2011-05-30,0.09,,9.0
2011-05-31,0.09,3.05,9.0
2011-06-01,0.09,2.96,9.1
2011-06-02,0.09,3.04,9.1
2011-06-03,0.09,2.99,9.1
2011-06-06,0.09,3.01,9.1
2011-06-07,0.09,3.01,9.1
2011-06-08,0.09,2.98,9.1
2011-06-09,0.09,3.01,9.1
2011-06-10,0.09,2.99,9.1
2011-06-13,0.09,3.0,9.1
2011-06-14,0.09,3.11,9.1
2011-06-15,0.09,2.98,9.1
2011-06-16,0.09,2.93,9.1
2011-06-17,0.09,2.94,9.1
2011-06-20,0.09,2.97,9.1
2011-06-21,0.09,2.99,9.1
2011-06-22,0.09,3.01,9.1
2011-06-23,0.09,2.93,9.1
2011-06-24,0.09,2.88,9.1
2011-06-27,0.09,2.95,9.1
2011-06-28,0.09,3.05,9.1
2011-06-29,0.09,3.14,9.1
2011-06-30,0.09,3.18,9.1
2011-07-01,0.07,3.22,9.0
2011-07-04,0.07,,9.0
2011-07-05,0.07,3.16,9.0
2011-07-06,0.07,3.12,9.0
2011-07-07,0.07,3.17,9.0
2011-07-08,0.07,3.03,9.0
2011-07-11,0.07,2.94,9.0
2011-07-12,0.07,2.92,9.0
2011-07-13,0.07,2.92,9.0
2011-07-14,0.07,2.98,9.0
2011-07-15,0.07,2.94,9.0
2011-07-18,0.07,2.94,9.0
2011-07-19,0.07,2.91,9.0
2011-07-20,0.07,2.96,9.0
2011-07-21,0.07,3.03,9.0
2011-07-22,0.07,2.99,9.0
2011-07-25,0.07,3.03,9.0
2011-07-26,0.07,2.99,9.0
2011-07-27,0.07,3.01,9.0
2011-07-28,0.07,2.98,9.0
2011-07-29,0.07,2.82,9.0
2011-08-01,0.1,2.77,9.0
2011-08-02,0.1,2.66,9.0
2011-08-03,0.1,2.64,9.0
2011-08-04,0.1,2.47,9.0
2011-08-05,0.1,2.58,9.0
2011-08-08,0.1,2.4,9.0
2011-08-09,0.1,2.2,9.0
2011-08-10,0.1,2.17,9.0
2011-08-11,0.1,2.34,9.0
2011-08-12,0.1,2.24,9.0
2011-08-15,0.1,2.29,9.0
2011-08-16,0.1,2.23,9.0
2011-08-17,0.1,2.17,9.0
2011-08-18,0.1,2.08,9.0
2011-08-19,0.1,2.07,9.0
2011-08-22,0.1,2.1,9.0
2011-08-23,0.1,2.15,9.0
2011-08-24,0.1,2.29,9.0
2011-08-25,0.1,2.23,9.0
2011-08-26,0.1,2.19,9.0
2011-08-29,0.1,2.28,9.0
2011-08-30,0.1,2.19,9.0
2011-08-31,0.1,2.23,9.0
2011-09-01,0.08,2.15,9.0
2011-09-02,0.08,2.02,9.0
2011-09-05,0.08,,9.0
2011-09-06,0.08,1.98,9.0
2011-09-07,0.08,2.05,9.0
2011-09-08,0.08,2.0,9.0
2011-09-09,0.08,1.93,9.0
2011-09-12,0.08,1.94,9.0
2011-09-13,0.08,2.0,9.0
2011-09-14,0.08,2.03,9.0
2011-09-15,0.08,2.09,9.0
2011-09-16,0.08,2.08,9.0
2011-09-19,0.08,1.97,9.0
2011-09-20,0.08,1.95,9.0
2011-09-21,0.08,1.88,9.0
2011-09-22,0.08,1.72,9.0
2011-09-23,0.08,1.84,9.0
2011-09-26,0.08,1.91,9.0
2011-09-27,0.08,2.0,9.0
2011-09-28,0.08,2.03,9.0
2011-09-29,0.08,1.99,9.0
2011-09-30,0.08,1.92,9.0
2011-10-01,0.07,,8.8
2011-10-03,0.07,1.8,8.8
2011-10-04,0.07,1.81,8.8
2011-10-05,0.07,1.92,8.8
2011-10-06,0.07,2.01,8.8
2011-10-07,0.07,2.1,8.8
2011-10-10,0.07,,8.8
2011-10-11,0.07,2.18,8.8
2011-10-12,0.07,2.24,8.8
2011-10-13,0.07,2.19,8.8
2011-10-14,0.07,2.26,8.8
2011-10-17,0.07,2.18,8.8
2011-10-18,0.07,2.19,8.8
2011-10-19,0.07,2.18,8.8
2011-10-20,0.07,2.2,8.8
2011-10-21,0.07,2.23,8.8
2011-10-24,0.07,2.25,8.8
2011-10-25,0.07,2.14,8.8
2011-10-26,0.07,2.23,8.8
2011-10-27,0.07,2.42,8.8
2011-10-28,0.07,2.34,8.8
2011-10-31,0.07,2.17,8.8
2011-11-01,0.08,2.01,8.6
2011-11-02,0.08,2.03,8.6
2011-11-03,0.08,2.09,8.6
2011-11-04,0.08,2.06,8.6
2011-11-07,0.08,2.04,8.6
2011-11-08,0.08,2.1,8.6
2011-11-09,0.08,2.0,8.6
2011-11-10,0.08,2.04,8.6
2011-11-11,0.08,,8.6
2011-11-14,0.08,2.04,8.6
2011-11-15,0.08,2.06,8.6
2011-11-16,0.08,2.01,8.6
2011-11-17,0.08,1.96,8.6
2011-11-18,0.08,2.01,8.6
2011-11-21,0.08,1.97,8.6
2011-11-22,0.08,1.94,8.6
2011-11-23,0.08,1.89,8.6
2011-11-24,0.08,,8.6
2011-11-25,0.08,1.97,8.6
2011-11-28,0.08,1.97,8.6
2011-11-29,0.08,2.0,8.6
2011-11-30,0.08,2.08,8.6
2011-12-01,0.07,2.11,8.5
2011-12-02,0.07,2.05,8.5
2011-12-05,0.07,2.04,8.5
2011-12-06,0.07,2.08,8.5
2011-12-07,0.07,2.02,8.5
2011-12-08,0.07,1.99,8.5
2011-12-09,0.07,2.07,8.5
2011-12-12,0.07,2.03,8.5
2011-12-13,0.07,1.96,8.5
2011-12-14,0.07,1.92,8.5
2011-12-15,0.07,1.92,8.5
2011-12-16,0.07,1.86,8.5
2011-12-19,0.07,1.82,8.5
2011-12-20,0.07,1.94,8.5
2011-12-21,0.07,1.98,8.5
2011-12-22,0.07,1.97,8.5
2011-12-23,0.07,2.03,8.5
2011-12-26,0.07,,8.5
2011-12-27,0.07,2.02,8.5
2011-12-28,0.07,1.93,8.5
2011-12-29,0.07,1.91,8.5
2011-12-30,0.07,1.89,8.5
2012-01-01,0.08,,8.3
2012-01-02,0.08,,8.3
2012-01-03,0.08,1.97,8.3
2012-01-04,0.08,2.0,8.3
2012-01-05,0.08,2.02,8.3
2012-01-06,0.08,1.98,8.3
2012-01-09,0.08,1.98,8.3
2012-01-10,0.08,2.0,8.3
2012-01-11,0.08,1.93,8.3
2012-01-12,0.08,1.94,8.3
2012-01-13,0.08,1.89,8.3
2012-01-16,0.08,,8.3
2012-01-17,0.08,1.87,8.3
2012-01-18,0.08,1.92,8.3
2012-01-19,0.08,2.01,8.3
2012-01-20,0.08,2.05,8.3
2012-01-23,0.08,2.09,8.3
2012-01-24,0.08,2.08,8.3
2012-01-25,0.08,2.01,8.3
2012-01-26,0.08,1.96,8.3
2012-01-27,0.08,1.93,8.3
2012-01-30,0.08,1.87,8.3
2012-01-31,0.08,1.83,8.3
2012-02-01,0.1,1.87,8.3
2012-02-02,0.1,1.86,8.3
2012-02-03,0.1,1.97,8.3
2012-02-06,0.1,1.93,8.3
2012-02-07,0.1,2.0,8.3
2012-02-08,0.1,2.01,8.3
2012-02-09,0.1,2.04,8.3
2012-02-10,0.1,1.96,8.3
2012-02-13,0.1,1.99,8.3
2012-02-14,0.1,1.92,8.3
2012-02-15,0.1,1.93,8.3
2012-02-16,0.1,1.99,8.3
2012-02-17,0.1,2.01,8.3
2012-02-20,0.1,,8.3
2012-02-21,0.1,2.05,8.3
2012-02-22,0.1,2.01,8.3
2012-02-23,0.1,1.99,8.3
2012-02-24,0.1,1.98,8.3
2012-02-27,0.1,1.92,8.3
2012-02-28,0.1,1.94,8.3
2012-02-29,0.1,1.98,8.3
2012-03-01,0.13,2.03,8.2
2012-03-02,0.13,1.99,8.2
2012-03-05,0.13,2.0,8.2
2012-03-06,0.13,1.96,8.2
2012-03-07,0.13,1.98,8.2
2012-03-08,0.13,2.03,8.2
2012-03-09,0.13,2.04,8.2
2012-03-12,0.13,2.04,8.2
2012-03-13,0.13,2.14,8.2
2012-03-14,0.13,2.29,8.2
2012-03-15,0.13,2.29,8.2
2012-03-16,0.13,2.31,8.2
2012-03-19,0.13,2.39,8.2
2012-03-20,0.13,2.38,8.2
2012-03-21,0.13,2.31,8.2
2012-03-22,0.13,2.29,8.2
2012-03-23,0.13,2.25,8.2
2012-03-26,0.13,2.26,8.2
2012-03-27,0.13,2.2,8.2
2012-03-28,0.13,2.21,8.2
2012-03-29,0.13,2.18,8.2
2012-03-30,0.13,2.23,8.2
2012-04-01,0.14,,8.2
2012-04-02,0.14,2.22,8.2
2012-04-03,0.14,2.3,8.2
2012-04-04,0.14,2.25,8.2
2012-04-05,0.14,2.19,8.2
2012-04-06,0.14,2.07,8.2
2012-04-09,0.14,2.06,8.2
2012-04-10,0.14,2.01,8.2
2012-04-11,0.14,2.05,8.2
2012-04-12,0.14,2.08,8.2
2012-04-13,0.14,2.02,8.2
2012-04-16,0.14,2.0,8.2
2012-04-17,0.14,2.03,8.2
2012-04-18,0.14,2.0,8.2
2012-04-19,0.14,1.98,8.2
2012-04-20,0.14,1.99,8.2
2012-04-23,0.14,1.96,8.2
2012-04-24,0.14,2.0,8.2
2012-04-25,0.14,2.01,8.2
2012-04-26,0.14,1.98,8.2
2012-04-27,0.14,1.96,8.2
2012-04-30,0.14,1.95,8.2
2012-05-01,0.16,1.98,8.2
2012-05-02,0.16,1.96,8.2
2012-05-03,0.16,1.96,8.2
2012-05-04,0.16,1.91,8.2
2012-05-07,0.16,1.92,8.2
2012-05-08,0.16,1.88,8.2
2012-05-09,0.16,1.87,8.2
2012-05-10,0.16,1.89,8.2
2012-05-11,0.16,1.84,8.2
2012-05-14,0.16,1.78,8.2
2012-05-15,0.16,1.76,8.2
2012-05-16,0.16,1.76,8.2
2012-05-17,0.16,1.7,8.2
2012-05-18,0.16,1.71,8.2
2012-05-21,0.16,1.75,8.2
2012-05-22,0.16,1.79,8.2
2012-05-23,0.16,1.73,8.2
2012-05-24,0.16,1.77,8.2
2012-05-25,0.16,1.75,8.2
2012-05-28,0.16,,8.2
2012-05-29,0.16,1.74,8.2
2012-05-30,0.16,1.63,8.2
2012-05-31,0.16,1.59,8.2
2012-06-01,0.16,1.47,8.2
2012-06-04,0.16,1.53,8.2
2012-06-05,0.16,1.57,8.2
2012-06-06,0.16,1.66,8.2
2012-06-07,0.16,1.66,8.2
2012-06-08,0.16,1.65,8.2
2012-06-11,0.16,1.6,8.2
2012-06-12,0.16,1.67,8.2
2012-06-13,0.16,1.61,8.2
2012-06-14,0.16,1.64,8.2
2012-06-15,0.16,1.6,8.2
2012-06-18,0.16,1.59,8.2
2012-06-19,0.16,1.64,8.2
2012-06-20,0.16,1.65,8.2
2012-06-21,0.16,1.63,8.2
2012-06-22,0.16,1.69,8.2
2012-06-25,0.16,1.63,8.2
2012-06-26,0.16,1.66,8.2
2012-06-27,0.16,1.65,8.2
2012-06-28,0.16,1.6,8.2
2012-06-29,0.16,1.67,8.2
2012-07-01,0.16,,8.2
2012-07-02,0.16,1.61,8.2
2012-07-03,0.16,1.65,8.2
2012-07-04,0.16,,8.2
2012-07-05,0.16,1.62,8.2
2012-07-06,0.16,1.57,8.2
2012-07-09,0.16,1.53,8.2
2012-07-10,0.16,1.53,8.2
2012-07-11,0.16,1.54,8.2
2012-07-12,0.16,1.5,8.2
2012-07-13,0.16,1.52,8.2
2012-07-16,0.16,1.5,8.2
2012-07-17,0.16,1.53,8.2
2012-07-18,0.16,1.52,8.2
2012-07-19,0.16,1.54,8.2
2012-07-20,0.16,1.49,8.2
2012-07-23,0.16,1.47,8.2
2012-07-24,0.16,1.44,8.2
2012-07-25,0.16,1.43,8.2
2012-07-26,0.16,1.45,8.2
2012-07-27,0.16,1.58,8.2
2012-07-30,0.16,1.53,8.2
2012-07-31,0.16,1.51,8.2
2012-08-01,0.13,1.56,8.1
2012-08-02,0.13,1.51,8.1
2012-08-03,0.13,1.6,8.1
2012-08-06,0.13,1.59,8.1
2012-08-07,0.13,1.66,8.1
2012-08-08,0.13,1.68,8.1
2012-08-09,0.13,1.69,8.1
2012-08-10,0.13,1.65,8.1
2012-08-13,0.13,1.65,8.1
2012-08-14,0.13,1.73,8.1
2012-08-15,0.13,1.8,8.1
2012-08-16,0.13,1.83,8.1
2012-08-17,0.13,1.81,8.1
2012-08-20,0.13,1.82,8.1
2012-08-21,0.13,1.8,8.1
2012-08-22,0.13,1.71,8.1
2012-08-23,0.13,1.68,8.1
2012-08-24,0.13,1.68,8.1
2012-08-27,0.13,1.65,8.1
2012-08-28,0.13,1.64,8.1
2012-08-29,0.13,1.66,8.1
2012-08-30,0.13,1.63,8.1
2012-08-31,0.13,1.57,8.1
2012-09-01,0.14,,7.8
2012-09-03,0.14,,7.8
2012-09-04,0.14,1.59,7.8
2012-09-05,0.14,1.6,7.8
2012-09-06,0.14,1.68,7.8
2012-09-07,0.14,1.67,7.8
2012-09-10,0.14,1.68,7.8
2012-09-11,0.14,1.7,7.8
2012-09-12,0.14,1.77,7.8
2012-09-13,0.14,1.75,7.8
2012-09-14,0.14,1.88,7.8
2012-09-17,0.14,1.85,7.8
2012-09-18,0.14,1.82,7.8
2012-09-19,0.14,1.79,7.8
2012-09-20,0.14,1.8,7.8
2012-09-21,0.14,1.77,7.8
2012-09-24,0.14,1.74,7.8
2012-09-25,0.14,1.7,7.8
2012-09-26,0.14,1.64,7.8
2012-09-27,0.14,1.66,7.8
2012-09-28,0.14,1.65,7.8
2012-10-01,0.16,1.64,7.8
2012-10-02,0.16,1.64,7.8
2012-10-03,0.16,1.64,7.8
2012-10-04,0.16,1.7,7.8
2012-10-05,0.16,1.75,7.8
2012-10-08,0.16,,7.8
2012-10-09,0.16,1.74,7.8
2012-10-10,0.16,1.72,7.8
2012-10-11,0.16,1.7,7.8
2012-10-12,0.16,1.69,7.8
2012-10-15,0.16,1.7,7.8
2012-10-16,0.16,1.75,7.8
2012-10-17,0.16,1.83,7.8
2012-10-18,0.16,1.86,7.8
2012-10-19,0.16,1.79,7.8
2012-10-22,0.16,1.83,7.8
2012-10-23,0.16,1.79,7.8
2012-10-24,0.16,1.8,7.8
2012-10-25,0.16,1.86,7.8
2012-10-26,0.16,1.78,7.8
2012-10-29,0.16,1.74,7.8
2012-10-30,0.16,,7.8
2012-10-31,0.16,1.72,7.8
2012-11-01,0.16,1.75,7.7
2012-11-02,0.16,1.75,7.7
2012-11-05,0.16,1.72,7.7
2012-11-06,0.16,1.78,7.7
2012-11-07,0.16,1.68,7.7
2012-11-08,0.16,1.62,7.7
2012-11-09,0.16,1.61,7.7
2012-11-12,0.16,,7.7
2012-11-13,0.16,1.59,7.7
2012-11-14,0.16,1.59,7.7
2012-11-15,0.16,1.58,7.7
2012-11-16,0.16,1.58,7.7
2012-11-19,0.16,1.61,7.7
2012-11-20,0.16,1.66,7.7
2012-11-21,0.16,1.69,7.7
2012-11-22,0.16,,7.7
2012-11-23,0.16,1.7,7.7
2012-11-26,0.16,1.66,7.7
2012-11-27,0.16,1.64,7.7
2012-11-28,0.16,1.63,7.7
2012-11-29,0.16,1.62,7.7
2012-11-30,0.16,1.62,7.7
2012-12-01,0.16,,7.9
2012-12-03,0.16,1.63,7.9
2012-12-04,0.16,1.62,7.9
2012-12-05,0.16,1.6,7.9
2012-12-06,0.16,1.59,7.9
2012-12-07,0.16,1.64,7.9
2012-12-10,0.16,1.63,7.9
2012-12-11,0.16,1.66,7.9
2012-12-12,0.16,1.72,7.9
2012-12-13,0.16,1.74,7.9
2012-12-14,0.16,1.72,7.9
2012-12-17,0.16,1.78,7.9
2012-12-18,0.16,1.84,7.9
2012-12-19,0.16,1.82,7.9
2012-12-20,0.16,1.81,7.9
2012-12-21,0.16,1.77,7.9
2012-12-24,0.16,1.79,7.9
2012-12-25,0.16,,7.9
2012-12-26,0.16,1.77,7.9
2012-12-27,0.16,1.74,7.9
2012-12-28,0.16,1.73,7.9
2012-12-31,0.16,1.78,7.9
2013-01-01,0.14,,8.0
2013-01-02,0.14,1.86,8.0
2013-01-03,0.14,1.92,8.0
2013-01-04,0.14,1.93,8.0
2013-01-07,0.14,1.92,8.0
2013-01-08,0.14,1.89,8.0
2013-01-09,0.14,1.88,8.0
2013-01-10,0.14,1.91,8.0
2013-01-11,0.14,1.89,8.0
2013-01-14,0.14,1.89,8.0
2013-01-15,0.14,1.86,8.0
2013-01-16,0.14,1.84,8.0
2013-01-17,0.14,1.89,8.0
2013-01-18,0.14,1.87,8.0
2013-01-21,0.14,,8.0
2013-01-22,0.14,1.86,8.0
2013-01-23,0.14,1.86,8.0
2013-01-24,0.14,1.88,8.0
2013-01-25,0.14,1.98,8.0
2013-01-28,0.14,2.0,8.0
2013-01-29,0.14,2.03,8.0
2013-01-30,0.14,2.03,8.0
2013-01-31,0.14,2.02,8.0
2013-02-01,0.15,2.04,7.7
2013-02-04,0.15,2.0,7.7
2013-02-05,0.15,2.04,7.7
2013-02-06,0.15,2.0,7.7
2013-02-07,0.15,1.99,7.7
2013-02-08,0.15,1.99,7.7
2013-02-11,0.15,1.99,7.7
2013-02-12,0.15,2.02,7.7
2013-02-13,0.15,2.05,7.7
2013-02-14,0.15,2.0,7.7
2013-02-15,0.15,2.01,7.7
2013-02-18,0.15,,7.7
2013-02-19,0.15,2.03,7.7
2013-02-20,0.15,2.02,7.7
2013-02-21,0.15,1.99,7.7
2013-02-22,0.15,1.97,7.7
2013-02-25,0.15,1.88,7.7
2013-02-26,0.15,1.88,7.7
2013-02-27,0.15,1.91,7.7
2013-02-28,0.15,1.89,7.7
2013-03-01,0.14,1.86,7.5
2013-03-04,0.14,1.88,7.5
2013-03-05,0.14,1.9,7.5
2013-03-06,0.14,1.95,7.5
2013-03-07,0.14,2.0,7.5
2013-03-08,0.14,2.06,7.5
2013-03-11,0.14,2.07,7.5
2013-03-12,0.14,2.03,7.5
2013-03-13,0.14,2.04,7.5
2013-03-14,0.14,2.04,7.5
2013-03-15,0.14,2.01,7.5
2013-03-18,0.14,1.96,7.5
2013-03-19,0.14,1.92,7.5
2013-03-20,0.14,1.96,7.5
2013-03-21,0.14,1.95,7.5
2013-03-22,0.14,1.93,7.5
2013-03-25,0.14,1.93,7.5
2013-03-26,0.14,1.92,7.5
2013-03-27,0.14,1.87,7.5
2013-03-28,0.14,1.87,7.5
2013-03-29,0.14,,7.5
2013-04-01,0.15,1.86,7.6
2013-04-02,0.15,1.88,7.6
2013-04-03,0.15,1.83,7.6
2013-04-04,0.15,1.78,7.6
2013-04-05,0.15,1.72,7.6
2013-04-08,0.15,1.76,7.6
2013-04-09,0.15,1.78,7.6
2013-04-10,0.15,1.84,7.6
2013-04-11,0.15,1.82,7.6
2013-04-12,0.15,1.75,7.6
2013-04-15,0.15,1.72,7.6
2013-04-16,0.15,1.75,7.6
2013-04-17,0.15,1.73,7.6
2013-04-18,0.15,1.72,7.6
2013-04-19,0.15,1.73,7.6
2013-04-22,0.15,1.72,7.6
2013-04-23,0.15,1.74,7.6
2013-04-24,0.15,1.73,7.6
2013-04-25,0.15,1.74,7.6
2013-04-26,0.15,1.7,7.6
2013-04-29,0.15,1.7,7.6
2013-04-30,0.15,1.7,7.6
2013-05-01,0.11,1.66,7.5
2013-05-02,0.11,1.66,7.5
2013-05-03,0.11,1.78,7.5
2013-05-06,0.11,1.8,7.5
2013-05-07,0.11,1.82,7.5
2013-05-08,0.11,1.81,7.5
2013-05-09,0.11,1.81,7.5
2013-05-10,0.11,1.9,7.5
2013-05-13,0.11,1.92,7.5
2013-05-14,0.11,1.96,7.5
2013-05-15,0.11,1.94,7.5
2013-05-16,0.11,1.87,7.5
2013-05-17,0.11,1.95,7.5
2013-05-20,0.11,1.97,7.5
2013-05-21,0.11,1.94,7.5
2013-05-22,0.11,2.03,7.5
2013-05-23,0.11,2.02,7.5
2013-05-24,0.11,2.01,7.5
2013-05-27,0.11,,7.5
2013-05-28,0.11,2.15,7.5
2013-05-29,0.11,2.13,7.5
2013-05-30,0.11,2.13,7.5
2013-05-31,0.11,2.16,7.5
2013-06-01,0.09,,7.5
2013-06-03,0.09,2.13,7.5
2013-06-04,0.09,2.14,7.5
2013-06-05,0.09,2.1,7.5
2013-06-06,0.09,2.08,7.5
2013-06-07,0.09,2.17,7.5
2013-06-10,0.09,2.22,7.5
2013-06-11,0.09,2.2,7.5
2013-06-12,0.09,2.25,7.5
2013-06-13,0.09,2.19,7.5
2013-06-14,0.09,2.14,7.5
2013-06-17,0.09,2.19,7.5
2013-06-18,0.09,2.2,7.5
2013-06-19,0.09,2.33,7.5
2013-06-20,0.09,2.41,7.5
2013-06-21,0.09,2.52,7.5
2013-06-24,0.09,2.57,7.5
2013-06-25,0.09,2.6,7.5
2013-06-26,0.09,2.55,7.5
2013-06-27,0.09,2.49,7.5
2013-06-28,0.09,2.52,7.5
2013-07-01,0.09,2.5,7.3
2013-07-02,0.09,2.48,7.3
2013-07-03,0.09,2.52,7.3
2013-07-04,0.09,,7.3
2013-07-05,0.09,2.73,7.3
2013-07-08,0.09,2.65,7.3
2013-07-09,0.09,2.65,7.3
2013-07-10,0.09,2.7,7.3
2013-07-11,0.09,2.6,7.3
2013-07-12,0.09,2.61,7.3
2013-07-15,0.09,2.57,7.3
2013-07-16,0.09,2.55,7.3
2013-07-17,0.09,2.52,7.3
2013-07-18,0.09,2.56,7.3
2013-07-19,0.09,2.5,7.3
2013-07-22,0.09,2.5,7.3
2013-07-23,0.09,2.53,7.3
2013-07-24,0.09,2.61,7.3
2013-07-25,0.09,2.61,7.3
2013-07-26,0.09,2.58,7.3
2013-07-29,0.09,2.61,7.3
2013-07-30,0.09,2.63,7.3
2013-07-31,0.09,2.6,7.3
2013-08-01,0.08,2.74,7.2
2013-08-02,0.08,2.63,7.2
2013-08-05,0.08,2.67,7.2
2013-08-06,0.08,2.67,7.2
2013-08-07,0.08,2.61,7.2
2013-08-08,0.08,2.58,7.2
2013-08-09,0.08,2.57,7.2
2013-08-12,0.08,2.61,7.2
2013-08-13,0.08,2.71,7.2
2013-08-14,0.08,2.71,7.2
2013-08-15,0.08,2.77,7.2
2013-08-16,0.08,2.84,7.2
2013-08-19,0.08,2.88,7.2
2013-08-20,0.08,2.82,7.2
2013-08-21,0.08,2.87,7.2
2013-08-22,0.08,2.9,7.2
2013-08-23,0.08,2.82,7.2
2013-08-26,0.08,2.79,7.2
2013-08-27,0.08,2.72,7.2
2013-08-28,0.08,2.78,7.2
2013-08-29,0.08,2.75,7.2
2013-08-30,0.08,2.78,7.2
2013-09-01,0.08,,7.2
2013-09-02,0.08,,7.2
2013-09-03,0.08,2.86,7.2
2013-09-04,0.08,2.9,7.2
2013-09-05,0.08,2.98,7.2
2013-09-06,0.08,2.94,7.2
2013-09-09,0.08,2.9,7.2
2013-09-10,0.08,2.96,7.2
2013-09-11,0.08,2.93,7.2
2013-09-12,0.08,2.92,7.2
2013-09-13,0.08,2.9,7.2
2013-09-16,0.08,2.88,7.2
2013-09-17,0.08,2.86,7.2
2013-09-18,0.08,2.69,7.2
2013-09-19,0.08,2.76,7.2
2013-09-20,0.08,2.75,7.2
2013-09-23,0.08,2.72,7.2
2013-09-24,0.08,2.67,7.2
2013-09-25,0.08,2.63,7.2
2013-09-26,0.08,2.66,7.2
2013-09-27,0.08,2.64,7.2
2013-09-30,0.08,2.64,7.2
2013-10-01,0.09,2.66,7.2
2013-10-02,0.09,2.63,7.2
2013-10-03,0.09,2.62,7.2
2013-10-04,0.09,2.66,7.2
2013-10-07,0.09,2.65,7.2
2013-10-08,0.09,2.66,7.2
2013-10-09,0.09,2.68,7.2
2013-10-10,0.09,2.71,7.2
2013-10-11,0.09,2.7,7.2
2013-10-14,0.09,,7.2
2013-10-15,0.09,2.75,7.2
2013-10-16,0.09,2.69,7.2
2013-10-17,0.09,2.61,7.2
2013-10-18,0.09,2.6,7.2
2013-10-21,0.09,2.63,7.2
2013-10-22,0.09,2.54,7.2
2013-10-23,0.09,2.51,7.2
2013-10-24,0.09,2.53,7.2
2013-10-25,0.09,2.53,7.2
2013-10-28,0.09,2.54,7.2
2013-10-29,0.09,2.53,7.2
2013-10-30,0.09,2.55,7.2
2013-10-31,0.09,2.57,7.2
2013-11-01,0.08,2.65,6.9
2013-11-04,0.08,2.63,6.9
2013-11-05,0.08,2.69,6.9
2013-11-06,0.08,2.67,6.9
2013-11-07,0.08,2.63,6.9
2013-11-08,0.08,2.77,6.9
2013-11-11,0.08,,6.9
2013-11-12,0.08,2.8,6.9
2013-11-13,0.08,2.75,6.9
2013-11-14,0.08,2.69,6.9
2013-11-15,0.08,2.71,6.9
2013-11-18,0.08,2.67,6.9
2013-11-19,0.08,2.71,6.9
2013-11-20,0.08,2.8,6.9
2013-11-21,0.08,2.79,6.9
2013-11-22,0.08,2.75,6.9
2013-11-25,0.08,2.74,6.9
2013-11-26,0.08,2.71,6.9
2013-11-27,0.08,2.74,6.9
2013-11-28,0.08,,6.9
2013-11-29,0.08,2.75,6.9
2013-12-01,0.09,,6.7
2013-12-02,0.09,2.81,6.7
2013-12-03,0.09,2.79,6.7
2013-12-04,0.09,2.84,6.7
2013-12-05,0.09,2.88,6.7
2013-12-06,0.09,2.88,6.7
2013-12-09,0.09,2.86,6.7
2013-12-10,0.09,2.81,6.7
2013-12-11,0.09,2.86,6.7
2013-12-12,0.09,2.89,6.7
2013-12-13,0.09,2.88,6.7
2013-12-16,0.09,2.89,6.7
2013-12-17,0.09,2.85,6.7
2013-12-18,0.09,2.89,6.7
2013-12-19,0.09,2.94,6.7
2013-12-20,0.09,2.89,6.7
2013-12-23,0.09,2.94,6.7
2013-12-24,0.09,2.99,6.7
2013-12-25,0.09,,6.7
2013-12-26,0.09,3.0,6.7
2013-12-27,0.09,3.02,6.7
2013-12-30,0.09,2.99,6.7
2013-12-31,0.09,3.04,6.7
2014-01-01,0.07,,6.6
2014-01-02,0.07,3.0,6.6
2014-01-03,0.07,3.01,6.6
2014-01-06,0.07,2.98,6.6
2014-01-07,0.07,2.96,6.6
2014-01-08,0.07,3.01,6.6
2014-01-09,0.07,2.97,6.6
2014-01-10,0.07,2.88,6.6
2014-01-13,0.07,2.84,6.6
2014-01-14,0.07,2.88,6.6
2014-01-15,0.07,2.9,6.6
2014-01-16,0.07,2.86,6.6
2014-01-17,0.07,2.84,6.6
2014-01-20,0.07,,6.6
2014-01-21,0.07,2.85,6.6
2014-01-22,0.07,2.87,6.6
2014-01-23,0.07,2.79,6.6
2014-01-24,0.07,2.75,6.6
2014-01-27,0.07,2.78,6.6
2014-01-28,0.07,2.77,6.6
2014-01-29,0.07,2.69,6.6
2014-01-30,0.07,2.72,6.6
2014-01-31,0.07,2.67,6.6
2014-02-01,0.07,,6.7
2014-02-03,0.07,2.61,6.7
2014-02-04,0.07,2.64,6.7
2014-02-05,0.07,2.7,6.7
2014-02-06,0.07,2.73,6.7
2014-02-07,0.07,2.71,6.7
2014-02-10,0.07,2.7,6.7
2014-02-11,0.07,2.75,6.7
2014-02-12,0.07,2.8,6.7
2014-02-13,0.07,2.73,6.7
2014-02-14,0.07,2.75,6.7
2014-02-17,0.07,,6.7
2014-02-18,0.07,2.71,6.7
2014-02-19,0.07,2.73,6.7
2014-02-20,0.07,2.76,6.7
2014-02-21,0.07,2.73,6.7
2014-02-24,0.07,2.75,6.7
2014-02-25,0.07,2.7,6.7
2014-02-26,0.07,2.67,6.7
2014-02-27,0.07,2.65,6.7
2014-02-28,0.07,2.66,6.7
2014-03-01,0.08,,6.7
2014-03-03,0.08,2.6,6.7
2014-03-04,0.08,2.7,6.7
2014-03-05,0.08,2.7,6.7
2014-03-06,0.08,2.74,6.7
2014-03-07,0.08,2.8,6.7
2014-03-10,0.08,2.79,6.7
2014-03-11,0.08,2.77,6.7
2014-03-12,0.08,2.73,6.7
2014-03-13,0.08,2.66,6.7
2014-03-14,0.08,2.65,6.7
2014-03-17,0.08,2.7,6.7
2014-03-18,0.08,2.68,6.7
2014-03-19,0.08,2.78,6.7
2014-03-20,0.08,2.79,6.7
2014-03-21,0.08,2.75,6.7
2014-03-24,0.08,2.74,6.7
2014-03-25,0.08,2.75,6.7
2014-03-26,0.08,2.71,6.7
2014-03-27,0.08,2.69,6.7
2014-03-28,0.08,2.73,6.7
2014-03-31,0.08,2.73,6.7
2014-04-01,0.09,2.77,6.2
2014-04-02,0.09,2.82,6.2
2014-04-03,0.09,2.8,6.2
2014-04-04,0.09,2.74,6.2
2014-04-07,0.09,2.71,6.2
2014-04-08,0.09,2.69,6.2
2014-04-09,0.09,2.71,6.2
2014-04-10,0.09,2.65,6.2
2014-04-11,0.09,2.63,6.2
2014-04-14,0.09,2.65,6.2
2014-04-15,0.09,2.64,6.2
2014-04-16,0.09,2.65,6.2
2014-04-17,0.09,2.73,6.2
2014-04-18,0.09,,6.2
2014-04-21,0.09,2.73,6.2
2014-04-22,0.09,2.73,6.2
2014-04-23,0.09,2.7,6.2
2014-04-24,0.09,2.7,6.2
2014-04-25,0.09,2.68,6.2
2014-04-28,0.09,2.7,6.2
2014-04-29,0.09,2.71,6.2
2014-04-30,0.09,2.67,6.2
2014-05-01,0.09,2.63,6.3
2014-05-02,0.09,2.6,6.3
2014-05-05,0.09,2.63,6.3
2014-05-06,0.09,2.61,6.3
2014-05-07,0.09,2.62,6.3
2014-05-08,0.09,2.61,6.3
2014-05-09,0.09,2.62,6.3
2014-05-12,0.09,2.66,6.3
2014-05-13,0.09,2.61,6.3
2014-05-14,0.09,2.54,6.3
2014-05-15,0.09,2.5,6.3
2014-05-16,0.09,2.52,6.3
2014-05-19,0.09,2.54,6.3
2014-05-20,0.09,2.52,6.3
2014-05-21,0.09,2.54,6.3
2014-05-22,0.09,2.56,6.3
2014-05-23,0.09,2.54,6.3
2014-05-26,0.09,,6.3
2014-05-27,0.09,2.52,6.3
2014-05-28,0.09,2.44,6.3
2014-05-29,0.09,2.45,6.3
2014-05-30,0.09,2.48,6.3
2014-06-01,0.1,,6.1
2014-06-02,0.1,2.54,6.1
2014-06-03,0.1,2.6,6.1
2014-06-04,0.1,2.61,6.1
2014-06-05,0.1,2.59,6.1
2014-06-06,0.1,2.6,6.1
2014-06-09,0.1,2.62,6.1
2014-06-10,0.1,2.64,6.1
2014-06-11,0.1,2.65,6.1
2014-06-12,0.1,2.58,6.1
2014-06-13,0.1,2.6,6.1
2014-06-16,0.1,2.61,6.1
2014-06-17,0.1,2.66,6.1
2014-06-18,0.1,2.61,6.1
2014-06-19,0.1,2.64,6.1
2014-06-20,0.1,2.63,6.1
2014-06-23,0.1,2.63,6.1
2014-06-24,0.1,2.59,6.1
2014-06-25,0.1,2.57,6.1
2014-06-26,0.1,2.53,6.1
2014-06-27,0.1,2.54,6.1
2014-06-30,0.1,2.53,6.1
2014-07-01,0.09,2.58,6.2
2014-07-02,0.09,2.64,6.2
2014-07-03,0.09,2.65,6.2
2014-07-04,0.09,,6.2
2014-07-07,0.09,2.63,6.2
2014-07-08,0.09,2.58,6.2
2014-07-09,0.09,2.57,6.2
2014-07-10,0.09,2.55,6.2
2014-07-11,0.09,2.53,6.2
2014-07-14,0.09,2.55,6.2
2014-07-15,0.09,2.56,6.2
2014-07-16,0.09,2.55,6.2
2014-07-17,0.09,2.47,6.2
2014-07-18,0.09,2.5,6.2
2014-07-21,0.09,2.49,6.2
2014-07-22,0.09,2.48,6.2
2014-07-23,0.09,2.48,6.2
2014-07-24,0.09,2.52,6.2
2014-07-25,0.09,2.48,6.2
2014-07-28,0.09,2.5,6.2
2014-07-29,0.09,2.47,6.2
2014-07-30,0.09,2.57,6.2
2014-07-31,0.09,2.58,6.2
2014-08-01,0.09,2.52,6.1
2014-08-04,0.09,2.51,6.1
2014-08-05,0.09,2.49,6.1
2014-08-06,0.09,2.49,6.1
2014-08-07,0.09,2.43,6.1
2014-08-08,0.09,2.44,6.1
2014-08-11,0.09,2.44,6.1
2014-08-12,0.09,2.46,6.1
2014-08-13,0.09,2.43,6.1
2014-08-14,0.09,2.4,6.1
2014-08-15,0.09,2.34,6.1
2014-08-18,0.09,2.39,6.1
2014-08-19,0.09,2.4,6.1
2014-08-20,0.09,2.43,6.1
2014-08-21,0.09,2.41,6.1
2014-08-22,0.09,2.4,6.1
2014-08-25,0.09,2.39,6.1
2014-08-26,0.09,2.39,6.1
2014-08-27,0.09,2.37,6.1
2014-08-28,0.09,2.34,6.1
2014-08-29,0.09,2.35,6.1
2014-09-01,0.09,,5.9
2014-09-02,0.09,2.42,5.9
2014-09-03,0.09,2.41,5.9
2014-09-04,0.09,2.45,5.9
2014-09-05,0.09,2.46,5.9
2014-09-08,0.09,2.48,5.9
2014-09-09,0.09,2.5,5.9
2014-09-10,0.09,2.54,5.9
2014-09-11,0.09,2.54,5.9
2014-09-12,0.09,2.62,5.9
2014-09-15,0.09,2.6,5.9
2014-09-16,0.09,2.6,5.9
2014-09-17,0.09,2.62,5.9
2014-09-18,0.09,2.63,5.9
2014-09-19,0.09,2.59,5.9
2014-09-22,0.09,2.57,5.9
2014-09-23,0.09,2.54,5.9
2014-09-24,0.09,2.57,5.9
2014-09-25,0.09,2.52,5.9
2014-09-26,0.09,2.54,5.9
2014-09-29,0.09,2.5,5.9
2014-09-30,0.09,2.52,5.9
2014-10-01,0.09,2.42,5.7
2014-10-02,0.09,2.44,5.7
2014-10-03,0.09,2.45,5.7
2014-10-06,0.09,2.43,5.7
2014-10-07,0.09,2.36,5.7
2014-10-08,0.09,2.35,5.7
2014-10-09,0.09,2.34,5.7
2014-10-10,0.09,2.31,5.7
2014-10-13,0.09,,5.7
2014-10-14,0.09,2.21,5.7
2014-10-15,0.09,2.15,5.7
2014-10-16,0.09,2.17,5.7
2014-10-17,0.09,2.22,5.7
2014-10-20,0.09,2.2,5.7
2014-10-21,0.09,2.23,5.7
2014-10-22,0.09,2.25,5.7
2014-10-23,0.09,2.29,5.7
2014-10-24,0.09,2.29,5.7
2014-10-27,0.09,2.27,5.7
2014-10-28,0.09,2.3,5.7
2014-10-29,0.09,2.34,5.7
2014-10-30,0.09,2.32,5.7
2014-10-31,0.09,2.35,5.7
2014-11-01,0.09,,5.8
2014-11-03,0.09,2.36,5.8
2014-11-04,0.09,2.35,5.8
2014-11-05,0.09,2.36,5.8
2014-11-06,0.09,2.39,5.8
2014-11-07,0.09,2.32,5.8
2014-11-10,0.09,2.38,5.8
2014-11-11,0.09,,5.8
2014-11-12,0.09,2.37,5.8
2014-11-13,0.09,2.35,5.8
2014-11-14,0.09,2.32,5.8
2014-11-17,0.09,2.34,5.8
2014-11-18,0.09,2.32,5.8
2014-11-19,0.09,2.36,5.8
2014-11-20,0.09,2.34,5.8
2014-11-21,0.09,2.31,5.8
2014-11-24,0.09,2.3,5.8
2014-11-25,0.09,2.27,5.8
2014-11-26,0.09,2.24,5.8
2014-11-27,0.09,,5.8
2014-11-28,0.09,2.18,5.8
2014-12-01,0.12,2.22,5.6
2014-12-02,0.12,2.28,5.6
2014-12-03,0.12,2.29,5.6
2014-12-04,0.12,2.25,5.6
2014-12-05,0.12,2.31,5.6
2014-12-08,0.12,2.26,5.6
2014-12-09,0.12,2.22,5.6
2014-12-10,0.12,2.18,5.6
2014-12-11,0.12,2.19,5.6
2014-12-12,0.12,2.1,5.6
2014-12-15,0.12,2.12,5.6
2014-12-16,0.12,2.07,5.6
2014-12-17,0.12,2.14,5.6
2014-12-18,0.12,2.22,5.6
2014-12-19,0.12,2.17,5.6
2014-12-22,0.12,2.17,5.6
2014-12-23,0.12,2.26,5.6
2014-12-24,0.12,2.27,5.6
2014-12-25,0.12,,5.6
2014-12-26,0.12,2.25,5.6
2014-12-29,0.12,2.22,5.6
2014-12-30,0.12,2.2,5.6
2014-12-31,0.12,2.17,5.6
2015-01-01,0.11,,5.7
2015-01-02,0.11,2.12,5.7
2015-01-05,0.11,2.04,5.7
2015-01-06,0.11,1.97,5.7
2015-01-07,0.11,1.96,5.7
2015-01-08,0.11,2.03,5.7
2015-01-09,0.11,1.98,5.7
2015-01-12,0.11,1.92,5.7
2015-01-13,0.11,1.91,5.7
2015-01-14,0.11,1.86,5.7
2015-01-15,0.11,1.77,5.7
2015-01-16,0.11,1.83,5.7
2015-01-19,0.11,,5.7
2015-01-20,0.11,1.82,5.7
2015-01-21,0.11,1.87,5.7
2015-01-22,0.11,1.9,5.7
2015-01-23,0.11,1.81,5.7
2015-01-26,0.11,1.83,5.7
2015-01-27,0.11,1.83,5.7
2015-01-28,0.11,1.73,5.7
2015-01-29,0.11,1.77,5.7
2015-01-30,0.11,1.68,5.7
2015-02-01,0.11,,5.5
2015-02-02,0.11,1.68,5.5
2015-02-03,0.11,1.79,5.5
2015-02-04,0.11,1.81,5.5
2015-02-05,0.11,1.83,5.5
2015-02-06,0.11,1.95,5.5
2015-02-09,0.11,1.96,5.5
2015-02-10,0.11,2.01,5.5
2015-02-11,0.11,2.0,5.5
2015-02-12,0.11,1.99,5.5
2015-02-13,0.11,2.02,5.5
2015-02-16,0.11,,5.5
2015-02-17,0.11,2.14,5.5
2015-02-18,0.11,2.07,5.5
2015-02-19,0.11,2.11,5.5
2015-02-20,0.11,2.13,5.5
2015-02-23,0.11,2.06,5.5
2015-02-24,0.11,1.99,5.5
2015-02-25,0.11,1.96,5.5
2015-02-26,0.11,2.03,5.5
2015-02-27,0.11,2.0,5.5
2015-03-01,0.11,,5.4
2015-03-02,0.11,2.08,5.4
2015-03-03,0.11,2.12,5.4
2015-03-04,0.11,2.12,5.4
2015-03-05,0.11,2.11,5.4
2015-03-06,0.11,2.24,5.4
2015-03-09,0.11,2.2,5.4
2015-03-10,0.11,2.14,5.4
2015-03-11,0.11,2.11,5.4
2015-03-12,0.11,2.1,5.4
2015-03-13,0.11,2.13,5.4
2015-03-16,0.11,2.1,5.4
2015-03-17,0.11,2.06,5.4
2015-03-18,0.11,1.93,5.4
2015-03-19,0.11,1.98,5.4
2015-03-20,0.11,1.93,5.4
2015-03-23,0.11,1.92,5.4
2015-03-24,0.11,1.88,5.4
2015-03-25,0.11,1.93,5.4
2015-03-26,0.11,2.01,5.4
2015-03-27,0.11,1.95,5.4
2015-03-30,0.11,1.96,5.4
2015-03-31,0.11,1.94,5.4
2015-04-01,0.12,1.87,5.4
2015-04-02,0.12,1.92,5.4
2015-04-03,0.12,1.85,5.4
2015-04-06,0.12,1.92,5.4
2015-04-07,0.12,1.89,5.4
2015-04-08,0.12,1.92,5.4
2015-04-09,0.12,1.97,5.4
2015-04-10,0.12,1.96,5.4
2015-04-13,0.12,1.94,5.4
2015-04-14,0.12,1.9,5.4
2015-04-15,0.12,1.91,5.4
2015-04-16,0.12,1.9,5.4
2015-04-17,0.12,1.87,5.4
2015-04-20,0.12,1.9,5.4
2015-04-21,0.12,1.92,5.4
2015-04-22,0.12,1.99,5.4
2015-04-23,0.12,1.96,5.4
2015-04-24,0.12,1.93,5.4
2015-04-27,0.12,1.94,5.4
2015-04-28,0.12,2.0,5.4
2015-04-29,0.12,2.06,5.4
2015-04-30,0.12,2.05,5.4
2015-05-01,0.12,2.12,5.6
2015-05-04,0.12,2.16,5.6
2015-05-05,0.12,2.19,5.6
2015-05-06,0.12,2.25,5.6
2015-05-07,0.12,2.18,5.6
2015-05-08,0.12,2.16,5.6
2015-05-11,0.12,2.28,5.6
2015-05-12,0.12,2.28,5.6
2015-05-13,0.12,2.27,5.6
2015-05-14,0.12,2.23,5.6
2015-05-15,0.12,2.14,5.6
2015-05-18,0.12,2.23,5.6
2015-05-19,0.12,2.27,5.6
2015-05-20,0.12,2.26,5.6
2015-05-21,0.12,2.19,5.6
2015-05-22,0.12,2.21,5.6
2015-05-25,0.12,,5.6
2015-05-26,0.12,2.14,5.6
2015-05-27,0.12,2.14,5.6
2015-05-28,0.12,2.13,5.6
2015-05-29,0.12,2.12,5.6
2015-06-01,0.13,2.19,5.3
2015-06-02,0.13,2.27,5.3
2015-06-03,0.13,2.38,5.3
2015-06-04,0.13,2.31,5.3
2015-06-05,0.13,2.41,5.3
2015-06-08,0.13,2.39,5.3
2015-06-09,0.13,2.42,5.3
2015-06-10,0.13,2.5,5.3
2015-06-11,0.13,2.39,5.3
2015-06-12,0.13,2.39,5.3
2015-06-15,0.13,2.36,5.3
2015-06-16,0.13,2.32,5.3
2015-06-17,0.13,2.32,5.3
2015-06-18,0.13,2.35,5.3
2015-06-19,0.13,2.26,5.3
2015-06-22,0.13,2.37,5.3
2015-06-23,0.13,2.42,5.3
2015-06-24,0.13,2.38,5.3
2015-06-25,0.13,2.4,5.3
2015-06-26,0.13,2.49,5.3
2015-06-29,0.13,2.33,5.3
2015-06-30,0.13,2.35,5.3
2015-07-01,0.13,2.43,5.2
2015-07-02,0.13,2.4,5.2
2015-07-03,0.13,,5.2
2015-07-06,0.13,2.3,5.2
2015-07-07,0.13,2.27,5.2
2015-07-08,0.13,2.22,5.2
2015-07-09,0.13,2.32,5.2
2015-07-10,0.13,2.42,5.2
2015-07-13,0.13,2.44,5.2
2015-07-14,0.13,2.41,5.2
2015-07-15,0.13,2.36,5.2
2015-07-16,0.13,2.36,5.2
2015-07-17,0.13,2.34,5.2
2015-07-20,0.13,2.38,5.2
2015-07-21,0.13,2.35,5.2
2015-07-22,0.13,2.33,5.2
2015-07-23,0.13,2.28,5.2
2015-07-24,0.13,2.27,5.2
2015-07-27,0.13,2.23,5.2
2015-07-28,0.13,2.26,5.2
2015-07-29,0.13,2.29,5.2
2015-07-30,0.13,2.28,5.2
2015-07-31,0.13,2.2,5.2
2015-08-01,0.14,,5.1
2015-08-03,0.14,2.16,5.1
2015-08-04,0.14,2.23,5.1
2015-08-05,0.14,2.28,5.1
2015-08-06,0.14,2.23,5.1
2015-08-07,0.14,2.18,5.1
2015-08-10,0.14,2.24,5.1
2015-08-11,0.14,2.15,5.1
2015-08-12,0.14,2.14,5.1
2015-08-13,0.14,2.19,5.1
2015-08-14,0.14,2.2,5.1
2015-08-17,0.14,2.16,5.1
2015-08-18,0.14,2.2,5.1
2015-08-19,0.14,2.12,5.1
2015-08-20,0.14,2.09,5.1
2015-08-21,0.14,2.05,5.1
2015-08-24,0.14,2.01,5.1
2015-08-25,0.14,2.12,5.1
2015-08-26,0.14,2.18,5.1
2015-08-27,0.14,2.18,5.1
2015-08-28,0.14,2.19,5.1
2015-08-31,0.14,2.21,5.1
2015-09-01,0.14,2.17,5.0
2015-09-02,0.14,2.2,5.0
2015-09-03,0.14,2.18,5.0
2015-09-04,0.14,2.13,5.0
2015-09-07,0.14,,5.0
2015-09-08,0.14,2.2,5.0
2015-09-09,0.14,2.21,5.0
2015-09-10,0.14,2.23,5.0
2015-09-11,0.14,2.2,5.0
2015-09-14,0.14,2.18,5.0
2015-09-15,0.14,2.28,5.0
2015-09-16,0.14,2.3,5.0
2015-09-17,0.14,2.21,5.0
2015-09-18,0.14,2.13,5.0
2015-09-21,0.14,2.2,5.0
2015-09-22,0.14,2.14,5.0
2015-09-23,0.14,2.16,5.0
2015-09-24,0.14,2.13,5.0
2015-09-25,0.14,2.17,5.0
2015-09-28,0.14,2.1,5.0
2015-09-29,0.14,2.05,5.0
2015-09-30,0.14,2.06,5.0
2015-10-01,0.12,2.05,5.0
2015-10-02,0.12,1.99,5.0
2015-10-05,0.12,2.07,5.0
2015-10-06,0.12,2.05,5.0
2015-10-07,0.12,2.08,5.0
2015-10-08,0.12,2.12,5.0
2015-10-09,0.12,2.12,5.0
2015-10-12,0.12,,5.0
2015-10-13,0.12,2.06,5.0
2015-10-14,0.12,1.99,5.0
2015-10-15,0.12,2.04,5.0
2015-10-16,0.12,2.04,5.0
2015-10-19,0.12,2.04,5.0
2015-10-20,0.12,2.08,5.0
2015-10-21,0.12,2.04,5.0
2015-10-22,0.12,2.04,5.0
2015-10-23,0.12,2.09,5.0
2015-10-26,0.12,2.07,5.0
2015-10-27,0.12,2.05,5.0
2015-10-28,0.12,2.1,5.0
2015-10-29,0.12,2.19,5.0
2015-10-30,0.12,2.16,5.0
2015-11-01,0.12,,5.1
2015-11-02,0.12,2.2,5.1
2015-11-03,0.12,2.23,5.1
2015-11-04,0.12,2.25,5.1
2015-11-05,0.12,2.26,5.1
2015-11-06,0.12,2.34,5.1
2015-11-09,0.12,2.36,5.1
2015-11-10,0.12,2.32,5.1
2015-11-11,0.12,,5.1
2015-11-12,0.12,2.32,5.1
2015-11-13,0.12,2.28,5.1
2015-11-16,0.12,2.27,5.1
2015-11-17,0.12,2.25,5.1
2015-11-18,0.12,2.27,5.1
2015-11-19,0.12,2.24,5.1
2015-11-20,0.12,2.26,5.1
2015-11-23,0.12,2.25,5.1
2015-11-24,0.12,2.24,5.1
2015-11-25,0.12,2.23,5.1
2015-11-26,0.12,,5.1
2015-11-27,0.12,2.22,5.1
2015-11-30,0.12,2.21,5.1
2015-12-01,0.24,2.15,5.0
2015-12-02,0.24,2.18,5.0
2015-12-03,0.24,2.33,5.0
2015-12-04,0.24,2.28,5.0
2015-12-07,0.24,2.23,5.0
2015-12-08,0.24,2.24,5.0
2015-12-09,0.24,2.22,5.0
2015-12-10,0.24,2.24,5.0
2015-12-11,0.24,2.13,5.0
2015-12-14,0.24,2.23,5.0
2015-12-15,0.24,2.28,5.0
2015-12-16,0.24,2.3,5.0
2015-12-17,0.24,2.24,5.0
2015-12-18,0.24,2.19,5.0
2015-12-21,0.24,2.2,5.0
2015-12-22,0.24,2.24,5.0
2015-12-23,0.24,2.27,5.0
2015-12-24,0.24,2.25,5.0
2015-12-25,0.24,,5.0
2015-12-28,0.24,2.24,5.0
2015-12-29,0.24,2.32,5.0
2015-12-30,0.24,2.31,5.0
2015-12-31,0.24,2.27,5.0
2016-01-01,0.34,,4.8
2016-01-04,0.34,2.24,4.8
2016-01-05,0.34,2.25,4.8
2016-01-06,0.34,2.18,4.8
2016-01-07,0.34,2.16,4.8
2016-01-08,0.34,2.13,4.8
2016-01-11,0.34,2.17,4.8
2016-01-12,0.34,2.12,4.8
2016-01-13,0.34,2.08,4.8
2016-01-14,0.34,2.1,4.8
2016-01-15,0.34,2.03,4.8
2016-01-18,0.34,,4.8
2016-01-19,0.34,2.06,4.8
2016-01-20,0.34,2.01,4.8
2016-01-21,0.34,2.02,4.8
2016-01-22,0.34,2.07,4.8
2016-01-25,0.34,2.03,4.8
2016-01-26,0.34,2.01,4.8
2016-01-27,0.34,2.02,4.8
2016-01-28,0.34,2.0,4.8
2016-01-29,0.34,1.94,4.8
2016-02-01,0.38,1.97,4.9
2016-02-02,0.38,1.87,4.9
2016-02-03,0.38,1.88,4.9
2016-02-04,0.38,1.87,4.9
2016-02-05,0.38,1.86,4.9
2016-02-08,0.38,1.75,4.9
2016-02-09,0.38,1.74,4.9
2016-02-10,0.38,1.71,4.9
2016-02-11,0.38,1.63,4.9
2016-02-12,0.38,1.74,4.9
2016-02-15,0.38,,4.9
2016-02-16,0.38,1.78,4.9
2016-02-17,0.38,1.81,4.9
2016-02-18,0.38,1.75,4.9
2016-02-19,0.38,1.76,4.9
2016-02-22,0.38,1.77,4.9
2016-02-23,0.38,1.74,4.9
2016-02-24,0.38,1.75,4.9
2016-02-25,0.38,1.71,4.9
2016-02-26,0.38,1.76,4.9
2016-02-29,0.38,1.74,4.9
2016-03-01,0.36,1.83,5.0
2016-03-02,0.36,1.84,5.0
2016-03-03,0.36,1.83,5.0
2016-03-04,0.36,1.88,5.0
2016-03-07,0.36,1.91,5.0
2016-03-08,0.36,1.83,5.0
2016-03-09,0.36,1.9,5.0
2016-03-10,0.36,1.93,5.0
2016-03-11,0.36,1.98,5.0
2016-03-14,0.36,1.97,5.0
2016-03-15,0.36,1.97,5.0
2016-03-16,0.36,1.94,5.0
2016-03-17,0.36,1.91,5.0
2016-03-18,0.36,1.88,5.0
2016-03-21,0.36,1.92,5.0
2016-03-22,0.36,1.94,5.0
2016-03-23,0.36,1.88,5.0
2016-03-24,0.36,1.91,5.0
2016-03-25,0.36,,5.0
2016-03-28,0.36,1.89,5.0
2016-03-29,0.36,1.81,5.0
2016-03-30,0.36,1.83,5.0
2016-03-31,0.36,1.78,5.0
2016-04-01,0.37,1.79,5.1
2016-04-04,0.37,1.78,5.1
2016-04-05,0.37,1.73,5.1
2016-04-06,0.37,1.76,5.1
2016-04-07,0.37,1.7,5.1
2016-04-08,0.37,1.72,5.1
2016-04-11,0.37,1.73,5.1
2016-04-12,0.37,1.79,5.1
2016-04-13,0.37,1.77,5.1
2016-04-14,0.37,1.8,5.1
2016-04-15,0.37,1.76,5.1
2016-04-18,0.37,1.78,5.1
2016-04-19,0.37,1.79,5.1
2016-04-20,0.37,1.85,5.1
2016-04-21,0.37,1.88,5.1
2016-04-22,0.37,1.89,5.1
2016-04-25,0.37,1.91,5.1
2016-04-26,0.37,1.94,5.1
2016-04-27,0.37,1.87,5.1
2016-04-28,0.37,1.84,5.1
2016-04-29,0.37,1.83,5.1
2016-05-01,0.37,,4.8
2016-05-02,0.37,1.88,4.8
2016-05-03,0.37,1.81,4.8
2016-05-04,0.37,1.79,4.8
2016-05-05,0.37,1.76,4.8
2016-05-06,0.37,1.79,4.8
2016-05-09,0.37,1.77,4.8
2016-05-10,0.37,1.77,4.8
2016-05-11,0.37,1.73,4.8
2016-05-12,0.37,1.75,4.8
2016-05-13,0.37,1.71,4.8
2016-05-16,0.37,1.75,4.8
2016-05-17,0.37,1.76,4.8
2016-05-18,0.37,1.87,4.8
2016-05-19,0.37,1.85,4.8
2016-05-20,0.37,1.85,4.8
2016-05-23,0.37,1.84,4.8
2016-05-24,0.37,1.86,4.8
2016-05-25,0.37,1.87,4.8
2016-05-26,0.37,1.83,4.8
2016-05-27,0.37,1.85,4.8
2016-05-30,0.37,,4.8
2016-05-31,0.37,1.84,4.8
2016-06-01,0.38,1.85,4.9
2016-06-02,0.38,1.81,4.9
2016-06-03,0.38,1.71,4.9
2016-06-06,0.38,1.73,4.9
2016-06-07,0.38,1.72,4.9
2016-06-08,0.38,1.71,4.9
2016-06-09,0.38,1.68,4.9
2016-06-10,0.38,1.64,4.9
2016-06-13,0.38,1.62,4.9
2016-06-14,0.38,1.62,4.9
2016-06-15,0.38,1.6,4.9
2016-06-16,0.38,1.57,4.9
2016-06-17,0.38,1.62,4.9
2016-06-20,0.38,1.67,4.9
2016-06-21,0.38,1.71,4.9
2016-06-22,0.38,1.69,4.9
2016-06-23,0.38,1.74,4.9
2016-06-24,0.38,1.57,4.9
2016-06-27,0.38,1.46,4.9
2016-06-28,0.38,1.46,4.9
2016-06-29,0.38,1.5,4.9
2016-06-30,0.38,1.49,4.9
2016-07-01,0.39,1.46,4.8
2016-07-04,0.39,,4.8
2016-07-05,0.39,1.37,4.8
2016-07-06,0.39,1.38,4.8
2016-07-07,0.39,1.4,4.8
2016-07-08,0.39,1.37,4.8
2016-07-11,0.39,1.43,4.8
2016-07-12,0.39,1.53,4.8
2016-07-13,0.39,1.48,4.8
2016-07-14,0.39,1.53,4.8
2016-07-15,0.39,1.6,4.8
2016-07-18,0.39,1.59,4.8
2016-07-19,0.39,1.56,4.8
2016-07-20,0.39,1.59,4.8
2016-07-21,0.39,1.57,4.8
2016-07-22,0.39,1.57,4.8
2016-07-25,0.39,1.58,4.8
2016-07-26,0.39,1.57,4.8
2016-07-27,0.39,1.52,4.8
2016-07-28,0.39,1.52,4.8
2016-07-29,0.39,1.46,4.8
2016-08-01,0.4,1.51,4.9
2016-08-02,0.4,1.55,4.9
2016-08-03,0.4,1.55,4.9
2016-08-04,0.4,1.51,4.9
2016-08-05,0.4,1.59,4.9
2016-08-08,0.4,1.59,4.9
2016-08-09,0.4,1.55,4.9
2016-08-10,0.4,1.5,4.9
2016-08-11,0.4,1.57,4.9
2016-08-12,0.4,1.51,4.9
2016-08-15,0.4,1.55,4.9
2016-08-16,0.4,1.57,4.9
2016-08-17,0.4,1.56,4.9
2016-08-18,0.4,1.53,4.9
2016-08-19,0.4,1.58,4.9
2016-08-22,0.4,1.55,4.9
2016-08-23,0.4,1.55,4.9
2016-08-24,0.4,1.56,4.9
2016-08-25,0.4,1.58,4.9
2016-08-26,0.4,1.62,4.9
2016-08-29,0.4,1.57,4.9
2016-08-30,0.4,1.57,4.9
2016-08-31,0.4,1.58,4.9
2016-09-01,0.4,1.57,5.0
2016-09-02,0.4,1.6,5.0
2016-09-05,0.4,,5.0
2016-09-06,0.4,1.55,5.0
2016-09-07,0.4,1.54,5.0
2016-09-08,0.4,1.61,5.0
2016-09-09,0.4,1.67,5.0
2016-09-12,0.4,1.68,5.0
2016-09-13,0.4,1.73,5.0
2016-09-14,0.4,1.7,5.0
2016-09-15,0.4,1.71,5.0
2016-09-16,0.4,1.7,5.0
2016-09-19,0.4,1.7,5.0
2016-09-20,0.4,1.69,5.0
2016-09-21,0.4,1.66,5.0
2016-09-22,0.4,1.63,5.0
2016-09-23,0.4,1.62,5.0
2016-09-26,0.4,1.59,5.0
2016-09-27,0.4,1.56,5.0
2016-09-28,0.4,1.57,5.0
2016-09-29,0.4,1.56,5.0
2016-09-30,0.4,1.6,5.0
2016-10-01,0.4,,4.9
2016-10-03,0.4,1.63,4.9
2016-10-04,0.4,1.69,4.9
2016-10-05,0.4,1.72,4.9
2016-10-06,0.4,1.75,4.9
2016-10-07,0.4,1.73,4.9
2016-10-10,0.4,,4.9
2016-10-11,0.4,1.77,4.9
2016-10-12,0.4,1.79,4.9
2016-10-13,0.4,1.75,4.9
2016-10-14,0.4,1.8,4.9
2016-10-17,0.4,1.77,4.9
2016-10-18,0.4,1.75,4.9
2016-10-19,0.4,1.76,4.9
2016-10-20,0.4,1.76,4.9
2016-10-21,0.4,1.74,4.9
2016-10-24,0.4,1.77,4.9
2016-10-25,0.4,1.77,4.9
2016-10-26,0.4,1.79,4.9
2016-10-27,0.4,1.85,4.9
2016-10-28,0.4,1.86,4.9
2016-10-31,0.4,1.84,4.9
2016-11-01,0.41,1.83,4.7
2016-11-02,0.41,1.81,4.7
2016-11-03,0.41,1.82,4.7
2016-11-04,0.41,1.79,4.7
2016-11-07,0.41,1.83,4.7
2016-11-08,0.41,1.88,4.7
2016-11-09,0.41,2.07,4.7
2016-11-10,0.41,2.15,4.7
2016-11-11,0.41,,4.7
2016-11-14,0.41,2.23,4.7
2016-11-15,0.41,2.23,4.7
2016-11-16,0.41,2.22,4.7
2016-11-17,0.41,2.29,4.7
2016-11-18,0.41,2.34,4.7
2016-11-21,0.41,2.33,4.7
2016-11-22,0.41,2.31,4.7
2016-11-23,0.41,2.36,4.7
2016-11-24,0.41,,4.7
2016-11-25,0.41,2.36,4.7
2016-11-28,0.41,2.32,4.7
2016-11-29,0.41,2.3,4.7
2016-11-30,0.41,2.37,4.7
2016-12-01,0.54,2.45,4.7
2016-12-02,0.54,2.4,4.7
2016-12-05,0.54,2.39,4.7
2016-12-06,0.54,2.39,4.7
2016-12-07,0.54,2.34,4.7
2016-12-08,0.54,2.4,4.7
2016-12-09,0.54,2.47,4.7
2016-12-12,0.54,2.49,4.7
2016-12-13,0.54,2.48,4.7
2016-12-14,0.54,2.54,4.7
2016-12-15,0.54,2.6,4.7
2016-12-16,0.54,2.6,4.7
2016-12-19,0.54,2.54,4.7
2016-12-20,0.54,2.57,4.7
2016-12-21,0.54,2.55,4.7
2016-12-22,0.54,2.55,4.7
2016-12-23,0.54,2.55,4.7
2016-12-26,0.54,,4.7
2016-12-27,0.54,2.57,4.7
2016-12-28,0.54,2.51,4.7
2016-12-29,0.54,2.49,4.7
2016-12-30,0.54,2.45,4.7
2017-01-01,0.65,,4.7
2017-01-02,0.65,,4.7
2017-01-03,0.65,2.45,4.7
2017-01-04,0.65,2.46,4.7
2017-01-05,0.65,2.37,4.7
2017-01-06,0.65,2.42,4.7
2017-01-09,0.65,2.38,4.7
2017-01-10,0.65,2.38,4.7
2017-01-11,0.65,2.38,4.7
2017-01-12,0.65,2.36,4.7
2017-01-13,0.65,2.4,4.7
2017-01-16,0.65,,4.7
2017-01-17,0.65,2.33,4.7
2017-01-18,0.65,2.42,4.7
2017-01-19,0.65,2.47,4.7
2017-01-20,0.65,2.48,4.7
2017-01-23,0.65,2.41,4.7
2017-01-24,0.65,2.47,4.7
2017-01-25,0.65,2.53,4.7
2017-01-26,0.65,2.51,4.7
2017-01-27,0.65,2.49,4.7
2017-01-30,0.65,2.49,4.7
2017-01-31,0.65,2.45,4.7
2017-02-01,0.66,2.48,4.6
2017-02-02,0.66,2.48,4.6
2017-02-03,0.66,2.49,4.6
2017-02-06,0.66,2.42,4.6
2017-02-07,0.66,2.4,4.6
2017-02-08,0.66,2.34,4.6
2017-02-09,0.66,2.4,4.6
2017-02-10,0.66,2.41,4.6
2017-02-13,0.66,2.43,4.6
2017-02-14,0.66,2.47,4.6
2017-02-15,0.66,2.51,4.6
2017-02-16,0.66,2.45,4.6
2017-02-17,0.66,2.42,4.6
2017-02-20,0.66,,4.6
2017-02-21,0.66,2.43,4.6
2017-02-22,0.66,2.42,4.6
2017-02-23,0.66,2.38,4.6
2017-02-24,0.66,2.31,4.6
2017-02-27,0.66,2.36,4.6
2017-02-28,0.66,2.36,4.6
2017-03-01,0.79,2.46,4.4
2017-03-02,0.79,2.49,4.4
2017-03-03,0.79,2.49,4.4
2017-03-06,0.79,2.49,4.4
2017-03-07,0.79,2.52,4.4
2017-03-08,0.79,2.57,4.4
2017-03-09,0.79,2.6,4.4
2017-03-10,0.79,2.58,4.4
2017-03-13,0.79,2.62,4.4
2017-03-14,0.79,2.6,4.4
2017-03-15,0.79,2.51,4.4
2017-03-16,0.79,2.53,4.4
2017-03-17,0.79,2.5,4.4
2017-03-20,0.79,2.47,4.4
2017-03-21,0.79,2.43,4.4
2017-03-22,0.79,2.4,4.4
2017-03-23,0.79,2.41,4.4
2017-03-24,0.79,2.4,4.4
2017-03-27,0.79,2.38,4.4
2017-03-28,0.79,2.42,4.4
2017-03-29,0.79,2.39,4.4
2017-03-30,0.79,2.42,4.4
2017-03-31,0.79,2.4,4.4
2017-04-01,0.9,,4.4
2017-04-03,0.9,2.35,4.4
2017-04-04,0.9,2.36,4.4
2017-04-05,0.9,2.34,4.4
2017-04-06,0.9,2.34,4.4
2017-04-07,0.9,2.38,4.4
2017-04-10,0.9,2.37,4.4
2017-04-11,0.9,2.32,4.4
2017-04-12,0.9,2.28,4.4
2017-04-13,0.9,2.24,4.4
2017-04-14,0.9,,4.4
2017-04-17,0.9,2.26,4.4
2017-04-18,0.9,2.18,4.4
2017-04-19,0.9,2.21,4.4
2017-04-20,0.9,2.24,4.4
2017-04-21,0.9,2.24,4.4
2017-04-24,0.9,2.28,4.4
2017-04-25,0.9,2.35,4.4
2017-04-26,0.9,2.32,4.4
2017-04-27,0.9,2.3,4.4
2017-04-28,0.9,2.29,4.4
2017-05-01,0.91,2.33,4.4
2017-05-02,0.91,2.29,4.4
2017-05-03,0.91,2.33,4.4
2017-05-04,0.91,2.36,4.4
2017-05-05,0.91,2.36,4.4
2017-05-08,0.91,2.39,4.4
2017-05-09,0.91,2.42,4.4
2017-05-10,0.91,2.41,4.4
2017-05-11,0.91,2.39,4.4
2017-05-12,0.91,2.33,4.4
2017-05-15,0.91,2.34,4.4
2017-05-16,0.91,2.33,4.4
2017-05-17,0.91,2.22,4.4
2017-05-18,0.91,2.23,4.4
2017-05-19,0.91,2.23,4.4
2017-05-22,0.91,2.25,4.4
2017-05-23,0.91,2.29,4.4
2017-05-24,0.91,2.26,4.4
2017-05-25,0.91,2.25,4.4
2017-05-26,0.91,2.25,4.4
2017-05-29,0.91,,4.4
2017-05-30,0.91,2.21,4.4
2017-05-31,0.91,2.21,4.4
2017-06-01,1.04,2.21,4.3
2017-06-02,1.04,2.15,4.3
2017-06-05,1.04,2.18,4.3
2017-06-06,1.04,2.14,4.3
2017-06-07,1.04,2.18,4.3
2017-06-08,1.04,2.19,4.3
2017-06-09,1.04,2.21,4.3
2017-06-12,1.04,2.21,4.3
2017-06-13,1.04,2.21,4.3
2017-06-14,1.04,2.15,4.3
2017-06-15,1.04,2.16,4.3
2017-06-16,1.04,2.16,4.3
2017-06-19,1.04,2.19,4.3
2017-06-20,1.04,2.16,4.3
2017-06-21,1.04,2.16,4.3
2017-06-22,1.04,2.15,4.3
2017-06-23,1.04,2.15,4.3
2017-06-26,1.04,2.14,4.3
2017-06-27,1.04,2.21,4.3
2017-06-28,1.04,2.22,4.3
2017-06-29,1.04,2.27,4.3
2017-06-30,1.04,2.31,4.3
2017-07-01,1.15,,4.3
2017-07-03,1.15,2.35,4.3
2017-07-04,1.15,,4.3
2017-07-05,1.15,2.33,4.3
2017-07-06,1.15,2.37,4.3
2017-07-07,1.15,2.39,4.3
2017-07-10,1.15,2.38,4.3
2017-07-11,1.15,2.37,4.3
2017-07-12,1.15,2.33,4.3
2017-07-13,1.15,2.35,4.3
2017-07-14,1.15,2.33,4.3
2017-07-17,1.15,2.31,4.3
2017-07-18,1.15,2.27,4.3
2017-07-19,1.15,2.27,4.3
2017-07-20,1.15,2.27,4.3
2017-07-21,1.15,2.24,4.3
2017-07-24,1.15,2.26,4.3
2017-07-25,1.15,2.33,4.3
2017-07-26,1.15,2.29,4.3
2017-07-27,1.15,2.32,4.3
2017-07-28,1.15,2.3,4.3
2017-07-31,1.15,2.3,4.3
2017-08-01,1.16,2.26,4.4
2017-08-02,1.16,2.27,4.4
2017-08-03,1.16,2.24,4.4
2017-08-04,1.16,2.27,4.4
2017-08-07,1.16,2.26,4.4
2017-08-08,1.16,2.29,4.4
2017-08-09,1.16,2.24,4.4
2017-08-10,1.16,2.2,4.4
2017-08-11,1.16,2.19,4.4
2017-08-14,1.16,2.22,4.4
2017-08-15,1.16,2.27,4.4
2017-08-16,1.16,2.23,4.4
2017-08-17,1.16,2.19,4.4
2017-08-18,1.16,2.19,4.4
2017-08-21,1.16,2.18,4.4
2017-08-22,1.16,2.22,4.4
2017-08-23,1.16,2.17,4.4
2017-08-24,1.16,2.19,4.4
2017-08-25,1.16,2.17,4.4
2017-08-28,1.16,2.16,4.4
2017-08-29,1.16,2.13,4.4
2017-08-30,1.16,2.15,4.4
2017-08-31,1.16,2.12,4.4
2017-09-01,1.15,2.16,4.3
2017-09-04,1.15,,4.3
2017-09-05,1.15,2.07,4.3
2017-09-06,1.15,2.1,4.3
2017-09-07,1.15,2.05,4.3
2017-09-08,1.15,2.06,4.3
2017-09-11,1.15,2.14,4.3
2017-09-12,1.15,2.17,4.3
2017-09-13,1.15,2.2,4.3
2017-09-14,1.15,2.2,4.3
2017-09-15,1.15,2.2,4.3
2017-09-18,1.15,2.23,4.3
2017-09-19,1.15,2.24,4.3
2017-09-20,1.15,2.28,4.3
2017-09-21,1.15,2.27,4.3
2017-09-22,1.15,2.26,4.3
2017-09-25,1.15,2.22,4.3
2017-09-26,1.15,2.24,4.3
2017-09-27,1.15,2.31,4.3
2017-09-28,1.15,2.31,4.3
2017-09-29,1.15,2.33,4.3
2017-10-01,1.15,,4.2
2017-10-02,1.15,2.34,4.2
2017-10-03,1.15,2.33,4.2
2017-10-04,1.15,2.33,4.2
2017-10-05,1.15,2.35,4.2
2017-10-06,1.15,2.37,4.2
2017-10-09,1.15,,4.2
2017-10-10,1.15,2.35,4.2
2017-10-11,1.15,2.35,4.2
2017-10-12,1.15,2.33,4.2
2017-10-13,1.15,2.28,4.2
2017-10-16,1.15,2.3,4.2
2017-10-17,1.15,2.3,4.2
2017-10-18,1.15,2.34,4.2
2017-10-19,1.15,2.33,4.2
2017-10-20,1.15,2.39,4.2
2017-10-23,1.15,2.38,4.2
2017-10-24,1.15,2.42,4.2
2017-10-25,1.15,2.44,4.2
2017-10-26,1.15,2.46,4.2
2017-10-27,1.15,2.42,4.2
2017-10-30,1.15,2.37,4.2
2017-10-31,1.15,2.38,4.2
2017-11-01,1.16,2.37,4.2
2017-11-02,1.16,2.35,4.2
2017-11-03,1.16,2.34,4.2
2017-11-06,1.16,2.32,4.2
2017-11-07,1.16,2.32,4.2
2017-11-08,1.16,2.32,4.2
2017-11-09,1.16,2.33,4.2
2017-11-10,1.16,2.4,4.2
2017-11-13,1.16,2.4,4.2
2017-11-14,1.16,2.38,4.2
2017-11-15,1.16,2.33,4.2
2017-11-16,1.16,2.37,4.2
2017-11-17,1.16,2.35,4.2
2017-11-20,1.16,2.37,4.2
2017-11-21,1.16,2.36,4.2
2017-11-22,1.16,2.32,4.2
2017-11-23,1.16,,4.2
2017-11-24,1.16,2.34,4.2
2017-11-27,1.16,2.32,4.2
2017-11-28,1.16,2.34,4.2
2017-11-29,1.16,2.37,4.2
2017-11-30,1.16,2.42,4.2
2017-12-01,1.3,2.37,4.1
2017-12-04,1.3,2.37,4.1
2017-12-05,1.3,2.36,4.1
2017-12-06,1.3,2.33,4.1
2017-12-07,1.3,2.37,4.1
2017-12-08,1.3,2.38,4.1
2017-12-11,1.3,2.39,4.1
2017-12-12,1.3,2.4,4.1
2017-12-13,1.3,2.36,4.1
2017-12-14,1.3,2.35,4.1
2017-12-15,1.3,2.35,4.1
2017-12-18,1.3,2.39,4.1
2017-12-19,1.3,2.46,4.1
2017-12-20,1.3,2.49,4.1
2017-12-21,1.3,2.48,4.1
2017-12-22,1.3,2.48,4.1
2017-12-25,1.3,,4.1
2017-12-26,1.3,2.47,4.1
2017-12-27,1.3,2.42,4.1
2017-12-28,1.3,2.43,4.1
2017-12-29,1.3,2.4,4.1
2018-01-01,1.41,,4.0
2018-01-02,1.41,2.46,4.0
2018-01-03,1.41,2.44,4.0
2018-01-04,1.41,2.46,4.0
2018-01-05,1.41,2.47,4.0
2018-01-08,1.41,2.49,4.0
2018-01-09,1.41,2.55,4.0
2018-01-10,1.41,2.55,4.0
2018-01-11,1.41,2.54,4.0
2018-01-12,1.41,2.55,4.0
2018-01-15,1.41,,4.0
2018-01-16,1.41,2.54,4.0
2018-01-17,1.41,2.57,4.0
2018-01-18,1.41,2.62,4.0
2018-01-19,1.41,2.64,4.0
2018-01-22,1.41,2.66,4.0
2018-01-23,1.41,2.63,4.0
2018-01-24,1.41,2.65,4.0
2018-01-25,1.41,2.63,4.0
2018-01-26,1.41,2.66,4.0
2018-01-29,1.41,2.7,4.0
2018-01-30,1.41,2.73,4.0
2018-01-31,1.41,2.72,4.0
2018-02-01,1.42,2.78,4.1
2018-02-02,1.42,2.84,4.1
2018-02-05,1.42,2.77,4.1
2018-02-06,1.42,2.79,4.1
2018-02-07,1.42,2.84,4.1
2018-02-08,1.42,2.85,4.1
2018-02-09,1.42,2.83,4.1
2018-02-12,1.42,2.86,4.1
2018-02-13,1.42,2.83,4.1
2018-02-14,1.42,2.91,4.1
2018-02-15,1.42,2.9,4.1
2018-02-16,1.42,2.87,4.1
2018-02-19,1.42,,4.1
2018-02-20,1.42,2.88,4.1
2018-02-21,1.42,2.94,4.1
2018-02-22,1.42,2.92,4.1
2018-02-23,1.42,2.88,4.1
2018-02-26,1.42,2.86,4.1
2018-02-27,1.42,2.9,4.1
2018-02-28,1.42,2.87,4.1
2018-03-01,1.51,2.81,4.0
2018-03-02,1.51,2.86,4.0
2018-03-05,1.51,2.88,4.0
2018-03-06,1.51,2.88,4.0
2018-03-07,1.51,2.89,4.0
2018-03-08,1.51,2.86,4.0
2018-03-09,1.51,2.9,4.0
2018-03-12,1.51,2.87,4.0
2018-03-13,1.51,2.84,4.0
2018-03-14,1.51,2.81,4.0
2018-03-15,1.51,2.82,4.0
2018-03-16,1.51,2.85,4.0
2018-03-19,1.51,2.85,4.0
2018-03-20,1.51,2.89,4.0
2018-03-21,1.51,2.89,4.0
2018-03-22,1.51,2.83,4.0
2018-03-23,1.51,2.82,4.0
2018-03-26,1.51,2.85,4.0
2018-03-27,1.51,2.78,4.0
2018-03-28,1.51,2.77,4.0
2018-03-29,1.51,2.74,4.0
2018-03-30,1.51,,4.0
2018-04-01,1.69,,4.0
2018-04-02,1.69,2.73,4.0
2018-04-03,1.69,2.79,4.0
2018-04-04,1.69,2.79,4.0
2018-04-05,1.69,2.83,4.0
2018-04-06,1.69,2.77,4.0
2018-04-09,1.69,2.78,4.0
2018-04-10,1.69,2.8,4.0
2018-04-11,1.69,2.79,4.0
2018-04-12,1.69,2.83,4.0
2018-04-13,1.69,2.82,4.0
2018-04-16,1.69,2.83,4.0
2018-04-17,1.69,2.82,4.0
2018-04-18,1.69,2.87,4.0
2018-04-19,1.69,2.92,4.0
2018-04-20,1.69,2.96,4.0
2018-04-23,1.69,2.98,4.0
2018-04-24,1.69,3.0,4.0
2018-04-25,1.69,3.03,4.0
2018-04-26,1.69,3.0,4.0
2018-04-27,1.69,2.96,4.0
2018-04-30,1.69,2.95,4.0
2018-05-01,1.7,2.97,3.8
2018-05-02,1.7,2.97,3.8
2018-05-03,1.7,2.94,3.8
2018-05-04,1.7,2.95,3.8
2018-05-07,1.7,2.95,3.8
2018-05-08,1.7,2.97,3.8
2018-05-09,1.7,3.0,3.8
2018-05-10,1.7,2.97,3.8
2018-05-11,1.7,2.97,3.8
2018-05-14,1.7,3.0,3.8
2018-05-15,1.7,3.08,3.8
2018-05-16,1.7,3.09,3.8
2018-05-17,1.7,3.11,3.8
2018-05-18,1.7,3.06,3.8
2018-05-21,1.7,3.06,3.8
2018-05-22,1.7,3.06,3.8
2018-05-23,1.7,3.01,3.8
2018-05-24,1.7,2.98,3.8
2018-05-25,1.7,2.93,3.8
2018-05-28,1.7,,3.8
2018-05-29,1.7,2.77,3.8
2018-05-30,1.7,2.84,3.8
2018-05-31,1.7,2.83,3.8
2018-06-01,1.82,2.89,4.0
2018-06-04,1.82,2.94,4.0
2018-06-05,1.82,2.92,4.0
2018-06-06,1.82,2.97,4.0
2018-06-07,1.82,2.93,4.0
2018-06-08,1.82,2.93,4.0
2018-06-11,1.82,2.96,4.0
2018-06-12,1.82,2.96,4.0
2018-06-13,1.82,2.98,4.0
2018-06-14,1.82,2.94,4.0
2018-06-15,1.82,2.93,4.0
2018-06-18,1.82,2.92,4.0
2018-06-19,1.82,2.89,4.0
2018-06-20,1.82,2.93,4.0
2018-06-21,1.82,2.9,4.0
2018-06-22,1.82,2.9,4.0
2018-06-25,1.82,2.87,4.0
2018-06-26,1.82,2.88,4.0
2018-06-27,1.82,2.83,4.0
2018-06-28,1.82,2.84,4.0
2018-06-29,1.82,2.85,4.0
2018-07-01,1.91,,3.8
2018-07-02,1.91,2.87,3.8
2018-07-03,1.91,2.83,3.8
2018-07-04,1.91,,3.8
2018-07-05,1.91,2.84,3.8
2018-07-06,1.91,2.82,3.8
2018-07-09,1.91,2.86,3.8
2018-07-10,1.91,2.87,3.8
2018-07-11,1.91,2.85,3.8
2018-07-12,1.91,2.85,3.8
2018-07-13,1.91,2.83,3.8
2018-07-16,1.91,2.85,3.8
2018-07-17,1.91,2.86,3.8
2018-07-18,1.91,2.88,3.8
2018-07-19,1.91,2.84,3.8
2018-07-20,1.91,2.89,3.8
2018-07-23,1.91,2.96,3.8
2018-07-24,1.91,2.95,3.8
2018-07-25,1.91,2.94,3.8
2018-07-26,1.91,2.98,3.8
2018-07-27,1.91,2.96,3.8
2018-07-30,1.91,2.98,3.8
2018-07-31,1.91,2.96,3.8
2018-08-01,1.91,3.0,3.8
2018-08-02,1.91,2.98,3.8
2018-08-03,1.91,2.95,3.8
2018-08-06,1.91,2.94,3.8
2018-08-07,1.91,2.98,3.8
2018-08-08,1.91,2.96,3.8
2018-08-09,1.91,2.93,3.8
2018-08-10,1.91,2.87,3.8
2018-08-13,1.91,2.88,3.8
2018-08-14,1.91,2.89,3.8
2018-08-15,1.91,2.86,3.8
2018-08-16,1.91,2.87,3.8
2018-08-17,1.91,2.87,3.8
2018-08-20,1.91,2.82,3.8
2018-08-21,1.91,2.85,3.8
2018-08-22,1.91,2.82,3.8
2018-08-23,1.91,2.82,3.8
2018-08-24,1.91,2.82,3.8
2018-08-27,1.91,2.85,3.8
2018-08-28,1.91,2.88,3.8
2018-08-29,1.91,2.89,3.8
2018-08-30,1.91,2.86,3.8
2018-08-31,1.91,2.86,3.8
2018-09-01,1.95,,3.7
2018-09-03,1.95,,3.7
2018-09-04,1.95,2.9,3.7
2018-09-05,1.95,2.9,3.7
2018-09-06,1.95,2.88,3.7
2018-09-07,1.95,2.94,3.7
2018-09-10,1.95,2.94,3.7
2018-09-11,1.95,2.98,3.7
2018-09-12,1.95,2.97,3.7
2018-09-13,1.95,2.97,3.7
2018-09-14,1.95,2.99,3.7
2018-09-17,1.95,2.99,3.7
2018-09-18,1.95,3.05,3.7
2018-09-19,1.95,3.08,3.7
2018-09-20,1.95,3.07,3.7
2018-09-21,1.95,3.07,3.7
2018-09-24,1.95,3.08,3.7
2018-09-25,1.95,3.1,3.7
2018-09-26,1.95,3.06,3.7
2018-09-27,1.95,3.06,3.7
2018-09-28,1.95,3.05,3.7
2018-10-01,2.19,3.09,3.8
2018-10-02,2.19,3.05,3.8
2018-10-03,2.19,3.15,3.8
2018-10-04,2.19,3.19,3.8
2018-10-05,2.19,3.23,3.8
2018-10-08,2.19,,3.8
2018-10-09,2.19,3.21,3.8
2018-10-10,2.19,3.22,3.8
2018-10-11,2.19,3.14,3.8
2018-10-12,2.19,3.15,3.8
2018-10-15,2.19,3.16,3.8
2018-10-16,2.19,3.16,3.8
2018-10-17,2.19,3.19,3.8
2018-10-18,2.19,3.17,3.8
2018-10-19,2.19,3.2,3.8
2018-10-22,2.19,3.2,3.8
2018-10-23,2.19,3.17,3.8
2018-10-24,2.19,3.1,3.8
2018-10-25,2.19,3.14,3.8
2018-10-26,2.19,3.08,3.8
2018-10-29,2.19,3.08,3.8
2018-10-30,2.19,3.12,3.8
2018-10-31,2.19,3.15,3.8
2018-11-01,2.2,3.14,3.8
2018-11-02,2.2,3.22,3.8
2018-11-05,2.2,3.2,3.8
2018-11-06,2.2,3.22,3.8
2018-11-07,2.2,3.22,3.8
2018-11-08,2.2,3.24,3.8
2018-11-09,2.2,3.19,3.8
2018-11-12,2.2,,3.8
2018-11-13,2.2,3.14,3.8
2018-11-14,2.2,3.12,3.8
2018-11-15,2.2,3.11,3.8
2018-11-16,2.2,3.08,3.8
2018-11-19,2.2,3.06,3.8
2018-11-20,2.2,3.06,3.8
2018-11-21,2.2,3.06,3.8
2018-11-22,2.2,,3.8
2018-11-23,2.2,3.05,3.8
2018-11-26,2.2,3.07,3.8
2018-11-27,2.2,3.06,3.8
2018-11-28,2.2,3.06,3.8
2018-11-29,2.2,3.03,3.8
2018-11-30,2.2,3.01,3.8
2018-12-01,2.27,,3.9
2018-12-03,2.27,2.98,3.9
2018-12-04,2.27,2.91,3.9
2018-12-05,2.27,,3.9
2018-12-06,2.27,2.87,3.9
2018-12-07,2.27,2.85,3.9
2018-12-10,2.27,2.85,3.9
2018-12-11,2.27,2.89,3.9
2018-12-12,2.27,2.91,3.9
2018-12-13,2.27,2.91,3.9
2018-12-14,2.27,2.89,3.9
2018-12-17,2.27,2.86,3.9
2018-12-18,2.27,2.82,3.9
2018-12-19,2.27,2.77,3.9
2018-12-20,2.27,2.79,3.9
2018-12-21,2.27,2.79,3.9
2018-12-24,2.27,2.74,3.9
2018-12-25,2.27,,3.9
2018-12-26,2.27,2.81,3.9
2018-12-27,2.27,2.77,3.9
2018-12-28,2.27,2.72,3.9
2018-12-31,2.27,2.69,3.9
2019-01-01,2.4,,4.0
2019-01-02,2.4,2.66,4.0
2019-01-03,2.4,2.56,4.0
2019-01-04,2.4,2.67,4.0
2019-01-07,2.4,2.7,4.0
2019-01-08,2.4,2.73,4.0
2019-01-09,2.4,2.74,4.0
2019-01-10,2.4,2.74,4.0
2019-01-11,2.4,2.71,4.0
2019-01-14,2.4,2.71,4.0
2019-01-15,2.4,2.72,4.0
2019-01-16,2.4,2.73,4.0
2019-01-17,2.4,2.75,4.0
2019-01-18,2.4,2.79,4.0
2019-01-21,2.4,,4.0
2019-01-22,2.4,2.74,4.0
2019-01-23,2.4,2.76,4.0
2019-01-24,2.4,2.72,4.0
2019-01-25,2.4,2.76,4.0
2019-01-28,2.4,2.75,4.0
2019-01-29,2.4,2.72,4.0
2019-01-30,2.4,2.7,4.0
2019-01-31,2.4,2.63,4.0
2019-02-01,2.4,2.7,3.8
2019-02-04,2.4,2.73,3.8
2019-02-05,2.4,2.71,3.8
2019-02-06,2.4,2.7,3.8
2019-02-07,2.4,2.65,3.8
2019-02-08,2.4,2.63,3.8
2019-02-11,2.4,2.65,3.8
2019-02-12,2.4,2.68,3.8
2019-02-13,2.4,2.71,3.8
2019-02-14,2.4,2.66,3.8
2019-02-15,2.4,2.66,3.8
2019-02-18,2.4,,3.8
2019-02-19,2.4,2.65,3.8
2019-02-20,2.4,2.65,3.8
2019-02-21,2.4,2.69,3.8
2019-02-22,2.4,2.65,3.8
2019-02-25,2.4,2.67,3.8
2019-02-26,2.4,2.64,3.8
2019-02-27,2.4,2.69,3.8
2019-02-28,2.4,2.73,3.8
2019-03-01,2.41,2.76,3.8
2019-03-04,2.41,2.72,3.8
2019-03-05,2.41,2.72,3.8
2019-03-06,2.41,2.69,3.8
2019-03-07,2.41,2.64,3.8
2019-03-08,2.41,2.62,3.8
2019-03-11,2.41,2.64,3.8
2019-03-12,2.41,2.61,3.8
2019-03-13,2.41,2.61,3.8
2019-03-14,2.41,2.63,3.8
2019-03-15,2.41,2.59,3.8
2019-03-18,2.41,2.6,3.8
2019-03-19,2.41,2.61,3.8
2019-03-20,2.41,2.54,3.8
2019-03-21,2.41,2.54,3.8
2019-03-22,2.41,2.44,3.8
2019-03-25,2.41,2.43,3.8
2019-03-26,2.41,2.41,3.8
2019-03-27,2.41,2.39,3.8
2019-03-28,2.41,2.39,3.8
2019-03-29,2.41,2.41,3.8
2019-04-01,2.42,2.49,3.7
2019-04-02,2.42,2.48,3.7
2019-04-03,2.42,2.52,3.7
2019-04-04,2.42,2.51,3.7
2019-04-05,2.42,2.5,3.7
2019-04-08,2.42,2.52,3.7
2019-04-09,2.42,2.51,3.7
2019-04-10,2.42,2.48,3.7
2019-04-11,2.42,2.51,3.7
2019-04-12,2.42,2.56,3.7
2019-04-15,2.42,2.55,3.7
2019-04-16,2.42,2.6,3.7
2019-04-17,2.42,2.59,3.7
2019-04-18,2.42,2.57,3.7
2019-04-19,2.42,,3.7
2019-04-22,2.42,2.59,3.7
2019-04-23,2.42,2.57,3.7
2019-04-24,2.42,2.53,3.7
2019-04-25,2.42,2.54,3.7
2019-04-26,2.42,2.51,3.7
2019-04-29,2.42,2.54,3.7
2019-04-30,2.42,2.51,3.7
2019-05-01,2.39,2.52,3.6
2019-05-02,2.39,2.55,3.6
2019-05-03,2.39,2.54,3.6
2019-05-06,2.39,2.51,3.6
2019-05-07,2.39,2.45,3.6
2019-05-08,2.39,2.49,3.6
2019-05-09,2.39,2.45,3.6
2019-05-10,2.39,2.47,3.6
2019-05-13,2.39,2.4,3.6
2019-05-14,2.39,2.42,3.6
2019-05-15,2.39,2.37,3.6
2019-05-16,2.39,2.4,3.6
2019-05-17,2.39,2.39,3.6
2019-05-20,2.39,2.41,3.6
2019-05-21,2.39,2.43,3.6
2019-05-22,2.39,2.39,3.6
2019-05-23,2.39,2.31,3.6
2019-05-24,2.39,2.32,3.6
2019-05-27,2.39,,3.6
2019-05-28,2.39,2.26,3.6
2019-05-29,2.39,2.25,3.6
2019-05-30,2.39,2.22,3.6
2019-05-31,2.39,2.14,3.6
2019-06-01,2.38,,3.6
2019-06-03,2.38,2.07,3.6
2019-06-04,2.38,2.12,3.6
2019-06-05,2.38,2.12,3.6
2019-06-06,2.38,2.12,3.6
2019-06-07,2.38,2.09,3.6
2019-06-10,2.38,2.15,3.6
2019-06-11,2.38,2.15,3.6
2019-06-12,2.38,2.13,3.6
2019-06-13,2.38,2.1,3.6
2019-06-14,2.38,2.09,3.6
2019-06-17,2.38,2.09,3.6
2019-06-18,2.38,2.06,3.6
2019-06-19,2.38,2.03,3.6
2019-06-20,2.38,2.01,3.6
2019-06-21,2.38,2.07,3.6
2019-06-24,2.38,2.02,3.6
2019-06-25,2.38,2.0,3.6
2019-06-26,2.38,2.05,3.6
2019-06-27,2.38,2.01,3.6
2019-06-28,2.38,2.0,3.6
2019-07-01,2.4,2.03,3.7
2019-07-02,2.4,1.98,3.7
2019-07-03,2.4,1.96,3.7
2019-07-04,2.4,,3.7
2019-07-05,2.4,2.04,3.7
2019-07-08,2.4,2.05,3.7
2019-07-09,2.4,2.07,3.7
2019-07-10,2.4,2.07,3.7
2019-07-11,2.4,2.13,3.7
2019-07-12,2.4,2.12,3.7
2019-07-15,2.4,2.09,3.7
2019-07-16,2.4,2.13,3.7
2019-07-17,2.4,2.06,3.7
2019-07-18,2.4,2.04,3.7
2019-07-19,2.4,2.05,3.7
2019-07-22,2.4,2.05,3.7
2019-07-23,2.4,2.08,3.7
2019-07-24,2.4,2.05,3.7
2019-07-25,2.4,2.08,3.7
2019-07-26,2.4,2.08,3.7
2019-07-29,2.4,2.06,3.7
2019-07-30,2.4,2.06,3.7
2019-07-31,2.4,2.02,3.7
2019-08-01,2.13,1.9,3.6
2019-08-02,2.13,1.86,3.6
2019-08-05,2.13,1.75,3.6
2019-08-06,2.13,1.73,3.6
2019-08-07,2.13,1.71,3.6
2019-08-08,2.13,1.72,3.6
2019-08-09,2.13,1.74,3.6
2019-08-12,2.13,1.65,3.6
2019-08-13,2.13,1.68,3.6
2019-08-14,2.13,1.59,3.6
2019-08-15,2.13,1.52,3.6
2019-08-16,2.13,1.55,3.6
2019-08-19,2.13,1.6,3.6
2019-08-20,2.13,1.55,3.6
2019-08-21,2.13,1.59,3.6
2019-08-22,2.13,1.62,3.6
2019-08-23,2.13,1.52,3.6
2019-08-26,2.13,1.54,3.6
2019-08-27,2.13,1.49,3.6
2019-08-28,2.13,1.47,3.6
2019-08-29,2.13,1.5,3.6
2019-08-30,2.13,1.5,3.6
2019-09-01,2.04,,3.5
2019-09-02,2.04,,3.5
2019-09-03,2.04,1.47,3.5
2019-09-04,2.04,1.47,3.5
2019-09-05,2.04,1.57,3.5
2019-09-06,2.04,1.55,3.5
2019-09-09,2.04,1.63,3.5
2019-09-10,2.04,1.72,3.5
2019-09-11,2.04,1.75,3.5
2019-09-12,2.04,1.79,3.5
2019-09-13,2.04,1.9,3.5
2019-09-16,2.04,1.84,3.5
2019-09-17,2.04,1.81,3.5
2019-09-18,2.04,1.8,3.5
2019-09-19,2.04,1.79,3.5
2019-09-20,2.04,1.74,3.5
2019-09-23,2.04,1.72,3.5
2019-09-24,2.04,1.64,3.5
2019-09-25,2.04,1.73,3.5
2019-09-26,2.04,1.7,3.5
2019-09-27,2.04,1.69,3.5
2019-09-30,2.04,1.68,3.5
2019-10-01,1.83,1.65,3.6
2019-10-02,1.83,1.6,3.6
2019-10-03,1.83,1.54,3.6
2019-10-04,1.83,1.52,3.6
2019-10-07,1.83,1.56,3.6
2019-10-08,1.83,1.54,3.6
2019-10-09,1.83,1.59,3.6
2019-10-10,1.83,1.67,3.6
2019-10-11,1.83,1.76,3.6
2019-10-14,1.83,,3.6
2019-10-15,1.83,1.77,3.6
2019-10-16,1.83,1.75,3.6
2019-10-17,1.83,1.76,3.6
2019-10-18,1.83,1.76,3.6
2019-10-21,1.83,1.8,3.6
2019-10-22,1.83,1.78,3.6
2019-10-23,1.83,1.77,3.6
2019-10-24,1.83,1.77,3.6
2019-10-25,1.83,1.8,3.6
2019-10-28,1.83,1.85,3.6
2019-10-29,1.83,1.84,3.6
2019-10-30,1.83,1.78,3.6
2019-10-31,1.83,1.69,3.6
2019-11-01,1.55,1.73,3.6
2019-11-04,1.55,1.79,3.6
2019-11-05,1.55,1.86,3.6
2019-11-06,1.55,1.81,3.6
2019-11-07,1.55,1.92,3.6
2019-11-08,1.55,1.94,3.6
2019-11-11,1.55,,3.6
2019-11-12,1.55,1.92,3.6
2019-11-13,1.55,1.88,3.6
2019-11-14,1.55,1.82,3.6
2019-11-15,1.55,1.84,3.6
2019-11-18,1.55,1.81,3.6
2019-11-19,1.55,1.79,3.6
2019-11-20,1.55,1.73,3.6
2019-11-21,1.55,1.77,3.6
2019-11-22,1.55,1.77,3.6
2019-11-25,1.55,1.76,3.6
2019-11-26,1.55,1.74,3.6
2019-11-27,1.55,1.77,3.6
2019-11-28,1.55,,3.6
2019-11-29,1.55,1.78,3.6
2019-12-01,1.55,,3.6
2019-12-02,1.55,1.83,3.6
2019-12-03,1.55,1.72,3.6
2019-12-04,1.55,1.77,3.6
2019-12-05,1.55,1.8,3.6
2019-12-06,1.55,1.84,3.6
2019-12-09,1.55,1.83,3.6
2019-12-10,1.55,1.85,3.6
2019-12-11,1.55,1.79,3.6
2019-12-12,1.55,1.9,3.6
2019-12-13,1.55,1.82,3.6
2019-12-16,1.55,1.89,3.6
2019-12-17,1.55,1.89,3.6
2019-12-18,1.55,1.92,3.6
2019-12-19,1.55,1.92,3.6
2019-12-20,1.55,1.92,3.6
2019-12-23,1.55,1.93,3.6
2019-12-24,1.55,1.9,3.6
2019-12-25,1.55,,3.6
2019-12-26,1.55,1.9,3.6
2019-12-27,1.55,1.88,3.6
2019-12-30,1.55,1.9,3.6
2019-12-31,1.55,1.92,3.6
2020-01-01,1.55,,3.6
2020-01-02,1.55,1.88,3.6
2020-01-03,1.55,1.8,3.6
2020-01-06,1.55,1.81,3.6
2020-01-07,1.55,1.83,3.6
2020-01-08,1.55,1.87,3.6
2020-01-09,1.55,1.85,3.6
2020-01-10,1.55,1.83,3.6
2020-01-13,1.55,1.85,3.6
2020-01-14,1.55,1.82,3.6
2020-01-15,1.55,1.79,3.6
2020-01-16,1.55,1.81,3.6
2020-01-17,1.55,1.84,3.6
2020-01-20,1.55,,3.6
2020-01-21,1.55,1.78,3.6
2020-01-22,1.55,1.77,3.6
2020-01-23,1.55,1.74,3.6
2020-01-24,1.55,1.7,3.6
2020-01-27,1.55,1.61,3.6
2020-01-28,1.55,1.65,3.6
2020-01-29,1.55,1.6,3.6
2020-01-30,1.55,1.57,3.6
2020-01-31,1.55,1.51,3.6
2020-02-01,1.58,,3.5
2020-02-03,1.58,1.54,3.5
2020-02-04,1.58,1.61,3.5
2020-02-05,1.58,1.66,3.5
2020-02-06,1.58,1.65,3.5
2020-02-07,1.58,1.59,3.5
2020-02-10,1.58,1.56,3.5
2020-02-11,1.58,1.59,3.5
2020-02-12,1.58,1.62,3.5
2020-02-13,1.58,1.61,3.5
2020-02-14,1.58,1.59,3.5
2020-02-17,1.58,,3.5
2020-02-18,1.58,1.55,3.5
2020-02-19,1.58,1.56,3.5
2020-02-20,1.58,1.52,3.5
2020-02-21,1.58,1.46,3.5
2020-02-24,1.58,1.38,3.5
2020-02-25,1.58,1.33,3.5
2020-02-26,1.58,1.33,3.5
2020-02-27,1.58,1.3,3.5
2020-02-28,1.58,1.13,3.5
2020-03-01,0.65,,4.4
2020-03-02,0.65,1.1,4.4
2020-03-03,0.65,1.02,4.4
2020-03-04,0.65,1.02,4.4
2020-03-05,0.65,0.92,4.4
2020-03-06,0.65,0.74,4.4
2020-03-09,0.65,0.54,4.4
2020-03-10,0.65,0.76,4.4
2020-03-11,0.65,0.82,4.4
2020-03-12,0.65,0.88,4.4
2020-03-13,0.65,0.94,4.4
2020-03-16,0.65,0.73,4.4
2020-03-17,0.65,1.02,4.4
2020-03-18,0.65,1.18,4.4
2020-03-19,0.65,1.12,4.4
2020-03-20,0.65,0.92,4.4
2020-03-23,0.65,0.76,4.4
2020-03-24,0.65,0.84,4.4
2020-03-25,0.65,0.88,4.4
2020-03-26,0.65,0.83,4.4
2020-03-27,0.65,0.72,4.4
2020-03-30,0.65,0.7,4.4
2020-03-31,0.65,0.7,4.4
2020-04-01,0.05,0.62,14.8
2020-04-02,0.05,0.63,14.8
2020-04-03,0.05,0.62,14.8
2020-04-06,0.05,0.67,14.8
2020-04-07,0.05,0.75,14.8
2020-04-08,0.05,0.77,14.8
2020-04-09,0.05,0.73,14.8
2020-04-10,0.05,,14.8
2020-04-13,0.05,0.76,14.8
2020-04-14,0.05,0.76,14.8
2020-04-15,0.05,0.63,14.8
2020-04-16,0.05,0.61,14.8
2020-04-17,0.05,0.65,14.8
2020-04-20,0.05,0.63,14.8
2020-04-21,0.05,0.58,14.8
2020-04-22,0.05,0.63,14.8
2020-04-23,0.05,0.61,14.8
2020-04-24,0.05,0.6,14.8
2020-04-27,0.05,0.67,14.8
2020-04-28,0.05,0.62,14.8
2020-04-29,0.05,0.63,14.8
2020-04-30,0.05,0.64,14.8
2020-05-01,0.05,0.64,13.2
2020-05-04,0.05,0.64,13.2
2020-05-05,0.05,0.66,13.2
2020-05-06,0.05,0.72,13.2
2020-05-07,0.05,0.63,13.2
2020-05-08,0.05,0.69,13.2
2020-05-11,0.05,0.73,13.2
2020-05-12,0.05,0.69,13.2
2020-05-13,0.05,0.64,13.2
2020-05-14,0.05,0.63,13.2
2020-05-15,0.05,0.64,13.2
2020-05-18,0.05,0.73,13.2
2020-05-19,0.05,0.7,13.2
2020-05-20,0.05,0.68,13.2
2020-05-21,0.05,0.68,13.2
2020-05-22,0.05,0.66,13.2
2020-05-25,0.05,,13.2
2020-05-26,0.05,0.69,13.2
2020-05-27,0.05,0.68,13.2
2020-05-28,0.05,0.7,13.2
2020-05-29,0.05,0.65,13.2
2020-06-01,0.08,0.66,11.0
2020-06-02,0.08,0.68,11.0
2020-06-03,0.08,0.77,11.0
2020-06-04,0.08,0.82,11.0
2020-06-05,0.08,0.91,11.0
2020-06-08,0.08,0.88,11.0
2020-06-09,0.08,0.84,11.0
2020-06-10,0.08,0.75,11.0
2020-06-11,0.08,0.66,11.0
2020-06-12,0.08,0.71,11.0
2020-06-15,0.08,0.71,11.0
2020-06-16,0.08,0.75,11.0
2020-06-17,0.08,0.74,11.0
2020-06-18,0.08,0.71,11.0
2020-06-19,0.08,0.7,11.0
2020-06-22,0.08,0.71,11.0
2020-06-23,0.08,0.72,11.0
2020-06-24,0.08,0.69,11.0
2020-06-25,0.08,0.68,11.0
2020-06-26,0.08,0.64,11.0
2020-06-29,0.08,0.64,11.0
2020-06-30,0.08,0.66,11.0
2020-07-01,0.09,0.69,10.2
2020-07-02,0.09,0.68,10.2
2020-07-03,0.09,,10.2
2020-07-06,0.09,0.69,10.2
2020-07-07,0.09,0.65,10.2
2020-07-08,0.09,0.67,10.2
2020-07-09,0.09,0.62,10.2
2020-07-10,0.09,0.65,10.2
2020-07-13,0.09,0.64,10.2
2020-07-14,0.09,0.63,10.2
2020-07-15,0.09,0.64,10.2
2020-07-16,0.09,0.62,10.2
2020-07-17,0.09,0.64,10.2
2020-07-20,0.09,0.62,10.2
2020-07-21,0.09,0.61,10.2
2020-07-22,0.09,0.6,10.2
2020-07-23,0.09,0.59,10.2
2020-07-24,0.09,0.59,10.2
2020-07-27,0.09,0.62,10.2
2020-07-28,0.09,0.59,10.2
2020-07-29,0.09,0.58,10.2
2020-07-30,0.09,0.55,10.2
2020-07-31,0.09,0.55,10.2
2020-08-01,0.1,,8.4
2020-08-03,0.1,0.56,8.4
2020-08-04,0.1,0.52,8.4
2020-08-05,0.1,0.55,8.4
2020-08-06,0.1,0.55,8.4
2020-08-07,0.1,0.57,8.4
2020-08-10,0.1,0.59,8.4
2020-08-11,0.1,0.64,8.4
2020-08-12,0.1,0.69,8.4
2020-08-13,0.1,0.71,8.4
2020-08-14,0.1,0.71,8.4
2020-08-17,0.1,0.69,8.4
2020-08-18,0.1,0.67,8.4
2020-08-19,0.1,0.68,8.4
2020-08-20,0.1,0.65,8.4
2020-08-21,0.1,0.64,8.4
2020-08-24,0.1,0.65,8.4
2020-08-25,0.1,0.69,8.4
2020-08-26,0.1,0.69,8.4
2020-08-27,0.1,0.74,8.4
2020-08-28,0.1,0.74,8.4
2020-08-31,0.1,0.72,8.4
2020-09-01,0.09,0.68,7.8
2020-09-02,0.09,0.66,7.8
2020-09-03,0.09,0.63,7.8
2020-09-04,0.09,0.72,7.8
2020-09-07,0.09,,7.8
2020-09-08,0.09,0.69,7.8
2020-09-09,0.09,0.71,7.8
2020-09-10,0.09,0.68,7.8
2020-09-11,0.09,0.67,7.8
2020-09-14,0.09,0.68,7.8
2020-09-15,0.09,0.68,7.8
2020-09-16,0.09,0.69,7.8
2020-09-17,0.09,0.69,7.8
2020-09-18,0.09,0.7,7.8
2020-09-21,0.09,0.68,7.8
2020-09-22,0.09,0.68,7.8
2020-09-23,0.09,0.68,7.8
2020-09-24,0.09,0.67,7.8
2020-09-25,0.09,0.66,7.8
2020-09-28,0.09,0.67,7.8
2020-09-29,0.09,0.66,7.8
2020-09-30,0.09,0.69,7.8
2020-10-01,0.09,0.68,6.9
2020-10-02,0.09,0.7,6.9
2020-10-05,0.09,0.78,6.9
2020-10-06,0.09,0.76,6.9
2020-10-07,0.09,0.81,6.9
2020-10-08,0.09,0.78,6.9
2020-10-09,0.09,0.79,6.9
2020-10-12,0.09,,6.9
2020-10-13,0.09,0.74,6.9
2020-10-14,0.09,0.73,6.9
2020-10-15,0.09,0.74,6.9
2020-10-16,0.09,0.76,6.9
2020-10-19,0.09,0.78,6.9
2020-10-20,0.09,0.81,6.9
2020-10-21,0.09,0.83,6.9
2020-10-22,0.09,0.87,6.9
2020-10-23,0.09,0.85,6.9
2020-10-26,0.09,0.81,6.9
2020-10-27,0.09,0.79,6.9
2020-10-28,0.09,0.79,6.9
2020-10-29,0.09,0.85,6.9
2020-10-30,0.09,0.88,6.9
2020-11-01,0.09,,6.7
2020-11-02,0.09,0.87,6.7
2020-11-03,0.09,0.9,6.7
2020-11-04,0.09,0.78,6.7
2020-11-05,0.09,0.79,6.7
2020-11-06,0.09,0.83,6.7
2020-11-09,0.09,0.96,6.7
2020-11-10,0.09,0.98,6.7
2020-11-11,0.09,,6.7
2020-11-12,0.09,0.88,6.7
2020-11-13,0.09,0.89,6.7
2020-11-16,0.09,0.91,6.7
2020-11-17,0.09,0.87,6.7
2020-11-18,0.09,0.88,6.7
2020-11-19,0.09,0.86,6.7
2020-11-20,0.09,0.83,6.7
2020-11-23,0.09,0.86,6.7
2020-11-24,0.09,0.88,6.7
2020-11-25,0.09,0.88,6.7
2020-11-26,0.09,,6.7
2020-11-27,0.09,0.84,6.7
2020-11-30,0.09,0.84,6.7
2020-12-01,0.09,0.92,6.7
2020-12-02,0.09,0.95,6.7
2020-12-03,0.09,0.92,6.7
2020-12-04,0.09,0.97,6.7
2020-12-07,0.09,0.94,6.7
2020-12-08,0.09,0.92,6.7
2020-12-09,0.09,0.95,6.7
2020-12-10,0.09,0.92,6.7
2020-12-11,0.09,0.9,6.7
2020-12-14,0.09,0.9,6.7
2020-12-15,0.09,0.92,6.7
2020-12-16,0.09,0.92,6.7
2020-12-17,0.09,0.94,6.7
2020-12-18,0.09,0.95,6.7
2020-12-21,0.09,0.95,6.7
2020-12-22,0.09,0.93,6.7
2020-12-23,0.09,0.96,6.7
2020-12-24,0.09,0.94,6.7
2020-12-25,0.09,,6.7
2020-12-28,0.09,0.94,6.7
2020-12-29,0.09,0.94,6.7
2020-12-30,0.09,0.93,6.7
2020-12-31,0.09,0.93,6.7
2021-01-01,0.09,,6.4
2021-01-04,0.09,0.93,6.4
2021-01-05,0.09,0.96,6.4
2021-01-06,0.09,1.04,6.4
2021-01-07,0.09,1.08,6.4
2021-01-08,0.09,1.13,6.4
2021-01-11,0.09,1.15,6.4
2021-01-12,0.09,1.15,6.4
2021-01-13,0.09,1.1,6.4
2021-01-14,0.09,1.15,6.4
2021-01-15,0.09,1.11,6.4
2021-01-18,0.09,,6.4
2021-01-19,0.09,1.1,6.4
2021-01-20,0.09,1.1,6.4
2021-01-21,0.09,1.12,6.4
2021-01-22,0.09,1.1,6.4
2021-01-25,0.09,1.05,6.4
2021-01-26,0.09,1.05,6.4
2021-01-27,0.09,1.04,6.4
2021-01-28,0.09,1.07,6.4
2021-01-29,0.09,1.11,6.4
2021-02-01,0.08,1.09,6.2
2021-02-02,0.08,1.12,6.2
2021-02-03,0.08,1.15,6.2
2021-02-04,0.08,1.15,6.2
2021-02-05,0.08,1.19,6.2
2021-02-08,0.08,1.19,6.2
2021-02-09,0.08,1.18,6.2
2021-02-10,0.08,1.15,6.2
2021-02-11,0.08,1.16,6.2
2021-02-12,0.08,1.2,6.2
2021-02-15,0.08,,6.2
2021-02-16,0.08,1.3,6.2
2021-02-17,0.08,1.29,6.2
2021-02-18,0.08,1.29,6.2
2021-02-19,0.08,1.34,6.2
2021-02-22,0.08,1.37,6.2
2021-02-23,0.08,1.37,6.2
2021-02-24,0.08,1.38,6.2
2021-02-25,0.08,1.54,6.2
2021-02-26,0.08,1.44,6.2
2021-03-01,0.07,1.45,6.1
2021-03-02,0.07,1.42,6.1
2021-03-03,0.07,1.47,6.1
2021-03-04,0.07,1.54,6.1
2021-03-05,0.07,1.56,6.1
2021-03-08,0.07,1.59,6.1
2021-03-09,0.07,1.55,6.1
2021-03-10,0.07,1.53,6.1
2021-03-11,0.07,1.54,6.1
2021-03-12,0.07,1.64,6.1
2021-03-15,0.07,1.62,6.1
2021-03-16,0.07,1.62,6.1
2021-03-17,0.07,1.63,6.1
2021-03-18,0.07,1.71,6.1
2021-03-19,0.07,1.74,6.1
2021-03-22,0.07,1.69,6.1
2021-03-23,0.07,1.63,6.1
2021-03-24,0.07,1.62,6.1
2021-03-25,0.07,1.63,6.1
2021-03-26,0.07,1.67,6.1
2021-03-29,0.07,1.73,6.1
2021-03-30,0.07,1.73,6.1
2021-03-31,0.07,1.74,6.1
2021-04-01,0.07,1.69,6.1
2021-04-02,0.07,1.72,6.1
2021-04-05,0.07,1.73,6.1
2021-04-06,0.07,1.67,6.1
2021-04-07,0.07,1.68,6.1
2021-04-08,0.07,1.64,6.1
2021-04-09,0.07,1.67,6.1
2021-04-12,0.07,1.69,6.1
2021-04-13,0.07,1.64,6.1
2021-04-14,0.07,1.64,6.1
2021-04-15,0.07,1.56,6.1
2021-04-16,0.07,1.59,6.1
2021-04-19,0.07,1.61,6.1
2021-04-20,0.07,1.58,6.1
2021-04-21,0.07,1.57,6.1
2021-04-22,0.07,1.57,6.1
2021-04-23,0.07,1.58,6.1
2021-04-26,0.07,1.58,6.1
2021-04-27,0.07,1.63,6.1
2021-04-28,0.07,1.63,6.1
2021-04-29,0.07,1.65,6.1
2021-04-30,0.07,1.65,6.1
2021-05-01,0.06,,5.8
2021-05-03,0.06,1.63,5.8
2021-05-04,0.06,1.61,5.8
2021-05-05,0.06,1.59,5.8
2021-05-06,0.06,1.58,5.8
2021-05-07,0.06,1.6,5.8
2021-05-10,0.06,1.63,5.8
2021-05-11,0.06,1.64,5.8
2021-05-12,0.06,1.69,5.8
2021-05-13,0.06,1.66,5.8
2021-05-14,0.06,1.63,5.8
2021-05-17,0.06,1.64,5.8
2021-05-18,0.06,1.64,5.8
2021-05-19,0.06,1.68,5.8
2021-05-20,0.06,1.63,5.8
2021-05-21,0.06,1.63,5.8
2021-05-24,0.06,1.61,5.8
2021-05-25,0.06,1.56,5.8
2021-05-26,0.06,1.58,5.8
2021-05-27,0.06,1.61,5.8
2021-05-28,0.06,1.58,5.8
2021-05-31,0.06,,5.8
2021-06-01,0.08,1.62,5.9
2021-06-02,0.08,1.59,5.9
2021-06-03,0.08,1.63,5.9
2021-06-04,0.08,1.56,5.9
2021-06-07,0.08,1.57,5.9
2021-06-08,0.08,1.53,5.9
2021-06-09,0.08,1.5,5.9
2021-06-10,0.08,1.45,5.9
2021-06-11,0.08,1.47,5.9
2021-06-14,0.08,1.51,5.9
2021-06-15,0.08,1.51,5.9
2021-06-16,0.08,1.57,5.9
2021-06-17,0.08,1.52,5.9
2021-06-18,0.08,1.45,5.9
2021-06-21,0.08,1.5,5.9
2021-06-22,0.08,1.48,5.9
2021-06-23,0.08,1.5,5.9
2021-06-24,0.08,1.49,5.9
2021-06-25,0.08,1.54,5.9
2021-06-28,0.08,1.49,5.9
2021-06-29,0.08,1.49,5.9
2021-06-30,0.08,1.45,5.9
2021-07-01,0.1,1.48,5.4
2021-07-02,0.1,1.44,5.4
2021-07-05,0.1,,5.4
2021-07-06,0.1,1.37,5.4
2021-07-07,0.1,1.33,5.4
2021-07-08,0.1,1.3,5.4
2021-07-09,0.1,1.37,5.4
2021-07-12,0.1,1.38,5.4
2021-07-13,0.1,1.42,5.4
2021-07-14,0.1,1.37,5.4
2021-07-15,0.1,1.31,5.4
2021-07-16,0.1,1.31,5.4
2021-07-19,0.1,1.19,5.4
2021-07-20,0.1,1.23,5.4
2021-07-21,0.1,1.3,5.4
2021-07-22,0.1,1.27,5.4
2021-07-23,0.1,1.3,5.4
2021-07-26,0.1,1.29,5.4
2021-07-27,0.1,1.25,5.4
2021-07-28,0.1,1.26,5.4
2021-07-29,0.1,1.28,5.4
2021-07-30,0.1,1.24,5.4
2021-08-01,0.09,,5.1
2021-08-02,0.09,1.2,5.1
2021-08-03,0.09,1.19,5.1
2021-08-04,0.09,1.19,5.1
2021-08-05,0.09,1.23,5.1
2021-08-06,0.09,1.31,5.1
2021-08-09,0.09,1.33,5.1
2021-08-10,0.09,1.36,5.1
2021-08-11,0.09,1.35,5.1
2021-08-12,0.09,1.36,5.1
2021-08-13,0.09,1.29,5.1
2021-08-16,0.09,1.26,5.1
2021-08-17,0.09,1.26,5.1
2021-08-18,0.09,1.27,5.1
2021-08-19,0.09,1.24,5.1
2021-08-20,0.09,1.26,5.1
2021-08-23,0.09,1.25,5.1
2021-08-24,0.09,1.29,5.1
2021-08-25,0.09,1.35,5.1
2021-08-26,0.09,1.34,5.1
2021-08-27,0.09,1.31,5.1
2021-08-30,0.09,1.29,5.1
2021-08-31,0.09,1.3,5.1
2021-09-01,0.08,1.31,4.7
2021-09-02,0.08,1.29,4.7
2021-09-03,0.08,1.33,4.7
2021-09-06,0.08,,4.7
2021-09-07,0.08,1.38,4.7
2021-09-08,0.08,1.35,4.7
2021-09-09,0.08,1.3,4.7
2021-09-10,0.08,1.35,4.7
2021-09-13,0.08,1.33,4.7
2021-09-14,0.08,1.28,4.7
2021-09-15,0.08,1.31,4.7
2021-09-16,0.08,1.34,4.7
2021-09-17,0.08,1.37,4.7
2021-09-20,0.08,1.31,4.7
2021-09-21,0.08,1.33,4.7
2021-09-22,0.08,1.32,4.7
2021-09-23,0.08,1.41,4.7
2021-09-24,0.08,1.47,4.7
2021-09-27,0.08,1.48,4.7
2021-09-28,0.08,1.54,4.7
2021-09-29,0.08,1.55,4.7
2021-09-30,0.08,1.52,4.7
2021-10-01,0.08,1.48,4.5
2021-10-04,0.08,1.49,4.5
2021-10-05,0.08,1.54,4.5
2021-10-06,0.08,1.53,4.5
2021-10-07,0.08,1.58,4.5
2021-10-08,0.08,1.61,4.5
2021-10-11,0.08,,4.5
2021-10-12,0.08,1.59,4.5
2021-10-13,0.08,1.56,4.5
2021-10-14,0.08,1.52,4.5
2021-10-15,0.08,1.59,4.5
2021-10-18,0.08,1.59,4.5
2021-10-19,0.08,1.65,4.5
2021-10-20,0.08,1.65,4.5
2021-10-21,0.08,1.68,4.5
2021-10-22,0.08,1.66,4.5
2021-10-25,0.08,1.64,4.5
2021-10-26,0.08,1.63,4.5
2021-10-27,0.08,1.54,4.5
2021-10-28,0.08,1.57,4.5
2021-10-29,0.08,1.55,4.5
2021-11-01,0.08,1.58,4.1
2021-11-02,0.08,1.56,4.1
2021-11-03,0.08,1.6,4.1
2021-11-04,0.08,1.53,4.1
2021-11-05,0.08,1.45,4.1
2021-11-08,0.08,1.51,4.1
2021-11-09,0.08,1.46,4.1
2021-11-10,0.08,1.56,4.1
2021-11-11,0.08,,4.1
2021-11-12,0.08,1.58,4.1
2021-11-15,0.08,1.63,4.1
2021-11-16,0.08,1.63,4.1
2021-11-17,0.08,1.6,4.1
2021-11-18,0.08,1.59,4.1
2021-11-19,0.08,1.54,4.1
2021-11-22,0.08,1.63,4.1
2021-11-23,0.08,1.67,4.1
2021-11-24,0.08,1.64,4.1
2021-11-25,0.08,,4.1
2021-11-26,0.08,1.48,4.1
2021-11-29,0.08,1.52,4.1
2021-11-30,0.08,1.43,4.1
2021-12-01,0.08,1.43,3.9
2021-12-02,0.08,1.44,3.9
2021-12-03,0.08,1.35,3.9
2021-12-06,0.08,1.43,3.9
2021-12-07,0.08,1.48,3.9
2021-12-08,0.08,1.52,3.9
2021-12-09,0.08,1.49,3.9
2021-12-10,0.08,1.48,3.9
2021-12-13,0.08,1.42,3.9
2021-12-14,0.08,1.44,3.9
2021-12-15,0.08,1.47,3.9
2021-12-16,0.08,1.44,3.9
2021-12-17,0.08,1.41,3.9
2021-12-20,0.08,1.43,3.9
2021-12-21,0.08,1.48,3.9
2021-12-22,0.08,1.46,3.9
2021-12-23,0.08,1.5,3.9
2021-12-24,0.08,,3.9
2021-12-27,0.08,1.48,3.9
2021-12-28,0.08,1.49,3.9
2021-12-29,0.08,1.55,3.9
2021-12-30,0.08,1.52,3.9
2021-12-31,0.08,1.52,3.9
2022-01-01,0.08,,4.0
2022-01-03,0.08,1.63,4.0
2022-01-04,0.08,1.66,4.0
2022-01-05,0.08,1.71,4.0
2022-01-06,0.08,1.73,4.0
2022-01-07,0.08,1.76,4.0
2022-01-10,0.08,1.78,4.0
2022-01-11,0.08,1.75,4.0
2022-01-12,0.08,1.74,4.0
2022-01-13,0.08,1.7,4.0
2022-01-14,0.08,1.78,4.0
2022-01-17,0.08,,4.0
2022-01-18,0.08,1.87,4.0
2022-01-19,0.08,1.83,4.0
2022-01-20,0.08,1.83,4.0
2022-01-21,0.08,1.75,4.0
2022-01-24,0.08,1.75,4.0
2022-01-25,0.08,1.78,4.0
2022-01-26,0.08,1.85,4.0
2022-01-27,0.08,1.81,4.0
2022-01-28,0.08,1.78,4.0
2022-01-31,0.08,1.79,4.0
2022-02-01,0.08,1.81,3.9
2022-02-02,0.08,1.78,3.9
2022-02-03,0.08,1.82,3.9
2022-02-04,0.08,1.93,3.9
2022-02-07,0.08,1.92,3.9
2022-02-08,0.08,1.96,3.9
2022-02-09,0.08,1.94,3.9
2022-02-10,0.08,2.03,3.9
2022-02-11,0.08,1.92,3.9
2022-02-14,0.08,1.98,3.9
2022-02-15,0.08,2.05,3.9
2022-02-16,0.08,2.03,3.9
2022-02-17,0.08,1.97,3.9
2022-02-18,0.08,1.92,3.9
2022-02-21,0.08,,3.9
2022-02-22,0.08,1.94,3.9
2022-02-23,0.08,1.99,3.9
2022-02-24,0.08,1.96,3.9
2022-02-25,0.08,1.97,3.9
2022-02-28,0.08,1.83,3.9
2022-03-01,0.2,1.72,3.7
2022-03-02,0.2,1.86,3.7
2022-03-03,0.2,1.86,3.7
2022-03-04,0.2,1.74,3.7
2022-03-07,0.2,1.78,3.7
2022-03-08,0.2,1.86,3.7
2022-03-09,0.2,1.94,3.7
2022-03-10,0.2,1.98,3.7
2022-03-11,0.2,2.0,3.7
2022-03-14,0.2,2.14,3.7
2022-03-15,0.2,2.15,3.7
2022-03-16,0.2,2.19,3.7
2022-03-17,0.2,2.2,3.7
2022-03-18,0.2,2.14,3.7
2022-03-21,0.2,2.32,3.7
2022-03-22,0.2,2.38,3.7
2022-03-23,0.2,2.32,3.7
2022-03-24,0.2,2.34,3.7
2022-03-25,0.2,2.48,3.7
2022-03-28,0.2,2.46,3.7
2022-03-29,0.2,2.41,3.7
2022-03-30,0.2,2.35,3.7
2022-03-31,0.2,2.32,3.7
2022-04-01,0.33,2.39,3.7
2022-04-04,0.33,2.42,3.7
2022-04-05,0.33,2.54,3.7
2022-04-06,0.33,2.61,3.7
2022-04-07,0.33,2.66,3.7
2022-04-08,0.33,2.72,3.7
2022-04-11,0.33,2.79,3.7
2022-04-12,0.33,2.72,3.7
2022-04-13,0.33,2.7,3.7
2022-04-14,0.33,2.83,3.7
2022-04-15,0.33,,3.7
2022-04-18,0.33,2.85,3.7
2022-04-19,0.33,2.93,3.7
2022-04-20,0.33,2.85,3.7
2022-04-21,0.33,2.9,3.7
2022-04-22,0.33,2.9,3.7
2022-04-25,0.33,2.81,3.7
2022-04-26,0.33,2.77,3.7
2022-04-27,0.33,2.82,3.7
2022-04-28,0.33,2.85,3.7
2022-04-29,0.33,2.89,3.7
2022-05-01,0.77,,3.6
2022-05-02,0.77,2.99,3.6
2022-05-03,0.77,2.97,3.6
2022-05-04,0.77,2.93,3.6
2022-05-05,0.77,3.05,3.6
2022-05-06,0.77,3.12,3.6
2022-05-09,0.77,3.05,3.6
2022-05-10,0.77,2.99,3.6
2022-05-11,0.77,2.91,3.6
2022-05-12,0.77,2.84,3.6
2022-05-13,0.77,2.93,3.6
2022-05-16,0.77,2.88,3.6
2022-05-17,0.77,2.98,3.6
2022-05-18,0.77,2.89,3.6
2022-05-19,0.77,2.84,3.6
2022-05-20,0.77,2.78,3.6
2022-05-23,0.77,2.86,3.6
2022-05-24,0.77,2.76,3.6
2022-05-25,0.77,2.75,3.6
2022-05-26,0.77,2.75,3.6
2022-05-27,0.77,2.74,3.6
2022-05-30,0.77,,3.6
2022-05-31,0.77,2.85,3.6
2022-06-01,1.21,2.94,3.6
2022-06-02,1.21,2.92,3.6
2022-06-03,1.21,2.96,3.6
2022-06-06,1.21,3.04,3.6
2022-06-07,1.21,2.98,3.6
2022-06-08,1.21,3.03,3.6
2022-06-09,1.21,3.04,3.6
2022-06-10,1.21,3.15,3.6
2022-06-13,1.21,3.43,3.6
2022-06-14,1.21,3.49,3.6
2022-06-15,1.21,3.33,3.6
2022-06-16,1.21,3.28,3.6
2022-06-17,1.21,3.25,3.6
2022-06-20,1.21,,3.6
2022-06-21,1.21,3.31,3.6
2022-06-22,1.21,3.16,3.6
2022-06-23,1.21,3.09,3.6
2022-06-24,1.21,3.13,3.6
2022-06-27,1.21,3.2,3.6
2022-06-28,1.21,3.2,3.6
2022-06-29,1.21,3.1,3.6
2022-06-30,1.21,2.98,3.6
2022-07-01,1.68,2.88,3.5
2022-07-04,1.68,,3.5
2022-07-05,1.68,2.82,3.5
2022-07-06,1.68,2.93,3.5
2022-07-07,1.68,3.01,3.5
2022-07-08,1.68,3.09,3.5
2022-07-11,1.68,2.99,3.5
2022-07-12,1.68,2.96,3.5
2022-07-13,1.68,2.91,3.5
2022-07-14,1.68,2.96,3.5
2022-07-15,1.68,2.93,3.5
2022-07-18,1.68,2.96,3.5
2022-07-19,1.68,3.01,3.5
2022-07-20,1.68,3.04,3.5
2022-07-21,1.68,2.91,3.5
2022-07-22,1.68,2.77,3.5
2022-07-25,1.68,2.81,3.5
2022-07-26,1.68,2.81,3.5
2022-07-27,1.68,2.78,3.5
2022-07-28,1.68,2.68,3.5
2022-07-29,1.68,2.67,3.5
2022-08-01,2.33,2.6,3.6
2022-08-02,2.33,2.75,3.6
2022-08-03,2.33,2.73,3.6
2022-08-04,2.33,2.68,3.6
2022-08-05,2.33,2.83,3.6
2022-08-08,2.33,2.77,3.6
2022-08-09,2.33,2.8,3.6
2022-08-10,2.33,2.78,3.6
2022-08-11,2.33,2.87,3.6
2022-08-12,2.33,2.84,3.6
2022-08-15,2.33,2.79,3.6
2022-08-16,2.33,2.82,3.6
2022-08-17,2.33,2.89,3.6
2022-08-18,2.33,2.88,3.6
2022-08-19,2.33,2.98,3.6
2022-08-22,2.33,3.03,3.6
2022-08-23,2.33,3.05,3.6
2022-08-24,2.33,3.11,3.6
2022-08-25,2.33,3.03,3.6
2022-08-26,2.33,3.04,3.6
2022-08-29,2.33,3.12,3.6
2022-08-30,2.33,3.11,3.6
2022-08-31,2.33,3.15,3.6
2022-09-01,2.56,3.26,3.5
2022-09-02,2.56,3.2,3.5
2022-09-05,2.56,,3.5
2022-09-06,2.56,3.33,3.5
2022-09-07,2.56,3.27,3.5
2022-09-08,2.56,3.29,3.5
2022-09-09,2.56,3.33,3.5
2022-09-12,2.56,3.37,3.5
2022-09-13,2.56,3.42,3.5
2022-09-14,2.56,3.41,3.5
2022-09-15,2.56,3.45,3.5
2022-09-16,2.56,3.45,3.5
2022-09-19,2.56,3.49,3.5
2022-09-20,2.56,3.57,3.5
2022-09-21,2.56,3.51,3.5
2022-09-22,2.56,3.7,3.5
2022-09-23,2.56,3.69,3.5
2022-09-26,2.56,3.88,3.5
2022-09-27,2.56,3.97,3.5
2022-09-28,2.56,3.72,3.5
2022-09-29,2.56,3.76,3.5
2022-09-30,2.56,3.83,3.5
2022-10-01,3.08,,3.6
2022-10-03,3.08,3.67,3.6
2022-10-04,3.08,3.62,3.6
2022-10-05,3.08,3.76,3.6
2022-10-06,3.08,3.83,3.6
2022-10-07,3.08,3.89,3.6
2022-10-10,3.08,,3.6
2022-10-11,3.08,3.93,3.6
2022-10-12,3.08,3.91,3.6
2022-10-13,3.08,3.97,3.6
2022-10-14,3.08,4.0,3.6
2022-10-17,3.08,4.02,3.6
2022-10-18,3.08,4.01,3.6
2022-10-19,3.08,4.14,3.6
2022-10-20,3.08,4.24,3.6
2022-10-21,3.08,4.21,3.6
2022-10-24,3.08,4.25,3.6
2022-10-25,3.08,4.1,3.6
2022-10-26,3.08,4.04,3.6
2022-10-27,3.08,3.96,3.6
2022-10-28,3.08,4.02,3.6
2022-10-31,3.08,4.1,3.6
2022-11-01,3.78,4.07,3.6
2022-11-02,3.78,4.1,3.6
2022-11-03,3.78,4.14,3.6
2022-11-04,3.78,4.17,3.6
2022-11-07,3.78,4.22,3.6
2022-11-08,3.78,4.14,3.6
2022-11-09,3.78,4.12,3.6
2022-11-10,3.78,3.82,3.6
2022-11-11,3.78,,3.6
2022-11-14,3.78,3.88,3.6
2022-11-15,3.78,3.8,3.6
2022-11-16,3.78,3.67,3.6
2022-11-17,3.78,3.77,3.6
2022-11-18,3.78,3.82,3.6
2022-11-21,3.78,3.83,3.6
2022-11-22,3.78,3.76,3.6
2022-11-23,3.78,3.71,3.6
2022-11-24,3.78,,3.6
2022-11-25,3.78,3.68,3.6
2022-11-28,3.78,3.69,3.6
2022-11-29,3.78,3.75,3.6
2022-11-30,3.78,3.68,3.6
2022-12-01,4.1,3.53,3.5
2022-12-02,4.1,3.51,3.5
2022-12-05,4.1,3.6,3.5
2022-12-06,4.1,3.51,3.5
2022-12-07,4.1,3.42,3.5
2022-12-08,4.1,3.48,3.5
2022-12-09,4.1,3.57,3.5
2022-12-12,4.1,3.61,3.5
2022-12-13,4.1,3.51,3.5
2022-12-14,4.1,3.49,3.5
2022-12-15,4.1,3.44,3.5
2022-12-16,4.1,3.48,3.5
2022-12-19,4.1,3.57,3.5
2022-12-20,4.1,3.69,3.5
2022-12-21,4.1,3.68,3.5
2022-12-22,4.1,3.67,3.5
2022-12-23,4.1,3.75,3.5
2022-12-26,4.1,,3.5
2022-12-27,4.1,3.84,3.5
2022-12-28,4.1,3.88,3.5
2022-12-29,4.1,3.83,3.5
2022-12-30,4.1,3.88,3.5
2023-01-01,4.33,,3.5
2023-01-02,4.33,,3.5
2023-01-03,4.33,3.79,3.5
2023-01-04,4.33,3.69,3.5
2023-01-05,4.33,3.71,3.5
2023-01-06,4.33,3.55,3.5
2023-01-09,4.33,3.53,3.5
2023-01-10,4.33,3.61,3.5
2023-01-11,4.33,3.54,3.5
2023-01-12,4.33,3.43,3.5
2023-01-13,4.33,3.49,3.5
2023-01-16,4.33,,3.5
2023-01-17,4.33,3.53,3.5
2023-01-18,4.33,3.37,3.5
2023-01-19,4.33,3.39,3.5
2023-01-20,4.33,3.48,3.5
2023-01-23,4.33,3.52,3.5
2023-01-24,4.33,3.46,3.5
2023-01-25,4.33,3.46,3.5
2023-01-26,4.33,3.49,3.5
2023-01-27,4.33,3.52,3.5
2023-01-30,4.33,3.55,3.5
2023-01-31,4.33,3.52,3.5
2023-02-01,4.57,3.39,3.6
2023-02-02,4.57,3.4,3.6
2023-02-03,4.57,3.53,3.6
2023-02-06,4.57,3.63,3.6
2023-02-07,4.57,3.67,3.6
2023-02-08,4.57,3.63,3.6
2023-02-09,4.57,3.67,3.6
2023-02-10,4.57,3.74,3.6
2023-02-13,4.57,3.72,3.6
2023-02-14,4.57,3.77,3.6
2023-02-15,4.57,3.81,3.6
2023-02-16,4.57,3.86,3.6
2023-02-17,4.57,3.82,3.6
2023-02-20,4.57,,3.6
2023-02-21,4.57,3.95,3.6
2023-02-22,4.57,3.93,3.6
2023-02-23,4.57,3.88,3.6
2023-02-24,4.57,3.95,3.6
2023-02-27,4.57,3.92,3.6
2023-02-28,4.57,3.92,3.6
2023-03-01,4.65,4.01,3.5
2023-03-02,4.65,4.08,3.5
2023-03-03,4.65,3.97,3.5
2023-03-06,4.65,3.98,3.5
2023-03-07,4.65,3.97,3.5
2023-03-08,4.65,3.98,3.5
2023-03-09,4.65,3.93,3.5
2023-03-10,4.65,3.7,3.5
2023-03-13,4.65,3.55,3.5
2023-03-14,4.65,3.64,3.5
2023-03-15,4.65,3.51,3.5
2023-03-16,4.65,3.56,3.5
2023-03-17,4.65,3.39,3.5
2023-03-20,4.65,3.47,3.5
2023-03-21,4.65,3.59,3.5
2023-03-22,4.65,3.48,3.5
2023-03-23,4.65,3.38,3.5
2023-03-24,4.65,3.38,3.5
2023-03-27,4.65,3.53,3.5
2023-03-28,4.65,3.55,3.5
2023-03-29,4.65,3.57,3.5
2023-03-30,4.65,3.55,3.5
2023-03-31,4.65,3.48,3.5
2023-04-01,4.83,,3.4
2023-04-03,4.83,3.43,3.4
2023-04-04,4.83,3.35,3.4
2023-04-05,4.83,3.3,3.4
2023-04-06,4.83,3.3,3.4
2023-04-07,4.83,3.39,3.4
2023-04-10,4.83,3.41,3.4
2023-04-11,4.83,3.43,3.4
2023-04-12,4.83,3.41,3.4
2023-04-13,4.83,3.45,3.4
2023-04-14,4.83,3.52,3.4
2023-04-17,4.83,3.6,3.4
2023-04-18,4.83,3.58,3.4
2023-04-19,4.83,3.6,3.4
2023-04-20,4.83,3.54,3.4
2023-04-21,4.83,3.57,3.4
2023-04-24,4.83,3.52,3.4
2023-04-25,4.83,3.4,3.4
2023-04-26,4.83,3.43,3.4
2023-04-27,4.83,3.53,3.4
2023-04-28,4.83,3.44,3.4
2023-05-01,5.06,3.59,3.6
2023-05-02,5.06,3.44,3.6
2023-05-03,5.06,3.38,3.6
2023-05-04,5.06,3.37,3.6
2023-05-05,5.06,3.44,3.6
2023-05-08,5.06,3.52,3.6
2023-05-09,5.06,3.53,3.6
2023-05-10,5.06,3.43,3.6
2023-05-11,5.06,3.39,3.6
2023-05-12,5.06,3.46,3.6
2023-05-15,5.06,3.5,3.6
2023-05-16,5.06,3.54,3.6
2023-05-17,5.06,3.57,3.6
2023-05-18,5.06,3.65,3.6
2023-05-19,5.06,3.7,3.6
2023-05-22,5.06,3.72,3.6
2023-05-23,5.06,3.7,3.6
2023-05-24,5.06,3.73,3.6
2023-05-25,5.06,3.83,3.6
2023-05-26,5.06,3.8,3.6
2023-05-29,5.06,,3.6
2023-05-30,5.06,3.69,3.6
2023-05-31,5.06,3.64,3.6
2023-06-01,5.08,3.61,3.6
2023-06-02,5.08,3.69,3.6
2023-06-05,5.08,3.69,3.6
2023-06-06,5.08,3.7,3.6
2023-06-07,5.08,3.79,3.6
2023-06-08,5.08,3.73,3.6
2023-06-09,5.08,3.75,3.6
2023-06-12,5.08,3.73,3.6
2023-06-13,5.08,3.84,3.6
2023-06-14,5.08,3.83,3.6
2023-06-15,5.08,3.72,3.6
2023-06-16,5.08,3.77,3.6
2023-06-19,5.08,,3.6
2023-06-20,5.08,3.74,3.6
2023-06-21,5.08,3.72,3.6
2023-06-22,5.08,3.8,3.6
2023-06-23,5.08,3.74,3.6
2023-06-26,5.08,3.72,3.6
2023-06-27,5.08,3.77,3.6
2023-06-28,5.08,3.71,3.6
2023-06-29,5.08,3.85,3.6
2023-06-30,5.08,3.81,3.6
2023-07-01,5.12,,3.5
2023-07-03,5.12,3.86,3.5
2023-07-04,5.12,,3.5
2023-07-05,5.12,3.95,3.5
2023-07-06,5.12,4.05,3.5
2023-07-07,5.12,4.06,3.5
2023-07-10,5.12,4.01,3.5
2023-07-11,5.12,3.99,3.5
2023-07-12,5.12,3.86,3.5
2023-07-13,5.12,3.76,3.5
2023-07-14,5.12,3.83,3.5
2023-07-17,5.12,3.81,3.5
2023-07-18,5.12,3.8,3.5
2023-07-19,5.12,3.75,3.5
2023-07-20,5.12,3.85,3.5
2023-07-21,5.12,3.84,3.5
2023-07-24,5.12,3.86,3.5
2023-07-25,5.12,3.91,3.5
2023-07-26,5.12,3.86,3.5
2023-07-27,5.12,4.01,3.5
2023-07-28,5.12,3.96,3.5
2023-07-31,5.12,3.97,3.5
2023-08-01,5.33,4.05,3.7
2023-08-02,5.33,4.08,3.7
2023-08-03,5.33,4.2,3.7
2023-08-04,5.33,4.05,3.7
2023-08-07,5.33,4.09,3.7
2023-08-08,5.33,4.02,3.7
2023-08-09,5.33,4.0,3.7
2023-08-10,5.33,4.09,3.7
2023-08-11,5.33,4.16,3.7
2023-08-14,5.33,4.19,3.7
2023-08-15,5.33,4.21,3.7
2023-08-16,5.33,4.28,3.7
2023-08-17,5.33,4.3,3.7
2023-08-18,5.33,4.26,3.7
2023-08-21,5.33,4.34,3.7
2023-08-22,5.33,4.34,3.7
2023-08-23,5.33,4.19,3.7
2023-08-24,5.33,4.23,3.7
2023-08-25,5.33,4.25,3.7
2023-08-28,5.33,4.2,3.7
2023-08-29,5.33,4.12,3.7
2023-08-30,5.33,4.12,3.7
2023-08-31,5.33,4.09,3.7
2023-09-01,5.33,4.18,3.7
2023-09-04,5.33,,3.7
2023-09-05,5.33,4.27,3.7
2023-09-06,5.33,4.3,3.7
2023-09-07,5.33,4.27,3.7
2023-09-08,5.33,4.26,3.7
2023-09-11,5.33,4.29,3.7
2023-09-12,5.33,4.27,3.7
2023-09-13,5.33,4.25,3.7
2023-09-14,5.33,4.29,3.7
2023-09-15,5.33,4.33,3.7
2023-09-18,5.33,4.32,3.7
2023-09-19,5.33,4.37,3.7
2023-09-20,5.33,4.35,3.7
2023-09-21,5.33,4.49,3.7
2023-09-22,5.33,4.44,3.7
2023-09-25,5.33,4.55,3.7
2023-09-26,5.33,4.56,3.7
2023-09-27,5.33,4.61,3.7
2023-09-28,5.33,4.59,3.7
2023-09-29,5.33,4.59,3.7
2023-10-01,5.33,,3.9
2023-10-02,5.33,4.69,3.9
2023-10-03,5.33,4.81,3.9
2023-10-04,5.33,4.73,3.9
2023-10-05,5.33,4.72,3.9
2023-10-06,5.33,4.78,3.9
2023-10-09,5.33,,3.9
2023-10-10,5.33,4.66,3.9
2023-10-11,5.33,4.58,3.9
2023-10-12,5.33,4.7,3.9
2023-10-13,5.33,4.63,3.9
2023-10-16,5.33,4.71,3.9
2023-10-17,5.33,4.83,3.9
2023-10-18,5.33,4.91,3.9
2023-10-19,5.33,4.98,3.9
2023-10-20,5.33,4.93,3.9
2023-10-23,5.33,4.86,3.9
2023-10-24,5.33,4.83,3.9
2023-10-25,5.33,4.95,3.9
2023-10-26,5.33,4.86,3.9
2023-10-27,5.33,4.84,3.9
2023-10-30,5.33,4.88,3.9
2023-10-31,5.33,4.88,3.9
2023-11-01,5.33,4.77,3.7
2023-11-02,5.33,4.67,3.7
2023-11-03,5.33,4.57,3.7
2023-11-06,5.33,4.67,3.7
2023-11-07,5.33,4.58,3.7
2023-11-08,5.33,4.49,3.7
2023-11-09,5.33,4.62,3.7
2023-11-10,5.33,4.61,3.7
2023-11-13,5.33,4.63,3.7
2023-11-14,5.33,4.44,3.7
2023-11-15,5.33,4.53,3.7
2023-11-16,5.33,4.45,3.7
2023-11-17,5.33,4.44,3.7
2023-11-20,5.33,4.42,3.7
2023-11-21,5.33,4.41,3.7
2023-11-22,5.33,4.42,3.7
2023-11-23,5.33,,3.7
2023-11-24,5.33,4.47,3.7
2023-11-27,5.33,4.39,3.7
2023-11-28,5.33,4.34,3.7
2023-11-29,5.33,4.27,3.7
2023-11-30,5.33,4.37,3.7
2023-12-01,5.33,4.22,3.8
2023-12-04,5.33,4.28,3.8
2023-12-05,5.33,4.18,3.8
2023-12-06,5.33,4.12,3.8
2023-12-07,5.33,4.14,3.8
2023-12-08,5.33,4.23,3.8
2023-12-11,5.33,4.23,3.8
2023-12-12,5.33,4.2,3.8
2023-12-13,5.33,4.04,3.8
2023-12-14,5.33,3.92,3.8
2023-12-15,5.33,3.91,3.8
2023-12-18,5.33,3.95,3.8
2023-12-19,5.33,3.93,3.8
2023-12-20,5.33,3.86,3.8
2023-12-21,5.33,3.89,3.8
2023-12-22,5.33,3.9,3.8
2023-12-25,5.33,,3.8
2023-12-26,5.33,3.89,3.8
2023-12-27,5.33,3.79,3.8
2023-12-28,5.33,3.84,3.8
2023-12-29,5.33,3.88,3.8
2024-01-01,5.33,,3.7
2024-01-02,5.33,3.95,3.7
2024-01-03,5.33,3.91,3.7
2024-01-04,5.33,3.99,3.7
2024-01-05,5.33,4.05,3.7
2024-01-08,5.33,4.01,3.7
2024-01-09,5.33,4.02,3.7
2024-01-10,5.33,4.04,3.7
2024-01-11,5.33,3.98,3.7
2024-01-12,5.33,3.96,3.7
2024-01-15,5.33,,3.7
2024-01-16,5.33,4.07,3.7
2024-01-17,5.33,4.1,3.7
2024-01-18,5.33,4.14,3.7
2024-01-19,5.33,4.15,3.7
2024-01-22,5.33,4.11,3.7
2024-01-23,5.33,4.14,3.7
2024-01-24,5.33,4.18,3.7
2024-01-25,5.33,4.14,3.7
2024-01-26,5.33,4.15,3.7
2024-01-29,5.33,4.08,3.7
2024-01-30,5.33,4.06,3.7
2024-01-31,5.33,3.99,3.7
2024-02-01,5.33,3.87,3.9
2024-02-02,5.33,4.03,3.9
2024-02-05,5.33,4.17,3.9
2024-02-06,5.33,4.09,3.9
2024-02-07,5.33,4.09,3.9
2024-02-08,5.33,4.15,3.9
2024-02-09,5.33,4.17,3.9
2024-02-12,5.33,4.17,3.9
2024-02-13,5.33,4.31,3.9
2024-02-14,5.33,4.27,3.9
2024-02-15,5.33,4.24,3.9
2024-02-16,5.33,4.3,3.9
2024-02-19,5.33,,3.9
2024-02-20,5.33,4.27,3.9
2024-02-21,5.33,4.32,3.9
2024-02-22,5.33,4.33,3.9
2024-02-23,5.33,4.26,3.9
2024-02-26,5.33,4.28,3.9
2024-02-27,5.33,4.31,3.9
2024-02-28,5.33,4.27,3.9
2024-02-29,5.33,4.25,3.9
2024-03-01,5.33,4.19,3.9
2024-03-04,5.33,4.22,3.9
2024-03-05,5.33,4.13,3.9
2024-03-06,5.33,4.11,3.9
2024-03-07,5.33,4.09,3.9
2024-03-08,5.33,4.09,3.9
2024-03-11,5.33,4.1,3.9
2024-03-12,5.33,4.16,3.9
2024-03-13,5.33,4.19,3.9
2024-03-14,5.33,4.29,3.9
2024-03-15,5.33,4.31,3.9
2024-03-18,5.33,4.34,3.9
2024-03-19,5.33,4.3,3.9
2024-03-20,5.33,4.27,3.9
2024-03-21,5.33,4.27,3.9
2024-03-22,5.33,4.22,3.9
2024-03-25,5.33,4.25,3.9
2024-03-26,5.33,4.24,3.9
2024-03-27,5.33,4.2,3.9
2024-03-28,5.33,4.2,3.9
2024-03-29,5.33,,3.9
2024-04-01,5.33,4.33,3.9
2024-04-02,5.33,4.36,3.9
2024-04-03,5.33,4.36,3.9
2024-04-04,5.33,4.31,3.9
2024-04-05,5.33,4.39,3.9
2024-04-08,5.33,4.42,3.9
2024-04-09,5.33,4.36,3.9
2024-04-10,5.33,4.55,3.9
2024-04-11,5.33,4.56,3.9
2024-04-12,5.33,4.5,3.9
2024-04-15,5.33,4.63,3.9
2024-04-16,5.33,4.67,3.9
2024-04-17,5.33,4.59,3.9
2024-04-18,5.33,4.64,3.9
2024-04-19,5.33,4.62,3.9
2024-04-22,5.33,4.62,3.9
2024-04-23,5.33,4.61,3.9
2024-04-24,5.33,4.65,3.9
2024-04-25,5.33,4.7,3.9
2024-04-26,5.33,4.67,3.9
2024-04-29,5.33,4.63,3.9
2024-04-30,5.33,4.69,3.9
2024-05-01,5.33,4.63,3.9
2024-05-02,5.33,4.58,3.9
2024-05-03,5.33,4.5,3.9
2024-05-06,5.33,4.49,3.9
2024-05-07,5.33,4.47,3.9
2024-05-08,5.33,4.48,3.9
2024-05-09,5.33,4.45,3.9
2024-05-10,5.33,4.5,3.9
2024-05-13,5.33,4.48,3.9
2024-05-14,5.33,4.45,3.9
2024-05-15,5.33,4.36,3.9
2024-05-16,5.33,4.38,3.9
2024-05-17,5.33,4.42,3.9
2024-05-20,5.33,4.44,3.9
2024-05-21,5.33,4.41,3.9
2024-05-22,5.33,4.43,3.9
2024-05-23,5.33,4.47,3.9
2024-05-24,5.33,4.46,3.9
2024-05-27,5.33,,3.9
2024-05-28,5.33,4.54,3.9
2024-05-29,5.33,4.61,3.9
2024-05-30,5.33,4.55,3.9
2024-05-31,5.33,4.51,3.9
2024-06-01,5.33,,4.1
2024-06-03,5.33,4.41,4.1
2024-06-04,5.33,4.33,4.1
2024-06-05,5.33,4.29,4.1
2024-06-06,5.33,4.28,4.1
2024-06-07,5.33,4.43,4.1
2024-06-10,5.33,4.47,4.1
2024-06-11,5.33,4.39,4.1
2024-06-12,5.33,4.31,4.1
2024-06-13,5.33,4.24,4.1
2024-06-14,5.33,4.2,4.1
2024-06-17,5.33,4.28,4.1
2024-06-18,5.33,4.22,4.1
2024-06-19,5.33,,4.1
2024-06-20,5.33,4.25,4.1
2024-06-21,5.33,4.25,4.1
2024-06-24,5.33,4.25,4.1
2024-06-25,5.33,4.23,4.1
2024-06-26,5.33,4.32,4.1
2024-06-27,5.33,4.29,4.1
2024-06-28,5.33,4.36,4.1
2024-07-01,5.33,4.48,4.2
2024-07-02,5.33,4.43,4.2
2024-07-03,5.33,4.36,4.2
2024-07-04,5.33,,4.2
2024-07-05,5.33,4.28,4.2
2024-07-08,5.33,4.28,4.2
2024-07-09,5.33,4.3,4.2
2024-07-10,5.33,4.28,4.2
2024-07-11,5.33,4.2,4.2
2024-07-12,5.33,4.18,4.2
2024-07-15,5.33,4.23,4.2
2024-07-16,5.33,4.17,4.2
2024-07-17,5.33,4.16,4.2
2024-07-18,5.33,4.2,4.2
2024-07-19,5.33,4.25,4.2
2024-07-22,5.33,4.26,4.2
2024-07-23,5.33,4.25,4.2
2024-07-24,5.33,4.28,4.2
2024-07-25,5.33,4.27,4.2
2024-07-26,5.33,4.2,4.2
2024-07-29,5.33,4.17,4.2
2024-07-30,5.33,4.15,4.2
2024-07-31,5.33,4.09,4.2
2024-08-01,5.33,3.99,4.2
2024-08-02,5.33,3.8,4.2
2024-08-05,5.33,3.78,4.2
2024-08-06,5.33,3.9,4.2
2024-08-07,5.33,3.96,4.2
2024-08-08,5.33,3.99,4.2
2024-08-09,5.33,3.94,4.2
2024-08-12,5.33,3.9,4.2
2024-08-13,5.33,3.85,4.2
2024-08-14,5.33,3.83,4.2
2024-08-15,5.33,3.92,4.2
2024-08-16,5.33,3.89,4.2
2024-08-19,5.33,3.86,4.2
2024-08-20,5.33,3.82,4.2
2024-08-21,5.33,3.79,4.2
2024-08-22,5.33,3.86,4.2
2024-08-23,5.33,3.81,4.2
2024-08-26,5.33,3.82,4.2
2024-08-27,5.33,3.83,4.2
2024-08-28,5.33,3.84,4.2
2024-08-29,5.33,3.87,4.2
2024-08-30,5.33,3.91,4.2
2024-09-01,5.13,,4.1
2024-09-02,5.13,,4.1
2024-09-03,5.13,3.84,4.1
2024-09-04,5.13,3.77,4.1
2024-09-05,5.13,3.73,4.1
2024-09-06,5.13,3.72,4.1
2024-09-09,5.13,3.7,4.1
2024-09-10,5.13,3.65,4.1
2024-09-11,5.13,3.65,4.1
2024-09-12,5.13,3.68,4.1
2024-09-13,5.13,3.66,4.1
2024-09-16,5.13,3.63,4.1
2024-09-17,5.13,3.65,4.1
2024-09-18,5.13,3.7,4.1
2024-09-19,5.13,3.73,4.1
2024-09-20,5.13,3.73,4.1
2024-09-23,5.13,3.75,4.1
2024-09-24,5.13,3.74,4.1
2024-09-25,5.13,3.79,4.1
2024-09-26,5.13,3.79,4.1
2024-09-27,5.13,3.75,4.1
2024-09-30,5.13,3.81,4.1
2024-10-01,4.83,3.74,4.1
2024-10-02,4.83,3.79,4.1
2024-10-03,4.83,3.85,4.1
2024-10-04,4.83,3.98,4.1
2024-10-07,4.83,4.03,4.1
2024-10-08,4.83,4.04,4.1
2024-10-09,4.83,4.06,4.1
2024-10-10,4.83,4.09,4.1
2024-10-11,4.83,4.08,4.1
2024-10-14,4.83,,4.1
2024-10-15,4.83,4.03,4.1
2024-10-16,4.83,4.02,4.1
2024-10-17,4.83,4.09,4.1
2024-10-18,4.83,4.08,4.1
2024-10-21,4.83,4.19,4.1
2024-10-22,4.83,4.2,4.1
2024-10-23,4.83,4.24,4.1
2024-10-24,4.83,4.21,4.1
2024-10-25,4.83,4.25,4.1
2024-10-28,4.83,4.28,4.1
2024-10-29,4.83,4.28,4.1
2024-10-30,4.83,4.29,4.1
2024-10-31,4.83,4.28,4.1
2024-11-01,4.64,4.37,4.2
2024-11-04,4.64,4.31,4.2
2024-11-05,4.64,4.26,4.2
2024-11-06,4.64,4.42,4.2
2024-11-07,4.64,4.31,4.2
2024-11-08,4.64,4.3,4.2
2024-11-11,4.64,,4.2
2024-11-12,4.64,4.43,4.2
2024-11-13,4.64,4.44,4.2
2024-11-14,4.64,4.43,4.2
2024-11-15,4.64,4.43,4.2
2024-11-18,4.64,4.42,4.2
2024-11-19,4.64,4.39,4.2
2024-11-20,4.64,4.41,4.2
2024-11-21,4.64,4.43,4.2
2024-11-22,4.64,4.41,4.2
2024-11-25,4.64,4.27,4.2
2024-11-26,4.64,4.3,4.2
2024-11-27,4.64,4.25,4.2
2024-11-28,4.64,,4.2
2024-11-29,4.64,4.18,4.2
2024-12-01,4.48,,4.1
2024-12-02,4.48,4.19,4.1
2024-12-03,4.48,4.23,4.1
2024-12-04,4.48,4.19,4.1
2024-12-05,4.48,4.17,4.1
2024-12-06,4.48,4.15,4.1
2024-12-09,4.48,4.2,4.1
2024-12-10,4.48,4.22,4.1
2024-12-11,4.48,4.26,4.1
2024-12-12,4.48,4.32,4.1
2024-12-13,4.48,4.4,4.1
2024-12-16,4.48,4.39,4.1
2024-12-17,4.48,4.4,4.1
2024-12-18,4.48,4.5,4.1
2024-12-19,4.48,4.57,4.1
2024-12-20,4.48,4.52,4.1
2024-12-23,4.48,4.59,4.1
2024-12-24,4.48,4.59,4.1
2024-12-25,4.48,,4.1
2024-12-26,4.48,4.58,4.1
2024-12-27,4.48,4.62,4.1
2024-12-30,4.48,4.55,4.1
2024-12-31,4.48,4.58,4.1
2025-01-01,4.33,,4.0
2025-01-02,4.33,4.57,4.0
2025-01-03,4.33,4.6,4.0
2025-01-06,4.33,4.62,4.0
2025-01-07,4.33,4.67,4.0
2025-01-08,4.33,4.67,4.0
2025-01-09,4.33,4.68,4.0
2025-01-10,4.33,4.77,4.0
2025-01-13,4.33,4.79,4.0
2025-01-14,4.33,4.78,4.0
2025-01-15,4.33,4.66,4.0
2025-01-16,4.33,4.61,4.0
2025-01-17,4.33,4.61,4.0
2025-01-20,4.33,,4.0
2025-01-21,4.33,4.57,4.0
2025-01-22,4.33,4.6,4.0
2025-01-23,4.33,4.65,4.0
2025-01-24,4.33,4.63,4.0
2025-01-27,4.33,4.53,4.0
2025-01-28,4.33,4.55,4.0
2025-01-29,4.33,4.55,4.0
2025-01-30,4.33,4.52,4.0
2025-01-31,4.33,4.58,4.0
2025-02-01,4.33,,4.2
2025-02-03,4.33,4.54,4.2
2025-02-04,4.33,4.52,4.2
2025-02-05,4.33,4.43,4.2
2025-02-06,4.33,4.45,4.2
2025-02-07,4.33,4.49,4.2
2025-02-10,4.33,4.51,4.2
2025-02-11,4.33,4.54,4.2
2025-02-12,4.33,4.62,4.2
2025-02-13,4.33,4.52,4.2
2025-02-14,4.33,4.47,4.2
2025-02-17,4.33,,4.2
2025-02-18,4.33,4.55,4.2
2025-02-19,4.33,4.53,4.2
2025-02-20,4.33,4.5,4.2
2025-02-21,4.33,4.42,4.2
2025-02-24,4.33,4.4,4.2
2025-02-25,4.33,4.3,4.2
2025-02-26,4.33,4.25,4.2
2025-02-27,4.33,4.29,4.2
2025-02-28,4.33,4.24,4.2
2025-03-01,4.33,,4.2
2025-03-03,4.33,4.16,4.2
2025-03-04,4.33,4.22,4.2
2025-03-05,4.33,4.28,4.2
2025-03-06,4.33,4.29,4.2
2025-03-07,4.33,4.32,4.2
2025-03-10,4.33,4.22,4.2
2025-03-11,4.33,4.28,4.2
2025-03-12,4.33,4.32,4.2
2025-03-13,4.33,4.27,4.2
2025-03-14,4.33,4.31,4.2
2025-03-17,4.33,4.31,4.2
2025-03-18,4.33,4.29,4.2
2025-03-19,4.33,4.25,4.2
2025-03-20,4.33,4.24,4.2
2025-03-21,4.33,4.25,4.2
2025-03-24,4.33,4.34,4.2
2025-03-25,4.33,4.31,4.2
2025-03-26,4.33,4.35,4.2
2025-03-27,4.33,4.38,4.2
2025-03-28,4.33,4.27,4.2
2025-03-31,4.33,4.23,4.2
2025-04-01,4.33,4.17,4.2
2025-04-02,4.33,4.2,4.2
2025-04-03,4.33,4.06,4.2
2025-04-04,4.33,4.01,4.2
2025-04-07,4.33,4.15,4.2
2025-04-08,4.33,4.26,4.2
2025-04-09,4.33,4.34,4.2
2025-04-10,4.33,4.4,4.2
2025-04-11,4.33,4.48,4.2
2025-04-14,4.33,4.38,4.2
2025-04-15,4.33,4.35,4.2
2025-04-16,4.33,4.29,4.2
2025-04-17,4.33,4.34,4.2
2025-04-18,4.33,,4.2
2025-04-21,4.33,4.42,4.2
2025-04-22,4.33,4.41,4.2
2025-04-23,4.33,4.4,4.2
2025-04-24,4.33,4.32,4.2
2025-04-25,4.33,4.29,4.2
2025-04-28,4.33,4.23,4.2
2025-04-29,4.33,4.19,4.2
2025-04-30,4.33,4.17,4.2
2025-05-01,4.33,4.25,4.3
2025-05-02,4.33,4.33,4.3
2025-05-05,4.33,4.36,4.3
2025-05-06,4.33,4.3,4.3
2025-05-07,4.33,4.26,4.3
2025-05-08,4.33,4.37,4.3
2025-05-09,4.33,4.37,4.3
2025-05-12,4.33,4.45,4.3
2025-05-13,4.33,4.49,4.3
2025-05-14,4.33,4.53,4.3
2025-05-15,4.33,4.45,4.3
2025-05-16,4.33,4.43,4.3
2025-05-19,4.33,4.46,4.3
2025-05-20,4.33,4.48,4.3
2025-05-21,4.33,4.58,4.3
2025-05-22,4.33,4.54,4.3
2025-05-23,4.33,4.51,4.3
2025-05-26,4.33,,4.3
2025-05-27,4.33,4.43,4.3
2025-05-28,4.33,4.47,4.3
2025-05-29,4.33,4.43,4.3
2025-05-30,4.33,4.41,4.3
2025-06-01,4.33,,4.1
2025-06-02,4.33,4.46,4.1
2025-06-03,4.33,4.46,4.1
2025-06-04,4.33,4.37,4.1
2025-06-05,4.33,4.4,4.1
2025-06-06,4.33,4.51,4.1
2025-06-09,4.33,4.49,4.1
2025-06-10,4.33,4.47,4.1
2025-06-11,4.33,4.41,4.1
2025-06-12,4.33,4.36,4.1
2025-06-13,4.33,4.41,4.1
2025-06-16,4.33,4.46,4.1
2025-06-17,4.33,4.39,4.1
2025-06-18,4.33,4.38,4.1
2025-06-19,4.33,,4.1
2025-06-20,4.33,4.38,4.1
2025-06-23,4.33,4.34,4.1
2025-06-24,4.33,4.3,4.1
2025-06-25,4.33,4.29,4.1
2025-06-26,4.33,4.26,4.1
2025-06-27,4.33,4.29,4.1
2025-06-30,4.33,4.24,4.1
2025-07-01,4.33,4.26,4.3
2025-07-02,4.33,4.3,4.3
2025-07-03,4.33,4.35,4.3
2025-07-04,4.33,,4.3
2025-07-07,4.33,4.4,4.3
2025-07-08,4.33,4.42,4.3
2025-07-09,4.33,4.34,4.3
2025-07-10,4.33,4.35,4.3
2025-07-11,4.33,4.43,4.3
2025-07-14,4.33,4.43,4.3
2025-07-15,4.33,4.5,4.3
2025-07-16,4.33,4.46,4.3
2025-07-17,4.33,4.47,4.3
2025-07-18,4.33,4.44,4.3
2025-07-21,4.33,4.38,4.3
2025-07-22,4.33,4.35,4.3
2025-07-23,4.33,4.4,4.3
2025-07-24,4.33,4.43,4.3
2025-07-25,4.33,4.4,4.3
2025-07-28,4.33,4.42,4.3
2025-07-29,4.33,4.34,4.3
2025-07-30,4.33,4.38,4.3
2025-07-31,4.33,4.37,4.3
2025-08-01,4.33,4.23,4.3
2025-08-04,4.33,4.22,4.3
2025-08-05,4.33,4.22,4.3
2025-08-06,4.33,4.22,4.3
2025-08-07,4.33,4.23,4.3
2025-08-08,4.33,4.27,4.3
2025-08-11,4.33,4.27,4.3
2025-08-12,4.33,4.29,4.3
2025-08-13,4.33,4.24,4.3
2025-08-14,4.33,4.29,4.3
2025-08-15,4.33,4.33,4.3
2025-08-18,4.33,4.34,4.3
2025-08-19,4.33,4.3,4.3
2025-08-20,4.33,4.29,4.3
2025-08-21,4.33,4.33,4.3
2025-08-22,4.33,4.26,4.3
2025-08-25,4.33,4.28,4.3
2025-08-26,4.33,4.26,4.3
2025-08-27,4.33,4.24,4.3
2025-08-28,4.33,4.22,4.3
2025-08-29,4.33,4.23,4.3
2025-09-01,4.22,,4.4
2025-09-02,4.22,4.28,4.4
2025-09-03,4.22,4.22,4.4
2025-09-04,4.22,4.17,4.4
2025-09-05,4.22,4.1,4.4
2025-09-08,4.22,4.05,4.4
2025-09-09,4.22,4.08,4.4
2025-09-10,4.22,4.04,4.4
2025-09-11,4.22,4.01,4.4
2025-09-12,4.22,4.06,4.4
2025-09-15,4.22,4.05,4.4
2025-09-16,4.22,4.04,4.4
2025-09-17,4.22,4.06,4.4
2025-09-18,4.22,4.11,4.4
2025-09-19,4.22,4.14,4.4
2025-09-22,4.22,4.15,4.4
2025-09-23,4.22,4.12,4.4
2025-09-24,4.22,4.16,4.4
2025-09-25,4.22,4.18,4.4
2025-09-26,4.22,4.2,4.4
2025-09-29,4.22,4.15,4.4
2025-09-30,4.22,4.16,4.4
2025-10-01,4.09,4.12,4.4
2025-10-02,4.09,4.1,4.4
2025-10-03,4.09,4.13,4.4
2025-10-06,4.09,4.18,4.4
2025-10-07,4.09,4.14,4.4
2025-10-08,4.09,4.13,4.4
2025-10-09,4.09,4.14,4.4
2025-10-10,4.09,4.05,4.4
2025-10-13,4.09,,4.4
2025-10-14,4.09,4.03,4.4
2025-10-15,4.09,4.05,4.4
2025-10-16,4.09,3.99,4.4
2025-10-17,4.09,4.02,4.4
2025-10-20,4.09,4.0,4.4
2025-10-21,4.09,3.98,4.4
2025-10-22,4.09,3.97,4.4
2025-10-23,4.09,4.01,4.4
2025-10-24,4.09,4.02,4.4
2025-10-27,4.09,4.01,4.4
2025-10-28,4.09,3.99,4.4
2025-10-29,4.09,4.08,4.4
2025-10-30,4.09,4.11,4.4
2025-10-31,4.09,4.11,4.4
2025-11-01,3.88,,4.5
2025-11-03,3.88,4.13,4.5
2025-11-04,3.88,4.1,4.5
2025-11-05,3.88,4.17,4.5
2025-11-06,3.88,4.11,4.5
2025-11-07,3.88,4.11,4.5
2025-11-10,3.88,4.13,4.5
2025-11-11,3.88,,4.5
2025-11-12,3.88,4.08,4.5
2025-11-13,3.88,4.11,4.5
2025-11-14,3.88,4.14,4.5
2025-11-17,3.88,4.13,4.5
2025-11-18,3.88,4.12,4.5
2025-11-19,3.88,4.13,4.5
2025-11-20,3.88,4.1,4.5
2025-11-21,3.88,4.06,4.5
2025-11-24,3.88,4.04,4.5
2025-11-25,3.88,4.01,4.5
2025-11-26,3.88,4.0,4.5
2025-11-27,3.88,,4.5
2025-11-28,3.88,4.02,4.5
2025-12-01,3.72,4.09,4.4
2025-12-02,3.72,4.09,4.4
2025-12-03,3.72,4.06,4.4
2025-12-04,3.72,4.11,4.4
2025-12-05,3.72,4.14,4.4
2025-12-08,3.72,4.17,4.4
2025-12-09,3.72,4.18,4.4
2025-12-10,3.72,4.13,4.4
2025-12-11,3.72,4.14,4.4
2025-12-12,3.72,4.19,4.4
2025-12-15,3.72,4.18,4.4
2025-12-16,3.72,4.15,4.4
2025-12-17,3.72,4.16,4.4
2025-12-18,3.72,4.12,4.4
2025-12-19,3.72,4.16,4.4
2025-12-22,3.72,4.17,4.4
2025-12-23,3.72,4.18,4.4
2025-12-24,3.72,4.15,4.4
2025-12-25,3.72,,4.4
2025-12-26,3.72,4.14,4.4
2025-12-29,3.72,4.12,4.4
2025-12-30,3.72,4.14,4.4
2025-12-31,3.72,4.18,4.4
2026-01-01,3.64,,4.3
2026-01-02,3.64,4.19,4.3
2026-01-05,3.64,4.17,4.3
2026-01-06,3.64,4.18,4.3
2026-01-07,3.64,4.15,4.3
2026-01-08,3.64,4.19,4.3
2026-01-09,3.64,4.18,4.3
2026-01-12,3.64,4.19,4.3
2026-01-13,3.64,4.18,4.3
2026-01-14,3.64,4.15,4.3
2026-01-15,3.64,4.17,4.3
2026-01-16,3.64,4.24,4.3
2026-01-19,3.64,,4.3
2026-01-20,3.64,4.3,4.3
2026-01-21,3.64,4.26,4.3
2026-01-22,3.64,4.26,4.3
2026-01-23,3.64,4.24,4.3
2026-01-26,3.64,4.22,4.3
2026-01-27,3.64,4.24,4.3
2026-01-28,3.64,4.26,4.3
2026-01-29,3.64,4.24,4.3
2026-01-30,3.64,4.26,4.3
2026-02-01,3.64,,4.4
2026-02-02,3.64,4.29,4.4
2026-02-03,3.64,4.28,4.4
2026-02-04,3.64,4.29,4.4
2026-02-05,3.64,4.21,4.4
2026-02-06,3.64,4.22,4.4
2026-02-09,3.64,4.22,4.4
2026-02-10,3.64,4.16,4.4
2026-02-11,3.64,4.18,4.4
2026-02-12,3.64,4.09,4.4
2026-02-13,3.64,4.04,4.4
2026-02-16,3.64,,4.4
2026-02-17,3.64,4.05,4.4
2026-02-18,3.64,4.09,4.4
2026-02-19,3.64,4.08,4.4
2026-02-20,3.64,4.08,4.4
2026-02-23,3.64,4.03,4.4
2026-02-24,3.64,4.04,4.4
2026-02-25,3.64,4.05,4.4
2026-02-26,3.64,4.02,4.4
2026-02-27,3.64,3.97,4.4
2026-03-01,3.64,,4.3
2026-03-02,3.64,4.05,4.3
2026-03-03,3.64,4.06,4.3
2026-03-04,3.64,4.09,4.3
2026-03-05,3.64,4.13,4.3
2026-03-06,3.64,4.15,4.3
2026-03-09,3.64,4.12,4.3
2026-03-10,3.64,4.15,4.3
2026-03-11,3.64,4.21,4.3
2026-03-12,3.64,4.27,4.3
2026-03-13,3.64,4.28,4.3
2026-03-16,3.64,4.23,4.3
2026-03-17,3.64,4.2,4.3
2026-03-18,3.64,4.26,4.3
2026-03-19,3.64,4.25,4.3
2026-03-20,3.64,4.39,4.3
2026-03-23,3.64,4.34,4.3
2026-03-24,3.64,4.39,4.3
2026-03-25,3.64,4.33,4.3
2026-03-26,3.64,4.42,4.3
2026-03-27,3.64,4.44,4.3
2026-03-30,3.64,4.35,4.3
2026-03-31,3.64,4.3,4.3
2026-04-01,3.64,4.33,4.3
2026-04-02,3.64,4.31,4.3
2026-04-03,3.64,4.35,4.3
2026-04-06,3.64,4.34,4.3
2026-04-07,3.64,4.33,4.3
2026-04-08,3.64,4.29,4.3
2026-04-09,3.64,4.29,4.3
2026-04-10,3.64,4.31,4.3
2026-04-13,3.64,4.3,4.3
2026-04-14,3.64,4.26,4.3
2026-04-15,3.64,4.29,4.3
2026-04-16,3.64,4.32,4.3
2026-04-17,3.64,4.26,4.3
2026-04-20,3.64,4.26,4.3
2026-04-21,3.64,4.3,4.3
2026-04-22,3.64,4.3,4.3
2026-04-23,3.64,4.34,4.3
2026-04-24,3.64,4.31,4.3
2026-04-27,3.64,4.35,4.3
2026-04-28,3.64,4.36,4.3
2026-04-29,3.64,4.42,4.3
2026-04-30,3.64,4.4,4.3
2026-05-01,3.63,4.39,4.3
2026-05-04,3.63,4.45,4.3
2026-05-05,3.63,4.43,4.3
2026-05-06,3.63,4.36,4.3
2026-05-07,3.63,4.41,4.3
2026-05-08,3.63,4.38,4.3
2026-05-11,3.63,4.42,4.3
2026-05-12,3.63,4.46,4.3
2026-05-13,3.63,4.46,4.3
2026-05-14,3.63,4.47,4.3
2026-05-15,3.63,4.59,4.3
2026-05-18,3.63,4.61,4.3
2026-05-19,3.63,4.67,4.3
2026-05-20,3.63,4.57,4.3
2026-05-21,3.63,4.57,4.3
2026-05-22,3.63,4.56,4.3
2026-05-25,3.63,,4.3
2026-05-26,3.63,4.5,4.3
2026-05-27,3.63,4.48,4.3
2026-05-28,3.63,4.45,4.3
2026-05-29,3.63,4.45,4.3
2026-06-01,3.63,4.47,4.2
2026-06-02,3.63,4.46,4.2
2026-06-03,3.63,4.49,4.2
2026-06-04,3.63,4.47,4.2
2026-06-05,3.63,4.55,4.2
2026-06-08,3.63,4.56,4.2
2026-06-09,3.63,4.53,4.2
2026-06-10,3.63,4.55,4.2
2026-06-11,3.63,4.45,4.2
2026-06-12,3.63,4.48,4.2
2026-06-15,3.63,4.47,4.2
2026-06-16,3.63,4.43,4.2
2026-06-17,3.63,4.49,4.2
2026-06-18,3.63,4.46,4.2
2026-06-19,3.63,,4.2
2026-06-22,3.63,4.51,4.2
2026-06-23,3.63,4.5,4.2
2026-06-24,3.63,4.41,4.2
2026-06-25,3.63,4.4,4.2
2026-06-26,3.63,4.38,4.2
2026-06-29,3.63,4.38,4.2
2026-06-30,3.63,4.44,4.2
2026-07-01,3.63,4.48,4.2
2026-07-02,3.63,4.49,4.2
2026-07-03,3.63,,4.2
2026-07-06,3.63,4.48,4.2
2026-07-07,3.63,4.55,4.2
2026-07-08,3.63,4.56,4.2
2026-07-09,3.63,4.54,4.2
2026-07-10,3.63,4.56,4.2
2026-07-13,3.63,4.62,4.2
2026-07-14,3.63,4.58,4.2
2026-07-15,3.63,4.55,4.2
